saccade_duration_msec,saccade_type,species,dataset,bodypart,id
4073.091431016012,saccade,gentoo,confined,body,confined body gentoo
463.7454014998357,saccade,gentoo,confined,body,confined body gentoo
78.1072169618966,saccade,gentoo,confined,body,confined body gentoo
91.46412746047478,saccade,gentoo,confined,body,confined body gentoo
112.75591529337292,saccade,gentoo,confined,body,confined body gentoo
970.5944263913852,saccade,gentoo,confined,body,confined body gentoo
646.0853695603589,saccade,gentoo,confined,body,confined body gentoo
854.5349151431225,saccade,gentoo,confined,body,confined body gentoo
1193.1338761879797,saccade,gentoo,confined,body,confined body gentoo
92.5708989838458,saccade,gentoo,confined,body,confined body gentoo
670.734387860079,saccade,gentoo,confined,body,confined body gentoo
55.91515729930521,saccade,gentoo,confined,body,confined body gentoo
262.68083158401794,saccade,gentoo,confined,body,confined body gentoo
974.4906084212226,saccade,gentoo,confined,body,confined body gentoo
139.65683819082756,saccade,gentoo,confined,body,confined body gentoo
548.7382666822032,saccade,gentoo,confined,body,confined body gentoo
733.2052899579628,saccade,gentoo,confined,body,confined body gentoo
1588.2662116546248,saccade,gentoo,confined,body,confined body gentoo
366.5259941037141,saccade,gentoo,confined,body,confined body gentoo
38.66266193990782,saccade,gentoo,confined,body,confined body gentoo
1196.8562453939865,saccade,gentoo,confined,body,confined body gentoo
106.27337104728667,saccade,gentoo,confined,body,confined body gentoo
342.2823573782375,saccade,gentoo,confined,body,confined body gentoo
1402.3373111437184,saccade,gentoo,confined,body,confined body gentoo
173.8098746052492,saccade,gentoo,confined,body,confined body gentoo
228.26146875720497,saccade,gentoo,confined,body,confined body gentoo
225.24316659119904,saccade,gentoo,confined,body,confined body gentoo
608.0233985260377,saccade,gentoo,confined,body,confined body gentoo
906.2405373319036,saccade,gentoo,confined,body,confined body gentoo
332.2919916477345,saccade,gentoo,confined,body,confined body gentoo
337.1712851373628,saccade,gentoo,confined,body,confined body gentoo
874.1238602886892,saccade,gentoo,confined,body,confined body gentoo
348.1402804031069,saccade,gentoo,confined,body,confined body gentoo
1628.4459050148769,saccade,gentoo,confined,body,confined body gentoo
387.0491283361628,saccade,gentoo,confined,body,confined body gentoo
1443.240216528476,saccade,gentoo,confined,body,confined body gentoo
81.28753599516813,saccade,gentoo,confined,body,confined body gentoo
561.1805430103965,saccade,gentoo,confined,body,confined body gentoo
446.9609842123498,saccade,gentoo,confined,body,confined body gentoo
1598.842284582443,saccade,gentoo,confined,body,confined body gentoo
839.1755027838622,saccade,gentoo,confined,body,confined body gentoo
88.30942857334321,saccade,gentoo,confined,body,confined body gentoo
1072.8318415080946,saccade,gentoo,confined,body,confined body gentoo
92.44046821909706,saccade,gentoo,confined,body,confined body gentoo
463.209580606391,saccade,gentoo,confined,body,confined body gentoo
1176.9870668505157,saccade,gentoo,confined,body,confined body gentoo
939.501394182298,saccade,gentoo,confined,body,confined body gentoo
1087.3039143647782,saccade,gentoo,confined,body,confined body gentoo
218.83930338530348,saccade,gentoo,confined,body,confined body gentoo
1150.4750273422524,saccade,gentoo,confined,body,confined body gentoo
120.37695668813568,saccade,gentoo,confined,body,confined body gentoo
98.00091758083768,saccade,gentoo,confined,body,confined body gentoo
1629.253871729922,saccade,gentoo,confined,body,confined body gentoo
652.8768074147513,saccade,gentoo,confined,body,confined body gentoo
762.9080591215032,saccade,gentoo,confined,body,confined body gentoo
916.5353769793944,saccade,gentoo,confined,body,confined body gentoo
524.9402129725926,saccade,gentoo,confined,body,confined body gentoo
515.4231494602698,saccade,gentoo,confined,body,confined body gentoo
1138.623473358508,saccade,gentoo,confined,body,confined body gentoo
653.9565975833017,saccade,gentoo,confined,body,confined body gentoo
541.210703377734,saccade,gentoo,confined,body,confined body gentoo
915.4504885027108,saccade,gentoo,confined,body,confined body gentoo
97.9815269822288,saccade,gentoo,confined,body,confined body gentoo
362.82019341666256,saccade,gentoo,confined,body,confined body gentoo
386.8603310782015,saccade,gentoo,confined,body,confined body gentoo
940.8075525989906,saccade,gentoo,confined,body,confined body gentoo
1684.9162204844874,saccade,gentoo,confined,body,confined body gentoo
418.4569536385311,saccade,gentoo,confined,body,confined body gentoo
427.2470032126566,saccade,gentoo,confined,body,confined body gentoo
962.7916839380656,saccade,gentoo,confined,body,confined body gentoo
262.9169936211207,saccade,gentoo,confined,body,confined body gentoo
61.67390319763968,saccade,gentoo,confined,body,confined body gentoo
1445.680398055869,saccade,gentoo,confined,body,confined body gentoo
876.5270950627598,saccade,gentoo,confined,body,confined body gentoo
100.33987808182246,saccade,gentoo,confined,body,confined body gentoo
413.4032279160681,saccade,gentoo,confined,body,confined body gentoo
338.38547759245444,saccade,gentoo,confined,body,confined body gentoo
330.3997704360643,saccade,gentoo,confined,body,confined body gentoo
1465.2529103344398,saccade,gentoo,confined,body,confined body gentoo
404.137628672834,saccade,gentoo,confined,body,confined body gentoo
978.309768833264,saccade,gentoo,confined,body,confined body gentoo
434.9518065312702,saccade,gentoo,confined,body,confined body gentoo
1310.3234257582142,saccade,gentoo,confined,body,confined body gentoo
186.27408561729112,saccade,gentoo,confined,body,confined body gentoo
575.1476862164611,saccade,gentoo,confined,body,confined body gentoo
927.709655202418,saccade,gentoo,confined,body,confined body gentoo
162.34575354106028,saccade,gentoo,confined,body,confined body gentoo
1412.9125088808205,saccade,gentoo,confined,body,confined body gentoo
764.3410041096397,saccade,gentoo,confined,body,confined body gentoo
296.70249106740613,saccade,gentoo,confined,body,confined body gentoo
563.0462523942293,saccade,gentoo,confined,body,confined body gentoo
647.310988191407,saccade,gentoo,confined,body,confined body gentoo
236.9975555200358,saccade,gentoo,confined,body,confined body gentoo
466.405173570597,saccade,gentoo,confined,body,confined body gentoo
57.82193903170878,saccade,gentoo,confined,body,confined body gentoo
1062.253034134967,saccade,gentoo,confined,body,confined body gentoo
49.49668844101211,saccade,gentoo,confined,body,confined body gentoo
1829.2730360336625,saccade,gentoo,confined,body,confined body gentoo
94.10053229260257,saccade,gentoo,confined,body,confined body gentoo
283.3696876401416,saccade,gentoo,confined,body,confined body gentoo
3600.0,intersaccade,gentoo,confined,body,confined body gentoo
160.0,intersaccade,gentoo,confined,body,confined body gentoo
2920.0,intersaccade,gentoo,confined,body,confined body gentoo
6120.0,intersaccade,gentoo,confined,body,confined body gentoo
160.0,intersaccade,gentoo,confined,body,confined body gentoo
200.0,intersaccade,gentoo,confined,body,confined body gentoo
1880.0,intersaccade,gentoo,confined,body,confined body gentoo
400.0,intersaccade,gentoo,confined,body,confined body gentoo
400.0,intersaccade,gentoo,confined,body,confined body gentoo
320.0,intersaccade,gentoo,confined,body,confined body gentoo
760.0,intersaccade,gentoo,confined,body,confined body gentoo
10960.0,intersaccade,gentoo,confined,body,confined body gentoo
4240.0,intersaccade,gentoo,confined,body,confined body gentoo
5960.0,intersaccade,gentoo,confined,body,confined body gentoo
1320.0,intersaccade,gentoo,confined,body,confined body gentoo
680.0,intersaccade,gentoo,confined,body,confined body gentoo
200.0,intersaccade,gentoo,confined,body,confined body gentoo
9080.0,intersaccade,gentoo,confined,body,confined body gentoo
480.0,intersaccade,gentoo,confined,body,confined body gentoo
8840.0,intersaccade,gentoo,confined,body,confined body gentoo
360.0,intersaccade,gentoo,confined,body,confined body gentoo
5160.0,intersaccade,gentoo,confined,body,confined body gentoo
880.0,intersaccade,gentoo,confined,body,confined body gentoo
5720.0,intersaccade,gentoo,confined,body,confined body gentoo
280.0,intersaccade,gentoo,confined,body,confined body gentoo
320.0,intersaccade,gentoo,confined,body,confined body gentoo
1160.0,intersaccade,gentoo,confined,body,confined body gentoo
5520.0,intersaccade,gentoo,confined,body,confined body gentoo
560.0,intersaccade,gentoo,confined,body,confined body gentoo
9800.0,intersaccade,gentoo,confined,body,confined body gentoo
200.0,intersaccade,gentoo,confined,body,confined body gentoo
4680.0,intersaccade,gentoo,confined,body,confined body gentoo
120.0,intersaccade,gentoo,confined,body,confined body gentoo
440.0,intersaccade,gentoo,confined,body,confined body gentoo
400.0,intersaccade,gentoo,confined,body,confined body gentoo
8600.0,intersaccade,gentoo,confined,body,confined body gentoo
680.0,intersaccade,gentoo,confined,body,confined body gentoo
480.0,intersaccade,gentoo,confined,body,confined body gentoo
400.0,intersaccade,gentoo,confined,body,confined body gentoo
9240.0,intersaccade,gentoo,confined,body,confined body gentoo
720.0,intersaccade,gentoo,confined,body,confined body gentoo
5880.0,intersaccade,gentoo,confined,body,confined body gentoo
280.0,intersaccade,gentoo,confined,body,confined body gentoo
240.0,intersaccade,gentoo,confined,body,confined body gentoo
320.0,intersaccade,gentoo,confined,body,confined body gentoo
160.0,intersaccade,gentoo,confined,body,confined body gentoo
960.0,intersaccade,gentoo,confined,body,confined body gentoo
360.0,intersaccade,gentoo,confined,body,confined body gentoo
120.0,intersaccade,gentoo,confined,body,confined body gentoo
1072.4307096102189,saccade,gentoo,confined,head,confined head gentoo
537.9782090976175,saccade,gentoo,confined,head,confined head gentoo
671.1462950754151,saccade,gentoo,confined,head,confined head gentoo
999.9843556980436,saccade,gentoo,confined,head,confined head gentoo
242.0419661511784,saccade,gentoo,confined,head,confined head gentoo
1795.2298227166204,saccade,gentoo,confined,head,confined head gentoo
464.5798004249152,saccade,gentoo,confined,head,confined head gentoo
537.2888575089689,saccade,gentoo,confined,head,confined head gentoo
713.1632946535977,saccade,gentoo,confined,head,confined head gentoo
659.2593142311671,saccade,gentoo,confined,head,confined head gentoo
514.2011913737053,saccade,gentoo,confined,head,confined head gentoo
266.9746313523103,saccade,gentoo,confined,head,confined head gentoo
588.3935372644987,saccade,gentoo,confined,head,confined head gentoo
459.2816877988548,saccade,gentoo,confined,head,confined head gentoo
2583.8152303465445,saccade,gentoo,confined,head,confined head gentoo
363.69695903065576,saccade,gentoo,confined,head,confined head gentoo
270.4677196891919,saccade,gentoo,confined,head,confined head gentoo
383.65600732037706,saccade,gentoo,confined,head,confined head gentoo
93.31986512789284,saccade,gentoo,confined,head,confined head gentoo
1508.0075448702212,saccade,gentoo,confined,head,confined head gentoo
240.2650606193879,saccade,gentoo,confined,head,confined head gentoo
177.1649422191308,saccade,gentoo,confined,head,confined head gentoo
84.01228928895691,saccade,gentoo,confined,head,confined head gentoo
534.0930114024719,saccade,gentoo,confined,head,confined head gentoo
1556.6078481416264,saccade,gentoo,confined,head,confined head gentoo
44.97269476032116,saccade,gentoo,confined,head,confined head gentoo
344.3799100949548,saccade,gentoo,confined,head,confined head gentoo
689.4516423015361,saccade,gentoo,confined,head,confined head gentoo
577.0587126459216,saccade,gentoo,confined,head,confined head gentoo
69.11310150409122,saccade,gentoo,confined,head,confined head gentoo
764.7278772569683,saccade,gentoo,confined,head,confined head gentoo
1570.739583538944,saccade,gentoo,confined,head,confined head gentoo
544.251863216403,saccade,gentoo,confined,head,confined head gentoo
955.0224795408218,saccade,gentoo,confined,head,confined head gentoo
959.7036565535352,saccade,gentoo,confined,head,confined head gentoo
49.573003187294375,saccade,gentoo,confined,head,confined head gentoo
723.683238434013,saccade,gentoo,confined,head,confined head gentoo
432.6207874023101,saccade,gentoo,confined,head,confined head gentoo
81.49546565564037,saccade,gentoo,confined,head,confined head gentoo
510.8587177306504,saccade,gentoo,confined,head,confined head gentoo
2266.2259554169214,saccade,gentoo,confined,head,confined head gentoo
210.97054707024995,saccade,gentoo,confined,head,confined head gentoo
339.80070733997195,saccade,gentoo,confined,head,confined head gentoo
793.7538995303589,saccade,gentoo,confined,head,confined head gentoo
721.1464540893886,saccade,gentoo,confined,head,confined head gentoo
1321.0350568140052,saccade,gentoo,confined,head,confined head gentoo
651.6519647209009,saccade,gentoo,confined,head,confined head gentoo
784.9272007642116,saccade,gentoo,confined,head,confined head gentoo
550.101359861664,saccade,gentoo,confined,head,confined head gentoo
314.002717502604,saccade,gentoo,confined,head,confined head gentoo
57.21953580212528,saccade,gentoo,confined,head,confined head gentoo
935.2501944667432,saccade,gentoo,confined,head,confined head gentoo
451.9810153088167,saccade,gentoo,confined,head,confined head gentoo
752.7490206451625,saccade,gentoo,confined,head,confined head gentoo
362.9311254146001,saccade,gentoo,confined,head,confined head gentoo
1097.0389143916327,saccade,gentoo,confined,head,confined head gentoo
567.4767933611247,saccade,gentoo,confined,head,confined head gentoo
1502.7085618585495,saccade,gentoo,confined,head,confined head gentoo
318.3796326835511,saccade,gentoo,confined,head,confined head gentoo
726.6065446430616,saccade,gentoo,confined,head,confined head gentoo
926.141686278614,saccade,gentoo,confined,head,confined head gentoo
118.4956141363496,saccade,gentoo,confined,head,confined head gentoo
354.167113578424,saccade,gentoo,confined,head,confined head gentoo
457.0589246855559,saccade,gentoo,confined,head,confined head gentoo
88.97402648986372,saccade,gentoo,confined,head,confined head gentoo
1472.2743978406677,saccade,gentoo,confined,head,confined head gentoo
492.3979859474304,saccade,gentoo,confined,head,confined head gentoo
3245.0021607774306,saccade,gentoo,confined,head,confined head gentoo
411.1085418222012,saccade,gentoo,confined,head,confined head gentoo
1289.3992584160912,saccade,gentoo,confined,head,confined head gentoo
246.6212489379643,saccade,gentoo,confined,head,confined head gentoo
505.1982697958306,saccade,gentoo,confined,head,confined head gentoo
1422.1439094087814,saccade,gentoo,confined,head,confined head gentoo
355.3072945370415,saccade,gentoo,confined,head,confined head gentoo
388.95302943074967,saccade,gentoo,confined,head,confined head gentoo
575.8022333401351,saccade,gentoo,confined,head,confined head gentoo
933.1115065014592,saccade,gentoo,confined,head,confined head gentoo
369.6494873964889,saccade,gentoo,confined,head,confined head gentoo
786.8404755820166,saccade,gentoo,confined,head,confined head gentoo
282.2607299131176,saccade,gentoo,confined,head,confined head gentoo
123.28490248450294,saccade,gentoo,confined,head,confined head gentoo
116.95663081840166,saccade,gentoo,confined,head,confined head gentoo
1161.1280960751594,saccade,gentoo,confined,head,confined head gentoo
1100.879500891995,saccade,gentoo,confined,head,confined head gentoo
1657.3821045492089,saccade,gentoo,confined,head,confined head gentoo
668.3419305978947,saccade,gentoo,confined,head,confined head gentoo
1568.2672847462209,saccade,gentoo,confined,head,confined head gentoo
433.2002032467233,saccade,gentoo,confined,head,confined head gentoo
236.84823228652817,saccade,gentoo,confined,head,confined head gentoo
112.13377384938326,saccade,gentoo,confined,head,confined head gentoo
1138.134358221463,saccade,gentoo,confined,head,confined head gentoo
1781.1499588210904,saccade,gentoo,confined,head,confined head gentoo
261.86196570808704,saccade,gentoo,confined,head,confined head gentoo
584.6303204201274,saccade,gentoo,confined,head,confined head gentoo
921.9174315903912,saccade,gentoo,confined,head,confined head gentoo
797.4381003391511,saccade,gentoo,confined,head,confined head gentoo
110.83055826091709,saccade,gentoo,confined,head,confined head gentoo
473.86849642032286,saccade,gentoo,confined,head,confined head gentoo
1097.4329671595174,saccade,gentoo,confined,head,confined head gentoo
200.80704750221912,saccade,gentoo,confined,head,confined head gentoo
149.41453186899935,saccade,gentoo,confined,head,confined head gentoo
2604.9386557267608,saccade,gentoo,confined,head,confined head gentoo
7560.0,intersaccade,gentoo,confined,head,confined head gentoo
360.0,intersaccade,gentoo,confined,head,confined head gentoo
5160.0,intersaccade,gentoo,confined,head,confined head gentoo
2000.0,intersaccade,gentoo,confined,head,confined head gentoo
720.0,intersaccade,gentoo,confined,head,confined head gentoo
360.0,intersaccade,gentoo,confined,head,confined head gentoo
10800.0,intersaccade,gentoo,confined,head,confined head gentoo
200.0,intersaccade,gentoo,confined,head,confined head gentoo
640.0,intersaccade,gentoo,confined,head,confined head gentoo
1560.0,intersaccade,gentoo,confined,head,confined head gentoo
120.0,intersaccade,gentoo,confined,head,confined head gentoo
200.0,intersaccade,gentoo,confined,head,confined head gentoo
680.0,intersaccade,gentoo,confined,head,confined head gentoo
5400.0,intersaccade,gentoo,confined,head,confined head gentoo
280.0,intersaccade,gentoo,confined,head,confined head gentoo
360.0,intersaccade,gentoo,confined,head,confined head gentoo
1200.0,intersaccade,gentoo,confined,head,confined head gentoo
680.0,intersaccade,gentoo,confined,head,confined head gentoo
8440.0,intersaccade,gentoo,confined,head,confined head gentoo
4920.0,intersaccade,gentoo,confined,head,confined head gentoo
200.0,intersaccade,gentoo,confined,head,confined head gentoo
1000.0,intersaccade,gentoo,confined,head,confined head gentoo
440.0,intersaccade,gentoo,confined,head,confined head gentoo
4080.0,intersaccade,gentoo,confined,head,confined head gentoo
6200.0,intersaccade,gentoo,confined,head,confined head gentoo
640.0,intersaccade,gentoo,confined,head,confined head gentoo
200.0,intersaccade,gentoo,confined,head,confined head gentoo
5160.0,intersaccade,gentoo,confined,head,confined head gentoo
6560.0,intersaccade,gentoo,confined,head,confined head gentoo
440.0,intersaccade,gentoo,confined,head,confined head gentoo
400.0,intersaccade,gentoo,confined,head,confined head gentoo
680.0,intersaccade,gentoo,confined,head,confined head gentoo
8440.0,intersaccade,gentoo,confined,head,confined head gentoo
680.0,intersaccade,gentoo,confined,head,confined head gentoo
9480.0,intersaccade,gentoo,confined,head,confined head gentoo
400.0,intersaccade,gentoo,confined,head,confined head gentoo
200.0,intersaccade,gentoo,confined,head,confined head gentoo
8240.0,intersaccade,gentoo,confined,head,confined head gentoo
1880.0,intersaccade,gentoo,confined,head,confined head gentoo
4073.091431016012,saccade,gentoo,confined,associated,confined associated gentoo
463.7454014998357,saccade,gentoo,confined,associated,confined associated gentoo
78.1072169618966,saccade,gentoo,confined,associated,confined associated gentoo
91.46412746047478,saccade,gentoo,confined,associated,confined associated gentoo
112.75591529337292,saccade,gentoo,confined,associated,confined associated gentoo
970.5944263913852,saccade,gentoo,confined,associated,confined associated gentoo
646.0853695603589,saccade,gentoo,confined,associated,confined associated gentoo
854.5349151431225,saccade,gentoo,confined,associated,confined associated gentoo
1193.1338761879797,saccade,gentoo,confined,associated,confined associated gentoo
92.5708989838458,saccade,gentoo,confined,associated,confined associated gentoo
670.734387860079,saccade,gentoo,confined,associated,confined associated gentoo
55.91515729930521,saccade,gentoo,confined,associated,confined associated gentoo
262.68083158401794,saccade,gentoo,confined,associated,confined associated gentoo
974.4906084212226,saccade,gentoo,confined,associated,confined associated gentoo
139.65683819082756,saccade,gentoo,confined,associated,confined associated gentoo
548.7382666822032,saccade,gentoo,confined,associated,confined associated gentoo
733.2052899579628,saccade,gentoo,confined,associated,confined associated gentoo
1588.2662116546248,saccade,gentoo,confined,associated,confined associated gentoo
366.5259941037141,saccade,gentoo,confined,associated,confined associated gentoo
38.66266193990782,saccade,gentoo,confined,associated,confined associated gentoo
1196.8562453939865,saccade,gentoo,confined,associated,confined associated gentoo
106.27337104728667,saccade,gentoo,confined,associated,confined associated gentoo
342.2823573782375,saccade,gentoo,confined,associated,confined associated gentoo
1402.3373111437184,saccade,gentoo,confined,associated,confined associated gentoo
173.8098746052492,saccade,gentoo,confined,associated,confined associated gentoo
228.26146875720497,saccade,gentoo,confined,associated,confined associated gentoo
225.24316659119904,saccade,gentoo,confined,associated,confined associated gentoo
608.0233985260377,saccade,gentoo,confined,associated,confined associated gentoo
906.2405373319036,saccade,gentoo,confined,associated,confined associated gentoo
332.2919916477345,saccade,gentoo,confined,associated,confined associated gentoo
337.1712851373628,saccade,gentoo,confined,associated,confined associated gentoo
874.1238602886892,saccade,gentoo,confined,associated,confined associated gentoo
348.1402804031069,saccade,gentoo,confined,associated,confined associated gentoo
1628.4459050148769,saccade,gentoo,confined,associated,confined associated gentoo
387.0491283361628,saccade,gentoo,confined,associated,confined associated gentoo
1443.240216528476,saccade,gentoo,confined,associated,confined associated gentoo
81.28753599516813,saccade,gentoo,confined,associated,confined associated gentoo
561.1805430103965,saccade,gentoo,confined,associated,confined associated gentoo
446.9609842123498,saccade,gentoo,confined,associated,confined associated gentoo
1598.842284582443,saccade,gentoo,confined,associated,confined associated gentoo
839.1755027838622,saccade,gentoo,confined,associated,confined associated gentoo
88.30942857334321,saccade,gentoo,confined,associated,confined associated gentoo
1072.8318415080946,saccade,gentoo,confined,associated,confined associated gentoo
92.44046821909706,saccade,gentoo,confined,associated,confined associated gentoo
463.209580606391,saccade,gentoo,confined,associated,confined associated gentoo
1176.9870668505157,saccade,gentoo,confined,associated,confined associated gentoo
939.501394182298,saccade,gentoo,confined,associated,confined associated gentoo
1087.3039143647782,saccade,gentoo,confined,associated,confined associated gentoo
218.83930338530348,saccade,gentoo,confined,associated,confined associated gentoo
1150.4750273422524,saccade,gentoo,confined,associated,confined associated gentoo
120.37695668813568,saccade,gentoo,confined,associated,confined associated gentoo
98.00091758083768,saccade,gentoo,confined,associated,confined associated gentoo
1629.253871729922,saccade,gentoo,confined,associated,confined associated gentoo
652.8768074147513,saccade,gentoo,confined,associated,confined associated gentoo
762.9080591215032,saccade,gentoo,confined,associated,confined associated gentoo
916.5353769793944,saccade,gentoo,confined,associated,confined associated gentoo
524.9402129725926,saccade,gentoo,confined,associated,confined associated gentoo
515.4231494602698,saccade,gentoo,confined,associated,confined associated gentoo
1138.623473358508,saccade,gentoo,confined,associated,confined associated gentoo
653.9565975833017,saccade,gentoo,confined,associated,confined associated gentoo
541.210703377734,saccade,gentoo,confined,associated,confined associated gentoo
915.4504885027108,saccade,gentoo,confined,associated,confined associated gentoo
97.9815269822288,saccade,gentoo,confined,associated,confined associated gentoo
362.82019341666256,saccade,gentoo,confined,associated,confined associated gentoo
386.8603310782015,saccade,gentoo,confined,associated,confined associated gentoo
940.8075525989906,saccade,gentoo,confined,associated,confined associated gentoo
1684.9162204844874,saccade,gentoo,confined,associated,confined associated gentoo
418.4569536385311,saccade,gentoo,confined,associated,confined associated gentoo
427.2470032126566,saccade,gentoo,confined,associated,confined associated gentoo
962.7916839380656,saccade,gentoo,confined,associated,confined associated gentoo
262.9169936211207,saccade,gentoo,confined,associated,confined associated gentoo
61.67390319763968,saccade,gentoo,confined,associated,confined associated gentoo
1445.680398055869,saccade,gentoo,confined,associated,confined associated gentoo
876.5270950627598,saccade,gentoo,confined,associated,confined associated gentoo
100.33987808182246,saccade,gentoo,confined,associated,confined associated gentoo
413.4032279160681,saccade,gentoo,confined,associated,confined associated gentoo
338.38547759245444,saccade,gentoo,confined,associated,confined associated gentoo
330.3997704360643,saccade,gentoo,confined,associated,confined associated gentoo
1465.2529103344398,saccade,gentoo,confined,associated,confined associated gentoo
404.137628672834,saccade,gentoo,confined,associated,confined associated gentoo
978.309768833264,saccade,gentoo,confined,associated,confined associated gentoo
434.9518065312702,saccade,gentoo,confined,associated,confined associated gentoo
1310.3234257582142,saccade,gentoo,confined,associated,confined associated gentoo
186.27408561729112,saccade,gentoo,confined,associated,confined associated gentoo
575.1476862164611,saccade,gentoo,confined,associated,confined associated gentoo
927.709655202418,saccade,gentoo,confined,associated,confined associated gentoo
162.34575354106028,saccade,gentoo,confined,associated,confined associated gentoo
1412.9125088808205,saccade,gentoo,confined,associated,confined associated gentoo
764.3410041096397,saccade,gentoo,confined,associated,confined associated gentoo
296.70249106740613,saccade,gentoo,confined,associated,confined associated gentoo
563.0462523942293,saccade,gentoo,confined,associated,confined associated gentoo
647.310988191407,saccade,gentoo,confined,associated,confined associated gentoo
236.9975555200358,saccade,gentoo,confined,associated,confined associated gentoo
466.405173570597,saccade,gentoo,confined,associated,confined associated gentoo
57.82193903170878,saccade,gentoo,confined,associated,confined associated gentoo
1062.253034134967,saccade,gentoo,confined,associated,confined associated gentoo
49.49668844101211,saccade,gentoo,confined,associated,confined associated gentoo
1829.2730360336625,saccade,gentoo,confined,associated,confined associated gentoo
94.10053229260257,saccade,gentoo,confined,associated,confined associated gentoo
283.3696876401416,saccade,gentoo,confined,associated,confined associated gentoo
1072.4307096102189,saccade,gentoo,confined,associated,confined associated gentoo
537.9782090976175,saccade,gentoo,confined,associated,confined associated gentoo
671.1462950754151,saccade,gentoo,confined,associated,confined associated gentoo
999.9843556980436,saccade,gentoo,confined,associated,confined associated gentoo
242.0419661511784,saccade,gentoo,confined,associated,confined associated gentoo
1795.2298227166204,saccade,gentoo,confined,associated,confined associated gentoo
464.5798004249152,saccade,gentoo,confined,associated,confined associated gentoo
537.2888575089689,saccade,gentoo,confined,associated,confined associated gentoo
713.1632946535977,saccade,gentoo,confined,associated,confined associated gentoo
659.2593142311671,saccade,gentoo,confined,associated,confined associated gentoo
514.2011913737053,saccade,gentoo,confined,associated,confined associated gentoo
266.9746313523103,saccade,gentoo,confined,associated,confined associated gentoo
588.3935372644987,saccade,gentoo,confined,associated,confined associated gentoo
459.2816877988548,saccade,gentoo,confined,associated,confined associated gentoo
2583.8152303465445,saccade,gentoo,confined,associated,confined associated gentoo
363.69695903065576,saccade,gentoo,confined,associated,confined associated gentoo
270.4677196891919,saccade,gentoo,confined,associated,confined associated gentoo
383.65600732037706,saccade,gentoo,confined,associated,confined associated gentoo
93.31986512789284,saccade,gentoo,confined,associated,confined associated gentoo
1508.0075448702212,saccade,gentoo,confined,associated,confined associated gentoo
240.2650606193879,saccade,gentoo,confined,associated,confined associated gentoo
177.1649422191308,saccade,gentoo,confined,associated,confined associated gentoo
84.01228928895691,saccade,gentoo,confined,associated,confined associated gentoo
534.0930114024719,saccade,gentoo,confined,associated,confined associated gentoo
1556.6078481416264,saccade,gentoo,confined,associated,confined associated gentoo
44.97269476032116,saccade,gentoo,confined,associated,confined associated gentoo
344.3799100949548,saccade,gentoo,confined,associated,confined associated gentoo
689.4516423015361,saccade,gentoo,confined,associated,confined associated gentoo
577.0587126459216,saccade,gentoo,confined,associated,confined associated gentoo
69.11310150409122,saccade,gentoo,confined,associated,confined associated gentoo
764.7278772569683,saccade,gentoo,confined,associated,confined associated gentoo
1570.739583538944,saccade,gentoo,confined,associated,confined associated gentoo
544.251863216403,saccade,gentoo,confined,associated,confined associated gentoo
955.0224795408218,saccade,gentoo,confined,associated,confined associated gentoo
959.7036565535352,saccade,gentoo,confined,associated,confined associated gentoo
49.573003187294375,saccade,gentoo,confined,associated,confined associated gentoo
723.683238434013,saccade,gentoo,confined,associated,confined associated gentoo
432.6207874023101,saccade,gentoo,confined,associated,confined associated gentoo
81.49546565564037,saccade,gentoo,confined,associated,confined associated gentoo
510.8587177306504,saccade,gentoo,confined,associated,confined associated gentoo
2266.2259554169214,saccade,gentoo,confined,associated,confined associated gentoo
210.97054707024995,saccade,gentoo,confined,associated,confined associated gentoo
339.80070733997195,saccade,gentoo,confined,associated,confined associated gentoo
793.7538995303589,saccade,gentoo,confined,associated,confined associated gentoo
721.1464540893886,saccade,gentoo,confined,associated,confined associated gentoo
1321.0350568140052,saccade,gentoo,confined,associated,confined associated gentoo
651.6519647209009,saccade,gentoo,confined,associated,confined associated gentoo
784.9272007642116,saccade,gentoo,confined,associated,confined associated gentoo
550.101359861664,saccade,gentoo,confined,associated,confined associated gentoo
314.002717502604,saccade,gentoo,confined,associated,confined associated gentoo
57.21953580212528,saccade,gentoo,confined,associated,confined associated gentoo
935.2501944667432,saccade,gentoo,confined,associated,confined associated gentoo
451.9810153088167,saccade,gentoo,confined,associated,confined associated gentoo
752.7490206451625,saccade,gentoo,confined,associated,confined associated gentoo
362.9311254146001,saccade,gentoo,confined,associated,confined associated gentoo
1097.0389143916327,saccade,gentoo,confined,associated,confined associated gentoo
567.4767933611247,saccade,gentoo,confined,associated,confined associated gentoo
1502.7085618585495,saccade,gentoo,confined,associated,confined associated gentoo
318.3796326835511,saccade,gentoo,confined,associated,confined associated gentoo
726.6065446430616,saccade,gentoo,confined,associated,confined associated gentoo
926.141686278614,saccade,gentoo,confined,associated,confined associated gentoo
118.4956141363496,saccade,gentoo,confined,associated,confined associated gentoo
354.167113578424,saccade,gentoo,confined,associated,confined associated gentoo
457.0589246855559,saccade,gentoo,confined,associated,confined associated gentoo
88.97402648986372,saccade,gentoo,confined,associated,confined associated gentoo
1472.2743978406677,saccade,gentoo,confined,associated,confined associated gentoo
492.3979859474304,saccade,gentoo,confined,associated,confined associated gentoo
3245.0021607774306,saccade,gentoo,confined,associated,confined associated gentoo
411.1085418222012,saccade,gentoo,confined,associated,confined associated gentoo
1289.3992584160912,saccade,gentoo,confined,associated,confined associated gentoo
246.6212489379643,saccade,gentoo,confined,associated,confined associated gentoo
505.1982697958306,saccade,gentoo,confined,associated,confined associated gentoo
1422.1439094087814,saccade,gentoo,confined,associated,confined associated gentoo
355.3072945370415,saccade,gentoo,confined,associated,confined associated gentoo
388.95302943074967,saccade,gentoo,confined,associated,confined associated gentoo
575.8022333401351,saccade,gentoo,confined,associated,confined associated gentoo
933.1115065014592,saccade,gentoo,confined,associated,confined associated gentoo
369.6494873964889,saccade,gentoo,confined,associated,confined associated gentoo
786.8404755820166,saccade,gentoo,confined,associated,confined associated gentoo
282.2607299131176,saccade,gentoo,confined,associated,confined associated gentoo
123.28490248450294,saccade,gentoo,confined,associated,confined associated gentoo
116.95663081840166,saccade,gentoo,confined,associated,confined associated gentoo
1161.1280960751594,saccade,gentoo,confined,associated,confined associated gentoo
1100.879500891995,saccade,gentoo,confined,associated,confined associated gentoo
1657.3821045492089,saccade,gentoo,confined,associated,confined associated gentoo
668.3419305978947,saccade,gentoo,confined,associated,confined associated gentoo
1568.2672847462209,saccade,gentoo,confined,associated,confined associated gentoo
433.2002032467233,saccade,gentoo,confined,associated,confined associated gentoo
236.84823228652817,saccade,gentoo,confined,associated,confined associated gentoo
112.13377384938326,saccade,gentoo,confined,associated,confined associated gentoo
1138.134358221463,saccade,gentoo,confined,associated,confined associated gentoo
1781.1499588210904,saccade,gentoo,confined,associated,confined associated gentoo
261.86196570808704,saccade,gentoo,confined,associated,confined associated gentoo
584.6303204201274,saccade,gentoo,confined,associated,confined associated gentoo
921.9174315903912,saccade,gentoo,confined,associated,confined associated gentoo
797.4381003391511,saccade,gentoo,confined,associated,confined associated gentoo
110.83055826091709,saccade,gentoo,confined,associated,confined associated gentoo
473.86849642032286,saccade,gentoo,confined,associated,confined associated gentoo
1097.4329671595174,saccade,gentoo,confined,associated,confined associated gentoo
200.80704750221912,saccade,gentoo,confined,associated,confined associated gentoo
149.41453186899935,saccade,gentoo,confined,associated,confined associated gentoo
2604.9386557267608,saccade,gentoo,confined,associated,confined associated gentoo
3600.0,intersaccade,gentoo,confined,associated,confined associated gentoo
160.0,intersaccade,gentoo,confined,associated,confined associated gentoo
2920.0,intersaccade,gentoo,confined,associated,confined associated gentoo
6120.0,intersaccade,gentoo,confined,associated,confined associated gentoo
160.0,intersaccade,gentoo,confined,associated,confined associated gentoo
200.0,intersaccade,gentoo,confined,associated,confined associated gentoo
1880.0,intersaccade,gentoo,confined,associated,confined associated gentoo
400.0,intersaccade,gentoo,confined,associated,confined associated gentoo
400.0,intersaccade,gentoo,confined,associated,confined associated gentoo
320.0,intersaccade,gentoo,confined,associated,confined associated gentoo
760.0,intersaccade,gentoo,confined,associated,confined associated gentoo
10960.0,intersaccade,gentoo,confined,associated,confined associated gentoo
4240.0,intersaccade,gentoo,confined,associated,confined associated gentoo
5960.0,intersaccade,gentoo,confined,associated,confined associated gentoo
1320.0,intersaccade,gentoo,confined,associated,confined associated gentoo
680.0,intersaccade,gentoo,confined,associated,confined associated gentoo
200.0,intersaccade,gentoo,confined,associated,confined associated gentoo
9080.0,intersaccade,gentoo,confined,associated,confined associated gentoo
480.0,intersaccade,gentoo,confined,associated,confined associated gentoo
8840.0,intersaccade,gentoo,confined,associated,confined associated gentoo
360.0,intersaccade,gentoo,confined,associated,confined associated gentoo
5160.0,intersaccade,gentoo,confined,associated,confined associated gentoo
880.0,intersaccade,gentoo,confined,associated,confined associated gentoo
5720.0,intersaccade,gentoo,confined,associated,confined associated gentoo
280.0,intersaccade,gentoo,confined,associated,confined associated gentoo
320.0,intersaccade,gentoo,confined,associated,confined associated gentoo
1160.0,intersaccade,gentoo,confined,associated,confined associated gentoo
5520.0,intersaccade,gentoo,confined,associated,confined associated gentoo
560.0,intersaccade,gentoo,confined,associated,confined associated gentoo
9800.0,intersaccade,gentoo,confined,associated,confined associated gentoo
200.0,intersaccade,gentoo,confined,associated,confined associated gentoo
4680.0,intersaccade,gentoo,confined,associated,confined associated gentoo
120.0,intersaccade,gentoo,confined,associated,confined associated gentoo
440.0,intersaccade,gentoo,confined,associated,confined associated gentoo
400.0,intersaccade,gentoo,confined,associated,confined associated gentoo
8600.0,intersaccade,gentoo,confined,associated,confined associated gentoo
680.0,intersaccade,gentoo,confined,associated,confined associated gentoo
480.0,intersaccade,gentoo,confined,associated,confined associated gentoo
400.0,intersaccade,gentoo,confined,associated,confined associated gentoo
9240.0,intersaccade,gentoo,confined,associated,confined associated gentoo
720.0,intersaccade,gentoo,confined,associated,confined associated gentoo
5880.0,intersaccade,gentoo,confined,associated,confined associated gentoo
280.0,intersaccade,gentoo,confined,associated,confined associated gentoo
240.0,intersaccade,gentoo,confined,associated,confined associated gentoo
320.0,intersaccade,gentoo,confined,associated,confined associated gentoo
160.0,intersaccade,gentoo,confined,associated,confined associated gentoo
960.0,intersaccade,gentoo,confined,associated,confined associated gentoo
360.0,intersaccade,gentoo,confined,associated,confined associated gentoo
120.0,intersaccade,gentoo,confined,associated,confined associated gentoo
6480.0,intersaccade,gentoo,confined,associated,confined associated gentoo
7560.0,intersaccade,gentoo,confined,associated,confined associated gentoo
360.0,intersaccade,gentoo,confined,associated,confined associated gentoo
5160.0,intersaccade,gentoo,confined,associated,confined associated gentoo
2000.0,intersaccade,gentoo,confined,associated,confined associated gentoo
720.0,intersaccade,gentoo,confined,associated,confined associated gentoo
360.0,intersaccade,gentoo,confined,associated,confined associated gentoo
10800.0,intersaccade,gentoo,confined,associated,confined associated gentoo
200.0,intersaccade,gentoo,confined,associated,confined associated gentoo
640.0,intersaccade,gentoo,confined,associated,confined associated gentoo
1560.0,intersaccade,gentoo,confined,associated,confined associated gentoo
120.0,intersaccade,gentoo,confined,associated,confined associated gentoo
200.0,intersaccade,gentoo,confined,associated,confined associated gentoo
680.0,intersaccade,gentoo,confined,associated,confined associated gentoo
5400.0,intersaccade,gentoo,confined,associated,confined associated gentoo
280.0,intersaccade,gentoo,confined,associated,confined associated gentoo
360.0,intersaccade,gentoo,confined,associated,confined associated gentoo
1200.0,intersaccade,gentoo,confined,associated,confined associated gentoo
680.0,intersaccade,gentoo,confined,associated,confined associated gentoo
8440.0,intersaccade,gentoo,confined,associated,confined associated gentoo
4920.0,intersaccade,gentoo,confined,associated,confined associated gentoo
200.0,intersaccade,gentoo,confined,associated,confined associated gentoo
1000.0,intersaccade,gentoo,confined,associated,confined associated gentoo
440.0,intersaccade,gentoo,confined,associated,confined associated gentoo
4080.0,intersaccade,gentoo,confined,associated,confined associated gentoo
6200.0,intersaccade,gentoo,confined,associated,confined associated gentoo
640.0,intersaccade,gentoo,confined,associated,confined associated gentoo
200.0,intersaccade,gentoo,confined,associated,confined associated gentoo
5160.0,intersaccade,gentoo,confined,associated,confined associated gentoo
6560.0,intersaccade,gentoo,confined,associated,confined associated gentoo
440.0,intersaccade,gentoo,confined,associated,confined associated gentoo
400.0,intersaccade,gentoo,confined,associated,confined associated gentoo
680.0,intersaccade,gentoo,confined,associated,confined associated gentoo
8440.0,intersaccade,gentoo,confined,associated,confined associated gentoo
680.0,intersaccade,gentoo,confined,associated,confined associated gentoo
9480.0,intersaccade,gentoo,confined,associated,confined associated gentoo
400.0,intersaccade,gentoo,confined,associated,confined associated gentoo
200.0,intersaccade,gentoo,confined,associated,confined associated gentoo
8240.0,intersaccade,gentoo,confined,associated,confined associated gentoo
1880.0,intersaccade,gentoo,confined,associated,confined associated gentoo
246.5779506493527,saccade,gentoo,open,body,open body gentoo
255.3378947187398,saccade,gentoo,open,body,open body gentoo
214.08462075100329,saccade,gentoo,open,body,open body gentoo
249.4605246414614,saccade,gentoo,open,body,open body gentoo
426.556995196757,saccade,gentoo,open,body,open body gentoo
490.67836007468367,saccade,gentoo,open,body,open body gentoo
424.7602770254199,saccade,gentoo,open,body,open body gentoo
526.5823515992594,saccade,gentoo,open,body,open body gentoo
252.88162932851037,saccade,gentoo,open,body,open body gentoo
284.4836191535686,saccade,gentoo,open,body,open body gentoo
889.8998655451312,saccade,gentoo,open,body,open body gentoo
345.28109585695,saccade,gentoo,open,body,open body gentoo
386.1555662869326,saccade,gentoo,open,body,open body gentoo
343.40970998238157,saccade,gentoo,open,body,open body gentoo
249.3742444307543,saccade,gentoo,open,body,open body gentoo
344.3038233860875,saccade,gentoo,open,body,open body gentoo
279.6756796291333,saccade,gentoo,open,body,open body gentoo
282.7948618424159,saccade,gentoo,open,body,open body gentoo
703.7236859088731,saccade,gentoo,open,body,open body gentoo
386.555036745157,saccade,gentoo,open,body,open body gentoo
436.26242018437625,saccade,gentoo,open,body,open body gentoo
592.1720356542853,saccade,gentoo,open,body,open body gentoo
331.71277731390006,saccade,gentoo,open,body,open body gentoo
512.5792849013844,saccade,gentoo,open,body,open body gentoo
555.1107265940232,saccade,gentoo,open,body,open body gentoo
321.5483767967498,saccade,gentoo,open,body,open body gentoo
516.9797756153949,saccade,gentoo,open,body,open body gentoo
260.5352824391048,saccade,gentoo,open,body,open body gentoo
215.2397109142346,saccade,gentoo,open,body,open body gentoo
814.3808970168454,saccade,gentoo,open,body,open body gentoo
273.0680947846394,saccade,gentoo,open,body,open body gentoo
505.335438550291,saccade,gentoo,open,body,open body gentoo
356.9473218406794,saccade,gentoo,open,body,open body gentoo
535.5430028577908,saccade,gentoo,open,body,open body gentoo
467.25145856955044,saccade,gentoo,open,body,open body gentoo
245.6306908225997,saccade,gentoo,open,body,open body gentoo
292.96628459327775,saccade,gentoo,open,body,open body gentoo
857.9593371382012,saccade,gentoo,open,body,open body gentoo
314.6798185015768,saccade,gentoo,open,body,open body gentoo
278.6733813808951,saccade,gentoo,open,body,open body gentoo
296.56348758456556,saccade,gentoo,open,body,open body gentoo
320.8899187781526,saccade,gentoo,open,body,open body gentoo
318.1117388117476,saccade,gentoo,open,body,open body gentoo
623.0156517115045,saccade,gentoo,open,body,open body gentoo
443.0086070243305,saccade,gentoo,open,body,open body gentoo
226.4426959821397,saccade,gentoo,open,body,open body gentoo
247.9575135783534,saccade,gentoo,open,body,open body gentoo
782.8898113064952,saccade,gentoo,open,body,open body gentoo
326.0643581297017,saccade,gentoo,open,body,open body gentoo
253.10114552742857,saccade,gentoo,open,body,open body gentoo
489.9402997398662,saccade,gentoo,open,body,open body gentoo
313.6778573334368,saccade,gentoo,open,body,open body gentoo
289.7238700388849,saccade,gentoo,open,body,open body gentoo
227.5175101631551,saccade,gentoo,open,body,open body gentoo
384.6256050373237,saccade,gentoo,open,body,open body gentoo
420.349052368571,saccade,gentoo,open,body,open body gentoo
281.7761439974522,saccade,gentoo,open,body,open body gentoo
424.5221258604715,saccade,gentoo,open,body,open body gentoo
446.0089537873197,saccade,gentoo,open,body,open body gentoo
314.9820063073018,saccade,gentoo,open,body,open body gentoo
453.1592802905682,saccade,gentoo,open,body,open body gentoo
368.85090879027297,saccade,gentoo,open,body,open body gentoo
514.3706808973471,saccade,gentoo,open,body,open body gentoo
417.27296655291565,saccade,gentoo,open,body,open body gentoo
905.483064768964,saccade,gentoo,open,body,open body gentoo
245.5126078114669,saccade,gentoo,open,body,open body gentoo
346.3943595566434,saccade,gentoo,open,body,open body gentoo
287.38544805315394,saccade,gentoo,open,body,open body gentoo
156.58228840802622,saccade,gentoo,open,body,open body gentoo
505.75961835250683,saccade,gentoo,open,body,open body gentoo
315.99321214907826,saccade,gentoo,open,body,open body gentoo
218.8947075077067,saccade,gentoo,open,body,open body gentoo
337.1398238113822,saccade,gentoo,open,body,open body gentoo
231.27539587658242,saccade,gentoo,open,body,open body gentoo
326.1674983752073,saccade,gentoo,open,body,open body gentoo
314.3514178877922,saccade,gentoo,open,body,open body gentoo
504.6333388087078,saccade,gentoo,open,body,open body gentoo
311.7955029157959,saccade,gentoo,open,body,open body gentoo
268.6374141267151,saccade,gentoo,open,body,open body gentoo
346.0120028272437,saccade,gentoo,open,body,open body gentoo
501.18226532194967,saccade,gentoo,open,body,open body gentoo
188.3327171282417,saccade,gentoo,open,body,open body gentoo
258.6774388704475,saccade,gentoo,open,body,open body gentoo
522.8365346108911,saccade,gentoo,open,body,open body gentoo
354.8342859514477,saccade,gentoo,open,body,open body gentoo
261.51690672747816,saccade,gentoo,open,body,open body gentoo
62.0805525363382,saccade,gentoo,open,body,open body gentoo
343.973024296907,saccade,gentoo,open,body,open body gentoo
189.305428303009,saccade,gentoo,open,body,open body gentoo
806.6827228183271,saccade,gentoo,open,body,open body gentoo
379.3158948182899,saccade,gentoo,open,body,open body gentoo
954.5773018464582,saccade,gentoo,open,body,open body gentoo
638.8649283448482,saccade,gentoo,open,body,open body gentoo
540.4963906156571,saccade,gentoo,open,body,open body gentoo
380.5870772069302,saccade,gentoo,open,body,open body gentoo
347.298945899513,saccade,gentoo,open,body,open body gentoo
314.95040119663895,saccade,gentoo,open,body,open body gentoo
350.0317594413976,saccade,gentoo,open,body,open body gentoo
148.6360579780239,saccade,gentoo,open,body,open body gentoo
957.7086589908088,saccade,gentoo,open,body,open body gentoo
771.3622313767199,saccade,gentoo,open,body,open body gentoo
665.2004296256109,saccade,gentoo,open,body,open body gentoo
775.1224557043931,saccade,gentoo,open,body,open body gentoo
183.464501874054,saccade,gentoo,open,body,open body gentoo
187.0930093107953,saccade,gentoo,open,body,open body gentoo
236.3301780486542,saccade,gentoo,open,body,open body gentoo
385.9035489530328,saccade,gentoo,open,body,open body gentoo
388.1070594387912,saccade,gentoo,open,body,open body gentoo
636.5666346483881,saccade,gentoo,open,body,open body gentoo
558.9080773071989,saccade,gentoo,open,body,open body gentoo
251.8343123422312,saccade,gentoo,open,body,open body gentoo
290.8329839633514,saccade,gentoo,open,body,open body gentoo
318.8681977469514,saccade,gentoo,open,body,open body gentoo
581.3973611981036,saccade,gentoo,open,body,open body gentoo
498.4037992197689,saccade,gentoo,open,body,open body gentoo
236.7119789466339,saccade,gentoo,open,body,open body gentoo
819.804569818848,saccade,gentoo,open,body,open body gentoo
251.559799676418,saccade,gentoo,open,body,open body gentoo
422.5767624012405,saccade,gentoo,open,body,open body gentoo
277.9648722239092,saccade,gentoo,open,body,open body gentoo
247.8118182271468,saccade,gentoo,open,body,open body gentoo
280.1319577686832,saccade,gentoo,open,body,open body gentoo
517.1026960234087,saccade,gentoo,open,body,open body gentoo
310.25335350360587,saccade,gentoo,open,body,open body gentoo
264.5402429599803,saccade,gentoo,open,body,open body gentoo
368.4129013501679,saccade,gentoo,open,body,open body gentoo
449.8668442101973,saccade,gentoo,open,body,open body gentoo
327.87724728282893,saccade,gentoo,open,body,open body gentoo
335.294534143181,saccade,gentoo,open,body,open body gentoo
328.01565916685337,saccade,gentoo,open,body,open body gentoo
323.6219372342986,saccade,gentoo,open,body,open body gentoo
820.7893256539649,saccade,gentoo,open,body,open body gentoo
197.8055432442147,saccade,gentoo,open,body,open body gentoo
283.4105861381962,saccade,gentoo,open,body,open body gentoo
371.87296279893,saccade,gentoo,open,body,open body gentoo
203.4706362366307,saccade,gentoo,open,body,open body gentoo
689.939051832863,saccade,gentoo,open,body,open body gentoo
402.2900951670919,saccade,gentoo,open,body,open body gentoo
316.8659384459298,saccade,gentoo,open,body,open body gentoo
353.1744650333754,saccade,gentoo,open,body,open body gentoo
351.2301299980492,saccade,gentoo,open,body,open body gentoo
205.1755222168253,saccade,gentoo,open,body,open body gentoo
457.722593646262,saccade,gentoo,open,body,open body gentoo
480.5360549299697,saccade,gentoo,open,body,open body gentoo
511.3358759004617,saccade,gentoo,open,body,open body gentoo
221.3782786298263,saccade,gentoo,open,body,open body gentoo
221.0736491584536,saccade,gentoo,open,body,open body gentoo
227.2644751010981,saccade,gentoo,open,body,open body gentoo
284.2288953400801,saccade,gentoo,open,body,open body gentoo
289.6630832098291,saccade,gentoo,open,body,open body gentoo
280.5155530804806,saccade,gentoo,open,body,open body gentoo
291.9816635820174,saccade,gentoo,open,body,open body gentoo
506.1993608525086,saccade,gentoo,open,body,open body gentoo
521.9097107729226,saccade,gentoo,open,body,open body gentoo
278.66474745299,saccade,gentoo,open,body,open body gentoo
745.3487596971778,saccade,gentoo,open,body,open body gentoo
517.6388911391692,saccade,gentoo,open,body,open body gentoo
349.0691425096618,saccade,gentoo,open,body,open body gentoo
405.4736896618199,saccade,gentoo,open,body,open body gentoo
475.7838309084869,saccade,gentoo,open,body,open body gentoo
799.3816862373857,saccade,gentoo,open,body,open body gentoo
450.9098509593248,saccade,gentoo,open,body,open body gentoo
655.8735124050788,saccade,gentoo,open,body,open body gentoo
392.78191341943506,saccade,gentoo,open,body,open body gentoo
349.1002536647329,saccade,gentoo,open,body,open body gentoo
954.4000358967423,saccade,gentoo,open,body,open body gentoo
225.24358507053722,saccade,gentoo,open,body,open body gentoo
182.3040198610151,saccade,gentoo,open,body,open body gentoo
289.0819248578647,saccade,gentoo,open,body,open body gentoo
749.599641124167,saccade,gentoo,open,body,open body gentoo
274.04516065568316,saccade,gentoo,open,body,open body gentoo
289.66768302487014,saccade,gentoo,open,body,open body gentoo
403.4615960158526,saccade,gentoo,open,body,open body gentoo
580.3767073324153,saccade,gentoo,open,body,open body gentoo
425.45964612141677,saccade,gentoo,open,body,open body gentoo
782.0191718367785,saccade,gentoo,open,body,open body gentoo
216.8102058375505,saccade,gentoo,open,body,open body gentoo
323.1053205135114,saccade,gentoo,open,body,open body gentoo
229.0939990122088,saccade,gentoo,open,body,open body gentoo
767.0027786954396,saccade,gentoo,open,body,open body gentoo
247.2551113664365,saccade,gentoo,open,body,open body gentoo
405.48659581837757,saccade,gentoo,open,body,open body gentoo
187.5083816065174,saccade,gentoo,open,body,open body gentoo
446.4578817087531,saccade,gentoo,open,body,open body gentoo
291.7728626727251,saccade,gentoo,open,body,open body gentoo
371.6062342346551,saccade,gentoo,open,body,open body gentoo
355.2057326126709,saccade,gentoo,open,body,open body gentoo
194.58062764050928,saccade,gentoo,open,body,open body gentoo
819.415334342058,saccade,gentoo,open,body,open body gentoo
537.1295408693147,saccade,gentoo,open,body,open body gentoo
415.7057072851937,saccade,gentoo,open,body,open body gentoo
133.4467457067134,saccade,gentoo,open,body,open body gentoo
337.900355022054,saccade,gentoo,open,body,open body gentoo
462.95253806264583,saccade,gentoo,open,body,open body gentoo
451.52504416877133,saccade,gentoo,open,body,open body gentoo
670.9676451393477,saccade,gentoo,open,body,open body gentoo
233.9866524767018,saccade,gentoo,open,body,open body gentoo
287.83708430155167,saccade,gentoo,open,body,open body gentoo
288.91650267607173,saccade,gentoo,open,body,open body gentoo
565.4411452919533,saccade,gentoo,open,body,open body gentoo
257.1794115647577,saccade,gentoo,open,body,open body gentoo
226.5453179717136,saccade,gentoo,open,body,open body gentoo
380.5272106225307,saccade,gentoo,open,body,open body gentoo
483.7711201854745,saccade,gentoo,open,body,open body gentoo
412.2702912896557,saccade,gentoo,open,body,open body gentoo
414.7112918195887,saccade,gentoo,open,body,open body gentoo
261.7551553273566,saccade,gentoo,open,body,open body gentoo
978.4828697808772,saccade,gentoo,open,body,open body gentoo
158.7501752821481,saccade,gentoo,open,body,open body gentoo
358.5579182309668,saccade,gentoo,open,body,open body gentoo
430.4256901294783,saccade,gentoo,open,body,open body gentoo
347.2446581304969,saccade,gentoo,open,body,open body gentoo
877.009946273328,saccade,gentoo,open,body,open body gentoo
302.4206403904746,saccade,gentoo,open,body,open body gentoo
321.9259844319256,saccade,gentoo,open,body,open body gentoo
290.9072008317087,saccade,gentoo,open,body,open body gentoo
347.25834490095383,saccade,gentoo,open,body,open body gentoo
221.7255032610737,saccade,gentoo,open,body,open body gentoo
378.415605267846,saccade,gentoo,open,body,open body gentoo
285.3487814125774,saccade,gentoo,open,body,open body gentoo
895.5582605705899,saccade,gentoo,open,body,open body gentoo
309.8562774357544,saccade,gentoo,open,body,open body gentoo
273.3884853048299,saccade,gentoo,open,body,open body gentoo
680.4562977964086,saccade,gentoo,open,body,open body gentoo
370.5210389604952,saccade,gentoo,open,body,open body gentoo
452.8903060710419,saccade,gentoo,open,body,open body gentoo
341.5679955687272,saccade,gentoo,open,body,open body gentoo
318.48835979917277,saccade,gentoo,open,body,open body gentoo
340.1079864305605,saccade,gentoo,open,body,open body gentoo
346.6168357809256,saccade,gentoo,open,body,open body gentoo
389.0511456827407,saccade,gentoo,open,body,open body gentoo
263.59996242545094,saccade,gentoo,open,body,open body gentoo
251.3496668893992,saccade,gentoo,open,body,open body gentoo
187.1158964317601,saccade,gentoo,open,body,open body gentoo
725.1186258587078,saccade,gentoo,open,body,open body gentoo
128.5131693424868,saccade,gentoo,open,body,open body gentoo
191.51118510956348,saccade,gentoo,open,body,open body gentoo
272.4088220660746,saccade,gentoo,open,body,open body gentoo
323.2839393838048,saccade,gentoo,open,body,open body gentoo
300.3021138294268,saccade,gentoo,open,body,open body gentoo
247.9366129163073,saccade,gentoo,open,body,open body gentoo
828.0423787849978,saccade,gentoo,open,body,open body gentoo
260.29985314630534,saccade,gentoo,open,body,open body gentoo
594.7517060507759,saccade,gentoo,open,body,open body gentoo
253.3540742243038,saccade,gentoo,open,body,open body gentoo
421.5675567342297,saccade,gentoo,open,body,open body gentoo
245.3458272113683,saccade,gentoo,open,body,open body gentoo
340.72878260545093,saccade,gentoo,open,body,open body gentoo
219.5338229241618,saccade,gentoo,open,body,open body gentoo
556.0751979478217,saccade,gentoo,open,body,open body gentoo
463.4663489510065,saccade,gentoo,open,body,open body gentoo
214.20044386771139,saccade,gentoo,open,body,open body gentoo
664.8457002007149,saccade,gentoo,open,body,open body gentoo
318.6199542505278,saccade,gentoo,open,body,open body gentoo
424.2851917741821,saccade,gentoo,open,body,open body gentoo
266.55826939511365,saccade,gentoo,open,body,open body gentoo
583.8515774541861,saccade,gentoo,open,body,open body gentoo
679.7685649195766,saccade,gentoo,open,body,open body gentoo
420.91058136070006,saccade,gentoo,open,body,open body gentoo
983.529292218566,saccade,gentoo,open,body,open body gentoo
230.9463160829788,saccade,gentoo,open,body,open body gentoo
264.20103206177146,saccade,gentoo,open,body,open body gentoo
261.3764522542737,saccade,gentoo,open,body,open body gentoo
239.8553448975958,saccade,gentoo,open,body,open body gentoo
244.8343641253446,saccade,gentoo,open,body,open body gentoo
473.1076037915928,saccade,gentoo,open,body,open body gentoo
493.0506438448882,saccade,gentoo,open,body,open body gentoo
239.46931742856918,saccade,gentoo,open,body,open body gentoo
254.0857925879118,saccade,gentoo,open,body,open body gentoo
359.95600499320614,saccade,gentoo,open,body,open body gentoo
214.97927080018258,saccade,gentoo,open,body,open body gentoo
377.8300545154546,saccade,gentoo,open,body,open body gentoo
412.3977045298043,saccade,gentoo,open,body,open body gentoo
359.3685942225411,saccade,gentoo,open,body,open body gentoo
215.223947249702,saccade,gentoo,open,body,open body gentoo
441.4651953548968,saccade,gentoo,open,body,open body gentoo
272.1460518681454,saccade,gentoo,open,body,open body gentoo
220.87063767753529,saccade,gentoo,open,body,open body gentoo
329.0556836947284,saccade,gentoo,open,body,open body gentoo
620.2524184545533,saccade,gentoo,open,body,open body gentoo
222.1989234658773,saccade,gentoo,open,body,open body gentoo
252.22224591978858,saccade,gentoo,open,body,open body gentoo
423.3324606856096,saccade,gentoo,open,body,open body gentoo
461.9985436869228,saccade,gentoo,open,body,open body gentoo
163.5729627220503,saccade,gentoo,open,body,open body gentoo
516.4568962799269,saccade,gentoo,open,body,open body gentoo
287.06728855990684,saccade,gentoo,open,body,open body gentoo
891.1705192133393,saccade,gentoo,open,body,open body gentoo
449.6734274353249,saccade,gentoo,open,body,open body gentoo
386.719447264475,saccade,gentoo,open,body,open body gentoo
362.9772565141707,saccade,gentoo,open,body,open body gentoo
357.3607855655723,saccade,gentoo,open,body,open body gentoo
653.6904437156181,saccade,gentoo,open,body,open body gentoo
312.6180838028593,saccade,gentoo,open,body,open body gentoo
260.0634140821095,saccade,gentoo,open,body,open body gentoo
309.30280974810097,saccade,gentoo,open,body,open body gentoo
363.788306825298,saccade,gentoo,open,body,open body gentoo
319.8452866916871,saccade,gentoo,open,body,open body gentoo
379.2507924662648,saccade,gentoo,open,body,open body gentoo
359.6877807468786,saccade,gentoo,open,body,open body gentoo
333.1607298142406,saccade,gentoo,open,body,open body gentoo
657.9375212629809,saccade,gentoo,open,body,open body gentoo
185.26698364715529,saccade,gentoo,open,body,open body gentoo
333.08604634769,saccade,gentoo,open,body,open body gentoo
291.81715933667266,saccade,gentoo,open,body,open body gentoo
411.1775578255355,saccade,gentoo,open,body,open body gentoo
252.6123735270744,saccade,gentoo,open,body,open body gentoo
216.6201833809325,saccade,gentoo,open,body,open body gentoo
321.55232161615635,saccade,gentoo,open,body,open body gentoo
362.4474057336885,saccade,gentoo,open,body,open body gentoo
625.2529548894776,saccade,gentoo,open,body,open body gentoo
352.66609818929066,saccade,gentoo,open,body,open body gentoo
590.7809548334143,saccade,gentoo,open,body,open body gentoo
665.0624750207982,saccade,gentoo,open,body,open body gentoo
274.79265879578156,saccade,gentoo,open,body,open body gentoo
261.1368160096721,saccade,gentoo,open,body,open body gentoo
192.8600971916438,saccade,gentoo,open,body,open body gentoo
260.0199569455507,saccade,gentoo,open,body,open body gentoo
268.8880563351259,saccade,gentoo,open,body,open body gentoo
348.2781256576238,saccade,gentoo,open,body,open body gentoo
511.30696083276814,saccade,gentoo,open,body,open body gentoo
247.730069228479,saccade,gentoo,open,body,open body gentoo
791.8353601085812,saccade,gentoo,open,body,open body gentoo
196.582817306528,saccade,gentoo,open,body,open body gentoo
516.8687969527875,saccade,gentoo,open,body,open body gentoo
851.93543162884,saccade,gentoo,open,body,open body gentoo
259.9288805356678,saccade,gentoo,open,body,open body gentoo
242.6333583072249,saccade,gentoo,open,body,open body gentoo
334.22916512728403,saccade,gentoo,open,body,open body gentoo
289.93225930661123,saccade,gentoo,open,body,open body gentoo
292.42387171912196,saccade,gentoo,open,body,open body gentoo
197.53167472107592,saccade,gentoo,open,body,open body gentoo
369.5825711616161,saccade,gentoo,open,body,open body gentoo
592.5506127672463,saccade,gentoo,open,body,open body gentoo
226.0446641175955,saccade,gentoo,open,body,open body gentoo
878.1434369109093,saccade,gentoo,open,body,open body gentoo
487.6318362541383,saccade,gentoo,open,body,open body gentoo
541.4560665699071,saccade,gentoo,open,body,open body gentoo
288.3701387979329,saccade,gentoo,open,body,open body gentoo
609.4913524146667,saccade,gentoo,open,body,open body gentoo
651.1293376583883,saccade,gentoo,open,body,open body gentoo
428.0628081456863,saccade,gentoo,open,body,open body gentoo
746.756074524804,saccade,gentoo,open,body,open body gentoo
403.46213328807227,saccade,gentoo,open,body,open body gentoo
453.36197393164264,saccade,gentoo,open,body,open body gentoo
310.9173937561081,saccade,gentoo,open,body,open body gentoo
213.6413189561115,saccade,gentoo,open,body,open body gentoo
193.4897169527592,saccade,gentoo,open,body,open body gentoo
391.4054545357393,saccade,gentoo,open,body,open body gentoo
239.1292493627058,saccade,gentoo,open,body,open body gentoo
291.25228044220717,saccade,gentoo,open,body,open body gentoo
686.1921059637098,saccade,gentoo,open,body,open body gentoo
311.8411965231037,saccade,gentoo,open,body,open body gentoo
284.8902062676491,saccade,gentoo,open,body,open body gentoo
293.6000061060592,saccade,gentoo,open,body,open body gentoo
883.9353604106842,saccade,gentoo,open,body,open body gentoo
302.66275090967457,saccade,gentoo,open,body,open body gentoo
396.3489977767722,saccade,gentoo,open,body,open body gentoo
250.52160854224132,saccade,gentoo,open,body,open body gentoo
660.9587028955048,saccade,gentoo,open,body,open body gentoo
361.0489934262508,saccade,gentoo,open,body,open body gentoo
467.31499682431,saccade,gentoo,open,body,open body gentoo
251.6825417852412,saccade,gentoo,open,body,open body gentoo
341.8161708593364,saccade,gentoo,open,body,open body gentoo
260.6138121519355,saccade,gentoo,open,body,open body gentoo
381.4679532232958,saccade,gentoo,open,body,open body gentoo
298.9800139280229,saccade,gentoo,open,body,open body gentoo
367.9935272590304,saccade,gentoo,open,body,open body gentoo
212.5676359855636,saccade,gentoo,open,body,open body gentoo
484.37633030875986,saccade,gentoo,open,body,open body gentoo
283.6806259716923,saccade,gentoo,open,body,open body gentoo
287.84293310489676,saccade,gentoo,open,body,open body gentoo
350.14251767440777,saccade,gentoo,open,body,open body gentoo
566.0723272121913,saccade,gentoo,open,body,open body gentoo
385.3888973722178,saccade,gentoo,open,body,open body gentoo
376.3642352222708,saccade,gentoo,open,body,open body gentoo
316.2115170511318,saccade,gentoo,open,body,open body gentoo
345.1988860203748,saccade,gentoo,open,body,open body gentoo
252.4322893221838,saccade,gentoo,open,body,open body gentoo
223.9384870622043,saccade,gentoo,open,body,open body gentoo
428.8657855145297,saccade,gentoo,open,body,open body gentoo
238.36154509796918,saccade,gentoo,open,body,open body gentoo
418.1530639235907,saccade,rockhopper,open,body,open body rockhopper
581.288054884925,saccade,rockhopper,open,body,open body rockhopper
370.96394937298936,saccade,rockhopper,open,body,open body rockhopper
303.06145998267556,saccade,rockhopper,open,body,open body rockhopper
516.0291925702365,saccade,rockhopper,open,body,open body rockhopper
521.2052726056695,saccade,rockhopper,open,body,open body rockhopper
324.45464581291213,saccade,rockhopper,open,body,open body rockhopper
255.6053442943535,saccade,rockhopper,open,body,open body rockhopper
237.35699594827082,saccade,rockhopper,open,body,open body rockhopper
381.6664917650901,saccade,rockhopper,open,body,open body rockhopper
861.8907282478878,saccade,rockhopper,open,body,open body rockhopper
317.5033446715929,saccade,rockhopper,open,body,open body rockhopper
450.5264658894627,saccade,rockhopper,open,body,open body rockhopper
455.1491671201954,saccade,rockhopper,open,body,open body rockhopper
320.0780879798969,saccade,rockhopper,open,body,open body rockhopper
219.79287072577068,saccade,rockhopper,open,body,open body rockhopper
402.45131752192447,saccade,rockhopper,open,body,open body rockhopper
307.5321257941331,saccade,rockhopper,open,body,open body rockhopper
426.8365734057283,saccade,rockhopper,open,body,open body rockhopper
500.3097975128828,saccade,rockhopper,open,body,open body rockhopper
377.4582589163212,saccade,rockhopper,open,body,open body rockhopper
351.8220916252327,saccade,rockhopper,open,body,open body rockhopper
286.8928717465223,saccade,rockhopper,open,body,open body rockhopper
257.3701555219865,saccade,rockhopper,open,body,open body rockhopper
250.79096123025306,saccade,rockhopper,open,body,open body rockhopper
429.0309558749641,saccade,rockhopper,open,body,open body rockhopper
324.58763115969305,saccade,rockhopper,open,body,open body rockhopper
335.0179655271025,saccade,rockhopper,open,body,open body rockhopper
323.55062469247656,saccade,rockhopper,open,body,open body rockhopper
244.40240637550232,saccade,rockhopper,open,body,open body rockhopper
875.0536273082427,saccade,rockhopper,open,body,open body rockhopper
162.00528623601627,saccade,rockhopper,open,body,open body rockhopper
283.4079897240577,saccade,rockhopper,open,body,open body rockhopper
324.4237226168645,saccade,rockhopper,open,body,open body rockhopper
223.8469481045039,saccade,rockhopper,open,body,open body rockhopper
393.6944586789517,saccade,rockhopper,open,body,open body rockhopper
349.5082804163303,saccade,rockhopper,open,body,open body rockhopper
329.87038845457727,saccade,rockhopper,open,body,open body rockhopper
250.05593682335342,saccade,rockhopper,open,body,open body rockhopper
306.8041931138509,saccade,rockhopper,open,body,open body rockhopper
419.7075735138905,saccade,rockhopper,open,body,open body rockhopper
378.1275084731855,saccade,rockhopper,open,body,open body rockhopper
283.1915341833451,saccade,rockhopper,open,body,open body rockhopper
390.5295779070438,saccade,rockhopper,open,body,open body rockhopper
514.5941420230619,saccade,rockhopper,open,body,open body rockhopper
540.647422979426,saccade,rockhopper,open,body,open body rockhopper
356.79760332046726,saccade,rockhopper,open,body,open body rockhopper
355.4762900067165,saccade,rockhopper,open,body,open body rockhopper
793.4643099029776,saccade,rockhopper,open,body,open body rockhopper
506.80858396706674,saccade,rockhopper,open,body,open body rockhopper
192.0316339875019,saccade,rockhopper,open,body,open body rockhopper
393.6836396724705,saccade,rockhopper,open,body,open body rockhopper
339.3866914484761,saccade,rockhopper,open,body,open body rockhopper
406.350261760588,saccade,rockhopper,open,body,open body rockhopper
449.6741912811074,saccade,rockhopper,open,body,open body rockhopper
298.3681489124308,saccade,rockhopper,open,body,open body rockhopper
228.4886205101543,saccade,rockhopper,open,body,open body rockhopper
445.154411661764,saccade,rockhopper,open,body,open body rockhopper
337.7201364227271,saccade,rockhopper,open,body,open body rockhopper
235.174762221853,saccade,rockhopper,open,body,open body rockhopper
423.30521101559185,saccade,rockhopper,open,body,open body rockhopper
788.0373578969813,saccade,rockhopper,open,body,open body rockhopper
330.3358196289063,saccade,rockhopper,open,body,open body rockhopper
611.1474065467954,saccade,rockhopper,open,body,open body rockhopper
215.5053866673597,saccade,rockhopper,open,body,open body rockhopper
294.4532982435059,saccade,rockhopper,open,body,open body rockhopper
260.467811129547,saccade,rockhopper,open,body,open body rockhopper
677.7752286713433,saccade,rockhopper,open,body,open body rockhopper
449.2866909124549,saccade,rockhopper,open,body,open body rockhopper
292.1592923430883,saccade,rockhopper,open,body,open body rockhopper
181.58186849516738,saccade,rockhopper,open,body,open body rockhopper
303.2491600333553,saccade,rockhopper,open,body,open body rockhopper
565.6982845911291,saccade,rockhopper,open,body,open body rockhopper
217.3349437167644,saccade,rockhopper,open,body,open body rockhopper
223.7935508541643,saccade,rockhopper,open,body,open body rockhopper
285.8545177436971,saccade,rockhopper,open,body,open body rockhopper
406.69111411818,saccade,rockhopper,open,body,open body rockhopper
301.9845520690126,saccade,rockhopper,open,body,open body rockhopper
827.1934558082324,saccade,rockhopper,open,body,open body rockhopper
324.0215644539461,saccade,rockhopper,open,body,open body rockhopper
571.219818040854,saccade,rockhopper,open,body,open body rockhopper
351.3372462154099,saccade,rockhopper,open,body,open body rockhopper
311.8042991496281,saccade,rockhopper,open,body,open body rockhopper
440.6357622620978,saccade,rockhopper,open,body,open body rockhopper
523.9076459729773,saccade,rockhopper,open,body,open body rockhopper
318.7295474410935,saccade,rockhopper,open,body,open body rockhopper
373.12917242206726,saccade,rockhopper,open,body,open body rockhopper
356.6306814706583,saccade,rockhopper,open,body,open body rockhopper
382.0211806078741,saccade,rockhopper,open,body,open body rockhopper
619.4394900125266,saccade,rockhopper,open,body,open body rockhopper
509.85917989246775,saccade,rockhopper,open,body,open body rockhopper
294.2682047789409,saccade,rockhopper,open,body,open body rockhopper
283.2273601476487,saccade,rockhopper,open,body,open body rockhopper
313.9935358493015,saccade,rockhopper,open,body,open body rockhopper
249.2028613949858,saccade,rockhopper,open,body,open body rockhopper
557.5177295098091,saccade,rockhopper,open,body,open body rockhopper
177.6231266944123,saccade,rockhopper,open,body,open body rockhopper
384.3736795781656,saccade,rockhopper,open,body,open body rockhopper
286.2781100306998,saccade,rockhopper,open,body,open body rockhopper
282.95845287742236,saccade,rockhopper,open,body,open body rockhopper
345.2910671731956,saccade,rockhopper,open,body,open body rockhopper
956.2700005505272,saccade,rockhopper,open,body,open body rockhopper
214.5676974827457,saccade,rockhopper,open,body,open body rockhopper
221.32873761502762,saccade,rockhopper,open,body,open body rockhopper
350.2681114574836,saccade,rockhopper,open,body,open body rockhopper
443.952622332758,saccade,rockhopper,open,body,open body rockhopper
790.2174772198908,saccade,rockhopper,open,body,open body rockhopper
349.5594021122002,saccade,rockhopper,open,body,open body rockhopper
359.1398482300728,saccade,rockhopper,open,body,open body rockhopper
853.9874529017691,saccade,rockhopper,open,body,open body rockhopper
223.30577541367418,saccade,rockhopper,open,body,open body rockhopper
578.489975783064,saccade,rockhopper,open,body,open body rockhopper
227.54842533359079,saccade,rockhopper,open,body,open body rockhopper
788.2568471901569,saccade,rockhopper,open,body,open body rockhopper
202.5843662264644,saccade,rockhopper,open,body,open body rockhopper
328.19128156720774,saccade,rockhopper,open,body,open body rockhopper
815.0905353556709,saccade,rockhopper,open,body,open body rockhopper
396.2330107360154,saccade,rockhopper,open,body,open body rockhopper
346.064302212244,saccade,rockhopper,open,body,open body rockhopper
346.6256616309541,saccade,rockhopper,open,body,open body rockhopper
490.0473777525955,saccade,rockhopper,open,body,open body rockhopper
295.6748605205803,saccade,rockhopper,open,body,open body rockhopper
320.9127320912595,saccade,rockhopper,open,body,open body rockhopper
650.9815368952445,saccade,rockhopper,open,body,open body rockhopper
191.463922494691,saccade,rockhopper,open,body,open body rockhopper
291.3890105900994,saccade,rockhopper,open,body,open body rockhopper
579.8780233250737,saccade,rockhopper,open,body,open body rockhopper
260.87138850467153,saccade,rockhopper,open,body,open body rockhopper
244.2523104074472,saccade,rockhopper,open,body,open body rockhopper
317.7626627532561,saccade,rockhopper,open,body,open body rockhopper
356.50914847543044,saccade,rockhopper,open,body,open body rockhopper
302.550988502647,saccade,rockhopper,open,body,open body rockhopper
320.76162451220966,saccade,rockhopper,open,body,open body rockhopper
226.6652548969205,saccade,rockhopper,open,body,open body rockhopper
841.2569676556093,saccade,rockhopper,open,body,open body rockhopper
632.6672230622346,saccade,rockhopper,open,body,open body rockhopper
397.0649985387505,saccade,rockhopper,open,body,open body rockhopper
389.2872725971851,saccade,rockhopper,open,body,open body rockhopper
281.4667461138545,saccade,rockhopper,open,body,open body rockhopper
420.3416996606601,saccade,rockhopper,open,body,open body rockhopper
193.38521803855798,saccade,rockhopper,open,body,open body rockhopper
707.7942936317431,saccade,rockhopper,open,body,open body rockhopper
775.7378077564321,saccade,rockhopper,open,body,open body rockhopper
597.7149980724315,saccade,rockhopper,open,body,open body rockhopper
252.8542214999713,saccade,rockhopper,open,body,open body rockhopper
295.1726018201573,saccade,rockhopper,open,body,open body rockhopper
296.0228455887621,saccade,rockhopper,open,body,open body rockhopper
304.3208463491245,saccade,rockhopper,open,body,open body rockhopper
375.8774858324045,saccade,rockhopper,open,body,open body rockhopper
287.1401236736005,saccade,rockhopper,open,body,open body rockhopper
283.8672464463191,saccade,rockhopper,open,body,open body rockhopper
210.16930295573948,saccade,rockhopper,open,body,open body rockhopper
33.3333333333333,intersaccade,gentoo,open,body,open body gentoo
200.0,intersaccade,gentoo,open,body,open body gentoo
66.6666666666666,intersaccade,gentoo,open,body,open body gentoo
3833.3333333333335,intersaccade,gentoo,open,body,open body gentoo
1233.3333333333335,intersaccade,gentoo,open,body,open body gentoo
1233.3333333333335,intersaccade,gentoo,open,body,open body gentoo
33.3333333333333,intersaccade,gentoo,open,body,open body gentoo
666.6666666666666,intersaccade,gentoo,open,body,open body gentoo
500.0,intersaccade,gentoo,open,body,open body gentoo
600.0,intersaccade,gentoo,open,body,open body gentoo
500.0,intersaccade,gentoo,open,body,open body gentoo
333.3333333333333,intersaccade,gentoo,open,body,open body gentoo
1766.6666666666665,intersaccade,gentoo,open,body,open body gentoo
133.33333333333331,intersaccade,gentoo,open,body,open body gentoo
33.3333333333333,intersaccade,gentoo,open,body,open body gentoo
66.6666666666666,intersaccade,gentoo,open,body,open body gentoo
1333.3333333333333,intersaccade,gentoo,open,body,open body gentoo
566.6666666666666,intersaccade,gentoo,open,body,open body gentoo
1233.3333333333335,intersaccade,gentoo,open,body,open body gentoo
1833.3333333333333,intersaccade,gentoo,open,body,open body gentoo
100.0,intersaccade,gentoo,open,body,open body gentoo
900.0,intersaccade,gentoo,open,body,open body gentoo
266.66666666666663,intersaccade,gentoo,open,body,open body gentoo
366.6666666666666,intersaccade,gentoo,open,body,open body gentoo
800.0,intersaccade,gentoo,open,body,open body gentoo
66.6666666666666,intersaccade,gentoo,open,body,open body gentoo
1733.3333333333335,intersaccade,gentoo,open,body,open body gentoo
100.0,intersaccade,gentoo,open,body,open body gentoo
1166.6666666666667,intersaccade,gentoo,open,body,open body gentoo
33.3333333333333,intersaccade,gentoo,open,body,open body gentoo
33.3333333333333,intersaccade,gentoo,open,body,open body gentoo
533.3333333333334,intersaccade,gentoo,open,body,open body gentoo
100.0,intersaccade,gentoo,open,body,open body gentoo
900.0,intersaccade,gentoo,open,body,open body gentoo
733.3333333333333,intersaccade,gentoo,open,body,open body gentoo
566.6666666666666,intersaccade,gentoo,open,body,open body gentoo
300.0,intersaccade,gentoo,open,body,open body gentoo
500.0,intersaccade,gentoo,open,body,open body gentoo
266.66666666666663,intersaccade,gentoo,open,body,open body gentoo
2200.0,intersaccade,gentoo,open,body,open body gentoo
600.0,intersaccade,gentoo,open,body,open body gentoo
933.3333333333333,intersaccade,gentoo,open,body,open body gentoo
566.6666666666666,intersaccade,gentoo,open,body,open body gentoo
400.0,intersaccade,gentoo,open,body,open body gentoo
1266.6666666666665,intersaccade,gentoo,open,body,open body gentoo
1533.3333333333335,intersaccade,gentoo,open,body,open body gentoo
2500.0,intersaccade,gentoo,open,body,open body gentoo
2633.3333333333335,intersaccade,gentoo,open,body,open body gentoo
133.33333333333331,intersaccade,gentoo,open,body,open body gentoo
633.3333333333333,intersaccade,gentoo,open,body,open body gentoo
33.3333333333333,intersaccade,gentoo,open,body,open body gentoo
1000.0,intersaccade,gentoo,open,body,open body gentoo
1666.6666666666667,intersaccade,gentoo,open,body,open body gentoo
233.33333333333331,intersaccade,gentoo,open,body,open body gentoo
2733.3333333333335,intersaccade,gentoo,open,body,open body gentoo
133.33333333333331,intersaccade,gentoo,open,body,open body gentoo
200.0,intersaccade,gentoo,open,body,open body gentoo
1133.3333333333333,intersaccade,gentoo,open,body,open body gentoo
1766.6666666666665,intersaccade,gentoo,open,body,open body gentoo
400.0,intersaccade,gentoo,open,body,open body gentoo
33.3333333333333,intersaccade,gentoo,open,body,open body gentoo
400.0,intersaccade,gentoo,open,body,open body gentoo
133.33333333333331,intersaccade,gentoo,open,body,open body gentoo
233.33333333333331,intersaccade,gentoo,open,body,open body gentoo
1133.3333333333333,intersaccade,gentoo,open,body,open body gentoo
1133.3333333333333,intersaccade,gentoo,open,body,open body gentoo
1400.0,intersaccade,gentoo,open,body,open body gentoo
733.3333333333333,intersaccade,gentoo,open,body,open body gentoo
333.3333333333333,intersaccade,gentoo,open,body,open body gentoo
666.6666666666666,intersaccade,gentoo,open,body,open body gentoo
600.0,intersaccade,gentoo,open,body,open body gentoo
2800.0,intersaccade,gentoo,open,body,open body gentoo
433.3333333333333,intersaccade,gentoo,open,body,open body gentoo
33.3333333333333,intersaccade,gentoo,open,body,open body gentoo
266.66666666666663,intersaccade,gentoo,open,body,open body gentoo
433.3333333333333,intersaccade,gentoo,open,body,open body gentoo
733.3333333333333,intersaccade,gentoo,open,body,open body gentoo
533.3333333333334,intersaccade,gentoo,open,body,open body gentoo
400.0,intersaccade,gentoo,open,body,open body gentoo
66.6666666666666,intersaccade,gentoo,open,body,open body gentoo
8100.0,intersaccade,gentoo,open,body,open body gentoo
3866.666666666666,intersaccade,gentoo,open,body,open body gentoo
1000.0,intersaccade,gentoo,open,body,open body gentoo
33.3333333333333,intersaccade,gentoo,open,body,open body gentoo
233.33333333333331,intersaccade,gentoo,open,body,open body gentoo
333.3333333333333,intersaccade,gentoo,open,body,open body gentoo
400.0,intersaccade,gentoo,open,body,open body gentoo
7366.666666666666,intersaccade,gentoo,open,body,open body gentoo
700.0,intersaccade,gentoo,open,body,open body gentoo
366.6666666666666,intersaccade,gentoo,open,body,open body gentoo
433.3333333333333,intersaccade,gentoo,open,body,open body gentoo
33.3333333333333,intersaccade,gentoo,open,body,open body gentoo
2000.0,intersaccade,gentoo,open,body,open body gentoo
366.6666666666666,intersaccade,gentoo,open,body,open body gentoo
166.6666666666666,intersaccade,gentoo,open,body,open body gentoo
1000.0,intersaccade,gentoo,open,body,open body gentoo
33.3333333333333,intersaccade,gentoo,open,body,open body gentoo
566.6666666666666,intersaccade,gentoo,open,body,open body gentoo
1900.0,intersaccade,gentoo,open,body,open body gentoo
700.0,intersaccade,gentoo,open,body,open body gentoo
733.3333333333333,intersaccade,gentoo,open,body,open body gentoo
333.3333333333333,intersaccade,gentoo,open,body,open body gentoo
366.6666666666666,intersaccade,gentoo,open,body,open body gentoo
466.6666666666667,intersaccade,gentoo,open,body,open body gentoo
1700.0,intersaccade,gentoo,open,body,open body gentoo
333.3333333333333,intersaccade,gentoo,open,body,open body gentoo
33.3333333333333,intersaccade,gentoo,open,body,open body gentoo
33.3333333333333,intersaccade,gentoo,open,body,open body gentoo
33.3333333333333,intersaccade,gentoo,open,body,open body gentoo
466.6666666666667,intersaccade,gentoo,open,body,open body gentoo
66.6666666666666,intersaccade,gentoo,open,body,open body gentoo
200.0,intersaccade,gentoo,open,body,open body gentoo
133.33333333333331,intersaccade,gentoo,open,body,open body gentoo
533.3333333333334,intersaccade,gentoo,open,body,open body gentoo
1300.0,intersaccade,gentoo,open,body,open body gentoo
100.0,intersaccade,gentoo,open,body,open body gentoo
866.6666666666667,intersaccade,gentoo,open,body,open body gentoo
1000.0,intersaccade,gentoo,open,body,open body gentoo
7200.0,intersaccade,gentoo,open,body,open body gentoo
933.3333333333333,intersaccade,gentoo,open,body,open body gentoo
37233.33333333333,intersaccade,gentoo,open,body,open body gentoo
24366.666666666668,intersaccade,gentoo,open,body,open body gentoo
1766.6666666666665,intersaccade,gentoo,open,body,open body gentoo
400.0,intersaccade,gentoo,open,body,open body gentoo
2566.666666666667,intersaccade,gentoo,open,body,open body gentoo
41733.33333333333,intersaccade,gentoo,open,body,open body gentoo
533.3333333333334,intersaccade,gentoo,open,body,open body gentoo
8966.666666666666,intersaccade,gentoo,open,body,open body gentoo
5800.0,intersaccade,gentoo,open,body,open body gentoo
18166.666666666668,intersaccade,gentoo,open,body,open body gentoo
8800.0,intersaccade,gentoo,open,body,open body gentoo
6700.0,intersaccade,gentoo,open,body,open body gentoo
600.0,intersaccade,gentoo,open,body,open body gentoo
600.0,intersaccade,gentoo,open,body,open body gentoo
66.6666666666666,intersaccade,gentoo,open,body,open body gentoo
1433.333333333333,intersaccade,gentoo,open,body,open body gentoo
2133.3333333333335,intersaccade,gentoo,open,body,open body gentoo
1266.6666666666665,intersaccade,gentoo,open,body,open body gentoo
66.6666666666666,intersaccade,gentoo,open,body,open body gentoo
2033.3333333333333,intersaccade,gentoo,open,body,open body gentoo
1666.6666666666667,intersaccade,gentoo,open,body,open body gentoo
266.66666666666663,intersaccade,gentoo,open,body,open body gentoo
266.66666666666663,intersaccade,gentoo,open,body,open body gentoo
266.66666666666663,intersaccade,gentoo,open,body,open body gentoo
433.3333333333333,intersaccade,gentoo,open,body,open body gentoo
566.6666666666666,intersaccade,gentoo,open,body,open body gentoo
133.33333333333331,intersaccade,gentoo,open,body,open body gentoo
600.0,intersaccade,gentoo,open,body,open body gentoo
233.33333333333331,intersaccade,gentoo,open,body,open body gentoo
1066.666666666667,intersaccade,gentoo,open,body,open body gentoo
1266.6666666666665,intersaccade,gentoo,open,body,open body gentoo
1266.6666666666665,intersaccade,gentoo,open,body,open body gentoo
1733.3333333333335,intersaccade,gentoo,open,body,open body gentoo
233.33333333333331,intersaccade,gentoo,open,body,open body gentoo
33.3333333333333,intersaccade,gentoo,open,body,open body gentoo
433.3333333333333,intersaccade,gentoo,open,body,open body gentoo
7333.333333333333,intersaccade,gentoo,open,body,open body gentoo
400.0,intersaccade,gentoo,open,body,open body gentoo
1800.0,intersaccade,gentoo,open,body,open body gentoo
33.3333333333333,intersaccade,gentoo,open,body,open body gentoo
3266.6666666666665,intersaccade,gentoo,open,body,open body gentoo
366.6666666666666,intersaccade,gentoo,open,body,open body gentoo
700.0,intersaccade,gentoo,open,body,open body gentoo
33.3333333333333,intersaccade,gentoo,open,body,open body gentoo
33.3333333333333,intersaccade,gentoo,open,body,open body gentoo
33.3333333333333,intersaccade,gentoo,open,body,open body gentoo
1433.333333333333,intersaccade,gentoo,open,body,open body gentoo
66.6666666666666,intersaccade,gentoo,open,body,open body gentoo
100.0,intersaccade,gentoo,open,body,open body gentoo
400.0,intersaccade,gentoo,open,body,open body gentoo
200.0,intersaccade,gentoo,open,body,open body gentoo
33.3333333333333,intersaccade,gentoo,open,body,open body gentoo
4233.333333333333,intersaccade,gentoo,open,body,open body gentoo
133.33333333333331,intersaccade,gentoo,open,body,open body gentoo
900.0,intersaccade,gentoo,open,body,open body gentoo
233.33333333333331,intersaccade,gentoo,open,body,open body gentoo
600.0,intersaccade,gentoo,open,body,open body gentoo
700.0,intersaccade,gentoo,open,body,open body gentoo
100.0,intersaccade,gentoo,open,body,open body gentoo
2500.0,intersaccade,gentoo,open,body,open body gentoo
233.33333333333331,intersaccade,gentoo,open,body,open body gentoo
200.0,intersaccade,gentoo,open,body,open body gentoo
2266.6666666666665,intersaccade,gentoo,open,body,open body gentoo
333.3333333333333,intersaccade,gentoo,open,body,open body gentoo
100.0,intersaccade,gentoo,open,body,open body gentoo
933.3333333333333,intersaccade,gentoo,open,body,open body gentoo
133.33333333333331,intersaccade,gentoo,open,body,open body gentoo
233.33333333333331,intersaccade,gentoo,open,body,open body gentoo
200.0,intersaccade,gentoo,open,body,open body gentoo
700.0,intersaccade,gentoo,open,body,open body gentoo
500.0,intersaccade,gentoo,open,body,open body gentoo
6966.666666666667,intersaccade,gentoo,open,body,open body gentoo
300.0,intersaccade,gentoo,open,body,open body gentoo
666.6666666666666,intersaccade,gentoo,open,body,open body gentoo
100.0,intersaccade,gentoo,open,body,open body gentoo
833.3333333333334,intersaccade,gentoo,open,body,open body gentoo
366.6666666666666,intersaccade,gentoo,open,body,open body gentoo
100.0,intersaccade,gentoo,open,body,open body gentoo
266.66666666666663,intersaccade,gentoo,open,body,open body gentoo
66.6666666666666,intersaccade,gentoo,open,body,open body gentoo
766.6666666666667,intersaccade,gentoo,open,body,open body gentoo
366.6666666666666,intersaccade,gentoo,open,body,open body gentoo
733.3333333333333,intersaccade,gentoo,open,body,open body gentoo
33.3333333333333,intersaccade,gentoo,open,body,open body gentoo
1266.6666666666665,intersaccade,gentoo,open,body,open body gentoo
1133.3333333333333,intersaccade,gentoo,open,body,open body gentoo
133.33333333333331,intersaccade,gentoo,open,body,open body gentoo
33.3333333333333,intersaccade,gentoo,open,body,open body gentoo
33.3333333333333,intersaccade,gentoo,open,body,open body gentoo
233.33333333333331,intersaccade,gentoo,open,body,open body gentoo
900.0,intersaccade,gentoo,open,body,open body gentoo
66.6666666666666,intersaccade,gentoo,open,body,open body gentoo
233.33333333333331,intersaccade,gentoo,open,body,open body gentoo
100.0,intersaccade,gentoo,open,body,open body gentoo
1066.666666666667,intersaccade,gentoo,open,body,open body gentoo
500.0,intersaccade,gentoo,open,body,open body gentoo
366.6666666666666,intersaccade,gentoo,open,body,open body gentoo
133.33333333333331,intersaccade,gentoo,open,body,open body gentoo
566.6666666666666,intersaccade,gentoo,open,body,open body gentoo
200.0,intersaccade,gentoo,open,body,open body gentoo
666.6666666666666,intersaccade,gentoo,open,body,open body gentoo
1966.6666666666663,intersaccade,gentoo,open,body,open body gentoo
3366.6666666666665,intersaccade,gentoo,open,body,open body gentoo
21133.333333333332,intersaccade,gentoo,open,body,open body gentoo
1800.0,intersaccade,gentoo,open,body,open body gentoo
600.0,intersaccade,gentoo,open,body,open body gentoo
200.0,intersaccade,gentoo,open,body,open body gentoo
1833.3333333333333,intersaccade,gentoo,open,body,open body gentoo
1200.0,intersaccade,gentoo,open,body,open body gentoo
133.33333333333331,intersaccade,gentoo,open,body,open body gentoo
700.0,intersaccade,gentoo,open,body,open body gentoo
433.3333333333333,intersaccade,gentoo,open,body,open body gentoo
800.0,intersaccade,gentoo,open,body,open body gentoo
766.6666666666667,intersaccade,gentoo,open,body,open body gentoo
1000.0,intersaccade,gentoo,open,body,open body gentoo
1966.6666666666663,intersaccade,gentoo,open,body,open body gentoo
233.33333333333331,intersaccade,gentoo,open,body,open body gentoo
400.0,intersaccade,gentoo,open,body,open body gentoo
433.3333333333333,intersaccade,gentoo,open,body,open body gentoo
433.3333333333333,intersaccade,gentoo,open,body,open body gentoo
33.3333333333333,intersaccade,gentoo,open,body,open body gentoo
900.0,intersaccade,gentoo,open,body,open body gentoo
733.3333333333333,intersaccade,gentoo,open,body,open body gentoo
1400.0,intersaccade,gentoo,open,body,open body gentoo
733.3333333333333,intersaccade,gentoo,open,body,open body gentoo
333.3333333333333,intersaccade,gentoo,open,body,open body gentoo
300.0,intersaccade,gentoo,open,body,open body gentoo
666.6666666666666,intersaccade,gentoo,open,body,open body gentoo
633.3333333333333,intersaccade,gentoo,open,body,open body gentoo
1300.0,intersaccade,gentoo,open,body,open body gentoo
2166.6666666666665,intersaccade,gentoo,open,body,open body gentoo
1700.0,intersaccade,gentoo,open,body,open body gentoo
300.0,intersaccade,gentoo,open,body,open body gentoo
1833.3333333333333,intersaccade,gentoo,open,body,open body gentoo
1100.0,intersaccade,gentoo,open,body,open body gentoo
666.6666666666666,intersaccade,gentoo,open,body,open body gentoo
933.3333333333333,intersaccade,gentoo,open,body,open body gentoo
100.0,intersaccade,gentoo,open,body,open body gentoo
800.0,intersaccade,gentoo,open,body,open body gentoo
666.6666666666666,intersaccade,gentoo,open,body,open body gentoo
200.0,intersaccade,gentoo,open,body,open body gentoo
233.33333333333331,intersaccade,gentoo,open,body,open body gentoo
566.6666666666666,intersaccade,gentoo,open,body,open body gentoo
33.3333333333333,intersaccade,gentoo,open,body,open body gentoo
2033.3333333333333,intersaccade,gentoo,open,body,open body gentoo
366.6666666666666,intersaccade,gentoo,open,body,open body gentoo
233.33333333333331,intersaccade,gentoo,open,body,open body gentoo
300.0,intersaccade,gentoo,open,body,open body gentoo
666.6666666666666,intersaccade,gentoo,open,body,open body gentoo
766.6666666666667,intersaccade,gentoo,open,body,open body gentoo
400.0,intersaccade,gentoo,open,body,open body gentoo
233.33333333333331,intersaccade,gentoo,open,body,open body gentoo
33.3333333333333,intersaccade,gentoo,open,body,open body gentoo
700.0,intersaccade,gentoo,open,body,open body gentoo
33.3333333333333,intersaccade,gentoo,open,body,open body gentoo
200.0,intersaccade,gentoo,open,body,open body gentoo
5100.0,intersaccade,gentoo,open,body,open body gentoo
3566.666666666667,intersaccade,gentoo,open,body,open body gentoo
1766.6666666666665,intersaccade,gentoo,open,body,open body gentoo
766.6666666666667,intersaccade,gentoo,open,body,open body gentoo
7266.666666666667,intersaccade,rockhopper,open,body,open body rockhopper
4033.333333333333,intersaccade,rockhopper,open,body,open body rockhopper
11133.333333333332,intersaccade,rockhopper,open,body,open body rockhopper
6566.666666666666,intersaccade,rockhopper,open,body,open body rockhopper
2233.3333333333335,intersaccade,rockhopper,open,body,open body rockhopper
1566.666666666667,intersaccade,rockhopper,open,body,open body rockhopper
4833.333333333333,intersaccade,rockhopper,open,body,open body rockhopper
2966.666666666667,intersaccade,rockhopper,open,body,open body rockhopper
1733.3333333333335,intersaccade,rockhopper,open,body,open body rockhopper
2166.6666666666665,intersaccade,rockhopper,open,body,open body rockhopper
266.66666666666663,intersaccade,rockhopper,open,body,open body rockhopper
533.3333333333334,intersaccade,rockhopper,open,body,open body rockhopper
766.6666666666667,intersaccade,rockhopper,open,body,open body rockhopper
833.3333333333334,intersaccade,rockhopper,open,body,open body rockhopper
166.6666666666666,intersaccade,rockhopper,open,body,open body rockhopper
1766.6666666666665,intersaccade,rockhopper,open,body,open body rockhopper
33.3333333333333,intersaccade,rockhopper,open,body,open body rockhopper
1100.0,intersaccade,rockhopper,open,body,open body rockhopper
366.6666666666666,intersaccade,rockhopper,open,body,open body rockhopper
266.66666666666663,intersaccade,rockhopper,open,body,open body rockhopper
266.66666666666663,intersaccade,rockhopper,open,body,open body rockhopper
1466.6666666666665,intersaccade,rockhopper,open,body,open body rockhopper
200.0,intersaccade,rockhopper,open,body,open body rockhopper
1100.0,intersaccade,rockhopper,open,body,open body rockhopper
400.0,intersaccade,rockhopper,open,body,open body rockhopper
1300.0,intersaccade,rockhopper,open,body,open body rockhopper
3666.6666666666665,intersaccade,rockhopper,open,body,open body rockhopper
3300.0,intersaccade,rockhopper,open,body,open body rockhopper
1066.666666666667,intersaccade,rockhopper,open,body,open body rockhopper
2233.3333333333335,intersaccade,rockhopper,open,body,open body rockhopper
600.0,intersaccade,rockhopper,open,body,open body rockhopper
33.3333333333333,intersaccade,rockhopper,open,body,open body rockhopper
500.0,intersaccade,rockhopper,open,body,open body rockhopper
300.0,intersaccade,rockhopper,open,body,open body rockhopper
433.3333333333333,intersaccade,rockhopper,open,body,open body rockhopper
233.33333333333331,intersaccade,rockhopper,open,body,open body rockhopper
1600.0,intersaccade,rockhopper,open,body,open body rockhopper
1366.6666666666667,intersaccade,rockhopper,open,body,open body rockhopper
466.6666666666667,intersaccade,rockhopper,open,body,open body rockhopper
500.0,intersaccade,rockhopper,open,body,open body rockhopper
900.0,intersaccade,rockhopper,open,body,open body rockhopper
533.3333333333334,intersaccade,rockhopper,open,body,open body rockhopper
500.0,intersaccade,rockhopper,open,body,open body rockhopper
800.0,intersaccade,rockhopper,open,body,open body rockhopper
10200.0,intersaccade,rockhopper,open,body,open body rockhopper
4800.0,intersaccade,rockhopper,open,body,open body rockhopper
2433.333333333333,intersaccade,rockhopper,open,body,open body rockhopper
1966.6666666666663,intersaccade,rockhopper,open,body,open body rockhopper
533.3333333333334,intersaccade,rockhopper,open,body,open body rockhopper
133.33333333333331,intersaccade,rockhopper,open,body,open body rockhopper
66.6666666666666,intersaccade,rockhopper,open,body,open body rockhopper
500.0,intersaccade,rockhopper,open,body,open body rockhopper
66.6666666666666,intersaccade,rockhopper,open,body,open body rockhopper
400.0,intersaccade,rockhopper,open,body,open body rockhopper
300.0,intersaccade,rockhopper,open,body,open body rockhopper
1066.666666666667,intersaccade,rockhopper,open,body,open body rockhopper
600.0,intersaccade,rockhopper,open,body,open body rockhopper
1066.666666666667,intersaccade,rockhopper,open,body,open body rockhopper
1066.666666666667,intersaccade,rockhopper,open,body,open body rockhopper
266.66666666666663,intersaccade,rockhopper,open,body,open body rockhopper
500.0,intersaccade,rockhopper,open,body,open body rockhopper
17233.333333333336,intersaccade,rockhopper,open,body,open body rockhopper
2633.3333333333335,intersaccade,rockhopper,open,body,open body rockhopper
7200.0,intersaccade,rockhopper,open,body,open body rockhopper
2800.0,intersaccade,rockhopper,open,body,open body rockhopper
1533.3333333333335,intersaccade,rockhopper,open,body,open body rockhopper
400.0,intersaccade,rockhopper,open,body,open body rockhopper
1500.0,intersaccade,rockhopper,open,body,open body rockhopper
19300.0,intersaccade,rockhopper,open,body,open body rockhopper
1400.0,intersaccade,rockhopper,open,body,open body rockhopper
1800.0,intersaccade,rockhopper,open,body,open body rockhopper
433.3333333333333,intersaccade,rockhopper,open,body,open body rockhopper
8800.0,intersaccade,rockhopper,open,body,open body rockhopper
53533.33333333333,intersaccade,rockhopper,open,body,open body rockhopper
3033.333333333333,intersaccade,rockhopper,open,body,open body rockhopper
533.3333333333334,intersaccade,rockhopper,open,body,open body rockhopper
5700.0,intersaccade,rockhopper,open,body,open body rockhopper
8533.333333333334,intersaccade,rockhopper,open,body,open body rockhopper
1066.666666666667,intersaccade,rockhopper,open,body,open body rockhopper
366.6666666666666,intersaccade,rockhopper,open,body,open body rockhopper
2633.3333333333335,intersaccade,rockhopper,open,body,open body rockhopper
666.6666666666666,intersaccade,rockhopper,open,body,open body rockhopper
1866.6666666666667,intersaccade,rockhopper,open,body,open body rockhopper
10666.666666666666,intersaccade,rockhopper,open,body,open body rockhopper
2633.3333333333335,intersaccade,rockhopper,open,body,open body rockhopper
466.6666666666667,intersaccade,rockhopper,open,body,open body rockhopper
1166.6666666666667,intersaccade,rockhopper,open,body,open body rockhopper
9600.0,intersaccade,rockhopper,open,body,open body rockhopper
4166.666666666667,intersaccade,rockhopper,open,body,open body rockhopper
1866.6666666666667,intersaccade,rockhopper,open,body,open body rockhopper
500.0,intersaccade,rockhopper,open,body,open body rockhopper
2000.0,intersaccade,rockhopper,open,body,open body rockhopper
1233.3333333333335,intersaccade,rockhopper,open,body,open body rockhopper
100.0,intersaccade,rockhopper,open,body,open body rockhopper
633.3333333333333,intersaccade,rockhopper,open,body,open body rockhopper
1400.0,intersaccade,rockhopper,open,body,open body rockhopper
1466.6666666666665,intersaccade,rockhopper,open,body,open body rockhopper
1066.666666666667,intersaccade,rockhopper,open,body,open body rockhopper
14900.0,intersaccade,rockhopper,open,body,open body rockhopper
2900.0,intersaccade,rockhopper,open,body,open body rockhopper
766.6666666666667,intersaccade,rockhopper,open,body,open body rockhopper
966.6666666666667,intersaccade,rockhopper,open,body,open body rockhopper
500.0,intersaccade,rockhopper,open,body,open body rockhopper
1766.6666666666665,intersaccade,rockhopper,open,body,open body rockhopper
266.66666666666663,intersaccade,rockhopper,open,body,open body rockhopper
933.3333333333333,intersaccade,rockhopper,open,body,open body rockhopper
100.0,intersaccade,rockhopper,open,body,open body rockhopper
500.0,intersaccade,rockhopper,open,body,open body rockhopper
433.3333333333333,intersaccade,rockhopper,open,body,open body rockhopper
166.6666666666666,intersaccade,rockhopper,open,body,open body rockhopper
1733.3333333333335,intersaccade,rockhopper,open,body,open body rockhopper
700.0,intersaccade,rockhopper,open,body,open body rockhopper
266.66666666666663,intersaccade,rockhopper,open,body,open body rockhopper
400.0,intersaccade,rockhopper,open,body,open body rockhopper
33.3333333333333,intersaccade,rockhopper,open,body,open body rockhopper
1166.6666666666667,intersaccade,rockhopper,open,body,open body rockhopper
