genotype,dataset,workbook,sheet,fly_id,structure,compartment,roi_index,roi_label,time_s,dff
dnc-KD,Axon,Axon+dncRNAi.xlsx,g2,2,Axon,g2,1,fly2_A-g2_1.1,-60.75,-0.587250600033549
dnc-KD,Axon,Axon+dncRNAi.xlsx,g2,2,Axon,g2,1,fly2_A-g2_1.1,-60.5,-0.432503868276371
dnc-KD,Axon,Axon+dncRNAi.xlsx,g2,2,Axon,g2,1,fly2_A-g2_1.1,-60.25,-0.37076037693551
dnc-KD,Axon,Axon+dncRNAi.xlsx,g2,2,Axon,g2,1,fly2_A-g2_1.1,-60.0,-0.577703364734175
dnc-KD,Axon,Axon+dncRNAi.xlsx,g2,2,Axon,g2,1,fly2_A-g2_1.1,-59.75,-0.628864945028932
dnc-KD,Axon,Axon+dncRNAi.xlsx,g2,2,Axon,g2,1,fly2_A-g2_1.1,-59.5,-0.479730545352503
dnc-KD,Axon,Axon+dncRNAi.xlsx,g2,2,Axon,g2,1,fly2_A-g2_1.1,-59.25,-0.491840954660822
dnc-KD,Axon,Axon+dncRNAi.xlsx,g2,2,Axon,g2,1,fly2_A-g2_1.1,-59.0,-0.408855256701485
dnc-KD,Axon,Axon+dncRNAi.xlsx,g2,2,Axon,g2,1,fly2_A-g2_1.1,-58.75,-0.419742867400032
dnc-KD,Axon,Axon+dncRNAi.xlsx,g2,2,Axon,g2,1,fly2_A-g2_1.1,-58.5,-0.238039697059483
dnc-KD,Axon,Axon+dncRNAi.xlsx,g2,2,Axon,g2,1,fly2_A-g2_1.1,-58.25,-0.555426482368969
dnc-KD,Axon,Axon+dncRNAi.xlsx,g2,2,Axon,g2,1,fly2_A-g2_1.1,-58.0,-0.39009000111306
dnc-KD,Axon,Axon+dncRNAi.xlsx,g2,2,Axon,g2,1,fly2_A-g2_1.1,-57.75,-0.465684038245378
dnc-KD,Axon,Axon+dncRNAi.xlsx,g2,2,Axon,g2,1,fly2_A-g2_1.1,-57.5,-0.595904251733474
dnc-KD,Axon,Axon+dncRNAi.xlsx,g2,2,Axon,g2,1,fly2_A-g2_1.1,-57.25,-0.318509251725635
dnc-KD,Axon,Axon+dncRNAi.xlsx,g2,2,Axon,g2,1,fly2_A-g2_1.1,-57.0,-0.458057223839556
dnc-KD,Axon,Axon+dncRNAi.xlsx,g2,2,Axon,g2,1,fly2_A-g2_1.1,-56.75,-0.42497111530207
dnc-KD,Axon,Axon+dncRNAi.xlsx,g2,2,Axon,g2,1,fly2_A-g2_1.1,-56.5,-0.0983427943456538
dnc-KD,Axon,Axon+dncRNAi.xlsx,g2,2,Axon,g2,1,fly2_A-g2_1.1,-56.25,-0.502399350349046
dnc-KD,Axon,Axon+dncRNAi.xlsx,g2,2,Axon,g2,1,fly2_A-g2_1.1,-56.0,-0.222527399311157
dnc-KD,Axon,Axon+dncRNAi.xlsx,g2,2,Axon,g2,1,fly2_A-g2_1.1,-55.75,-0.442764402764779
dnc-KD,Axon,Axon+dncRNAi.xlsx,g2,2,Axon,g2,1,fly2_A-g2_1.1,-55.5,-0.746747434082533
dnc-KD,Axon,Axon+dncRNAi.xlsx,g2,2,Axon,g2,1,fly2_A-g2_1.1,-55.25,-0.202413929870932
dnc-KD,Axon,Axon+dncRNAi.xlsx,g2,2,Axon,g2,1,fly2_A-g2_1.1,-55.0,-0.316079331411345
dnc-KD,Axon,Axon+dncRNAi.xlsx,g2,2,Axon,g2,1,fly2_A-g2_1.1,-54.75,-0.218020289050779
dnc-KD,Axon,Axon+dncRNAi.xlsx,g2,2,Axon,g2,1,fly2_A-g2_1.1,-54.5,0.131198452375913
dnc-KD,Axon,Axon+dncRNAi.xlsx,g2,2,Axon,g2,1,fly2_A-g2_1.1,-54.25,0.129066393261439
dnc-KD,Axon,Axon+dncRNAi.xlsx,g2,2,Axon,g2,1,fly2_A-g2_1.1,-54.0,-0.0595659692011519
dnc-KD,Axon,Axon+dncRNAi.xlsx,g2,2,Axon,g2,1,fly2_A-g2_1.1,-53.75,0.310322771802264
dnc-KD,Axon,Axon+dncRNAi.xlsx,g2,2,Axon,g2,1,fly2_A-g2_1.1,-53.5,0.219412398237289
dnc-KD,Axon,Axon+dncRNAi.xlsx,g2,2,Axon,g2,1,fly2_A-g2_1.1,-53.25,0.247568120072553
dnc-KD,Axon,Axon+dncRNAi.xlsx,g2,2,Axon,g2,1,fly2_A-g2_1.1,-53.0,0.258134354213404
dnc-KD,Axon,Axon+dncRNAi.xlsx,g2,2,Axon,g2,1,fly2_A-g2_1.1,-52.75,0.478904372445644
dnc-KD,Axon,Axon+dncRNAi.xlsx,g2,2,Axon,g2,1,fly2_A-g2_1.1,-52.5,0.357902179246599
dnc-KD,Axon,Axon+dncRNAi.xlsx,g2,2,Axon,g2,1,fly2_A-g2_1.1,-52.25,0.162168178704178
dnc-KD,Axon,Axon+dncRNAi.xlsx,g2,2,Axon,g2,1,fly2_A-g2_1.1,-52.0,0.0616400237661883
dnc-KD,Axon,Axon+dncRNAi.xlsx,g2,2,Axon,g2,1,fly2_A-g2_1.1,-51.75,0.0261631871775456
dnc-KD,Axon,Axon+dncRNAi.xlsx,g2,2,Axon,g2,1,fly2_A-g2_1.1,-51.5,0.646114243879344
dnc-KD,Axon,Axon+dncRNAi.xlsx,g2,2,Axon,g2,1,fly2_A-g2_1.1,-51.25,0.203727654531174
dnc-KD,Axon,Axon+dncRNAi.xlsx,g2,2,Axon,g2,1,fly2_A-g2_1.1,-51.0,0.0123361567439695
dnc-KD,Axon,Axon+dncRNAi.xlsx,g2,2,Axon,g2,1,fly2_A-g2_1.1,-50.75,0.339293692710709
dnc-KD,Axon,Axon+dncRNAi.xlsx,g2,2,Axon,g2,1,fly2_A-g2_1.1,-50.5,-0.00944690310575174
dnc-KD,Axon,Axon+dncRNAi.xlsx,g2,2,Axon,g2,1,fly2_A-g2_1.1,-50.25,0.604397998999813
dnc-KD,Axon,Axon+dncRNAi.xlsx,g2,2,Axon,g2,1,fly2_A-g2_1.1,-50.0,0.187925334035659
dnc-KD,Axon,Axon+dncRNAi.xlsx,g2,2,Axon,g2,1,fly2_A-g2_1.1,-49.75,-0.31324965001309
dnc-KD,Axon,Axon+dncRNAi.xlsx,g2,2,Axon,g2,1,fly2_A-g2_1.1,-49.5,0.00792310791511261
dnc-KD,Axon,Axon+dncRNAi.xlsx,g2,2,Axon,g2,1,fly2_A-g2_1.1,-49.25,-0.121387845068281
dnc-KD,Axon,Axon+dncRNAi.xlsx,g2,2,Axon,g2,1,fly2_A-g2_1.1,-49.0,-0.178655579959271
dnc-KD,Axon,Axon+dncRNAi.xlsx,g2,2,Axon,g2,1,fly2_A-g2_1.1,-48.75,-0.154756137900329
dnc-KD,Axon,Axon+dncRNAi.xlsx,g2,2,Axon,g2,1,fly2_A-g2_1.1,-48.5,-0.0654840009343436
dnc-KD,Axon,Axon+dncRNAi.xlsx,g2,2,Axon,g2,1,fly2_A-g2_1.1,-48.25,0.103262207214198
dnc-KD,Axon,Axon+dncRNAi.xlsx,g2,2,Axon,g2,1,fly2_A-g2_1.1,-48.0,0.701422365613649
dnc-KD,Axon,Axon+dncRNAi.xlsx,g2,2,Axon,g2,1,fly2_A-g2_1.1,-47.75,0.0962859843763963
dnc-KD,Axon,Axon+dncRNAi.xlsx,g2,2,Axon,g2,1,fly2_A-g2_1.1,-47.5,0.366767469167447
dnc-KD,Axon,Axon+dncRNAi.xlsx,g2,2,Axon,g2,1,fly2_A-g2_1.1,-47.25,0.0975322983440485
dnc-KD,Axon,Axon+dncRNAi.xlsx,g2,2,Axon,g2,1,fly2_A-g2_1.1,-47.0,0.472359264502313
dnc-KD,Axon,Axon+dncRNAi.xlsx,g2,2,Axon,g2,1,fly2_A-g2_1.1,-46.75,0.407362815321353
dnc-KD,Axon,Axon+dncRNAi.xlsx,g2,2,Axon,g2,1,fly2_A-g2_1.1,-46.5,0.275864934055098
dnc-KD,Axon,Axon+dncRNAi.xlsx,g2,2,Axon,g2,1,fly2_A-g2_1.1,-46.25,0.260336959401518
dnc-KD,Axon,Axon+dncRNAi.xlsx,g2,2,Axon,g2,1,fly2_A-g2_1.1,-46.0,0.808879712673681
dnc-KD,Axon,Axon+dncRNAi.xlsx,g2,2,Axon,g2,1,fly2_A-g2_1.1,-45.75,0.424850403131618
dnc-KD,Axon,Axon+dncRNAi.xlsx,g2,2,Axon,g2,1,fly2_A-g2_1.1,-45.5,0.343487264866017
dnc-KD,Axon,Axon+dncRNAi.xlsx,g2,2,Axon,g2,1,fly2_A-g2_1.1,-45.25,0.243225617317337
dnc-KD,Axon,Axon+dncRNAi.xlsx,g2,2,Axon,g2,1,fly2_A-g2_1.1,-45.0,0.231844184103305
dnc-KD,Axon,Axon+dncRNAi.xlsx,g2,2,Axon,g2,1,fly2_A-g2_1.1,-44.75,1.31665467383415
dnc-KD,Axon,Axon+dncRNAi.xlsx,g2,2,Axon,g2,1,fly2_A-g2_1.1,-44.5,1.22708467566835
dnc-KD,Axon,Axon+dncRNAi.xlsx,g2,2,Axon,g2,1,fly2_A-g2_1.1,-44.25,0.409581097414722
dnc-KD,Axon,Axon+dncRNAi.xlsx,g2,2,Axon,g2,1,fly2_A-g2_1.1,-44.0,0.486860401861789
dnc-KD,Axon,Axon+dncRNAi.xlsx,g2,2,Axon,g2,1,fly2_A-g2_1.1,-43.75,0.754190828696889
dnc-KD,Axon,Axon+dncRNAi.xlsx,g2,2,Axon,g2,1,fly2_A-g2_1.1,-43.5,0.96829032374377
dnc-KD,Axon,Axon+dncRNAi.xlsx,g2,2,Axon,g2,1,fly2_A-g2_1.1,-43.25,0.512805680056311
dnc-KD,Axon,Axon+dncRNAi.xlsx,g2,2,Axon,g2,1,fly2_A-g2_1.1,-43.0,0.0119991032810195
dnc-KD,Axon,Axon+dncRNAi.xlsx,g2,2,Axon,g2,1,fly2_A-g2_1.1,-42.75,0.0865427877613535
dnc-KD,Axon,Axon+dncRNAi.xlsx,g2,2,Axon,g2,1,fly2_A-g2_1.1,-42.5,0.766912637310094
dnc-KD,Axon,Axon+dncRNAi.xlsx,g2,2,Axon,g2,1,fly2_A-g2_1.1,-42.25,0.133040488743198
dnc-KD,Axon,Axon+dncRNAi.xlsx,g2,2,Axon,g2,1,fly2_A-g2_1.1,-42.0,0.213996027472209
dnc-KD,Axon,Axon+dncRNAi.xlsx,g2,2,Axon,g2,1,fly2_A-g2_1.1,-41.75,0.222908348108817
dnc-KD,Axon,Axon+dncRNAi.xlsx,g2,2,Axon,g2,1,fly2_A-g2_1.1,-41.5,0.27706421730699
dnc-KD,Axon,Axon+dncRNAi.xlsx,g2,2,Axon,g2,1,fly2_A-g2_1.1,-41.25,0.492966556458023
dnc-KD,Axon,Axon+dncRNAi.xlsx,g2,2,Axon,g2,1,fly2_A-g2_1.1,-41.0,0.14134141007492
dnc-KD,Axon,Axon+dncRNAi.xlsx,g2,2,Axon,g2,1,fly2_A-g2_1.1,-40.75,-0.146604147168516
dnc-KD,Axon,Axon+dncRNAi.xlsx,g2,2,Axon,g2,1,fly2_A-g2_1.1,-40.5,0.00681788609474179
dnc-KD,Axon,Axon+dncRNAi.xlsx,g2,2,Axon,g2,1,fly2_A-g2_1.1,-40.25,0.284009086334285
dnc-KD,Axon,Axon+dncRNAi.xlsx,g2,2,Axon,g2,1,fly2_A-g2_1.1,-40.0,0.447033224065304
dnc-KD,Axon,Axon+dncRNAi.xlsx,g2,2,Axon,g2,1,fly2_A-g2_1.1,-39.75,0.161086472241688
dnc-KD,Axon,Axon+dncRNAi.xlsx,g2,2,Axon,g2,1,fly2_A-g2_1.1,-39.5,0.375993327909124
dnc-KD,Axon,Axon+dncRNAi.xlsx,g2,2,Axon,g2,1,fly2_A-g2_1.1,-39.25,0.372466024227089
dnc-KD,Axon,Axon+dncRNAi.xlsx,g2,2,Axon,g2,1,fly2_A-g2_1.1,-39.0,0.257334832045476
dnc-KD,Axon,Axon+dncRNAi.xlsx,g2,2,Axon,g2,1,fly2_A-g2_1.1,-38.75,0.369871496407637
dnc-KD,Axon,Axon+dncRNAi.xlsx,g2,2,Axon,g2,1,fly2_A-g2_1.1,-38.5,0.23209501458736
dnc-KD,Axon,Axon+dncRNAi.xlsx,g2,2,Axon,g2,1,fly2_A-g2_1.1,-38.25,0.150763230132266
dnc-KD,Axon,Axon+dncRNAi.xlsx,g2,2,Axon,g2,1,fly2_A-g2_1.1,-38.0,0.110097337904719
dnc-KD,Axon,Axon+dncRNAi.xlsx,g2,2,Axon,g2,1,fly2_A-g2_1.1,-37.75,0.291040178340474
dnc-KD,Axon,Axon+dncRNAi.xlsx,g2,2,Axon,g2,1,fly2_A-g2_1.1,-37.5,0.623806007703631
dnc-KD,Axon,Axon+dncRNAi.xlsx,g2,2,Axon,g2,1,fly2_A-g2_1.1,-37.25,0.607431480166363
dnc-KD,Axon,Axon+dncRNAi.xlsx,g2,2,Axon,g2,1,fly2_A-g2_1.1,-37.0,0.675571148850648
dnc-KD,Axon,Axon+dncRNAi.xlsx,g2,2,Axon,g2,1,fly2_A-g2_1.1,-36.75,0.0654024810270253
dnc-KD,Axon,Axon+dncRNAi.xlsx,g2,2,Axon,g2,1,fly2_A-g2_1.1,-36.5,0.360739699097481
dnc-KD,Axon,Axon+dncRNAi.xlsx,g2,2,Axon,g2,1,fly2_A-g2_1.1,-36.25,0.0746361782213298
dnc-KD,Axon,Axon+dncRNAi.xlsx,g2,2,Axon,g2,1,fly2_A-g2_1.1,-36.0,-0.0317629777340915
dnc-KD,Axon,Axon+dncRNAi.xlsx,g2,2,Axon,g2,1,fly2_A-g2_1.1,-35.75,-0.273618433532273
dnc-KD,Axon,Axon+dncRNAi.xlsx,g2,2,Axon,g2,1,fly2_A-g2_1.1,-35.5,-0.00326236398325082
dnc-KD,Axon,Axon+dncRNAi.xlsx,g2,2,Axon,g2,1,fly2_A-g2_1.1,-35.25,0.345713385412013
dnc-KD,Axon,Axon+dncRNAi.xlsx,g2,2,Axon,g2,1,fly2_A-g2_1.1,-35.0,0.175618963411671
dnc-KD,Axon,Axon+dncRNAi.xlsx,g2,2,Axon,g2,1,fly2_A-g2_1.1,-34.75,0.099813288058431
dnc-KD,Axon,Axon+dncRNAi.xlsx,g2,2,Axon,g2,1,fly2_A-g2_1.1,-34.5,0.181560510502743
dnc-KD,Axon,Axon+dncRNAi.xlsx,g2,2,Axon,g2,1,fly2_A-g2_1.1,-34.25,0.293493614012645
dnc-KD,Axon,Axon+dncRNAi.xlsx,g2,2,Axon,g2,1,fly2_A-g2_1.1,-34.0,0.569093608368959
dnc-KD,Axon,Axon+dncRNAi.xlsx,g2,2,Axon,g2,1,fly2_A-g2_1.1,-33.75,0.506942517491507
dnc-KD,Axon,Axon+dncRNAi.xlsx,g2,2,Axon,g2,1,fly2_A-g2_1.1,-33.5,0.207842842160215
dnc-KD,Axon,Axon+dncRNAi.xlsx,g2,2,Axon,g2,1,fly2_A-g2_1.1,-33.25,0.470093951693184
dnc-KD,Axon,Axon+dncRNAi.xlsx,g2,2,Axon,g2,1,fly2_A-g2_1.1,-33.0,0.444807103519309
dnc-KD,Axon,Axon+dncRNAi.xlsx,g2,2,Axon,g2,1,fly2_A-g2_1.1,-32.75,0.336322919165173
dnc-KD,Axon,Axon+dncRNAi.xlsx,g2,2,Axon,g2,1,fly2_A-g2_1.1,-32.5,0.156430431381402
dnc-KD,Axon,Axon+dncRNAi.xlsx,g2,2,Axon,g2,1,fly2_A-g2_1.1,-32.25,0.548901754402467
dnc-KD,Axon,Axon+dncRNAi.xlsx,g2,2,Axon,g2,1,fly2_A-g2_1.1,-32.0,0.509192153395383
dnc-KD,Axon,Axon+dncRNAi.xlsx,g2,2,Axon,g2,1,fly2_A-g2_1.1,-31.75,0.190849076865434
dnc-KD,Axon,Axon+dncRNAi.xlsx,g2,2,Axon,g2,1,fly2_A-g2_1.1,-31.5,0.789024912170138
dnc-KD,Axon,Axon+dncRNAi.xlsx,g2,2,Axon,g2,1,fly2_A-g2_1.1,-31.25,0.366101200694173
dnc-KD,Axon,Axon+dncRNAi.xlsx,g2,2,Axon,g2,1,fly2_A-g2_1.1,-31.0,0.297193363652468
dnc-KD,Axon,Axon+dncRNAi.xlsx,g2,2,Axon,g2,1,fly2_A-g2_1.1,-30.75,-0.0831048424392637
dnc-KD,Axon,Axon+dncRNAi.xlsx,g2,2,Axon,g2,1,fly2_A-g2_1.1,-30.5,0.548940946665601
dnc-KD,Axon,Axon+dncRNAi.xlsx,g2,2,Axon,g2,1,fly2_A-g2_1.1,-30.25,0.480926693223344
dnc-KD,Axon,Axon+dncRNAi.xlsx,g2,2,Axon,g2,1,fly2_A-g2_1.1,-30.0,0.0536291251816562
dnc-KD,Axon,Axon+dncRNAi.xlsx,g2,2,Axon,g2,1,fly2_A-g2_1.1,-29.75,0.0736720485482401
dnc-KD,Axon,Axon+dncRNAi.xlsx,g2,2,Axon,g2,1,fly2_A-g2_1.1,-29.5,0.215759679313226
dnc-KD,Axon,Axon+dncRNAi.xlsx,g2,2,Axon,g2,1,fly2_A-g2_1.1,-29.25,-0.0231093260341662
dnc-KD,Axon,Axon+dncRNAi.xlsx,g2,2,Axon,g2,1,fly2_A-g2_1.1,-29.0,0.276492010265238
dnc-KD,Axon,Axon+dncRNAi.xlsx,g2,2,Axon,g2,1,fly2_A-g2_1.1,-28.75,-0.11488976784071
dnc-KD,Axon,Axon+dncRNAi.xlsx,g2,2,Axon,g2,1,fly2_A-g2_1.1,-28.5,-0.0708141487205294
dnc-KD,Axon,Axon+dncRNAi.xlsx,g2,2,Axon,g2,1,fly2_A-g2_1.1,-28.25,0.0778656207035481
dnc-KD,Axon,Axon+dncRNAi.xlsx,g2,2,Axon,g2,1,fly2_A-g2_1.1,-28.0,-0.157922872761534
dnc-KD,Axon,Axon+dncRNAi.xlsx,g2,2,Axon,g2,1,fly2_A-g2_1.1,-27.75,0.198930521523607
dnc-KD,Axon,Axon+dncRNAi.xlsx,g2,2,Axon,g2,1,fly2_A-g2_1.1,-27.5,-0.219290118376312
dnc-KD,Axon,Axon+dncRNAi.xlsx,g2,2,Axon,g2,1,fly2_A-g2_1.1,-27.25,0.407503907468634
dnc-KD,Axon,Axon+dncRNAi.xlsx,g2,2,Axon,g2,1,fly2_A-g2_1.1,-27.0,0.458775226100166
dnc-KD,Axon,Axon+dncRNAi.xlsx,g2,2,Axon,g2,1,fly2_A-g2_1.1,-26.75,0.0626041534392778
dnc-KD,Axon,Axon+dncRNAi.xlsx,g2,2,Axon,g2,1,fly2_A-g2_1.1,-26.5,0.404870187386049
dnc-KD,Axon,Axon+dncRNAi.xlsx,g2,2,Axon,g2,1,fly2_A-g2_1.1,-26.25,0.867730814995273
dnc-KD,Axon,Axon+dncRNAi.xlsx,g2,2,Axon,g2,1,fly2_A-g2_1.1,-26.0,0.257656208603172
dnc-KD,Axon,Axon+dncRNAi.xlsx,g2,2,Axon,g2,1,fly2_A-g2_1.1,-25.75,0.318623693133986
dnc-KD,Axon,Axon+dncRNAi.xlsx,g2,2,Axon,g2,1,fly2_A-g2_1.1,-25.5,0.259796106170273
dnc-KD,Axon,Axon+dncRNAi.xlsx,g2,2,Axon,g2,1,fly2_A-g2_1.1,-25.25,0.176755539042549
dnc-KD,Axon,Axon+dncRNAi.xlsx,g2,2,Axon,g2,1,fly2_A-g2_1.1,-25.0,0.00691194752626272
dnc-KD,Axon,Axon+dncRNAi.xlsx,g2,2,Axon,g2,1,fly2_A-g2_1.1,-24.75,0.525480457953756
dnc-KD,Axon,Axon+dncRNAi.xlsx,g2,2,Axon,g2,1,fly2_A-g2_1.1,-24.5,0.60206997856967
dnc-KD,Axon,Axon+dncRNAi.xlsx,g2,2,Axon,g2,1,fly2_A-g2_1.1,-24.25,0.315206127788725
dnc-KD,Axon,Axon+dncRNAi.xlsx,g2,2,Axon,g2,1,fly2_A-g2_1.1,-24.0,0.248226550093199
dnc-KD,Axon,Axon+dncRNAi.xlsx,g2,2,Axon,g2,1,fly2_A-g2_1.1,-23.75,0.0822708310797782
dnc-KD,Axon,Axon+dncRNAi.xlsx,g2,2,Axon,g2,1,fly2_A-g2_1.1,-23.5,-0.118025148891408
dnc-KD,Axon,Axon+dncRNAi.xlsx,g2,2,Axon,g2,1,fly2_A-g2_1.1,-23.25,0.594364779637581
dnc-KD,Axon,Axon+dncRNAi.xlsx,g2,2,Axon,g2,1,fly2_A-g2_1.1,-23.0,0.165256529039115
dnc-KD,Axon,Axon+dncRNAi.xlsx,g2,2,Axon,g2,1,fly2_A-g2_1.1,-22.75,-0.0578807018864021
dnc-KD,Axon,Axon+dncRNAi.xlsx,g2,2,Axon,g2,1,fly2_A-g2_1.1,-22.5,0.165758190007227
dnc-KD,Axon,Axon+dncRNAi.xlsx,g2,2,Axon,g2,1,fly2_A-g2_1.1,-22.25,-0.1294536128212
dnc-KD,Axon,Axon+dncRNAi.xlsx,g2,2,Axon,g2,1,fly2_A-g2_1.1,-22.0,0.0825686922795946
dnc-KD,Axon,Axon+dncRNAi.xlsx,g2,2,Axon,g2,1,fly2_A-g2_1.1,-21.75,-0.08306565017613
dnc-KD,Axon,Axon+dncRNAi.xlsx,g2,2,Axon,g2,1,fly2_A-g2_1.1,-21.5,-0.186572417112283
dnc-KD,Axon,Axon+dncRNAi.xlsx,g2,2,Axon,g2,1,fly2_A-g2_1.1,-21.25,0.104289044508302
dnc-KD,Axon,Axon+dncRNAi.xlsx,g2,2,Axon,g2,1,fly2_A-g2_1.1,-21.0,0.0754748926523914
dnc-KD,Axon,Axon+dncRNAi.xlsx,g2,2,Axon,g2,1,fly2_A-g2_1.1,-20.75,-0.0895166966879402
dnc-KD,Axon,Axon+dncRNAi.xlsx,g2,2,Axon,g2,1,fly2_A-g2_1.1,-20.5,0.0920532199579545
dnc-KD,Axon,Axon+dncRNAi.xlsx,g2,2,Axon,g2,1,fly2_A-g2_1.1,-20.25,0.242614218012451
dnc-KD,Axon,Axon+dncRNAi.xlsx,g2,2,Axon,g2,1,fly2_A-g2_1.1,-20.0,1.61742393957494
dnc-KD,Axon,Axon+dncRNAi.xlsx,g2,2,Axon,g2,1,fly2_A-g2_1.1,-19.75,0.241485480834199
dnc-KD,Axon,Axon+dncRNAi.xlsx,g2,2,Axon,g2,1,fly2_A-g2_1.1,-19.5,0.68524379939205
dnc-KD,Axon,Axon+dncRNAi.xlsx,g2,2,Axon,g2,1,fly2_A-g2_1.1,-19.25,1.25997482289016
dnc-KD,Axon,Axon+dncRNAi.xlsx,g2,2,Axon,g2,1,fly2_A-g2_1.1,-19.0,1.68696669127941
dnc-KD,Axon,Axon+dncRNAi.xlsx,g2,2,Axon,g2,1,fly2_A-g2_1.1,-18.75,1.96775574127463
dnc-KD,Axon,Axon+dncRNAi.xlsx,g2,2,Axon,g2,1,fly2_A-g2_1.1,-18.5,0.0832663145633748
dnc-KD,Axon,Axon+dncRNAi.xlsx,g2,2,Axon,g2,1,fly2_A-g2_1.1,-18.25,0.808040998242619
dnc-KD,Axon,Axon+dncRNAi.xlsx,g2,2,Axon,g2,1,fly2_A-g2_1.1,-18.0,0.214967995597925
dnc-KD,Axon,Axon+dncRNAi.xlsx,g2,2,Axon,g2,1,fly2_A-g2_1.1,-17.75,0.606208681556591
dnc-KD,Axon,Axon+dncRNAi.xlsx,g2,2,Axon,g2,1,fly2_A-g2_1.1,-17.5,0.0251441883360689
dnc-KD,Axon,Axon+dncRNAi.xlsx,g2,2,Axon,g2,1,fly2_A-g2_1.1,-17.25,0.204856391709426
dnc-KD,Axon,Axon+dncRNAi.xlsx,g2,2,Axon,g2,1,fly2_A-g2_1.1,-17.0,-0.123598288709022
dnc-KD,Axon,Axon+dncRNAi.xlsx,g2,2,Axon,g2,1,fly2_A-g2_1.1,-16.75,-0.221578946543321
dnc-KD,Axon,Axon+dncRNAi.xlsx,g2,2,Axon,g2,1,fly2_A-g2_1.1,-16.5,-0.124852441129302
dnc-KD,Axon,Axon+dncRNAi.xlsx,g2,2,Axon,g2,1,fly2_A-g2_1.1,-16.25,0.00525803402201989
dnc-KD,Axon,Axon+dncRNAi.xlsx,g2,2,Axon,g2,1,fly2_A-g2_1.1,-16.0,0.199102967481395
dnc-KD,Axon,Axon+dncRNAi.xlsx,g2,2,Axon,g2,1,fly2_A-g2_1.1,-15.75,0.259545275686217
dnc-KD,Axon,Axon+dncRNAi.xlsx,g2,2,Axon,g2,1,fly2_A-g2_1.1,-15.5,-0.0466560377249048
dnc-KD,Axon,Axon+dncRNAi.xlsx,g2,2,Axon,g2,1,fly2_A-g2_1.1,-15.25,-0.313453449781386
dnc-KD,Axon,Axon+dncRNAi.xlsx,g2,2,Axon,g2,1,fly2_A-g2_1.1,-15.0,-0.540564776188662
dnc-KD,Axon,Axon+dncRNAi.xlsx,g2,2,Axon,g2,1,fly2_A-g2_1.1,-14.75,-0.191526319172385
dnc-KD,Axon,Axon+dncRNAi.xlsx,g2,2,Axon,g2,1,fly2_A-g2_1.1,-14.5,0.0708266902447321
dnc-KD,Axon,Axon+dncRNAi.xlsx,g2,2,Axon,g2,1,fly2_A-g2_1.1,-14.25,-0.213317217474733
dnc-KD,Axon,Axon+dncRNAi.xlsx,g2,2,Axon,g2,1,fly2_A-g2_1.1,-14.0,-0.455964356988216
dnc-KD,Axon,Axon+dncRNAi.xlsx,g2,2,Axon,g2,1,fly2_A-g2_1.1,-13.75,0.156885061633753
dnc-KD,Axon,Axon+dncRNAi.xlsx,g2,2,Axon,g2,1,fly2_A-g2_1.1,-13.5,-0.116794511829009
dnc-KD,Axon,Axon+dncRNAi.xlsx,g2,2,Axon,g2,1,fly2_A-g2_1.1,-13.25,-0.354417203208749
dnc-KD,Axon,Axon+dncRNAi.xlsx,g2,2,Axon,g2,1,fly2_A-g2_1.1,-13.0,0.00814258458866159
dnc-KD,Axon,Axon+dncRNAi.xlsx,g2,2,Axon,g2,1,fly2_A-g2_1.1,-12.75,0.065998203426658
dnc-KD,Axon,Axon+dncRNAi.xlsx,g2,2,Axon,g2,1,fly2_A-g2_1.1,-12.5,0.0669231408366138
dnc-KD,Axon,Axon+dncRNAi.xlsx,g2,2,Axon,g2,1,fly2_A-g2_1.1,-12.25,0.5671418336649
dnc-KD,Axon,Axon+dncRNAi.xlsx,g2,2,Axon,g2,1,fly2_A-g2_1.1,-12.0,0.730024879248637
dnc-KD,Axon,Axon+dncRNAi.xlsx,g2,2,Axon,g2,1,fly2_A-g2_1.1,-11.75,0.506605464028557
dnc-KD,Axon,Axon+dncRNAi.xlsx,g2,2,Axon,g2,1,fly2_A-g2_1.1,-11.5,1.2454188163623
dnc-KD,Axon,Axon+dncRNAi.xlsx,g2,2,Axon,g2,1,fly2_A-g2_1.1,-11.25,0.904861565088159
dnc-KD,Axon,Axon+dncRNAi.xlsx,g2,2,Axon,g2,1,fly2_A-g2_1.1,-11.0,1.42906592295428
dnc-KD,Axon,Axon+dncRNAi.xlsx,g2,2,Axon,g2,1,fly2_A-g2_1.1,-10.75,1.04680810370586
dnc-KD,Axon,Axon+dncRNAi.xlsx,g2,2,Axon,g2,1,fly2_A-g2_1.1,-10.5,0.0592492957150314
dnc-KD,Axon,Axon+dncRNAi.xlsx,g2,2,Axon,g2,1,fly2_A-g2_1.1,-10.25,0.984374828533849
dnc-KD,Axon,Axon+dncRNAi.xlsx,g2,2,Axon,g2,1,fly2_A-g2_1.1,-10.0,1.4985929977535
dnc-KD,Axon,Axon+dncRNAi.xlsx,g2,2,Axon,g2,1,fly2_A-g2_1.1,-9.75,1.41653223720412
dnc-KD,Axon,Axon+dncRNAi.xlsx,g2,2,Axon,g2,1,fly2_A-g2_1.1,-9.5,0.732345061226154
dnc-KD,Axon,Axon+dncRNAi.xlsx,g2,2,Axon,g2,1,fly2_A-g2_1.1,-9.25,0.319015615765323
dnc-KD,Axon,Axon+dncRNAi.xlsx,g2,2,Axon,g2,1,fly2_A-g2_1.1,-9.0,0.353700768638665
dnc-KD,Axon,Axon+dncRNAi.xlsx,g2,2,Axon,g2,1,fly2_A-g2_1.1,-8.75,0.83492689075235
dnc-KD,Axon,Axon+dncRNAi.xlsx,g2,2,Axon,g2,1,fly2_A-g2_1.1,-8.5,1.04867365543103
dnc-KD,Axon,Axon+dncRNAi.xlsx,g2,2,Axon,g2,1,fly2_A-g2_1.1,-8.25,1.24136633635427
dnc-KD,Axon,Axon+dncRNAi.xlsx,g2,2,Axon,g2,1,fly2_A-g2_1.1,-8.0,1.2650854940028
dnc-KD,Axon,Axon+dncRNAi.xlsx,g2,2,Axon,g2,1,fly2_A-g2_1.1,-7.75,1.72145588283708
dnc-KD,Axon,Axon+dncRNAi.xlsx,g2,2,Axon,g2,1,fly2_A-g2_1.1,-7.5,0.19011226231852
dnc-KD,Axon,Axon+dncRNAi.xlsx,g2,2,Axon,g2,1,fly2_A-g2_1.1,-7.25,0.278577038663952
dnc-KD,Axon,Axon+dncRNAi.xlsx,g2,2,Axon,g2,1,fly2_A-g2_1.1,-7.0,-0.00334858696214497
dnc-KD,Axon,Axon+dncRNAi.xlsx,g2,2,Axon,g2,1,fly2_A-g2_1.1,-6.75,0.160710226515604
dnc-KD,Axon,Axon+dncRNAi.xlsx,g2,2,Axon,g2,1,fly2_A-g2_1.1,-6.5,0.271585138920896
dnc-KD,Axon,Axon+dncRNAi.xlsx,g2,2,Axon,g2,1,fly2_A-g2_1.1,-6.25,0.0315638810373722
dnc-KD,Axon,Axon+dncRNAi.xlsx,g2,2,Axon,g2,1,fly2_A-g2_1.1,-6.0,0.487973462134787
dnc-KD,Axon,Axon+dncRNAi.xlsx,g2,2,Axon,g2,1,fly2_A-g2_1.1,-5.75,-0.352410559336302
dnc-KD,Axon,Axon+dncRNAi.xlsx,g2,2,Axon,g2,1,fly2_A-g2_1.1,-5.5,0.0257477491883282
dnc-KD,Axon,Axon+dncRNAi.xlsx,g2,2,Axon,g2,1,fly2_A-g2_1.1,-5.25,0.0255831416831666
dnc-KD,Axon,Axon+dncRNAi.xlsx,g2,2,Axon,g2,1,fly2_A-g2_1.1,-5.0,-0.0178810781321281
dnc-KD,Axon,Axon+dncRNAi.xlsx,g2,2,Axon,g2,1,fly2_A-g2_1.1,-4.75,-0.213662109390309
dnc-KD,Axon,Axon+dncRNAi.xlsx,g2,2,Axon,g2,1,fly2_A-g2_1.1,-4.5,-0.117366718870761
dnc-KD,Axon,Axon+dncRNAi.xlsx,g2,2,Axon,g2,1,fly2_A-g2_1.1,-4.25,-0.00696995207570066
dnc-KD,Axon,Axon+dncRNAi.xlsx,g2,2,Axon,g2,1,fly2_A-g2_1.1,-4.0,0.0480951776271749
dnc-KD,Axon,Axon+dncRNAi.xlsx,g2,2,Axon,g2,1,fly2_A-g2_1.1,-3.75,-0.248370777621531
dnc-KD,Axon,Axon+dncRNAi.xlsx,g2,2,Axon,g2,1,fly2_A-g2_1.1,-3.5,0.172946051065951
dnc-KD,Axon,Axon+dncRNAi.xlsx,g2,2,Axon,g2,1,fly2_A-g2_1.1,-3.25,0.190943138296955
dnc-KD,Axon,Axon+dncRNAi.xlsx,g2,2,Axon,g2,1,fly2_A-g2_1.1,-3.0,0.0455711958813633
dnc-KD,Axon,Axon+dncRNAi.xlsx,g2,2,Axon,g2,1,fly2_A-g2_1.1,-2.75,0.110646029588591
dnc-KD,Axon,Axon+dncRNAi.xlsx,g2,2,Axon,g2,1,fly2_A-g2_1.1,-2.5,-0.048333466587028
dnc-KD,Axon,Axon+dncRNAi.xlsx,g2,2,Axon,g2,1,fly2_A-g2_1.1,-2.25,0.0161534831731938
dnc-KD,Axon,Axon+dncRNAi.xlsx,g2,2,Axon,g2,1,fly2_A-g2_1.1,-2.0,0.167035857785386
dnc-KD,Axon,Axon+dncRNAi.xlsx,g2,2,Axon,g2,1,fly2_A-g2_1.1,-1.75,0.126871626525951
dnc-KD,Axon,Axon+dncRNAi.xlsx,g2,2,Axon,g2,1,fly2_A-g2_1.1,-1.5,-0.0656956391552657
dnc-KD,Axon,Axon+dncRNAi.xlsx,g2,2,Axon,g2,1,fly2_A-g2_1.1,-1.25,0.14131789471704
dnc-KD,Axon,Axon+dncRNAi.xlsx,g2,2,Axon,g2,1,fly2_A-g2_1.1,-1.0,-0.000221044364074163
dnc-KD,Axon,Axon+dncRNAi.xlsx,g2,2,Axon,g2,1,fly2_A-g2_1.1,-0.75,-0.204828173279969
dnc-KD,Axon,Axon+dncRNAi.xlsx,g2,2,Axon,g2,1,fly2_A-g2_1.1,-0.5,0.198303445313468
dnc-KD,Axon,Axon+dncRNAi.xlsx,g2,2,Axon,g2,1,fly2_A-g2_1.1,-0.25,1.54475364527239
dnc-KD,Axon,Axon+dncRNAi.xlsx,g2,2,Axon,g2,1,fly2_A-g2_1.1,0.0,1.86192879236096
dnc-KD,Axon,Axon+dncRNAi.xlsx,g2,2,Axon,g2,1,fly2_A-g2_1.1,0.25,1.00257571553315
dnc-KD,Axon,Axon+dncRNAi.xlsx,g2,2,Axon,g2,1,fly2_A-g2_1.1,0.5,0.829933796429114
dnc-KD,Axon,Axon+dncRNAi.xlsx,g2,2,Axon,g2,1,fly2_A-g2_1.1,0.75,0.993843679306955
dnc-KD,Axon,Axon+dncRNAi.xlsx,g2,2,Axon,g2,1,fly2_A-g2_1.1,1.0,0.47171651138692
dnc-KD,Axon,Axon+dncRNAi.xlsx,g2,2,Axon,g2,1,fly2_A-g2_1.1,1.25,0.705568907053196
dnc-KD,Axon,Axon+dncRNAi.xlsx,g2,2,Axon,g2,1,fly2_A-g2_1.1,1.5,0.163626130892753
dnc-KD,Axon,Axon+dncRNAi.xlsx,g2,2,Axon,g2,1,fly2_A-g2_1.1,1.75,0.175281909948721
dnc-KD,Axon,Axon+dncRNAi.xlsx,g2,2,Axon,g2,1,fly2_A-g2_1.1,2.0,0.578452720805291
dnc-KD,Axon,Axon+dncRNAi.xlsx,g2,2,Axon,g2,1,fly2_A-g2_1.1,2.25,0.496446829424297
dnc-KD,Axon,Axon+dncRNAi.xlsx,g2,2,Axon,g2,1,fly2_A-g2_1.1,2.5,0.66227713319569
dnc-KD,Axon,Axon+dncRNAi.xlsx,g2,2,Axon,g2,1,fly2_A-g2_1.1,2.75,0.544700343794532
dnc-KD,Axon,Axon+dncRNAi.xlsx,g2,2,Axon,g2,1,fly2_A-g2_1.1,3.0,0.566506919002134
dnc-KD,Axon,Axon+dncRNAi.xlsx,g2,2,Axon,g2,1,fly2_A-g2_1.1,3.25,0.969379868658888
dnc-KD,Axon,Axon+dncRNAi.xlsx,g2,2,Axon,g2,1,fly2_A-g2_1.1,3.5,0.435722336924912
dnc-KD,Axon,Axon+dncRNAi.xlsx,g2,2,Axon,g2,1,fly2_A-g2_1.1,3.75,0.674810818945853
dnc-KD,Axon,Axon+dncRNAi.xlsx,g2,2,Axon,g2,1,fly2_A-g2_1.1,4.0,0.298510223693761
dnc-KD,Axon,Axon+dncRNAi.xlsx,g2,2,Axon,g2,1,fly2_A-g2_1.1,4.25,0.944077343579759
dnc-KD,Axon,Axon+dncRNAi.xlsx,g2,2,Axon,g2,1,fly2_A-g2_1.1,4.5,0.782801180784504
dnc-KD,Axon,Axon+dncRNAi.xlsx,g2,2,Axon,g2,1,fly2_A-g2_1.1,4.75,0.43079195022269
dnc-KD,Axon,Axon+dncRNAi.xlsx,g2,2,Axon,g2,1,fly2_A-g2_1.1,5.0,0.96049106338016
dnc-KD,Axon,Axon+dncRNAi.xlsx,g2,2,Axon,g2,1,fly2_A-g2_1.1,5.25,1.95535530921912
dnc-KD,Axon,Axon+dncRNAi.xlsx,g2,2,Axon,g2,1,fly2_A-g2_1.1,5.5,2.27484279983257
dnc-KD,Axon,Axon+dncRNAi.xlsx,g2,2,Axon,g2,1,fly2_A-g2_1.1,5.75,1.96209637847812
dnc-KD,Axon,Axon+dncRNAi.xlsx,g2,2,Axon,g2,1,fly2_A-g2_1.1,6.0,-0.207508924078316
dnc-KD,Axon,Axon+dncRNAi.xlsx,g2,2,Axon,g2,1,fly2_A-g2_1.1,6.25,0.280293659789208
dnc-KD,Axon,Axon+dncRNAi.xlsx,g2,2,Axon,g2,1,fly2_A-g2_1.1,6.5,0.392461916877913
dnc-KD,Axon,Axon+dncRNAi.xlsx,g2,2,Axon,g2,1,fly2_A-g2_1.1,6.75,0.587012311073696
dnc-KD,Axon,Axon+dncRNAi.xlsx,g2,2,Axon,g2,1,fly2_A-g2_1.1,7.0,0.752999383897623
dnc-KD,Axon,Axon+dncRNAi.xlsx,g2,2,Axon,g2,1,fly2_A-g2_1.1,7.25,0.35426513722779
dnc-KD,Axon,Axon+dncRNAi.xlsx,g2,2,Axon,g2,1,fly2_A-g2_1.1,7.5,0.313505183568722
dnc-KD,Axon,Axon+dncRNAi.xlsx,g2,2,Axon,g2,1,fly2_A-g2_1.1,7.75,0.53122604372916
dnc-KD,Axon,Axon+dncRNAi.xlsx,g2,2,Axon,g2,1,fly2_A-g2_1.1,8.0,0.490928558775069
dnc-KD,Axon,Axon+dncRNAi.xlsx,g2,2,Axon,g2,1,fly2_A-g2_1.1,8.25,0.556324769039993
dnc-KD,Axon,Axon+dncRNAi.xlsx,g2,2,Axon,g2,1,fly2_A-g2_1.1,8.5,0.763800771617277
dnc-KD,Axon,Axon+dncRNAi.xlsx,g2,2,Axon,g2,1,fly2_A-g2_1.1,8.75,0.0943263712197104
dnc-KD,Axon,Axon+dncRNAi.xlsx,g2,2,Axon,g2,1,fly2_A-g2_1.1,9.0,0.624197930334969
dnc-KD,Axon,Axon+dncRNAi.xlsx,g2,2,Axon,g2,1,fly2_A-g2_1.1,9.25,0.34550174719109
dnc-KD,Axon,Axon+dncRNAi.xlsx,g2,2,Axon,g2,1,fly2_A-g2_1.1,9.5,0.634552526254897
dnc-KD,Axon,Axon+dncRNAi.xlsx,g2,2,Axon,g2,1,fly2_A-g2_1.1,9.75,0.0822394772692713
dnc-KD,Axon,Axon+dncRNAi.xlsx,g2,2,Axon,g2,1,fly2_A-g2_1.1,10.0,2.21931520142472
dnc-KD,Axon,Axon+dncRNAi.xlsx,g2,2,Axon,g2,1,fly2_A-g2_1.1,10.25,1.93789123676673
dnc-KD,Axon,Axon+dncRNAi.xlsx,g2,2,Axon,g2,1,fly2_A-g2_1.1,10.5,2.23504697584659
dnc-KD,Axon,Axon+dncRNAi.xlsx,g2,2,Axon,g2,1,fly2_A-g2_1.1,10.75,1.33141448013031
dnc-KD,Axon,Axon+dncRNAi.xlsx,g2,2,Axon,g2,1,fly2_A-g2_1.1,11.0,0.759685583988236
dnc-KD,Axon,Axon+dncRNAi.xlsx,g2,2,Axon,g2,1,fly2_A-g2_1.1,11.25,0.962223361410671
dnc-KD,Axon,Axon+dncRNAi.xlsx,g2,2,Axon,g2,1,fly2_A-g2_1.1,11.5,0.658553868197987
dnc-KD,Axon,Axon+dncRNAi.xlsx,g2,2,Axon,g2,1,fly2_A-g2_1.1,11.75,0.938786388056706
dnc-KD,Axon,Axon+dncRNAi.xlsx,g2,2,Axon,g2,1,fly2_A-g2_1.1,12.0,1.26580663164446
dnc-KD,Axon,Axon+dncRNAi.xlsx,g2,2,Axon,g2,1,fly2_A-g2_1.1,12.25,0.698388884447099
dnc-KD,Axon,Axon+dncRNAi.xlsx,g2,2,Axon,g2,1,fly2_A-g2_1.1,12.5,0.473166625122868
dnc-KD,Axon,Axon+dncRNAi.xlsx,g2,2,Axon,g2,1,fly2_A-g2_1.1,12.75,0.366853692146341
dnc-KD,Axon,Axon+dncRNAi.xlsx,g2,2,Axon,g2,1,fly2_A-g2_1.1,13.0,0.408663998457392
dnc-KD,Axon,Axon+dncRNAi.xlsx,g2,2,Axon,g2,1,fly2_A-g2_1.1,13.25,0.840797891769782
dnc-KD,Axon,Axon+dncRNAi.xlsx,g2,2,Axon,g2,1,fly2_A-g2_1.1,13.5,0.236531578774097
dnc-KD,Axon,Axon+dncRNAi.xlsx,g2,2,Axon,g2,1,fly2_A-g2_1.1,13.75,0.272392499541451
dnc-KD,Axon,Axon+dncRNAi.xlsx,g2,2,Axon,g2,1,fly2_A-g2_1.1,14.0,0.402377559450744
dnc-KD,Axon,Axon+dncRNAi.xlsx,g2,2,Axon,g2,1,fly2_A-g2_1.1,14.25,0.573083380755972
dnc-KD,Axon,Axon+dncRNAi.xlsx,g2,2,Axon,g2,1,fly2_A-g2_1.1,14.5,0.497457989813147
dnc-KD,Axon,Axon+dncRNAi.xlsx,g2,2,Axon,g2,1,fly2_A-g2_1.1,14.75,0.728559088607436
dnc-KD,Axon,Axon+dncRNAi.xlsx,g2,2,Axon,g2,1,fly2_A-g2_1.1,15.0,0.503681721198782
dnc-KD,Axon,Axon+dncRNAi.xlsx,g2,2,Axon,g2,1,fly2_A-g2_1.1,15.25,1.62817829657883
dnc-KD,Axon,Axon+dncRNAi.xlsx,g2,2,Axon,g2,1,fly2_A-g2_1.1,15.5,1.61805101578508
dnc-KD,Axon,Axon+dncRNAi.xlsx,g2,2,Axon,g2,1,fly2_A-g2_1.1,15.75,1.02783120989652
dnc-KD,Axon,Axon+dncRNAi.xlsx,g2,2,Axon,g2,1,fly2_A-g2_1.1,16.0,0.801331282794126
dnc-KD,Axon,Axon+dncRNAi.xlsx,g2,2,Axon,g2,1,fly2_A-g2_1.1,16.25,0.89515756073625
dnc-KD,Axon,Axon+dncRNAi.xlsx,g2,2,Axon,g2,1,fly2_A-g2_1.1,16.5,1.56021891230496
dnc-KD,Axon,Axon+dncRNAi.xlsx,g2,2,Axon,g2,1,fly2_A-g2_1.1,16.75,0.666533412972012
dnc-KD,Axon,Axon+dncRNAi.xlsx,g2,2,Axon,g2,1,fly2_A-g2_1.1,17.0,0.372387639700822
dnc-KD,Axon,Axon+dncRNAi.xlsx,g2,2,Axon,g2,1,fly2_A-g2_1.1,17.25,0.64870093324617
dnc-KD,Axon,Axon+dncRNAi.xlsx,g2,2,Axon,g2,1,fly2_A-g2_1.1,17.5,0.895377037409799
dnc-KD,Axon,Axon+dncRNAi.xlsx,g2,2,Axon,g2,1,fly2_A-g2_1.1,17.75,1.27906929348891
dnc-KD,Axon,Axon+dncRNAi.xlsx,g2,2,Axon,g2,1,fly2_A-g2_1.1,18.0,0.451109219431211
dnc-KD,Axon,Axon+dncRNAi.xlsx,g2,2,Axon,g2,1,fly2_A-g2_1.1,18.25,0.501298831600251
dnc-KD,Axon,Axon+dncRNAi.xlsx,g2,2,Axon,g2,1,fly2_A-g2_1.1,18.5,1.00003605688208
dnc-KD,Axon,Axon+dncRNAi.xlsx,g2,2,Axon,g2,1,fly2_A-g2_1.1,18.75,0.774414036473888
dnc-KD,Axon,Axon+dncRNAi.xlsx,g2,2,Axon,g2,1,fly2_A-g2_1.1,19.0,0.588532970883284
dnc-KD,Axon,Axon+dncRNAi.xlsx,g2,2,Axon,g2,1,fly2_A-g2_1.1,19.25,0.818834547509645
dnc-KD,Axon,Axon+dncRNAi.xlsx,g2,2,Axon,g2,1,fly2_A-g2_1.1,19.5,0.853966492182711
dnc-KD,Axon,Axon+dncRNAi.xlsx,g2,2,Axon,g2,1,fly2_A-g2_1.1,19.75,1.11747175413596
dnc-KD,Axon,Axon+dncRNAi.xlsx,g2,2,Axon,g2,1,fly2_A-g2_1.1,20.0,0.796204934776236
dnc-KD,Axon,Axon+dncRNAi.xlsx,g2,2,Axon,g2,1,fly2_A-g2_1.1,20.25,2.26698867030057
dnc-KD,Axon,Axon+dncRNAi.xlsx,g2,2,Axon,g2,1,fly2_A-g2_1.1,20.5,2.31839324262676
dnc-KD,Axon,Axon+dncRNAi.xlsx,g2,2,Axon,g2,1,fly2_A-g2_1.1,20.75,1.2040631403036
dnc-KD,Axon,Axon+dncRNAi.xlsx,g2,2,Axon,g2,1,fly2_A-g2_1.1,21.0,0.380092838632911
dnc-KD,Axon,Axon+dncRNAi.xlsx,g2,2,Axon,g2,1,fly2_A-g2_1.1,21.25,-0.0915703712761471
dnc-KD,Axon,Axon+dncRNAi.xlsx,g2,2,Axon,g2,1,fly2_A-g2_1.1,21.5,0.833398392490135
dnc-KD,Axon,Axon+dncRNAi.xlsx,g2,2,Axon,g2,1,fly2_A-g2_1.1,21.75,1.00872106239252
dnc-KD,Axon,Axon+dncRNAi.xlsx,g2,2,Axon,g2,1,fly2_A-g2_1.1,22.0,0.843580542452276
dnc-KD,Axon,Axon+dncRNAi.xlsx,g2,2,Axon,g2,1,fly2_A-g2_1.1,22.25,0.650135370076864
dnc-KD,Axon,Axon+dncRNAi.xlsx,g2,2,Axon,g2,1,fly2_A-g2_1.1,22.5,0.87618850537953
dnc-KD,Axon,Axon+dncRNAi.xlsx,g2,2,Axon,g2,1,fly2_A-g2_1.1,22.75,0.355205751542999
dnc-KD,Axon,Axon+dncRNAi.xlsx,g2,2,Axon,g2,1,fly2_A-g2_1.1,23.0,0.421950175659723
dnc-KD,Axon,Axon+dncRNAi.xlsx,g2,2,Axon,g2,1,fly2_A-g2_1.1,23.25,0.571045383073018
dnc-KD,Axon,Axon+dncRNAi.xlsx,g2,2,Axon,g2,1,fly2_A-g2_1.1,23.5,0.61220509781605
dnc-KD,Axon,Axon+dncRNAi.xlsx,g2,2,Axon,g2,1,fly2_A-g2_1.1,23.75,0.447973838380513
dnc-KD,Axon,Axon+dncRNAi.xlsx,g2,2,Axon,g2,1,fly2_A-g2_1.1,24.0,0.825740224273806
dnc-KD,Axon,Axon+dncRNAi.xlsx,g2,2,Axon,g2,1,fly2_A-g2_1.1,24.25,0.379363862538624
dnc-KD,Axon,Axon+dncRNAi.xlsx,g2,2,Axon,g2,1,fly2_A-g2_1.1,24.5,0.334230052313833
dnc-KD,Axon,Axon+dncRNAi.xlsx,g2,2,Axon,g2,1,fly2_A-g2_1.1,24.75,0.484508866073766
dnc-KD,Axon,Axon+dncRNAi.xlsx,g2,2,Axon,g2,1,fly2_A-g2_1.1,25.0,0.293086014476054
dnc-KD,Axon,Axon+dncRNAi.xlsx,g2,2,Axon,g2,1,fly2_A-g2_1.1,25.25,0.158405721443341
dnc-KD,Axon,Axon+dncRNAi.xlsx,g2,2,Axon,g2,1,fly2_A-g2_1.1,25.5,1.13704437034494
dnc-KD,Axon,Axon+dncRNAi.xlsx,g2,2,Axon,g2,1,fly2_A-g2_1.1,25.75,1.10300197058699
dnc-KD,Axon,Axon+dncRNAi.xlsx,g2,2,Axon,g2,1,fly2_A-g2_1.1,26.0,1.03139770584169
dnc-KD,Axon,Axon+dncRNAi.xlsx,g2,2,Axon,g2,1,fly2_A-g2_1.1,26.25,0.801958359004266
dnc-KD,Axon,Axon+dncRNAi.xlsx,g2,2,Axon,g2,1,fly2_A-g2_1.1,26.5,0.238342261330875
dnc-KD,Axon,Axon+dncRNAi.xlsx,g2,2,Axon,g2,1,fly2_A-g2_1.1,26.75,0.435063906904266
dnc-KD,Axon,Axon+dncRNAi.xlsx,g2,2,Axon,g2,1,fly2_A-g2_1.1,27.0,0.105488327760193
dnc-KD,Axon,Axon+dncRNAi.xlsx,g2,2,Axon,g2,1,fly2_A-g2_1.1,27.25,0.176786892853056
dnc-KD,Axon,Axon+dncRNAi.xlsx,g2,2,Axon,g2,1,fly2_A-g2_1.1,27.5,0.335523396997246
dnc-KD,Axon,Axon+dncRNAi.xlsx,g2,2,Axon,g2,1,fly2_A-g2_1.1,27.75,0.698028315626269
dnc-KD,Axon,Axon+dncRNAi.xlsx,g2,2,Axon,g2,1,fly2_A-g2_1.1,28.0,0.0556671228646095
dnc-KD,Axon,Axon+dncRNAi.xlsx,g2,2,Axon,g2,1,fly2_A-g2_1.1,28.25,0.222853478940429
dnc-KD,Axon,Axon+dncRNAi.xlsx,g2,2,Axon,g2,1,fly2_A-g2_1.1,28.5,0.257475924192757
dnc-KD,Axon,Axon+dncRNAi.xlsx,g2,2,Axon,g2,1,fly2_A-g2_1.1,28.75,-0.0734243534452351
dnc-KD,Axon,Axon+dncRNAi.xlsx,g2,2,Axon,g2,1,fly2_A-g2_1.1,29.0,0.0133316402275659
dnc-KD,Axon,Axon+dncRNAi.xlsx,g2,2,Axon,g2,1,fly2_A-g2_1.1,29.25,-0.0761834887698489
dnc-KD,Axon,Axon+dncRNAi.xlsx,g2,2,Axon,g2,1,fly2_A-g2_1.1,29.5,0.393629846319298
dnc-KD,Axon,Axon+dncRNAi.xlsx,g2,2,Axon,g2,1,fly2_A-g2_1.1,29.75,0.12444170621166
dnc-KD,Axon,Axon+dncRNAi.xlsx,g2,2,Axon,g2,1,fly2_A-g2_1.1,30.0,0.0984415588487507
dnc-KD,Axon,Axon+dncRNAi.xlsx,g2,2,Axon,g2,1,fly2_A-g2_1.1,30.25,1.29265333189106
dnc-KD,Axon,Axon+dncRNAi.xlsx,g2,2,Axon,g2,1,fly2_A-g2_1.1,30.5,1.39268766431356
dnc-KD,Axon,Axon+dncRNAi.xlsx,g2,2,Axon,g2,1,fly2_A-g2_1.1,30.75,1.0076628712879
dnc-KD,Axon,Axon+dncRNAi.xlsx,g2,2,Axon,g2,1,fly2_A-g2_1.1,31.0,1.07250255141633
dnc-KD,Axon,Axon+dncRNAi.xlsx,g2,2,Axon,g2,1,fly2_A-g2_1.1,31.25,1.18189599627517
dnc-KD,Axon,Axon+dncRNAi.xlsx,g2,2,Axon,g2,1,fly2_A-g2_1.1,31.5,0.0878282939921396
dnc-KD,Axon,Axon+dncRNAi.xlsx,g2,2,Axon,g2,1,fly2_A-g2_1.1,31.75,0.452457433283011
dnc-KD,Axon,Axon+dncRNAi.xlsx,g2,2,Axon,g2,1,fly2_A-g2_1.1,32.0,0.950559743902076
dnc-KD,Axon,Axon+dncRNAi.xlsx,g2,2,Axon,g2,1,fly2_A-g2_1.1,32.25,0.626079158965387
dnc-KD,Axon,Axon+dncRNAi.xlsx,g2,2,Axon,g2,1,fly2_A-g2_1.1,32.5,0.3511611099876
dnc-KD,Axon,Axon+dncRNAi.xlsx,g2,2,Axon,g2,1,fly2_A-g2_1.1,32.75,0.354210268059403
dnc-KD,Axon,Axon+dncRNAi.xlsx,g2,2,Axon,g2,1,fly2_A-g2_1.1,33.0,0.0276681700818804
dnc-KD,Axon,Axon+dncRNAi.xlsx,g2,2,Axon,g2,1,fly2_A-g2_1.1,33.25,0.146405050471796
dnc-KD,Axon,Axon+dncRNAi.xlsx,g2,2,Axon,g2,1,fly2_A-g2_1.1,33.5,0.313669791073884
dnc-KD,Axon,Axon+dncRNAi.xlsx,g2,2,Axon,g2,1,fly2_A-g2_1.1,33.75,-0.168418560828744
dnc-KD,Axon,Axon+dncRNAi.xlsx,g2,2,Axon,g2,1,fly2_A-g2_1.1,34.0,0.0330531870364536
dnc-KD,Axon,Axon+dncRNAi.xlsx,g2,2,Axon,g2,1,fly2_A-g2_1.1,34.25,0.228528518642192
dnc-KD,Axon,Axon+dncRNAi.xlsx,g2,2,Axon,g2,1,fly2_A-g2_1.1,34.5,0.174654833738581
dnc-KD,Axon,Axon+dncRNAi.xlsx,g2,2,Axon,g2,1,fly2_A-g2_1.1,34.75,0.488561346081793
dnc-KD,Axon,Axon+dncRNAi.xlsx,g2,2,Axon,g2,1,fly2_A-g2_1.1,35.0,0.621415279652474
dnc-KD,Axon,Axon+dncRNAi.xlsx,g2,2,Axon,g2,1,fly2_A-g2_1.1,35.25,0.1379943908033
dnc-KD,Axon,Axon+dncRNAi.xlsx,g2,2,Axon,g2,1,fly2_A-g2_1.1,35.5,0.198648337229044
dnc-KD,Axon,Axon+dncRNAi.xlsx,g2,2,Axon,g2,1,fly2_A-g2_1.1,35.75,1.32231403663066
dnc-KD,Axon,Axon+dncRNAi.xlsx,g2,2,Axon,g2,1,fly2_A-g2_1.1,36.0,1.30685660805072
dnc-KD,Axon,Axon+dncRNAi.xlsx,g2,2,Axon,g2,1,fly2_A-g2_1.1,36.25,1.47749972173493
dnc-KD,Axon,Axon+dncRNAi.xlsx,g2,2,Axon,g2,1,fly2_A-g2_1.1,36.5,1.38632284078065
dnc-KD,Axon,Axon+dncRNAi.xlsx,g2,2,Axon,g2,1,fly2_A-g2_1.1,36.75,-0.00116165867928346
dnc-KD,Axon,Axon+dncRNAi.xlsx,g2,2,Axon,g2,1,fly2_A-g2_1.1,37.0,0.137045938035464
dnc-KD,Axon,Axon+dncRNAi.xlsx,g2,2,Axon,g2,1,fly2_A-g2_1.1,37.25,0.914573407892695
dnc-KD,Axon,Axon+dncRNAi.xlsx,g2,2,Axon,g2,1,fly2_A-g2_1.1,37.5,0.161768417620214
dnc-KD,Axon,Axon+dncRNAi.xlsx,g2,2,Axon,g2,1,fly2_A-g2_1.1,37.75,0.272243568941542
dnc-KD,Axon,Axon+dncRNAi.xlsx,g2,2,Axon,g2,1,fly2_A-g2_1.1,38.0,0.297444194136524
dnc-KD,Axon,Axon+dncRNAi.xlsx,g2,2,Axon,g2,1,fly2_A-g2_1.1,38.25,0.54549986596246
dnc-KD,Axon,Axon+dncRNAi.xlsx,g2,2,Axon,g2,1,fly2_A-g2_1.1,38.5,0.566169865539184
dnc-KD,Axon,Axon+dncRNAi.xlsx,g2,2,Axon,g2,1,fly2_A-g2_1.1,38.75,0.14071433386478
dnc-KD,Axon,Axon+dncRNAi.xlsx,g2,2,Axon,g2,1,fly2_A-g2_1.1,39.0,0.243515640064526
dnc-KD,Axon,Axon+dncRNAi.xlsx,g2,2,Axon,g2,1,fly2_A-g2_1.1,39.25,0.3450941476545
dnc-KD,Axon,Axon+dncRNAi.xlsx,g2,2,Axon,g2,1,fly2_A-g2_1.1,39.5,0.44323941299396
dnc-KD,Axon,Axon+dncRNAi.xlsx,g2,2,Axon,g2,1,fly2_A-g2_1.1,39.75,0.332388015946548
dnc-KD,Axon,Axon+dncRNAi.xlsx,g2,2,Axon,g2,1,fly2_A-g2_1.1,40.0,0.061067816724436
dnc-KD,Axon,Axon+dncRNAi.xlsx,g2,2,Axon,g2,1,fly2_A-g2_1.1,40.25,0.276664456223026
dnc-KD,Axon,Axon+dncRNAi.xlsx,g2,2,Axon,g2,1,fly2_A-g2_1.1,40.5,0.148576301849405
dnc-KD,Axon,Axon+dncRNAi.xlsx,g2,2,Axon,g2,1,fly2_A-g2_1.1,40.75,2.42910354752689
dnc-KD,Axon,Axon+dncRNAi.xlsx,g2,2,Axon,g2,1,fly2_A-g2_1.1,41.0,1.52202213265484
dnc-KD,Axon,Axon+dncRNAi.xlsx,g2,2,Axon,g2,1,fly2_A-g2_1.1,41.25,1.07406240348905
dnc-KD,Axon,Axon+dncRNAi.xlsx,g2,2,Axon,g2,1,fly2_A-g2_1.1,41.5,1.34660540132094
dnc-KD,Axon,Axon+dncRNAi.xlsx,g2,2,Axon,g2,1,fly2_A-g2_1.1,41.75,-0.182394521862228
dnc-KD,Axon,Axon+dncRNAi.xlsx,g2,2,Axon,g2,1,fly2_A-g2_1.1,42.0,-0.44459076222681
dnc-KD,Axon,Axon+dncRNAi.xlsx,g2,2,Axon,g2,1,fly2_A-g2_1.1,42.25,0.305901884520781
dnc-KD,Axon,Axon+dncRNAi.xlsx,g2,2,Axon,g2,1,fly2_A-g2_1.1,42.5,0.549129069528642
dnc-KD,Axon,Axon+dncRNAi.xlsx,g2,2,Axon,g2,1,fly2_A-g2_1.1,42.75,0.569266054326747
dnc-KD,Axon,Axon+dncRNAi.xlsx,g2,2,Axon,g2,1,fly2_A-g2_1.1,43.0,0.172358167118945
dnc-KD,Axon,Axon+dncRNAi.xlsx,g2,2,Axon,g2,1,fly2_A-g2_1.1,43.25,0.113279749671177
dnc-KD,Axon,Axon+dncRNAi.xlsx,g2,2,Axon,g2,1,fly2_A-g2_1.1,43.5,0.350071565072482
dnc-KD,Axon,Axon+dncRNAi.xlsx,g2,2,Axon,g2,1,fly2_A-g2_1.1,43.75,0.163422331124457
dnc-KD,Axon,Axon+dncRNAi.xlsx,g2,2,Axon,g2,1,fly2_A-g2_1.1,44.0,0.221489588183376
dnc-KD,Axon,Axon+dncRNAi.xlsx,g2,2,Axon,g2,1,fly2_A-g2_1.1,44.25,0.463321528623677
dnc-KD,Axon,Axon+dncRNAi.xlsx,g2,2,Axon,g2,1,fly2_A-g2_1.1,44.5,0.319893522459518
dnc-KD,Axon,Axon+dncRNAi.xlsx,g2,2,Axon,g2,1,fly2_A-g2_1.1,44.75,0.0309681586377395
dnc-KD,Axon,Axon+dncRNAi.xlsx,g2,2,Axon,g2,1,fly2_A-g2_1.1,45.0,0.0235921747159738
dnc-KD,Axon,Axon+dncRNAi.xlsx,g2,2,Axon,g2,1,fly2_A-g2_1.1,45.25,0.264561885367333
dnc-KD,Axon,Axon+dncRNAi.xlsx,g2,2,Axon,g2,1,fly2_A-g2_1.1,45.5,0.181983786944587
dnc-KD,Axon,Axon+dncRNAi.xlsx,g2,2,Axon,g2,1,fly2_A-g2_1.1,45.75,-0.000848120574213658
dnc-KD,Axon,Axon+dncRNAi.xlsx,g2,2,Axon,g2,1,fly2_A-g2_1.1,46.0,1.24465848645751
dnc-KD,Axon,Axon+dncRNAi.xlsx,g2,2,Axon,g2,1,fly2_A-g2_1.1,46.25,1.43641055306554
dnc-KD,Axon,Axon+dncRNAi.xlsx,g2,2,Axon,g2,1,fly2_A-g2_1.1,46.5,1.12900995640253
dnc-KD,Axon,Axon+dncRNAi.xlsx,g2,2,Axon,g2,1,fly2_A-g2_1.1,46.75,1.12801447291893
dnc-KD,Axon,Axon+dncRNAi.xlsx,g2,2,Axon,g2,1,fly2_A-g2_1.1,47.0,0.474185623964344
dnc-KD,Axon,Axon+dncRNAi.xlsx,g2,2,Axon,g2,1,fly2_A-g2_1.1,47.25,0.306560314541427
dnc-KD,Axon,Axon+dncRNAi.xlsx,g2,2,Axon,g2,1,fly2_A-g2_1.1,47.5,0.712960567880216
dnc-KD,Axon,Axon+dncRNAi.xlsx,g2,2,Axon,g2,1,fly2_A-g2_1.1,47.75,0.650574323423962
dnc-KD,Axon,Axon+dncRNAi.xlsx,g2,2,Axon,g2,1,fly2_A-g2_1.1,48.0,0.491877011542905
dnc-KD,Axon,Axon+dncRNAi.xlsx,g2,2,Axon,g2,1,fly2_A-g2_1.1,48.25,0.381574306179366
dnc-KD,Axon,Axon+dncRNAi.xlsx,g2,2,Axon,g2,1,fly2_A-g2_1.1,48.5,0.266270668039964
dnc-KD,Axon,Axon+dncRNAi.xlsx,g2,2,Axon,g2,1,fly2_A-g2_1.1,48.75,0.399657616389264
dnc-KD,Axon,Axon+dncRNAi.xlsx,g2,2,Axon,g2,1,fly2_A-g2_1.1,49.0,0.422538059606729
dnc-KD,Axon,Axon+dncRNAi.xlsx,g2,2,Axon,g2,1,fly2_A-g2_1.1,49.25,0.169693093225852
dnc-KD,Axon,Axon+dncRNAi.xlsx,g2,2,Axon,g2,1,fly2_A-g2_1.1,49.5,0.560918102279265
dnc-KD,Axon,Axon+dncRNAi.xlsx,g2,2,Axon,g2,1,fly2_A-g2_1.1,49.75,0.0929781573679102
dnc-KD,Axon,Axon+dncRNAi.xlsx,g2,2,Axon,g2,1,fly2_A-g2_1.1,50.0,-0.0274596672420091
dnc-KD,Axon,Axon+dncRNAi.xlsx,g2,2,Axon,g2,1,fly2_A-g2_1.1,50.25,0.444227058024929
dnc-KD,Axon,Axon+dncRNAi.xlsx,g2,2,Axon,g2,1,fly2_A-g2_1.1,50.5,-0.0140480747976503
dnc-KD,Axon,Axon+dncRNAi.xlsx,g2,2,Axon,g2,1,fly2_A-g2_1.1,50.75,0.354171075796269
dnc-KD,Axon,Axon+dncRNAi.xlsx,g2,2,Axon,g2,1,fly2_A-g2_1.1,51.0,1.4786911665342
dnc-KD,Axon,Axon+dncRNAi.xlsx,g2,2,Axon,g2,1,fly2_A-g2_1.1,51.25,1.45441547874917
dnc-KD,Axon,Axon+dncRNAi.xlsx,g2,2,Axon,g2,1,fly2_A-g2_1.1,51.5,0.631417145204199
dnc-KD,Axon,Axon+dncRNAi.xlsx,g2,2,Axon,g2,1,fly2_A-g2_1.1,51.75,0.817509849015726
dnc-KD,Axon,Axon+dncRNAi.xlsx,g2,2,Axon,g2,1,fly2_A-g2_1.1,52.0,-0.335165963557466
dnc-KD,Axon,Axon+dncRNAi.xlsx,g2,2,Axon,g2,1,fly2_A-g2_1.1,52.25,0.397274726790734
dnc-KD,Axon,Axon+dncRNAi.xlsx,g2,2,Axon,g2,1,fly2_A-g2_1.1,52.5,0.334590621134663
dnc-KD,Axon,Axon+dncRNAi.xlsx,g2,2,Axon,g2,1,fly2_A-g2_1.1,52.75,0.355025467132584
dnc-KD,Axon,Axon+dncRNAi.xlsx,g2,2,Axon,g2,1,fly2_A-g2_1.1,53.0,0.167804026142807
dnc-KD,Axon,Axon+dncRNAi.xlsx,g2,2,Axon,g2,1,fly2_A-g2_1.1,53.25,0.613028135341858
dnc-KD,Axon,Axon+dncRNAi.xlsx,g2,2,Axon,g2,1,fly2_A-g2_1.1,53.5,0.576720422774781
dnc-KD,Axon,Axon+dncRNAi.xlsx,g2,2,Axon,g2,1,fly2_A-g2_1.1,53.75,0.111672866882694
dnc-KD,Axon,Axon+dncRNAi.xlsx,g2,2,Axon,g2,1,fly2_A-g2_1.1,54.0,0.285811930438436
dnc-KD,Axon,Axon+dncRNAi.xlsx,g2,2,Axon,g2,1,fly2_A-g2_1.1,54.25,0.962662314757768
dnc-KD,Axon,Axon+dncRNAi.xlsx,g2,2,Axon,g2,1,fly2_A-g2_1.1,54.5,0.629724039436823
dnc-KD,Axon,Axon+dncRNAi.xlsx,g2,2,Axon,g2,1,fly2_A-g2_1.1,54.75,0.472868763923051
dnc-KD,Axon,Axon+dncRNAi.xlsx,g2,2,Axon,g2,1,fly2_A-g2_1.1,55.0,0.546738341477486
dnc-KD,Axon,Axon+dncRNAi.xlsx,g2,2,Axon,g2,1,fly2_A-g2_1.1,55.25,0.34713998379008
dnc-KD,Axon,Axon+dncRNAi.xlsx,g2,2,Axon,g2,1,fly2_A-g2_1.1,55.5,-0.171263919132252
dnc-KD,Axon,Axon+dncRNAi.xlsx,g2,2,Axon,g2,1,fly2_A-g2_1.1,55.75,0.0696430838980939
dnc-KD,Axon,Axon+dncRNAi.xlsx,g2,2,Axon,g2,1,fly2_A-g2_1.1,56.0,0.2300256630939
dnc-KD,Axon,Axon+dncRNAi.xlsx,g2,2,Axon,g2,1,fly2_A-g2_1.1,56.25,0.861726560283188
dnc-KD,Axon,Axon+dncRNAi.xlsx,g2,2,Axon,g2,1,fly2_A-g2_1.1,56.5,0.762546619196998
dnc-KD,Axon,Axon+dncRNAi.xlsx,g2,2,Axon,g2,1,fly2_A-g2_1.1,56.75,0.52417143636509
dnc-KD,Axon,Axon+dncRNAi.xlsx,g2,2,Axon,g2,1,fly2_A-g2_1.1,57.0,0.549685599665141
dnc-KD,Axon,Axon+dncRNAi.xlsx,g2,2,Axon,g2,1,fly2_A-g2_1.1,57.25,-0.0358389730999982
dnc-KD,Axon,Axon+dncRNAi.xlsx,g2,2,Axon,g2,1,fly2_A-g2_1.1,57.5,0.263292056041801
dnc-KD,Axon,Axon+dncRNAi.xlsx,g2,2,Axon,g2,1,fly2_A-g2_1.1,57.75,0.168501648426587
dnc-KD,Axon,Axon+dncRNAi.xlsx,g2,2,Axon,g2,1,fly2_A-g2_1.1,58.0,0.0358593530768279
dnc-KD,Axon,Axon+dncRNAi.xlsx,g2,2,Axon,g2,1,fly2_A-g2_1.1,58.25,0.120005142024923
dnc-KD,Axon,Axon+dncRNAi.xlsx,g2,2,Axon,g2,1,fly2_A-g2_1.1,58.5,0.524179274817717
dnc-KD,Axon,Axon+dncRNAi.xlsx,g2,2,Axon,g2,1,fly2_A-g2_1.1,58.75,0.0260299334828909
dnc-KD,Axon,Axon+dncRNAi.xlsx,g2,2,Axon,g2,1,fly2_A-g2_1.1,59.0,0.341911735888042
dnc-KD,Axon,Axon+dncRNAi.xlsx,g2,2,Axon,g2,1,fly2_A-g2_1.1,59.25,0.0465823562702135
dnc-KD,Axon,Axon+dncRNAi.xlsx,g2,2,Axon,g2,1,fly2_A-g2_1.1,59.5,0.940424624655696
dnc-KD,Axon,Axon+dncRNAi.xlsx,g2,2,Axon,g2,1,fly2_A-g2_1.1,59.75,0.403921734618212
dnc-KD,Axon,Axon+dncRNAi.xlsx,g2,2,Axon,g2,1,fly2_A-g2_1.1,60.0,0.213745196988153
dnc-KD,Axon,Axon+dncRNAi.xlsx,g2,2,Axon,g2,1,fly2_A-g2_1.1,60.25,0.534416293948244
dnc-KD,Axon,Axon+dncRNAi.xlsx,g2,2,Axon,g2,1,fly2_A-g2_1.1,60.5,0.376910426866453
dnc-KD,Axon,Axon+dncRNAi.xlsx,g2,2,Axon,g2,1,fly2_A-g2_1.1,60.75,0.172546289981987
dnc-KD,Axon,Axon+dncRNAi.xlsx,g2,2,Axon,g2,1,fly2_A-g2_1.1,61.0,0.362793373685688
dnc-KD,Axon,Axon+dncRNAi.xlsx,g2,2,Axon,g2,1,fly2_A-g2_1.1,61.25,0.448467660895998
dnc-KD,Axon,Axon+dncRNAi.xlsx,g2,2,Axon,g2,1,fly2_A-g2_1.1,61.5,0.240239166866547
dnc-KD,Axon,Axon+dncRNAi.xlsx,g2,2,Axon,g2,1,fly2_A-g2_1.1,61.75,-0.227473462918632
dnc-KD,Axon,Axon+dncRNAi.xlsx,g2,2,Axon,g2,1,fly2_A-g2_1.1,62.0,-0.130676411430972
dnc-KD,Axon,Axon+dncRNAi.xlsx,g2,2,Axon,g2,1,fly2_A-g2_1.1,62.25,-0.180732769905358
dnc-KD,Axon,Axon+dncRNAi.xlsx,g2,2,Axon,g2,1,fly2_A-g2_1.1,62.5,0.187556926762202
dnc-KD,Axon,Axon+dncRNAi.xlsx,g2,2,Axon,g2,1,fly2_A-g2_1.1,62.75,0.122129362686771
dnc-KD,Axon,Axon+dncRNAi.xlsx,g2,2,Axon,g2,1,fly2_A-g2_1.1,63.0,-0.0390684155822168
dnc-KD,Axon,Axon+dncRNAi.xlsx,g2,2,Axon,g2,1,fly2_A-g2_1.1,63.25,-0.0174578016902839
dnc-KD,Axon,Axon+dncRNAi.xlsx,g2,2,Axon,g2,1,fly2_A-g2_1.1,63.5,0.000954723529937349
dnc-KD,Axon,Axon+dncRNAi.xlsx,g2,2,Axon,g2,1,fly2_A-g2_1.1,63.75,-0.180928731221027
dnc-KD,Axon,Axon+dncRNAi.xlsx,g2,2,Axon,g2,1,fly2_A-g2_1.1,64.0,-0.212447149233164
dnc-KD,Axon,Axon+dncRNAi.xlsx,g2,2,Axon,g2,1,fly2_A-g2_1.1,64.25,-0.10063946096529
dnc-KD,Axon,Axon+dncRNAi.xlsx,g2,2,Axon,g2,1,fly2_A-g2_1.1,64.5,0.288633773384064
dnc-KD,Axon,Axon+dncRNAi.xlsx,g2,2,Axon,g2,1,fly2_A-g2_1.1,64.75,0.0181914808561471
dnc-KD,Axon,Axon+dncRNAi.xlsx,g2,2,Axon,g2,1,fly2_A-g2_1.1,65.0,0.283060633566449
dnc-KD,Axon,Axon+dncRNAi.xlsx,g2,2,Axon,g2,1,fly2_A-g2_1.1,65.25,-0.197836273536914
dnc-KD,Axon,Axon+dncRNAi.xlsx,g2,2,Axon,g2,1,fly2_A-g2_1.1,65.5,0.211958029789255
dnc-KD,Axon,Axon+dncRNAi.xlsx,g2,2,Axon,g2,1,fly2_A-g2_1.1,65.75,0.157535653201773
dnc-KD,Axon,Axon+dncRNAi.xlsx,g2,2,Axon,g2,1,fly2_A-g2_1.1,66.0,0.124614152169448
dnc-KD,Axon,Axon+dncRNAi.xlsx,g2,2,Axon,g2,1,fly2_A-g2_1.1,66.25,0.268669234543747
dnc-KD,Axon,Axon+dncRNAi.xlsx,g2,2,Axon,g2,1,fly2_A-g2_1.1,66.5,-0.164177957957675
dnc-KD,Axon,Axon+dncRNAi.xlsx,g2,2,Axon,g2,1,fly2_A-g2_1.1,66.75,-0.481102274562183
dnc-KD,Axon,Axon+dncRNAi.xlsx,g2,2,Axon,g2,1,fly2_A-g2_1.1,67.0,0.903646604931014
dnc-KD,Axon,Axon+dncRNAi.xlsx,g2,2,Axon,g2,1,fly2_A-g2_1.1,67.25,1.3167565737183
dnc-KD,Axon,Axon+dncRNAi.xlsx,g2,2,Axon,g2,1,fly2_A-g2_1.1,67.5,1.26492872495027
dnc-KD,Axon,Axon+dncRNAi.xlsx,g2,2,Axon,g2,1,fly2_A-g2_1.1,67.75,0.156649908054951
dnc-KD,Axon,Axon+dncRNAi.xlsx,g2,2,Axon,g2,1,fly2_A-g2_1.1,68.0,0.905088880214335
dnc-KD,Axon,Axon+dncRNAi.xlsx,g2,2,Axon,g2,1,fly2_A-g2_1.1,68.25,0.951045727964934
dnc-KD,Axon,Axon+dncRNAi.xlsx,g2,2,Axon,g2,1,fly2_A-g2_1.1,68.5,0.829933796429114
dnc-KD,Axon,Axon+dncRNAi.xlsx,g2,2,Axon,g2,1,fly2_A-g2_1.1,68.75,0.831477971596583
dnc-KD,Axon,Axon+dncRNAi.xlsx,g2,2,Axon,g2,1,fly2_A-g2_1.1,69.0,0.264021032136088
dnc-KD,Axon,Axon+dncRNAi.xlsx,g2,2,Axon,g2,1,fly2_A-g2_1.1,69.25,-0.0501833414069395
dnc-KD,Axon,Axon+dncRNAi.xlsx,g2,2,Axon,g2,1,fly2_A-g2_1.1,69.5,0.0766820143569099
dnc-KD,Axon,Axon+dncRNAi.xlsx,g2,2,Axon,g2,1,fly2_A-g2_1.1,69.75,0.203037870700021
dnc-KD,Axon,Axon+dncRNAi.xlsx,g2,2,Axon,g2,1,fly2_A-g2_1.1,70.0,0.00253025250791292
dnc-KD,Axon,Axon+dncRNAi.xlsx,g2,2,Axon,g2,1,fly2_A-g2_1.1,70.25,-0.0926991084543982
dnc-KD,Axon,Axon+dncRNAi.xlsx,g2,2,Axon,g2,1,fly2_A-g2_1.1,70.5,1.16047350524628
dnc-KD,Axon,Axon+dncRNAi.xlsx,g2,2,Axon,g2,1,fly2_A-g2_1.1,70.75,0.571194313672927
dnc-KD,Axon,Axon+dncRNAi.xlsx,g2,2,Axon,g2,1,fly2_A-g2_1.1,71.0,0.694383435154833
dnc-KD,Axon,Axon+dncRNAi.xlsx,g2,2,Axon,g2,1,fly2_A-g2_1.1,71.25,0.191930783327925
dnc-KD,Axon,Axon+dncRNAi.xlsx,g2,2,Axon,g2,1,fly2_A-g2_1.1,71.5,-0.0238539790337069
dnc-KD,Axon,Axon+dncRNAi.xlsx,g2,2,Axon,g2,1,fly2_A-g2_1.1,71.75,-0.133850984744804
dnc-KD,Axon,Axon+dncRNAi.xlsx,g2,2,Axon,g2,1,fly2_A-g2_1.1,72.0,1.26463870220308
dnc-KD,Axon,Axon+dncRNAi.xlsx,g2,2,Axon,g2,1,fly2_A-g2_1.1,72.25,0.798877847121955
dnc-KD,Axon,Axon+dncRNAi.xlsx,g2,2,Axon,g2,1,fly2_A-g2_1.1,72.5,1.06888118630277
dnc-KD,Axon,Axon+dncRNAi.xlsx,g2,2,Axon,g2,1,fly2_A-g2_1.1,72.75,0.565495758613284
dnc-KD,Axon,Axon+dncRNAi.xlsx,g2,2,Axon,g2,1,fly2_A-g2_1.1,73.0,0.405465909785681
dnc-KD,Axon,Axon+dncRNAi.xlsx,g2,2,Axon,g2,1,fly2_A-g2_1.1,73.25,0.142140932242848
dnc-KD,Axon,Axon+dncRNAi.xlsx,g2,2,Axon,g2,1,fly2_A-g2_1.1,73.5,0.769185788571849
dnc-KD,Axon,Axon+dncRNAi.xlsx,g2,2,Axon,g2,1,fly2_A-g2_1.1,73.75,0.171104014698666
dnc-KD,Axon,Axon+dncRNAi.xlsx,g2,2,Axon,g2,1,fly2_A-g2_1.1,74.0,0.00519532640100586
dnc-KD,Axon,Axon+dncRNAi.xlsx,g2,2,Axon,g2,1,fly2_A-g2_1.1,74.25,0.400394430936178
dnc-KD,Axon,Axon+dncRNAi.xlsx,g2,2,Axon,g2,1,fly2_A-g2_1.1,74.5,0.416039982379158
dnc-KD,Axon,Axon+dncRNAi.xlsx,g2,2,Axon,g2,1,fly2_A-g2_1.1,74.75,0.0422241766097438
dnc-KD,Axon,Axon+dncRNAi.xlsx,g2,2,Axon,g2,1,fly2_A-g2_1.1,75.0,0.256237448677731
dnc-KD,Axon,Axon+dncRNAi.xlsx,g2,2,Axon,g2,1,fly2_A-g2_1.1,75.25,0.257279962877088
dnc-KD,Axon,Axon+dncRNAi.xlsx,g2,2,Axon,g2,1,fly2_A-g2_1.1,75.5,0.174991887201531
dnc-KD,Axon,Axon+dncRNAi.xlsx,g2,2,Axon,g2,1,fly2_A-g2_1.1,75.75,0.0577599897159501
dnc-KD,Axon,Axon+dncRNAi.xlsx,g2,2,Axon,g2,1,fly2_A-g2_1.1,76.0,0.0854767582041164
dnc-KD,Axon,Axon+dncRNAi.xlsx,g2,2,Axon,g2,1,fly2_A-g2_1.1,76.25,0.22766628885325
dnc-KD,Axon,Axon+dncRNAi.xlsx,g2,2,Axon,g2,1,fly2_A-g2_1.1,76.5,0.447926807664753
dnc-KD,Axon,Axon+dncRNAi.xlsx,g2,2,Axon,g2,1,fly2_A-g2_1.1,76.75,0.683723139582461
dnc-KD,Axon,Axon+dncRNAi.xlsx,g2,2,Axon,g2,1,fly2_A-g2_1.1,77.0,-0.541811090156314
dnc-KD,Axon,Axon+dncRNAi.xlsx,g2,2,Axon,g2,1,fly2_A-g2_1.1,77.25,-0.394628465183945
dnc-KD,Axon,Axon+dncRNAi.xlsx,g2,2,Axon,g2,1,fly2_A-g2_1.1,77.5,-0.25939948046736
dnc-KD,Axon,Axon+dncRNAi.xlsx,g2,2,Axon,g2,1,fly2_A-g2_1.1,77.75,-0.315154394001389
dnc-KD,Axon,Axon+dncRNAi.xlsx,g2,2,Axon,g2,1,fly2_A-g2_1.1,78.0,-0.565812432099404
dnc-KD,Axon,Axon+dncRNAi.xlsx,g2,2,Axon,g2,1,fly2_A-g2_1.1,78.25,-0.570382249980796
dnc-KD,Axon,Axon+dncRNAi.xlsx,g2,2,Axon,g2,1,fly2_A-g2_1.1,78.5,0.950951666533413
dnc-KD,Axon,Axon+dncRNAi.xlsx,g2,2,Axon,g2,1,fly2_A-g2_1.1,78.75,0.430760596412184
dnc-KD,Axon,Axon+dncRNAi.xlsx,g2,2,Axon,g2,1,fly2_A-g2_1.1,79.0,0.317926070850206
dnc-KD,Axon,Axon+dncRNAi.xlsx,g2,2,Axon,g2,1,fly2_A-g2_1.1,79.25,0.6450168605116
dnc-KD,Axon,Axon+dncRNAi.xlsx,g2,2,Axon,g2,1,fly2_A-g2_1.1,79.5,0.414558514832704
dnc-KD,Axon,Axon+dncRNAi.xlsx,g2,2,Axon,g2,1,fly2_A-g2_1.1,79.75,0.63926343628357
dnc-KD,Axon,Axon+dncRNAi.xlsx,g2,2,Axon,g2,1,fly2_A-g2_1.1,80.0,1.11545727181089
dnc-KD,Axon,Axon+dncRNAi.xlsx,g2,2,Axon,g2,1,fly2_A-g2_1.1,80.25,0.647650580594186
dnc-KD,Axon,Axon+dncRNAi.xlsx,g2,2,Axon,g2,1,fly2_A-g2_1.1,80.5,0.23000214773602
dnc-KD,Axon,Axon+dncRNAi.xlsx,g2,2,Axon,g2,1,fly2_A-g2_1.1,80.75,0.282911702966541
dnc-KD,Axon,Axon+dncRNAi.xlsx,g2,2,Axon,g2,1,fly2_A-g2_1.1,81.0,0.113013242281868
dnc-KD,Axon,Axon+dncRNAi.xlsx,g2,2,Axon,g2,1,fly2_A-g2_1.1,81.25,0.129199646956094
dnc-KD,Axon,Axon+dncRNAi.xlsx,g2,2,Axon,g2,1,fly2_A-g2_1.1,81.5,-0.0571125335289811
dnc-KD,Axon,Axon+dncRNAi.xlsx,g2,2,Axon,g2,1,fly2_A-g2_1.1,81.75,0.445246056866406
dnc-KD,Axon,Axon+dncRNAi.xlsx,g2,2,Axon,g2,1,fly2_A-g2_1.1,82.0,0.20056091966997
dnc-KD,Axon,Axon+dncRNAi.xlsx,g2,2,Axon,g2,1,fly2_A-g2_1.1,82.25,0.02998051360677
dnc-KD,Axon,Axon+dncRNAi.xlsx,g2,2,Axon,g2,1,fly2_A-g2_1.1,82.5,0.0485498078795262
dnc-KD,Axon,Axon+dncRNAi.xlsx,g2,2,Axon,g2,1,fly2_A-g2_1.1,82.75,0.391239118268141
dnc-KD,Axon,Axon+dncRNAi.xlsx,g2,2,Axon,g2,1,fly2_A-g2_1.1,83.0,0.508102608480265
dnc-KD,Axon,Axon+dncRNAi.xlsx,g2,2,Axon,g2,1,fly2_A-g2_1.1,83.25,0.206863035581872
dnc-KD,Axon,Axon+dncRNAi.xlsx,g2,2,Axon,g2,1,fly2_A-g2_1.1,83.5,0.672169260410641
dnc-KD,Axon,Axon+dncRNAi.xlsx,g2,2,Axon,g2,1,fly2_A-g2_1.1,83.75,0.209355663517176
dnc-KD,Axon,Axon+dncRNAi.xlsx,g2,2,Axon,g2,1,fly2_A-g2_1.1,84.0,0.469968536451156
dnc-KD,Axon,Axon+dncRNAi.xlsx,g2,2,Axon,g2,1,fly2_A-g2_1.1,84.25,0.538194428114335
dnc-KD,Axon,Axon+dncRNAi.xlsx,g2,2,Axon,g2,1,fly2_A-g2_1.1,84.5,0.675171387766684
dnc-KD,Axon,Axon+dncRNAi.xlsx,g2,2,Axon,g2,1,fly2_A-g2_1.1,84.75,0.798689724258913
dnc-KD,Axon,Axon+dncRNAi.xlsx,g2,2,Axon,g2,1,fly2_A-g2_1.1,85.0,0.0659825265214045
dnc-KD,Axon,Axon+dncRNAi.xlsx,g2,2,Axon,g2,1,fly2_A-g2_1.1,85.25,0.229100725683944
dnc-KD,Axon,Axon+dncRNAi.xlsx,g2,2,Axon,g2,1,fly2_A-g2_1.1,85.5,0.329362373232625
dnc-KD,Axon,Axon+dncRNAi.xlsx,g2,2,Axon,g2,1,fly2_A-g2_1.1,85.75,0.179804697114352
dnc-KD,Axon,Axon+dncRNAi.xlsx,g2,2,Axon,g2,1,fly2_A-g2_1.1,86.0,0.871775456550673
dnc-KD,Axon,Axon+dncRNAi.xlsx,g2,2,Axon,g2,1,fly2_A-g2_1.1,86.25,0.383275250399369
dnc-KD,Axon,Axon+dncRNAi.xlsx,g2,2,Axon,g2,1,fly2_A-g2_1.1,86.5,0.234446550375383
dnc-KD,Axon,Axon+dncRNAi.xlsx,g2,2,Axon,g2,1,fly2_A-g2_1.1,86.75,0.899931178385937
dnc-KD,Axon,Axon+dncRNAi.xlsx,g2,2,Axon,g2,1,fly2_A-g2_1.1,87.0,0.682406279541168
dnc-KD,Axon,Axon+dncRNAi.xlsx,g2,2,Axon,g2,1,fly2_A-g2_1.1,87.25,0.283946378713271
dnc-KD,Axon,Axon+dncRNAi.xlsx,g2,2,Axon,g2,1,fly2_A-g2_1.1,87.5,0.764568939974697
dnc-KD,Axon,Axon+dncRNAi.xlsx,g2,2,Axon,g2,1,fly2_A-g2_1.1,87.75,0.791964331905167
dnc-KD,Axon,Axon+dncRNAi.xlsx,g2,2,Axon,g2,1,fly2_A-g2_1.1,88.0,0.628901001911015
dnc-KD,Axon,Axon+dncRNAi.xlsx,g2,2,Axon,g2,1,fly2_A-g2_1.1,88.25,0.110779283283246
dnc-KD,Axon,Axon+dncRNAi.xlsx,g2,2,Axon,g2,1,fly2_A-g2_1.1,88.5,0.225134468654812
dnc-KD,Axon,Axon+dncRNAi.xlsx,g2,2,Axon,g2,1,fly2_A-g2_1.1,88.75,0.91176724185232
dnc-KD,Axon,Axon+dncRNAi.xlsx,g2,2,Axon,g2,1,fly2_A-g2_1.1,89.0,-0.166451109219431
dnc-KD,Axon,Axon+dncRNAi.xlsx,g2,2,Axon,g2,1,fly2_A-g2_1.1,89.25,-0.413025313498913
dnc-KD,Axon,Axon+dncRNAi.xlsx,g2,2,Axon,g2,1,fly2_A-g2_1.1,89.5,0.0138019473851705
dnc-KD,Axon,Axon+dncRNAi.xlsx,g2,2,Axon,g2,1,fly2_A-g2_1.1,89.75,-0.391532276396381
dnc-KD,Axon,Axon+dncRNAi.xlsx,g2,2,Axon,g2,1,fly2_A-g2_1.1,90.0,-0.25971301857243
dnc-KD,Axon,Axon+dncRNAi.xlsx,g2,2,Axon,g2,1,fly2_A-g2_1.1,90.25,0.142344732011143
dnc-KD,Axon,Axon+dncRNAi.xlsx,g2,2,Axon,g2,1,fly2_A-g2_1.1,90.5,0.326877583749947
dnc-KD,Axon,Axon+dncRNAi.xlsx,g2,2,Axon,g2,1,fly2_A-g2_1.1,90.75,-0.0399149684659051
dnc-KD,Axon,Axon+dncRNAi.xlsx,g2,2,Axon,g2,1,fly2_A-g2_1.1,91.0,-0.349847385327357
dnc-KD,Axon,Axon+dncRNAi.xlsx,g2,2,Axon,g2,1,fly2_A-g2_1.1,91.25,0.438465795344273
dnc-KD,Axon,Axon+dncRNAi.xlsx,g2,2,Axon,g2,1,fly2_A-g2_1.1,91.5,-0.0687212818691888
dnc-KD,Axon,Axon+dncRNAi.xlsx,g2,2,Axon,g2,1,fly2_A-g2_1.1,91.75,1.24177393589086
dnc-KD,Axon,Axon+dncRNAi.xlsx,g2,2,Axon,g2,1,fly2_A-g2_1.1,92.0,1.19077696310127
dnc-KD,Axon,Axon+dncRNAi.xlsx,g2,2,Axon,g2,1,fly2_A-g2_1.1,92.25,0.417960403272711
dnc-KD,Axon,Axon+dncRNAi.xlsx,g2,2,Axon,g2,1,fly2_A-g2_1.1,92.5,0.697291501079355
dnc-KD,Axon,Axon+dncRNAi.xlsx,g2,2,Axon,g2,1,fly2_A-g2_1.1,92.75,0.334410336724248
dnc-KD,Axon,Axon+dncRNAi.xlsx,g2,2,Axon,g2,1,fly2_A-g2_1.1,93.0,0.778395970408274
dnc-KD,Axon,Axon+dncRNAi.xlsx,g2,2,Axon,g2,1,fly2_A-g2_1.1,93.25,0.216621909102168
dnc-KD,Axon,Axon+dncRNAi.xlsx,g2,2,Axon,g2,1,fly2_A-g2_1.1,93.5,-0.115171952135273
dnc-KD,Axon,Axon+dncRNAi.xlsx,g2,2,Axon,g2,1,fly2_A-g2_1.1,93.75,-0.175645614150602
dnc-KD,Axon,Axon+dncRNAi.xlsx,g2,2,Axon,g2,1,fly2_A-g2_1.1,94.0,0.119252650572756
dnc-KD,Axon,Axon+dncRNAi.xlsx,g2,2,Axon,g2,1,fly2_A-g2_1.1,94.25,0.160224242452746
dnc-KD,Axon,Axon+dncRNAi.xlsx,g2,2,Axon,g2,1,fly2_A-g2_1.1,94.5,0.27095022425813
dnc-KD,Axon,Axon+dncRNAi.xlsx,g2,2,Axon,g2,1,fly2_A-g2_1.1,94.75,0.235739895058796
dnc-KD,Axon,Axon+dncRNAi.xlsx,g2,2,Axon,g2,1,fly2_A-g2_1.1,95.0,0.460484008772796
dnc-KD,Axon,Axon+dncRNAi.xlsx,g2,2,Axon,g2,1,fly2_A-g2_1.1,95.25,0.238749860867466
dnc-KD,Axon,Axon+dncRNAi.xlsx,g2,2,Axon,g2,1,fly2_A-g2_1.1,95.5,0.0851475431937931
dnc-KD,Axon,Axon+dncRNAi.xlsx,g2,2,Axon,g2,1,fly2_A-g2_1.1,95.75,-0.115454136429836
dnc-KD,Axon,Axon+dncRNAi.xlsx,g2,2,Axon,g2,1,fly2_A-g2_1.1,96.0,0.0463393642387843
dnc-KD,Axon,Axon+dncRNAi.xlsx,g2,2,Axon,g2,1,fly2_A-g2_1.1,96.25,0.00318084407593265
dnc-KD,Axon,Axon+dncRNAi.xlsx,g2,2,Axon,g2,1,fly2_A-g2_1.1,96.5,0.0831173839634666
dnc-KD,Axon,Axon+dncRNAi.xlsx,g2,2,Axon,g2,1,fly2_A-g2_1.1,96.75,0.289480326267752
dnc-KD,Axon,Axon+dncRNAi.xlsx,g2,2,Axon,g2,1,fly2_A-g2_1.1,97.0,-0.186721347712191
dnc-KD,Axon,Axon+dncRNAi.xlsx,g2,2,Axon,g2,1,fly2_A-g2_1.1,97.25,-0.0417883586436968
dnc-KD,Axon,Axon+dncRNAi.xlsx,g2,2,Axon,g2,1,fly2_A-g2_1.1,97.5,0.195834332736043
dnc-KD,Axon,Axon+dncRNAi.xlsx,g2,2,Axon,g2,1,fly2_A-g2_1.1,97.75,0.579918511446492
dnc-KD,Axon,Axon+dncRNAi.xlsx,g2,2,Axon,g2,1,fly2_A-g2_1.1,98.0,-0.0224744113714
dnc-KD,Axon,Axon+dncRNAi.xlsx,g2,2,Axon,g2,1,fly2_A-g2_1.1,98.25,0.799018939269237
dnc-KD,Axon,Axon+dncRNAi.xlsx,g2,2,Axon,g2,1,fly2_A-g2_1.1,98.5,0.0428512528198834
dnc-KD,Axon,Axon+dncRNAi.xlsx,g2,2,Axon,g2,1,fly2_A-g2_1.1,98.75,0.300673636618742
dnc-KD,Axon,Axon+dncRNAi.xlsx,g2,2,Axon,g2,1,fly2_A-g2_1.1,99.0,0.334755228639825
dnc-KD,Axon,Axon+dncRNAi.xlsx,g2,2,Axon,g2,1,fly2_A-g2_1.1,99.25,0.0704582829712752
dnc-KD,Axon,Axon+dncRNAi.xlsx,g2,2,Axon,g2,1,fly2_A-g2_1.1,99.5,0.361688151865316
dnc-KD,Axon,Axon+dncRNAi.xlsx,g2,2,Axon,g2,1,fly2_A-g2_1.1,99.75,0.0947104553984206
dnc-KD,Axon,Axon+dncRNAi.xlsx,g2,2,Axon,g2,1,fly2_A-g2_1.1,100.0,0.561623563015672
dnc-KD,Axon,Axon+dncRNAi.xlsx,g2,2,Axon,g2,1,fly2_A-g2_1.1,100.25,0.141576563653722
dnc-KD,Axon,Axon+dncRNAi.xlsx,g2,2,Axon,g2,1,fly2_A-g2_1.1,100.5,-0.00464977009818443
dnc-KD,Axon,Axon+dncRNAi.xlsx,g2,2,Axon,g2,1,fly2_A-g2_1.1,100.75,0.0131748711750311
dnc-KD,Axon,Axon+dncRNAi.xlsx,g2,2,Axon,g2,1,fly2_A-g2_1.1,101.0,0.149148508891157
dnc-KD,Axon,Axon+dncRNAi.xlsx,g2,2,Axon,g2,1,fly2_A-g2_1.1,101.25,0.459080925752609
dnc-KD,Axon,Axon+dncRNAi.xlsx,g2,2,Axon,g2,1,fly2_A-g2_1.1,101.5,-0.159263248160707
dnc-KD,Axon,Axon+dncRNAi.xlsx,g2,2,Axon,g2,1,fly2_A-g2_1.1,101.75,0.0162240292468343
dnc-KD,Axon,Axon+dncRNAi.xlsx,g2,2,Axon,g2,1,fly2_A-g2_1.1,102.0,0.494675339130653
dnc-KD,Axon,Axon+dncRNAi.xlsx,g2,2,Axon,g2,1,fly2_A-g2_1.1,102.25,0.646294528289759
dnc-KD,Axon,Axon+dncRNAi.xlsx,g2,2,Axon,g2,1,fly2_A-g2_1.1,102.5,-0.0486861969552315
dnc-KD,Axon,Axon+dncRNAi.xlsx,g2,2,Axon,g2,1,fly2_A-g2_1.1,102.75,0.208571818254502
dnc-KD,Axon,Axon+dncRNAi.xlsx,g2,2,Axon,g2,1,fly2_A-g2_1.1,103.0,-0.0314651165342752
dnc-KD,Axon,Axon+dncRNAi.xlsx,g2,2,Axon,g2,1,fly2_A-g2_1.1,103.25,-0.0371950254044249
dnc-KD,Axon,Axon+dncRNAi.xlsx,g2,2,Axon,g2,1,fly2_A-g2_1.1,103.5,0.591872151702277
dnc-KD,Axon,Axon+dncRNAi.xlsx,g2,2,Axon,g2,1,fly2_A-g2_1.1,103.75,0.00927132176691253
dnc-KD,Axon,Axon+dncRNAi.xlsx,g2,2,Axon,g2,1,fly2_A-g2_1.1,104.0,0.411282041634725
dnc-KD,Axon,Axon+dncRNAi.xlsx,g2,2,Axon,g2,1,fly2_A-g2_1.1,104.25,0.853590246456627
dnc-KD,Axon,Axon+dncRNAi.xlsx,g2,2,Axon,g2,1,fly2_A-g2_1.1,104.5,0.212639975167782
dnc-KD,Axon,Axon+dncRNAi.xlsx,g2,2,Axon,g2,1,fly2_A-g2_1.1,104.75,0.176826085116189
dnc-KD,Axon,Axon+dncRNAi.xlsx,g2,2,Axon,g2,1,fly2_A-g2_1.1,105.0,0.271530269752509
dnc-KD,Axon,Axon+dncRNAi.xlsx,g2,2,Axon,g2,1,fly2_A-g2_1.1,105.25,0.182407063386431
dnc-KD,Axon,Axon+dncRNAi.xlsx,g2,2,Axon,g2,1,fly2_A-g2_1.1,105.5,0.336589426554483
dnc-KD,Axon,Axon+dncRNAi.xlsx,g2,2,Axon,g2,1,fly2_A-g2_1.1,105.75,0.391811325309893
dnc-KD,Axon,Axon+dncRNAi.xlsx,g2,2,Axon,g2,1,fly2_A-g2_1.1,106.0,0.0562550068116152
dnc-KD,Axon,Axon+dncRNAi.xlsx,g2,2,Axon,g2,1,fly2_A-g2_1.1,106.25,0.271875161668085
dnc-KD,Axon,Axon+dncRNAi.xlsx,g2,2,Axon,g2,1,fly2_A-g2_1.1,106.5,0.276523364075745
dnc-KD,Axon,Axon+dncRNAi.xlsx,g2,2,Axon,g2,1,fly2_A-g2_1.1,106.75,0.495537568919595
dnc-KD,Axon,Axon+dncRNAi.xlsx,g2,2,Axon,g2,1,fly2_A-g2_1.1,107.0,0.238397130499262
dnc-KD,Axon,Axon+dncRNAi.xlsx,g2,2,Axon,g2,1,fly2_A-g2_1.1,107.25,0.0481970775113226
dnc-KD,Axon,Axon+dncRNAi.xlsx,g2,2,Axon,g2,1,fly2_A-g2_1.1,107.5,0.421511222312626
dnc-KD,Axon,Axon+dncRNAi.xlsx,g2,2,Axon,g2,1,fly2_A-g2_1.1,107.75,0.289480326267752
dnc-KD,Axon,Axon+dncRNAi.xlsx,g2,2,Axon,g2,1,fly2_A-g2_1.1,108.0,0.273035252656843
dnc-KD,Axon,Axon+dncRNAi.xlsx,g2,2,Axon,g2,1,fly2_A-g2_1.1,108.25,-0.18287266747246
dnc-KD,Axon,Axon+dncRNAi.xlsx,g2,2,Axon,g2,1,fly2_A-g2_1.1,108.5,0.278381077348283
dnc-KD,Axon,Axon+dncRNAi.xlsx,g2,2,Axon,g2,1,fly2_A-g2_1.1,108.75,0.103175984235304
dnc-KD,Axon,Axon+dncRNAi.xlsx,g2,2,Axon,g2,1,fly2_A-g2_1.1,109.0,0.111884505103616
dnc-KD,Axon,Axon+dncRNAi.xlsx,g2,2,Axon,g2,1,fly2_A-g2_1.1,109.25,0.0725589882752425
dnc-KD,Axon,Axon+dncRNAi.xlsx,g2,2,Axon,g2,1,fly2_A-g2_1.1,109.5,0.108349362968955
dnc-KD,Axon,Axon+dncRNAi.xlsx,g2,2,Axon,g2,1,fly2_A-g2_1.1,109.75,0.338564716616422
dnc-KD,Axon,Axon+dncRNAi.xlsx,g2,2,Axon,g2,1,fly2_A-g2_1.1,110.0,-0.0477847749031559
dnc-KD,Axon,Axon+dncRNAi.xlsx,g2,2,Axon,g2,1,fly2_A-g2_1.1,110.25,0.251267869712376
dnc-KD,Axon,Axon+dncRNAi.xlsx,g2,2,Axon,g2,1,fly2_A-g2_1.1,110.5,0.291212624298263
dnc-KD,Axon,Axon+dncRNAi.xlsx,g2,2,Axon,g2,1,fly2_A-g2_1.1,110.75,0.417443065399346
dnc-KD,Axon,Axon+dncRNAi.xlsx,g2,2,Axon,g2,1,fly2_A-g2_1.1,111.0,0.109125369779003
dnc-KD,Axon,Axon+dncRNAi.xlsx,g2,2,Axon,g2,1,fly2_A-g2_1.1,111.25,0.0933857569045011
dnc-KD,Axon,Axon+dncRNAi.xlsx,g2,2,Axon,g2,1,fly2_A-g2_1.1,111.5,0.346810768779757
dnc-KD,Axon,Axon+dncRNAi.xlsx,g2,2,Axon,g2,1,fly2_A-g2_1.1,111.75,0.384842940924718
dnc-KD,Axon,Axon+dncRNAi.xlsx,g2,2,Axon,g2,1,fly2_A-g2_1.1,112.0,0.5637712990354
dnc-KD,Axon,Axon+dncRNAi.xlsx,g2,2,Axon,g2,1,fly2_A-g2_1.1,112.25,0.239917790308851
dnc-KD,Axon,Axon+dncRNAi.xlsx,g2,2,Axon,g2,1,fly2_A-g2_1.1,112.5,0.522736999534396
dnc-KD,Axon,Axon+dncRNAi.xlsx,g2,2,Axon,g2,1,fly2_A-g2_1.1,112.75,0.23233800661879
dnc-KD,Axon,Axon+dncRNAi.xlsx,g2,2,Axon,g2,1,fly2_A-g2_1.1,113.0,0.137649498887724
dnc-KD,Axon,Axon+dncRNAi.xlsx,g2,2,Axon,g2,1,fly2_A-g2_1.1,113.25,0.0144838927636974
dnc-KD,Axon,Axon+dncRNAi.xlsx,g2,2,Axon,g2,1,fly2_A-g2_1.1,113.5,0.929129414420558
dnc-KD,Axon,Axon+dncRNAi.xlsx,g2,2,Axon,g2,1,fly2_A-g2_1.1,113.75,0.128666632177475
dnc-KD,Axon,Axon+dncRNAi.xlsx,g2,2,Axon,g2,1,fly2_A-g2_1.1,114.0,0.406100824448447
dnc-KD,Axon,Axon+dncRNAi.xlsx,g2,2,Axon,g2,1,fly2_A-g2_1.1,114.25,0.30246080381764
dnc-KD,Axon,Axon+dncRNAi.xlsx,g2,2,Axon,g2,1,fly2_A-g2_1.1,114.5,0.239604252203781
dnc-KD,Axon,Axon+dncRNAi.xlsx,g2,2,Axon,g2,1,fly2_A-g2_1.1,114.75,0.442196898794603
dnc-KD,Axon,Axon+dncRNAi.xlsx,g2,2,Axon,g2,1,fly2_A-g2_1.1,115.0,0.548674439276291
dnc-KD,Axon,Axon+dncRNAi.xlsx,g2,2,Axon,g2,1,fly2_A-g2_1.1,115.25,0.547224325540344
dnc-KD,Axon,Axon+dncRNAi.xlsx,g2,2,Axon,g2,1,fly2_A-g2_1.1,115.5,0.074902685610639
dnc-KD,Axon,Axon+dncRNAi.xlsx,g2,2,Axon,g2,1,fly2_A-g2_1.1,115.75,0.0589200807047082
dnc-KD,Axon,Axon+dncRNAi.xlsx,g2,2,Axon,g2,1,fly2_A-g2_1.1,116.0,-0.00620962217090644
dnc-KD,Axon,Axon+dncRNAi.xlsx,g2,2,Axon,g2,1,fly2_A-g2_1.1,116.25,0.307109006225299
dnc-KD,Axon,Axon+dncRNAi.xlsx,g2,2,Axon,g2,1,fly2_A-g2_1.1,116.5,0.201987518048037
dnc-KD,Axon,Axon+dncRNAi.xlsx,g2,2,Axon,g2,1,fly2_A-g2_1.1,116.75,0.395565944118104
dnc-KD,Axon,Axon+dncRNAi.xlsx,g2,2,Axon,g2,1,fly2_A-g2_1.1,117.0,0.671628407179395
dnc-KD,Axon,Axon+dncRNAi.xlsx,g2,2,Axon,g2,1,fly2_A-g2_1.1,117.25,0.467750254357788
dnc-KD,Axon,Axon+dncRNAi.xlsx,g2,2,Axon,g2,1,fly2_A-g2_1.1,117.5,0.306693568236082
dnc-KD,Axon,Axon+dncRNAi.xlsx,g2,2,Axon,g2,1,fly2_A-g2_1.1,117.75,-0.0624818735783006
dnc-KD,Axon,Axon+dncRNAi.xlsx,g2,2,Axon,g2,1,fly2_A-g2_1.1,118.0,0.504536112535097
dnc-KD,Axon,Axon+dncRNAi.xlsx,g2,2,Axon,g2,1,fly2_A-g2_1.1,118.25,0.369369835439526
dnc-KD,Axon,Axon+dncRNAi.xlsx,g2,2,Axon,g2,1,fly2_A-g2_1.1,118.5,0.0338135169412476
dnc-KD,Axon,Axon+dncRNAi.xlsx,g2,2,Axon,g2,1,fly2_A-g2_1.1,118.75,0.173220396907887
dnc-KD,Axon,Axon+dncRNAi.xlsx,g2,2,Axon,g2,1,fly2_A-g2_1.1,119.0,0.218973444890191
dnc-KD,Bouton,Bouton+dncRNAi.xlsx,g3,8,Bouton,g3,1,fly8_B-g3_1.1,-60.75,0.528340553660274
dnc-KD,Bouton,Bouton+dncRNAi.xlsx,g3,8,Bouton,g3,1,fly8_B-g3_1.1,-60.5,0.387240617689169
dnc-KD,Bouton,Bouton+dncRNAi.xlsx,g3,8,Bouton,g3,1,fly8_B-g3_1.1,-60.25,0.724384486746172
dnc-KD,Bouton,Bouton+dncRNAi.xlsx,g3,8,Bouton,g3,1,fly8_B-g3_1.1,-60.0,0.382757260722267
dnc-KD,Bouton,Bouton+dncRNAi.xlsx,g3,8,Bouton,g3,1,fly8_B-g3_1.1,-59.75,0.711857011411783
dnc-KD,Bouton,Bouton+dncRNAi.xlsx,g3,8,Bouton,g3,1,fly8_B-g3_1.1,-59.5,0.860558829859082
dnc-KD,Bouton,Bouton+dncRNAi.xlsx,g3,8,Bouton,g3,1,fly8_B-g3_1.1,-59.25,0.7740140284087
dnc-KD,Bouton,Bouton+dncRNAi.xlsx,g3,8,Bouton,g3,1,fly8_B-g3_1.1,-59.0,0.771726601384771
dnc-KD,Bouton,Bouton+dncRNAi.xlsx,g3,8,Bouton,g3,1,fly8_B-g3_1.1,-58.75,0.76980516268467
dnc-KD,Bouton,Bouton+dncRNAi.xlsx,g3,8,Bouton,g3,1,fly8_B-g3_1.1,-58.5,0.503781212180015
dnc-KD,Bouton,Bouton+dncRNAi.xlsx,g3,8,Bouton,g3,1,fly8_B-g3_1.1,-58.25,0.558698522646195
dnc-KD,Bouton,Bouton+dncRNAi.xlsx,g3,8,Bouton,g3,1,fly8_B-g3_1.1,-58.0,0.473617674491129
dnc-KD,Bouton,Bouton+dncRNAi.xlsx,g3,8,Bouton,g3,1,fly8_B-g3_1.1,-57.75,0.472134659303948
dnc-KD,Bouton,Bouton+dncRNAi.xlsx,g3,8,Bouton,g3,1,fly8_B-g3_1.1,-57.5,0.550700152819187
dnc-KD,Bouton,Bouton+dncRNAi.xlsx,g3,8,Bouton,g3,1,fly8_B-g3_1.1,-57.25,0.170499282415081
dnc-KD,Bouton,Bouton+dncRNAi.xlsx,g3,8,Bouton,g3,1,fly8_B-g3_1.1,-57.0,0.286982691230329
dnc-KD,Bouton,Bouton+dncRNAi.xlsx,g3,8,Bouton,g3,1,fly8_B-g3_1.1,-56.75,0.21589708408334
dnc-KD,Bouton,Bouton+dncRNAi.xlsx,g3,8,Bouton,g3,1,fly8_B-g3_1.1,-56.5,0.280391089023038
dnc-KD,Bouton,Bouton+dncRNAi.xlsx,g3,8,Bouton,g3,1,fly8_B-g3_1.1,-56.25,-0.0188386771123289
dnc-KD,Bouton,Bouton+dncRNAi.xlsx,g3,8,Bouton,g3,1,fly8_B-g3_1.1,-56.0,0.223235912451781
dnc-KD,Bouton,Bouton+dncRNAi.xlsx,g3,8,Bouton,g3,1,fly8_B-g3_1.1,-55.75,0.269335191740711
dnc-KD,Bouton,Bouton+dncRNAi.xlsx,g3,8,Bouton,g3,1,fly8_B-g3_1.1,-55.5,0.405071111340701
dnc-KD,Bouton,Bouton+dncRNAi.xlsx,g3,8,Bouton,g3,1,fly8_B-g3_1.1,-55.25,0.211348916684093
dnc-KD,Bouton,Bouton+dncRNAi.xlsx,g3,8,Bouton,g3,1,fly8_B-g3_1.1,-55.0,0.397579787837331
dnc-KD,Bouton,Bouton+dncRNAi.xlsx,g3,8,Bouton,g3,1,fly8_B-g3_1.1,-54.75,0.0780605439997074
dnc-KD,Bouton,Bouton+dncRNAi.xlsx,g3,8,Bouton,g3,1,fly8_B-g3_1.1,-54.5,0.466610523041157
dnc-KD,Bouton,Bouton+dncRNAi.xlsx,g3,8,Bouton,g3,1,fly8_B-g3_1.1,-54.25,0.584721817421769
dnc-KD,Bouton,Bouton+dncRNAi.xlsx,g3,8,Bouton,g3,1,fly8_B-g3_1.1,-54.0,0.0948311964634856
dnc-KD,Bouton,Bouton+dncRNAi.xlsx,g3,8,Bouton,g3,1,fly8_B-g3_1.1,-53.75,0.359772431510146
dnc-KD,Bouton,Bouton+dncRNAi.xlsx,g3,8,Bouton,g3,1,fly8_B-g3_1.1,-53.5,0.219023234349377
dnc-KD,Bouton,Bouton+dncRNAi.xlsx,g3,8,Bouton,g3,1,fly8_B-g3_1.1,-53.25,0.332681670790072
dnc-KD,Bouton,Bouton+dncRNAi.xlsx,g3,8,Bouton,g3,1,fly8_B-g3_1.1,-53.0,0.231009351954769
dnc-KD,Bouton,Bouton+dncRNAi.xlsx,g3,8,Bouton,g3,1,fly8_B-g3_1.1,-52.75,0.139737201321599
dnc-KD,Bouton,Bouton+dncRNAi.xlsx,g3,8,Bouton,g3,1,fly8_B-g3_1.1,-52.5,0.376954820838232
dnc-KD,Bouton,Bouton+dncRNAi.xlsx,g3,8,Bouton,g3,1,fly8_B-g3_1.1,-52.25,0.228310188066532
dnc-KD,Bouton,Bouton+dncRNAi.xlsx,g3,8,Bouton,g3,1,fly8_B-g3_1.1,-52.0,0.280501647995862
dnc-KD,Bouton,Bouton+dncRNAi.xlsx,g3,8,Bouton,g3,1,fly8_B-g3_1.1,-51.75,0.0161551439754226
dnc-KD,Bouton,Bouton+dncRNAi.xlsx,g3,8,Bouton,g3,1,fly8_B-g3_1.1,-51.5,0.00906030782286724
dnc-KD,Bouton,Bouton+dncRNAi.xlsx,g3,8,Bouton,g3,1,fly8_B-g3_1.1,-51.25,0.173537747978534
dnc-KD,Bouton,Bouton+dncRNAi.xlsx,g3,8,Bouton,g3,1,fly8_B-g3_1.1,-51.0,0.201402421508372
dnc-KD,Bouton,Bouton+dncRNAi.xlsx,g3,8,Bouton,g3,1,fly8_B-g3_1.1,-50.75,-0.0609082724607699
dnc-KD,Bouton,Bouton+dncRNAi.xlsx,g3,8,Bouton,g3,1,fly8_B-g3_1.1,-50.5,0.261394007589302
dnc-KD,Bouton,Bouton+dncRNAi.xlsx,g3,8,Bouton,g3,1,fly8_B-g3_1.1,-50.25,0.2440858097749
dnc-KD,Bouton,Bouton+dncRNAi.xlsx,g3,8,Bouton,g3,1,fly8_B-g3_1.1,-50.0,0.410290257333634
dnc-KD,Bouton,Bouton+dncRNAi.xlsx,g3,8,Bouton,g3,1,fly8_B-g3_1.1,-49.75,0.26632341282587
dnc-KD,Bouton,Bouton+dncRNAi.xlsx,g3,8,Bouton,g3,1,fly8_B-g3_1.1,-49.5,0.211528098467634
dnc-KD,Bouton,Bouton+dncRNAi.xlsx,g3,8,Bouton,g3,1,fly8_B-g3_1.1,-49.25,0.530746164413774
dnc-KD,Bouton,Bouton+dncRNAi.xlsx,g3,8,Bouton,g3,1,fly8_B-g3_1.1,-49.0,0.147480141797601
dnc-KD,Bouton,Bouton+dncRNAi.xlsx,g3,8,Bouton,g3,1,fly8_B-g3_1.1,-48.75,0.593196734545429
dnc-KD,Bouton,Bouton+dncRNAi.xlsx,g3,8,Bouton,g3,1,fly8_B-g3_1.1,-48.5,0.250376234090707
dnc-KD,Bouton,Bouton+dncRNAi.xlsx,g3,8,Bouton,g3,1,fly8_B-g3_1.1,-48.25,0.207086677662837
dnc-KD,Bouton,Bouton+dncRNAi.xlsx,g3,8,Bouton,g3,1,fly8_B-g3_1.1,-48.0,0.396314078217424
dnc-KD,Bouton,Bouton+dncRNAi.xlsx,g3,8,Bouton,g3,1,fly8_B-g3_1.1,-47.75,0.178146913431753
dnc-KD,Bouton,Bouton+dncRNAi.xlsx,g3,8,Bouton,g3,1,fly8_B-g3_1.1,-47.5,0.00280038253404623
dnc-KD,Bouton,Bouton+dncRNAi.xlsx,g3,8,Bouton,g3,1,fly8_B-g3_1.1,-47.25,0.33405412700443
dnc-KD,Bouton,Bouton+dncRNAi.xlsx,g3,8,Bouton,g3,1,fly8_B-g3_1.1,-47.0,0.181875419480758
dnc-KD,Bouton,Bouton+dncRNAi.xlsx,g3,8,Bouton,g3,1,fly8_B-g3_1.1,-46.75,0.45016011036073
dnc-KD,Bouton,Bouton+dncRNAi.xlsx,g3,8,Bouton,g3,1,fly8_B-g3_1.1,-46.5,0.234653985679563
dnc-KD,Bouton,Bouton+dncRNAi.xlsx,g3,8,Bouton,g3,1,fly8_B-g3_1.1,-46.25,0.359619936375218
dnc-KD,Bouton,Bouton+dncRNAi.xlsx,g3,8,Bouton,g3,1,fly8_B-g3_1.1,-46.0,0.61734433916138
dnc-KD,Bouton,Bouton+dncRNAi.xlsx,g3,8,Bouton,g3,1,fly8_B-g3_1.1,-45.75,0.428208435687751
dnc-KD,Bouton,Bouton+dncRNAi.xlsx,g3,8,Bouton,g3,1,fly8_B-g3_1.1,-45.5,0.512976668816213
dnc-KD,Bouton,Bouton+dncRNAi.xlsx,g3,8,Bouton,g3,1,fly8_B-g3_1.1,-45.25,0.346368109149918
dnc-KD,Bouton,Bouton+dncRNAi.xlsx,g3,8,Bouton,g3,1,fly8_B-g3_1.1,-45.0,0.230833982549601
dnc-KD,Bouton,Bouton+dncRNAi.xlsx,g3,8,Bouton,g3,1,fly8_B-g3_1.1,-44.75,0.362795647560107
dnc-KD,Bouton,Bouton+dncRNAi.xlsx,g3,8,Bouton,g3,1,fly8_B-g3_1.1,-44.5,0.536830720297427
dnc-KD,Bouton,Bouton+dncRNAi.xlsx,g3,8,Bouton,g3,1,fly8_B-g3_1.1,-44.25,0.16715582658177
dnc-KD,Bouton,Bouton+dncRNAi.xlsx,g3,8,Bouton,g3,1,fly8_B-g3_1.1,-44.0,0.508725866930077
dnc-KD,Bouton,Bouton+dncRNAi.xlsx,g3,8,Bouton,g3,1,fly8_B-g3_1.1,-43.75,0.446637472743878
dnc-KD,Bouton,Bouton+dncRNAi.xlsx,g3,8,Bouton,g3,1,fly8_B-g3_1.1,-43.5,0.362124668966421
dnc-KD,Bouton,Bouton+dncRNAi.xlsx,g3,8,Bouton,g3,1,fly8_B-g3_1.1,-43.25,0.374907573651815
dnc-KD,Bouton,Bouton+dncRNAi.xlsx,g3,8,Bouton,g3,1,fly8_B-g3_1.1,-43.0,0.228760048714571
dnc-KD,Bouton,Bouton+dncRNAi.xlsx,g3,8,Bouton,g3,1,fly8_B-g3_1.1,-42.75,0.465169444016082
dnc-KD,Bouton,Bouton+dncRNAi.xlsx,g3,8,Bouton,g3,1,fly8_B-g3_1.1,-42.5,0.323928450045168
dnc-KD,Bouton,Bouton+dncRNAi.xlsx,g3,8,Bouton,g3,1,fly8_B-g3_1.1,-42.25,0.378857197646467
dnc-KD,Bouton,Bouton+dncRNAi.xlsx,g3,8,Bouton,g3,1,fly8_B-g3_1.1,-42.0,0.433389457896951
dnc-KD,Bouton,Bouton+dncRNAi.xlsx,g3,8,Bouton,g3,1,fly8_B-g3_1.1,-41.75,0.155570008705566
dnc-KD,Bouton,Bouton+dncRNAi.xlsx,g3,8,Bouton,g3,1,fly8_B-g3_1.1,-41.5,0.170998703981972
dnc-KD,Bouton,Bouton+dncRNAi.xlsx,g3,8,Bouton,g3,1,fly8_B-g3_1.1,-41.25,0.0914648663599357
dnc-KD,Bouton,Bouton+dncRNAi.xlsx,g3,8,Bouton,g3,1,fly8_B-g3_1.1,-41.0,0.31212532660169
dnc-KD,Bouton,Bouton+dncRNAi.xlsx,g3,8,Bouton,g3,1,fly8_B-g3_1.1,-40.75,0.409283789443105
dnc-KD,Bouton,Bouton+dncRNAi.xlsx,g3,8,Bouton,g3,1,fly8_B-g3_1.1,-40.5,0.212134266628975
dnc-KD,Bouton,Bouton+dncRNAi.xlsx,g3,8,Bouton,g3,1,fly8_B-g3_1.1,-40.25,0.414903235165226
dnc-KD,Bouton,Bouton+dncRNAi.xlsx,g3,8,Bouton,g3,1,fly8_B-g3_1.1,-40.0,0.218195948242389
dnc-KD,Bouton,Bouton+dncRNAi.xlsx,g3,8,Bouton,g3,1,fly8_B-g3_1.1,-39.75,0.235805323948275
dnc-KD,Bouton,Bouton+dncRNAi.xlsx,g3,8,Bouton,g3,1,fly8_B-g3_1.1,-39.5,0.180468651861041
dnc-KD,Bouton,Bouton+dncRNAi.xlsx,g3,8,Bouton,g3,1,fly8_B-g3_1.1,-39.25,0.212782370952422
dnc-KD,Bouton,Bouton+dncRNAi.xlsx,g3,8,Bouton,g3,1,fly8_B-g3_1.1,-39.0,0.342685351641391
dnc-KD,Bouton,Bouton+dncRNAi.xlsx,g3,8,Bouton,g3,1,fly8_B-g3_1.1,-38.75,0.317230101243427
dnc-KD,Bouton,Bouton+dncRNAi.xlsx,g3,8,Bouton,g3,1,fly8_B-g3_1.1,-38.5,0.327843762634461
dnc-KD,Bouton,Bouton+dncRNAi.xlsx,g3,8,Bouton,g3,1,fly8_B-g3_1.1,-38.25,0.218500938512246
dnc-KD,Bouton,Bouton+dncRNAi.xlsx,g3,8,Bouton,g3,1,fly8_B-g3_1.1,-38.0,0.197628166918888
dnc-KD,Bouton,Bouton+dncRNAi.xlsx,g3,8,Bouton,g3,1,fly8_B-g3_1.1,-37.75,-0.636897646599768
dnc-KD,Bouton,Bouton+dncRNAi.xlsx,g3,8,Bouton,g3,1,fly8_B-g3_1.1,-37.5,-0.439000897624488
dnc-KD,Bouton,Bouton+dncRNAi.xlsx,g3,8,Bouton,g3,1,fly8_B-g3_1.1,-37.25,-0.32044355497421
dnc-KD,Bouton,Bouton+dncRNAi.xlsx,g3,8,Bouton,g3,1,fly8_B-g3_1.1,-37.0,0.235934944812964
dnc-KD,Bouton,Bouton+dncRNAi.xlsx,g3,8,Bouton,g3,1,fly8_B-g3_1.1,-36.75,-0.257764242140162
dnc-KD,Bouton,Bouton+dncRNAi.xlsx,g3,8,Bouton,g3,1,fly8_B-g3_1.1,-36.5,-0.0603173538129214
dnc-KD,Bouton,Bouton+dncRNAi.xlsx,g3,8,Bouton,g3,1,fly8_B-g3_1.1,-36.25,-0.21030013139362
dnc-KD,Bouton,Bouton+dncRNAi.xlsx,g3,8,Bouton,g3,1,fly8_B-g3_1.1,-36.0,-0.175454993062424
dnc-KD,Bouton,Bouton+dncRNAi.xlsx,g3,8,Bouton,g3,1,fly8_B-g3_1.1,-35.75,0.415909703055755
dnc-KD,Bouton,Bouton+dncRNAi.xlsx,g3,8,Bouton,g3,1,fly8_B-g3_1.1,-35.5,0.0412215317793191
dnc-KD,Bouton,Bouton+dncRNAi.xlsx,g3,8,Bouton,g3,1,fly8_B-g3_1.1,-35.25,0.195752476759265
dnc-KD,Bouton,Bouton+dncRNAi.xlsx,g3,8,Bouton,g3,1,fly8_B-g3_1.1,-35.0,0.431757759953215
dnc-KD,Bouton,Bouton+dncRNAi.xlsx,g3,8,Bouton,g3,1,fly8_B-g3_1.1,-34.75,0.34923883006495
dnc-KD,Bouton,Bouton+dncRNAi.xlsx,g3,8,Bouton,g3,1,fly8_B-g3_1.1,-34.5,0.04791988058106
dnc-KD,Bouton,Bouton+dncRNAi.xlsx,g3,8,Bouton,g3,1,fly8_B-g3_1.1,-34.25,0.313940018707341
dnc-KD,Bouton,Bouton+dncRNAi.xlsx,g3,8,Bouton,g3,1,fly8_B-g3_1.1,-34.0,0.800510058102553
dnc-KD,Bouton,Bouton+dncRNAi.xlsx,g3,8,Bouton,g3,1,fly8_B-g3_1.1,-33.75,0.469709986658582
dnc-KD,Bouton,Bouton+dncRNAi.xlsx,g3,8,Bouton,g3,1,fly8_B-g3_1.1,-33.5,0.529560514739704
dnc-KD,Bouton,Bouton+dncRNAi.xlsx,g3,8,Bouton,g3,1,fly8_B-g3_1.1,-33.25,0.554619277786854
dnc-KD,Bouton,Bouton+dncRNAi.xlsx,g3,8,Bouton,g3,1,fly8_B-g3_1.1,-33.0,0.373725736356118
dnc-KD,Bouton,Bouton+dncRNAi.xlsx,g3,8,Bouton,g3,1,fly8_B-g3_1.1,-32.75,0.352742405789936
dnc-KD,Bouton,Bouton+dncRNAi.xlsx,g3,8,Bouton,g3,1,fly8_B-g3_1.1,-32.5,0.115620095732633
dnc-KD,Bouton,Bouton+dncRNAi.xlsx,g3,8,Bouton,g3,1,fly8_B-g3_1.1,-32.25,0.381785104237097
dnc-KD,Bouton,Bouton+dncRNAi.xlsx,g3,8,Bouton,g3,1,fly8_B-g3_1.1,-32.0,0.40011501945552
dnc-KD,Bouton,Bouton+dncRNAi.xlsx,g3,8,Bouton,g3,1,fly8_B-g3_1.1,-31.75,0.145089780557595
dnc-KD,Bouton,Bouton+dncRNAi.xlsx,g3,8,Bouton,g3,1,fly8_B-g3_1.1,-31.5,-0.00370353497066069
dnc-KD,Bouton,Bouton+dncRNAi.xlsx,g3,8,Bouton,g3,1,fly8_B-g3_1.1,-31.25,-0.158314539896444
dnc-KD,Bouton,Bouton+dncRNAi.xlsx,g3,8,Bouton,g3,1,fly8_B-g3_1.1,-31.0,0.0368296718933741
dnc-KD,Bouton,Bouton+dncRNAi.xlsx,g3,8,Bouton,g3,1,fly8_B-g3_1.1,-30.75,-0.0778428571945964
dnc-KD,Bouton,Bouton+dncRNAi.xlsx,g3,8,Bouton,g3,1,fly8_B-g3_1.1,-30.5,-0.0993217969492965
dnc-KD,Bouton,Bouton+dncRNAi.xlsx,g3,8,Bouton,g3,1,fly8_B-g3_1.1,-30.25,-0.169812673070064
dnc-KD,Bouton,Bouton+dncRNAi.xlsx,g3,8,Bouton,g3,1,fly8_B-g3_1.1,-30.0,0.113793966491863
dnc-KD,Bouton,Bouton+dncRNAi.xlsx,g3,8,Bouton,g3,1,fly8_B-g3_1.1,-29.75,-0.0461238691294374
dnc-KD,Bouton,Bouton+dncRNAi.xlsx,g3,8,Bouton,g3,1,fly8_B-g3_1.1,-29.5,0.0159035270027904
dnc-KD,Bouton,Bouton+dncRNAi.xlsx,g3,8,Bouton,g3,1,fly8_B-g3_1.1,-29.25,-0.277737292437442
dnc-KD,Bouton,Bouton+dncRNAi.xlsx,g3,8,Bouton,g3,1,fly8_B-g3_1.1,-29.0,0.225149726395135
dnc-KD,Bouton,Bouton+dncRNAi.xlsx,g3,8,Bouton,g3,1,fly8_B-g3_1.1,-28.75,-0.0727342701744867
dnc-KD,Bouton,Bouton+dncRNAi.xlsx,g3,8,Bouton,g3,1,fly8_B-g3_1.1,-28.5,0.00761541641941822
dnc-KD,Bouton,Bouton+dncRNAi.xlsx,g3,8,Bouton,g3,1,fly8_B-g3_1.1,-28.25,0.236602111028277
dnc-KD,Bouton,Bouton+dncRNAi.xlsx,g3,8,Bouton,g3,1,fly8_B-g3_1.1,-28.0,0.282613705614623
dnc-KD,Bouton,Bouton+dncRNAi.xlsx,g3,8,Bouton,g3,1,fly8_B-g3_1.1,-27.75,-0.214272629658512
dnc-KD,Bouton,Bouton+dncRNAi.xlsx,g3,8,Bouton,g3,1,fly8_B-g3_1.1,-27.5,0.31615501054218
dnc-KD,Bouton,Bouton+dncRNAi.xlsx,g3,8,Bouton,g3,1,fly8_B-g3_1.1,-27.25,0.219983953699427
dnc-KD,Bouton,Bouton+dncRNAi.xlsx,g3,8,Bouton,g3,1,fly8_B-g3_1.1,-27.0,-0.0214272820277429
dnc-KD,Bouton,Bouton+dncRNAi.xlsx,g3,8,Bouton,g3,1,fly8_B-g3_1.1,-26.75,0.518028070160725
dnc-KD,Bouton,Bouton+dncRNAi.xlsx,g3,8,Bouton,g3,1,fly8_B-g3_1.1,-26.5,0.121536906967865
dnc-KD,Bouton,Bouton+dncRNAi.xlsx,g3,8,Bouton,g3,1,fly8_B-g3_1.1,-26.25,0.248428108741994
dnc-KD,Bouton,Bouton+dncRNAi.xlsx,g3,8,Bouton,g3,1,fly8_B-g3_1.1,-26.0,0.227890826445478
dnc-KD,Bouton,Bouton+dncRNAi.xlsx,g3,8,Bouton,g3,1,fly8_B-g3_1.1,-25.75,0.36562061993466
dnc-KD,Bouton,Bouton+dncRNAi.xlsx,g3,8,Bouton,g3,1,fly8_B-g3_1.1,-25.5,0.10555160444897
dnc-KD,Bouton,Bouton+dncRNAi.xlsx,g3,8,Bouton,g3,1,fly8_B-g3_1.1,-25.25,0.203670786640435
dnc-KD,Bouton,Bouton+dncRNAi.xlsx,g3,8,Bouton,g3,1,fly8_B-g3_1.1,-25.0,0.393100243248802
dnc-KD,Bouton,Bouton+dncRNAi.xlsx,g3,8,Bouton,g3,1,fly8_B-g3_1.1,-24.75,0.266525468879651
dnc-KD,Bouton,Bouton+dncRNAi.xlsx,g3,8,Bouton,g3,1,fly8_B-g3_1.1,-24.5,0.0994632361869432
dnc-KD,Bouton,Bouton+dncRNAi.xlsx,g3,8,Bouton,g3,1,fly8_B-g3_1.1,-24.25,0.0100057776594248
dnc-KD,Bouton,Bouton+dncRNAi.xlsx,g3,8,Bouton,g3,1,fly8_B-g3_1.1,-24.0,0.184216219801913
dnc-KD,Bouton,Bouton+dncRNAi.xlsx,g3,8,Bouton,g3,1,fly8_B-g3_1.1,-23.75,0.169790180037663
dnc-KD,Bouton,Bouton+dncRNAi.xlsx,g3,8,Bouton,g3,1,fly8_B-g3_1.1,-23.5,0.256148174947756
dnc-KD,Bouton,Bouton+dncRNAi.xlsx,g3,8,Bouton,g3,1,fly8_B-g3_1.1,-23.25,0.382151092560925
dnc-KD,Bouton,Bouton+dncRNAi.xlsx,g3,8,Bouton,g3,1,fly8_B-g3_1.1,-23.0,0.366550840257725
dnc-KD,Bouton,Bouton+dncRNAi.xlsx,g3,8,Bouton,g3,1,fly8_B-g3_1.1,-22.75,-0.588171638611692
dnc-KD,Bouton,Bouton+dncRNAi.xlsx,g3,8,Bouton,g3,1,fly8_B-g3_1.1,-22.5,-0.338727721652155
dnc-KD,Bouton,Bouton+dncRNAi.xlsx,g3,8,Bouton,g3,1,fly8_B-g3_1.1,-22.25,-0.167563369829867
dnc-KD,Bouton,Bouton+dncRNAi.xlsx,g3,8,Bouton,g3,1,fly8_B-g3_1.1,-22.0,-0.0560894261970246
dnc-KD,Bouton,Bouton+dncRNAi.xlsx,g3,8,Bouton,g3,1,fly8_B-g3_1.1,-21.75,-0.0960736505753162
dnc-KD,Bouton,Bouton+dncRNAi.xlsx,g3,8,Bouton,g3,1,fly8_B-g3_1.1,-21.5,-0.411509837175226
dnc-KD,Bouton,Bouton+dncRNAi.xlsx,g3,8,Bouton,g3,1,fly8_B-g3_1.1,-21.25,-0.390457883798326
dnc-KD,Bouton,Bouton+dncRNAi.xlsx,g3,8,Bouton,g3,1,fly8_B-g3_1.1,-21.0,-0.297005052735677
dnc-KD,Bouton,Bouton+dncRNAi.xlsx,g3,8,Bouton,g3,1,fly8_B-g3_1.1,-20.75,-0.0554870704140565
dnc-KD,Bouton,Bouton+dncRNAi.xlsx,g3,8,Bouton,g3,1,fly8_B-g3_1.1,-20.5,0.071827305359499
dnc-KD,Bouton,Bouton+dncRNAi.xlsx,g3,8,Bouton,g3,1,fly8_B-g3_1.1,-20.25,-0.157590188005533
dnc-KD,Bouton,Bouton+dncRNAi.xlsx,g3,8,Bouton,g3,1,fly8_B-g3_1.1,-20.0,-0.0513582646358633
dnc-KD,Bouton,Bouton+dncRNAi.xlsx,g3,8,Bouton,g3,1,fly8_B-g3_1.1,-19.75,0.367686929012943
dnc-KD,Bouton,Bouton+dncRNAi.xlsx,g3,8,Bouton,g3,1,fly8_B-g3_1.1,-19.5,0.390355330820087
dnc-KD,Bouton,Bouton+dncRNAi.xlsx,g3,8,Bouton,g3,1,fly8_B-g3_1.1,-19.25,0.282648017019982
dnc-KD,Bouton,Bouton+dncRNAi.xlsx,g3,8,Bouton,g3,1,fly8_B-g3_1.1,-19.0,0.608289940524992
dnc-KD,Bouton,Bouton+dncRNAi.xlsx,g3,8,Bouton,g3,1,fly8_B-g3_1.1,-18.75,0.106550447582752
dnc-KD,Bouton,Bouton+dncRNAi.xlsx,g3,8,Bouton,g3,1,fly8_B-g3_1.1,-18.5,0.210453007766387
dnc-KD,Bouton,Bouton+dncRNAi.xlsx,g3,8,Bouton,g3,1,fly8_B-g3_1.1,-18.25,-0.0439775001053167
dnc-KD,Bouton,Bouton+dncRNAi.xlsx,g3,8,Bouton,g3,1,fly8_B-g3_1.1,-18.0,0.29781747056701
dnc-KD,Bouton,Bouton+dncRNAi.xlsx,g3,8,Bouton,g3,1,fly8_B-g3_1.1,-17.75,0.351690189358928
dnc-KD,Bouton,Bouton+dncRNAi.xlsx,g3,8,Bouton,g3,1,fly8_B-g3_1.1,-17.5,0.100138027159003
dnc-KD,Bouton,Bouton+dncRNAi.xlsx,g3,8,Bouton,g3,1,fly8_B-g3_1.1,-17.25,0.51773832940436
dnc-KD,Bouton,Bouton+dncRNAi.xlsx,g3,8,Bouton,g3,1,fly8_B-g3_1.1,-17.0,0.127278348797929
dnc-KD,Bouton,Bouton+dncRNAi.xlsx,g3,8,Bouton,g3,1,fly8_B-g3_1.1,-16.75,0.223041481154747
dnc-KD,Bouton,Bouton+dncRNAi.xlsx,g3,8,Bouton,g3,1,fly8_B-g3_1.1,-16.5,-0.00803439680263418
dnc-KD,Bouton,Bouton+dncRNAi.xlsx,g3,8,Bouton,g3,1,fly8_B-g3_1.1,-16.25,0.147358145689659
dnc-KD,Bouton,Bouton+dncRNAi.xlsx,g3,8,Bouton,g3,1,fly8_B-g3_1.1,-16.0,0.00971222452468718
dnc-KD,Bouton,Bouton+dncRNAi.xlsx,g3,8,Bouton,g3,1,fly8_B-g3_1.1,-15.75,-0.0075959732897145
dnc-KD,Bouton,Bouton+dncRNAi.xlsx,g3,8,Bouton,g3,1,fly8_B-g3_1.1,-15.5,-0.0910984967982692
dnc-KD,Bouton,Bouton+dncRNAi.xlsx,g3,8,Bouton,g3,1,fly8_B-g3_1.1,-15.25,-0.0628258987824976
dnc-KD,Bouton,Bouton+dncRNAi.xlsx,g3,8,Bouton,g3,1,fly8_B-g3_1.1,-15.0,-0.141322769487019
dnc-KD,Bouton,Bouton+dncRNAi.xlsx,g3,8,Bouton,g3,1,fly8_B-g3_1.1,-14.75,0.317798145621036
dnc-KD,Bouton,Bouton+dncRNAi.xlsx,g3,8,Bouton,g3,1,fly8_B-g3_1.1,-14.5,-0.0753114379547808
dnc-KD,Bouton,Bouton+dncRNAi.xlsx,g3,8,Bouton,g3,1,fly8_B-g3_1.1,-14.25,0.115174047462967
dnc-KD,Bouton,Bouton+dncRNAi.xlsx,g3,8,Bouton,g3,1,fly8_B-g3_1.1,-14.0,0.0327313651421667
dnc-KD,Bouton,Bouton+dncRNAi.xlsx,g3,8,Bouton,g3,1,fly8_B-g3_1.1,-13.75,0.0499556906323575
dnc-KD,Bouton,Bouton+dncRNAi.xlsx,g3,8,Bouton,g3,1,fly8_B-g3_1.1,-13.5,0.323154537235404
dnc-KD,Bouton,Bouton+dncRNAi.xlsx,g3,8,Bouton,g3,1,fly8_B-g3_1.1,-13.25,0.117888460864697
dnc-KD,Bouton,Bouton+dncRNAi.xlsx,g3,8,Bouton,g3,1,fly8_B-g3_1.1,-13.0,0.0873093739331299
dnc-KD,Bouton,Bouton+dncRNAi.xlsx,g3,8,Bouton,g3,1,fly8_B-g3_1.1,-12.75,-0.120785487190504
dnc-KD,Bouton,Bouton+dncRNAi.xlsx,g3,8,Bouton,g3,1,fly8_B-g3_1.1,-12.5,-0.0587085301394242
dnc-KD,Bouton,Bouton+dncRNAi.xlsx,g3,8,Bouton,g3,1,fly8_B-g3_1.1,-12.25,0.0628377171554551
dnc-KD,Bouton,Bouton+dncRNAi.xlsx,g3,8,Bouton,g3,1,fly8_B-g3_1.1,-12.0,-0.315079538603095
dnc-KD,Bouton,Bouton+dncRNAi.xlsx,g3,8,Bouton,g3,1,fly8_B-g3_1.1,-11.75,0.0070931205822876
dnc-KD,Bouton,Bouton+dncRNAi.xlsx,g3,8,Bouton,g3,1,fly8_B-g3_1.1,-11.5,-0.345090581157053
dnc-KD,Bouton,Bouton+dncRNAi.xlsx,g3,8,Bouton,g3,1,fly8_B-g3_1.1,-11.25,-0.169717363610734
dnc-KD,Bouton,Bouton+dncRNAi.xlsx,g3,8,Bouton,g3,1,fly8_B-g3_1.1,-11.0,-0.12913840820622
dnc-KD,Bouton,Bouton+dncRNAi.xlsx,g3,8,Bouton,g3,1,fly8_B-g3_1.1,-10.75,-0.159584061894725
dnc-KD,Bouton,Bouton+dncRNAi.xlsx,g3,8,Bouton,g3,1,fly8_B-g3_1.1,-10.5,-0.147540758613735
dnc-KD,Bouton,Bouton+dncRNAi.xlsx,g3,8,Bouton,g3,1,fly8_B-g3_1.1,-10.25,0.256742905973978
dnc-KD,Bouton,Bouton+dncRNAi.xlsx,g3,8,Bouton,g3,1,fly8_B-g3_1.1,-10.0,-0.18622496196676
dnc-KD,Bouton,Bouton+dncRNAi.xlsx,g3,8,Bouton,g3,1,fly8_B-g3_1.1,-9.75,-0.247325950154296
dnc-KD,Bouton,Bouton+dncRNAi.xlsx,g3,8,Bouton,g3,1,fly8_B-g3_1.1,-9.5,-0.18393753494283
dnc-KD,Bouton,Bouton+dncRNAi.xlsx,g3,8,Bouton,g3,1,fly8_B-g3_1.1,-9.25,-0.348639905422517
dnc-KD,Bouton,Bouton+dncRNAi.xlsx,g3,8,Bouton,g3,1,fly8_B-g3_1.1,-9.0,-0.242770157998303
dnc-KD,Bouton,Bouton+dncRNAi.xlsx,g3,8,Bouton,g3,1,fly8_B-g3_1.1,-8.75,-0.443838805780099
dnc-KD,Bouton,Bouton+dncRNAi.xlsx,g3,8,Bouton,g3,1,fly8_B-g3_1.1,-8.5,-0.0768516388175601
dnc-KD,Bouton,Bouton+dncRNAi.xlsx,g3,8,Bouton,g3,1,fly8_B-g3_1.1,-8.25,-0.180220466028945
dnc-KD,Bouton,Bouton+dncRNAi.xlsx,g3,8,Bouton,g3,1,fly8_B-g3_1.1,-8.0,-0.340492852838954
dnc-KD,Bouton,Bouton+dncRNAi.xlsx,g3,8,Bouton,g3,1,fly8_B-g3_1.1,-7.75,-0.121284908757395
dnc-KD,Bouton,Bouton+dncRNAi.xlsx,g3,8,Bouton,g3,1,fly8_B-g3_1.1,-7.5,-0.172153473391219
dnc-KD,Bouton,Bouton+dncRNAi.xlsx,g3,8,Bouton,g3,1,fly8_B-g3_1.1,-7.25,0.0551100261929459
dnc-KD,Bouton,Bouton+dncRNAi.xlsx,g3,8,Bouton,g3,1,fly8_B-g3_1.1,-7.0,-0.287916342693929
dnc-KD,Bouton,Bouton+dncRNAi.xlsx,g3,8,Bouton,g3,1,fly8_B-g3_1.1,-6.75,-0.128814356044497
dnc-KD,Bouton,Bouton+dncRNAi.xlsx,g3,8,Bouton,g3,1,fly8_B-g3_1.1,-6.5,-0.00446601064530389
dnc-KD,Bouton,Bouton+dncRNAi.xlsx,g3,8,Bouton,g3,1,fly8_B-g3_1.1,-6.25,-0.0867905092365348
dnc-KD,Bouton,Bouton+dncRNAi.xlsx,g3,8,Bouton,g3,1,fly8_B-g3_1.1,-6.0,0.067385884554702
dnc-KD,Bouton,Bouton+dncRNAi.xlsx,g3,8,Bouton,g3,1,fly8_B-g3_1.1,-5.75,-0.237185023681541
dnc-KD,Bouton,Bouton+dncRNAi.xlsx,g3,8,Bouton,g3,1,fly8_B-g3_1.1,-5.5,0.0196854063490207
dnc-KD,Bouton,Bouton+dncRNAi.xlsx,g3,8,Bouton,g3,1,fly8_B-g3_1.1,-5.25,-0.118543808707053
dnc-KD,Bouton,Bouton+dncRNAi.xlsx,g3,8,Bouton,g3,1,fly8_B-g3_1.1,-5.0,-0.195042993144009
dnc-KD,Bouton,Bouton+dncRNAi.xlsx,g3,8,Bouton,g3,1,fly8_B-g3_1.1,-4.75,0.0659066817458942
dnc-KD,Bouton,Bouton+dncRNAi.xlsx,g3,8,Bouton,g3,1,fly8_B-g3_1.1,-4.5,0.0108826246852646
dnc-KD,Bouton,Bouton+dncRNAi.xlsx,g3,8,Bouton,g3,1,fly8_B-g3_1.1,-4.25,-0.06871983574749
dnc-KD,Bouton,Bouton+dncRNAi.xlsx,g3,8,Bouton,g3,1,fly8_B-g3_1.1,-4.0,0.0492999615521644
dnc-KD,Bouton,Bouton+dncRNAi.xlsx,g3,8,Bouton,g3,1,fly8_B-g3_1.1,-3.75,-0.111811148499953
dnc-KD,Bouton,Bouton+dncRNAi.xlsx,g3,8,Bouton,g3,1,fly8_B-g3_1.1,-3.5,0.0101849594429661
dnc-KD,Bouton,Bouton+dncRNAi.xlsx,g3,8,Bouton,g3,1,fly8_B-g3_1.1,-3.25,0.00518693139567949
dnc-KD,Bouton,Bouton+dncRNAi.xlsx,g3,8,Bouton,g3,1,fly8_B-g3_1.1,-3.0,0.0147598134908255
dnc-KD,Bouton,Bouton+dncRNAi.xlsx,g3,8,Bouton,g3,1,fly8_B-g3_1.1,-2.75,0.191577922440593
dnc-KD,Bouton,Bouton+dncRNAi.xlsx,g3,8,Bouton,g3,1,fly8_B-g3_1.1,-2.5,-0.0477631918299204
dnc-KD,Bouton,Bouton+dncRNAi.xlsx,g3,8,Bouton,g3,1,fly8_B-g3_1.1,-2.25,0.0393458416196969
dnc-KD,Bouton,Bouton+dncRNAi.xlsx,g3,8,Bouton,g3,1,fly8_B-g3_1.1,-2.0,0.0349730436256177
dnc-KD,Bouton,Bouton+dncRNAi.xlsx,g3,8,Bouton,g3,1,fly8_B-g3_1.1,-1.75,0.044690796098946
dnc-KD,Bouton,Bouton+dncRNAi.xlsx,g3,8,Bouton,g3,1,fly8_B-g3_1.1,-1.5,0.066223109150871
dnc-KD,Bouton,Bouton+dncRNAi.xlsx,g3,8,Bouton,g3,1,fly8_B-g3_1.1,-1.25,0.112985742276741
dnc-KD,Bouton,Bouton+dncRNAi.xlsx,g3,8,Bouton,g3,1,fly8_B-g3_1.1,-1.0,0.11336316773569
dnc-KD,Bouton,Bouton+dncRNAi.xlsx,g3,8,Bouton,g3,1,fly8_B-g3_1.1,-0.75,0.072303852656151
dnc-KD,Bouton,Bouton+dncRNAi.xlsx,g3,8,Bouton,g3,1,fly8_B-g3_1.1,-0.5,-0.0146374361450448
dnc-KD,Bouton,Bouton+dncRNAi.xlsx,g3,8,Bouton,g3,1,fly8_B-g3_1.1,-0.25,-0.633390258496409
dnc-KD,Bouton,Bouton+dncRNAi.xlsx,g3,8,Bouton,g3,1,fly8_B-g3_1.1,0.0,-0.554817140224423
dnc-KD,Bouton,Bouton+dncRNAi.xlsx,g3,8,Bouton,g3,1,fly8_B-g3_1.1,0.25,0.0586784123502762
dnc-KD,Bouton,Bouton+dncRNAi.xlsx,g3,8,Bouton,g3,1,fly8_B-g3_1.1,0.5,0.738844837915781
dnc-KD,Bouton,Bouton+dncRNAi.xlsx,g3,8,Bouton,g3,1,fly8_B-g3_1.1,0.75,1.27057249914174
dnc-KD,Bouton,Bouton+dncRNAi.xlsx,g3,8,Bouton,g3,1,fly8_B-g3_1.1,1.0,-0.321968506323497
dnc-KD,Bouton,Bouton+dncRNAi.xlsx,g3,8,Bouton,g3,1,fly8_B-g3_1.1,1.25,-0.0838092293486798
dnc-KD,Bouton,Bouton+dncRNAi.xlsx,g3,8,Bouton,g3,1,fly8_B-g3_1.1,1.5,-0.0629059587283353
dnc-KD,Bouton,Bouton+dncRNAi.xlsx,g3,8,Bouton,g3,1,fly8_B-g3_1.1,1.75,0.900127504994693
dnc-KD,Bouton,Bouton+dncRNAi.xlsx,g3,8,Bouton,g3,1,fly8_B-g3_1.1,2.0,0.949383433576646
dnc-KD,Bouton,Bouton+dncRNAi.xlsx,g3,8,Bouton,g3,1,fly8_B-g3_1.1,2.25,1.0848829857175
dnc-KD,Bouton,Bouton+dncRNAi.xlsx,g3,8,Bouton,g3,1,fly8_B-g3_1.1,2.5,1.05770454029484
dnc-KD,Bouton,Bouton+dncRNAi.xlsx,g3,8,Bouton,g3,1,fly8_B-g3_1.1,2.75,0.87526698562295
dnc-KD,Bouton,Bouton+dncRNAi.xlsx,g3,8,Bouton,g3,1,fly8_B-g3_1.1,3.0,1.71026934643826
dnc-KD,Bouton,Bouton+dncRNAi.xlsx,g3,8,Bouton,g3,1,fly8_B-g3_1.1,3.25,1.26702698725465
dnc-KD,Bouton,Bouton+dncRNAi.xlsx,g3,8,Bouton,g3,1,fly8_B-g3_1.1,3.5,0.282705202695581
dnc-KD,Bouton,Bouton+dncRNAi.xlsx,g3,8,Bouton,g3,1,fly8_B-g3_1.1,3.75,0.924134051610835
dnc-KD,Bouton,Bouton+dncRNAi.xlsx,g3,8,Bouton,g3,1,fly8_B-g3_1.1,4.0,0.772637759815969
dnc-KD,Bouton,Bouton+dncRNAi.xlsx,g3,8,Bouton,g3,1,fly8_B-g3_1.1,4.25,0.6965388751082
dnc-KD,Bouton,Bouton+dncRNAi.xlsx,g3,8,Bouton,g3,1,fly8_B-g3_1.1,4.5,0.914248554489085
dnc-KD,Bouton,Bouton+dncRNAi.xlsx,g3,8,Bouton,g3,1,fly8_B-g3_1.1,4.75,0.491394794845436
dnc-KD,Bouton,Bouton+dncRNAi.xlsx,g3,8,Bouton,g3,1,fly8_B-g3_1.1,5.0,-0.399443659623996
dnc-KD,Bouton,Bouton+dncRNAi.xlsx,g3,8,Bouton,g3,1,fly8_B-g3_1.1,5.25,0.295011560084322
dnc-KD,Bouton,Bouton+dncRNAi.xlsx,g3,8,Bouton,g3,1,fly8_B-g3_1.1,5.5,0.964747318420707
dnc-KD,Bouton,Bouton+dncRNAi.xlsx,g3,8,Bouton,g3,1,fly8_B-g3_1.1,5.75,0.571264121764316
dnc-KD,Bouton,Bouton+dncRNAi.xlsx,g3,8,Bouton,g3,1,fly8_B-g3_1.1,6.0,-0.573463482847824
dnc-KD,Bouton,Bouton+dncRNAi.xlsx,g3,8,Bouton,g3,1,fly8_B-g3_1.1,6.25,-0.267512493640476
dnc-KD,Bouton,Bouton+dncRNAi.xlsx,g3,8,Bouton,g3,1,fly8_B-g3_1.1,6.5,0.222427688236659
dnc-KD,Bouton,Bouton+dncRNAi.xlsx,g3,8,Bouton,g3,1,fly8_B-g3_1.1,6.75,-0.132706794363551
dnc-KD,Bouton,Bouton+dncRNAi.xlsx,g3,8,Bouton,g3,1,fly8_B-g3_1.1,7.0,0.245991998961508
dnc-KD,Bouton,Bouton+dncRNAi.xlsx,g3,8,Bouton,g3,1,fly8_B-g3_1.1,7.25,0.298088149431508
dnc-KD,Bouton,Bouton+dncRNAi.xlsx,g3,8,Bouton,g3,1,fly8_B-g3_1.1,7.5,0.820688976831986
dnc-KD,Bouton,Bouton+dncRNAi.xlsx,g3,8,Bouton,g3,1,fly8_B-g3_1.1,7.75,0.859735356130467
dnc-KD,Bouton,Bouton+dncRNAi.xlsx,g3,8,Bouton,g3,1,fly8_B-g3_1.1,8.0,0.787673780119934
dnc-KD,Bouton,Bouton+dncRNAi.xlsx,g3,8,Bouton,g3,1,fly8_B-g3_1.1,8.25,0.833753997516998
dnc-KD,Bouton,Bouton+dncRNAi.xlsx,g3,8,Bouton,g3,1,fly8_B-g3_1.1,8.5,1.13257202678806
dnc-KD,Bouton,Bouton+dncRNAi.xlsx,g3,8,Bouton,g3,1,fly8_B-g3_1.1,8.75,0.971296984465893
dnc-KD,Bouton,Bouton+dncRNAi.xlsx,g3,8,Bouton,g3,1,fly8_B-g3_1.1,9.0,0.722775663072674
dnc-KD,Bouton,Bouton+dncRNAi.xlsx,g3,8,Bouton,g3,1,fly8_B-g3_1.1,9.25,0.126237569502041
dnc-KD,Bouton,Bouton+dncRNAi.xlsx,g3,8,Bouton,g3,1,fly8_B-g3_1.1,9.5,0.477780791674681
dnc-KD,Bouton,Bouton+dncRNAi.xlsx,g3,8,Bouton,g3,1,fly8_B-g3_1.1,9.75,0.139028098944181
dnc-KD,Bouton,Bouton+dncRNAi.xlsx,g3,8,Bouton,g3,1,fly8_B-g3_1.1,10.0,-0.730171295878876
dnc-KD,Bouton,Bouton+dncRNAi.xlsx,g3,8,Bouton,g3,1,fly8_B-g3_1.1,10.25,0.159100271079164
dnc-KD,Bouton,Bouton+dncRNAi.xlsx,g3,8,Bouton,g3,1,fly8_B-g3_1.1,10.5,0.747159635147765
dnc-KD,Bouton,Bouton+dncRNAi.xlsx,g3,8,Bouton,g3,1,fly8_B-g3_1.1,10.75,0.775138680028799
dnc-KD,Bouton,Bouton+dncRNAi.xlsx,g3,8,Bouton,g3,1,fly8_B-g3_1.1,11.0,-0.260303286136724
dnc-KD,Bouton,Bouton+dncRNAi.xlsx,g3,8,Bouton,g3,1,fly8_B-g3_1.1,11.25,-0.143884687753821
dnc-KD,Bouton,Bouton+dncRNAi.xlsx,g3,8,Bouton,g3,1,fly8_B-g3_1.1,11.5,-0.183472424781298
dnc-KD,Bouton,Bouton+dncRNAi.xlsx,g3,8,Bouton,g3,1,fly8_B-g3_1.1,11.75,-0.000741316974671743
dnc-KD,Bouton,Bouton+dncRNAi.xlsx,g3,8,Bouton,g3,1,fly8_B-g3_1.1,12.0,0.0349196703283929
dnc-KD,Bouton,Bouton+dncRNAi.xlsx,g3,8,Bouton,g3,1,fly8_B-g3_1.1,12.25,-0.181322243378804
dnc-KD,Bouton,Bouton+dncRNAi.xlsx,g3,8,Bouton,g3,1,fly8_B-g3_1.1,12.5,-0.00578890594080984
dnc-KD,Bouton,Bouton+dncRNAi.xlsx,g3,8,Bouton,g3,1,fly8_B-g3_1.1,12.75,-0.562045409620041
dnc-KD,Bouton,Bouton+dncRNAi.xlsx,g3,8,Bouton,g3,1,fly8_B-g3_1.1,13.0,-0.0490898995037997
dnc-KD,Bouton,Bouton+dncRNAi.xlsx,g3,8,Bouton,g3,1,fly8_B-g3_1.1,13.25,0.291995968791108
dnc-KD,Bouton,Bouton+dncRNAi.xlsx,g3,8,Bouton,g3,1,fly8_B-g3_1.1,13.5,-0.0641182950510179
dnc-KD,Bouton,Bouton+dncRNAi.xlsx,g3,8,Bouton,g3,1,fly8_B-g3_1.1,13.75,0.00056251642896836
dnc-KD,Bouton,Bouton+dncRNAi.xlsx,g3,8,Bouton,g3,1,fly8_B-g3_1.1,14.0,-0.0211604155416178
dnc-KD,Bouton,Bouton+dncRNAi.xlsx,g3,8,Bouton,g3,1,fly8_B-g3_1.1,14.25,-0.256174480358531
dnc-KD,Bouton,Bouton+dncRNAi.xlsx,g3,8,Bouton,g3,1,fly8_B-g3_1.1,14.5,0.0790098262146384
dnc-KD,Bouton,Bouton+dncRNAi.xlsx,g3,8,Bouton,g3,1,fly8_B-g3_1.1,14.75,-0.103103676295527
dnc-KD,Bouton,Bouton+dncRNAi.xlsx,g3,8,Bouton,g3,1,fly8_B-g3_1.1,15.0,-0.703202531266745
dnc-KD,Bouton,Bouton+dncRNAi.xlsx,g3,8,Bouton,g3,1,fly8_B-g3_1.1,15.25,-0.0471684608036987
dnc-KD,Bouton,Bouton+dncRNAi.xlsx,g3,8,Bouton,g3,1,fly8_B-g3_1.1,15.5,0.0794025011870794
dnc-KD,Bouton,Bouton+dncRNAi.xlsx,g3,8,Bouton,g3,1,fly8_B-g3_1.1,15.75,0.768539453064762
dnc-KD,Bouton,Bouton+dncRNAi.xlsx,g3,8,Bouton,g3,1,fly8_B-g3_1.1,16.0,0.666443960230032
dnc-KD,Bouton,Bouton+dncRNAi.xlsx,g3,8,Bouton,g3,1,fly8_B-g3_1.1,16.25,0.0317592086569966
dnc-KD,Bouton,Bouton+dncRNAi.xlsx,g3,8,Bouton,g3,1,fly8_B-g3_1.1,16.5,-0.572575198686864
dnc-KD,Bouton,Bouton+dncRNAi.xlsx,g3,8,Bouton,g3,1,fly8_B-g3_1.1,16.75,-0.312422310876963
dnc-KD,Bouton,Bouton+dncRNAi.xlsx,g3,8,Bouton,g3,1,fly8_B-g3_1.1,17.0,-0.0438707535108667
dnc-KD,Bouton,Bouton+dncRNAi.xlsx,g3,8,Bouton,g3,1,fly8_B-g3_1.1,17.25,-0.198973555246795
dnc-KD,Bouton,Bouton+dncRNAi.xlsx,g3,8,Bouton,g3,1,fly8_B-g3_1.1,17.5,0.235618517407987
dnc-KD,Bouton,Bouton+dncRNAi.xlsx,g3,8,Bouton,g3,1,fly8_B-g3_1.1,17.75,-0.123320718808693
dnc-KD,Bouton,Bouton+dncRNAi.xlsx,g3,8,Bouton,g3,1,fly8_B-g3_1.1,18.0,0.447887932850293
dnc-KD,Bouton,Bouton+dncRNAi.xlsx,g3,8,Bouton,g3,1,fly8_B-g3_1.1,18.25,0.108521447201705
dnc-KD,Bouton,Bouton+dncRNAi.xlsx,g3,8,Bouton,g3,1,fly8_B-g3_1.1,18.5,0.238824727619862
dnc-KD,Bouton,Bouton+dncRNAi.xlsx,g3,8,Bouton,g3,1,fly8_B-g3_1.1,18.75,0.127301223068168
dnc-KD,Bouton,Bouton+dncRNAi.xlsx,g3,8,Bouton,g3,1,fly8_B-g3_1.1,19.0,0.0792118822684188
dnc-KD,Bouton,Bouton+dncRNAi.xlsx,g3,8,Bouton,g3,1,fly8_B-g3_1.1,19.25,-0.167399437559818
dnc-KD,Bouton,Bouton+dncRNAi.xlsx,g3,8,Bouton,g3,1,fly8_B-g3_1.1,19.5,-0.146801157209331
dnc-KD,Bouton,Bouton+dncRNAi.xlsx,g3,8,Bouton,g3,1,fly8_B-g3_1.1,19.75,-0.0108250577718286
dnc-KD,Bouton,Bouton+dncRNAi.xlsx,g3,8,Bouton,g3,1,fly8_B-g3_1.1,20.0,-0.0629669567823067
dnc-KD,Bouton,Bouton+dncRNAi.xlsx,g3,8,Bouton,g3,1,fly8_B-g3_1.1,20.25,-0.789446154825642
dnc-KD,Bouton,Bouton+dncRNAi.xlsx,g3,8,Bouton,g3,1,fly8_B-g3_1.1,20.5,0.130884858738991
dnc-KD,Bouton,Bouton+dncRNAi.xlsx,g3,8,Bouton,g3,1,fly8_B-g3_1.1,20.75,0.111235860603435
dnc-KD,Bouton,Bouton+dncRNAi.xlsx,g3,8,Bouton,g3,1,fly8_B-g3_1.1,21.0,0.519842762266375
dnc-KD,Bouton,Bouton+dncRNAi.xlsx,g3,8,Bouton,g3,1,fly8_B-g3_1.1,21.25,0.123298225776291
dnc-KD,Bouton,Bouton+dncRNAi.xlsx,g3,8,Bouton,g3,1,fly8_B-g3_1.1,21.5,-0.269266187692156
dnc-KD,Bouton,Bouton+dncRNAi.xlsx,g3,8,Bouton,g3,1,fly8_B-g3_1.1,21.75,-0.0536609411732859
dnc-KD,Bouton,Bouton+dncRNAi.xlsx,g3,8,Bouton,g3,1,fly8_B-g3_1.1,22.0,-0.389569599637366
dnc-KD,Bouton,Bouton+dncRNAi.xlsx,g3,8,Bouton,g3,1,fly8_B-g3_1.1,22.25,-0.235404642981249
dnc-KD,Bouton,Bouton+dncRNAi.xlsx,g3,8,Bouton,g3,1,fly8_B-g3_1.1,22.5,-0.320066129515262
dnc-KD,Bouton,Bouton+dncRNAi.xlsx,g3,8,Bouton,g3,1,fly8_B-g3_1.1,22.75,0.164746403449898
dnc-KD,Bouton,Bouton+dncRNAi.xlsx,g3,8,Bouton,g3,1,fly8_B-g3_1.1,23.0,-0.0512896418251455
dnc-KD,Bouton,Bouton+dncRNAi.xlsx,g3,8,Bouton,g3,1,fly8_B-g3_1.1,23.25,0.0283852537967003
dnc-KD,Bouton,Bouton+dncRNAi.xlsx,g3,8,Bouton,g3,1,fly8_B-g3_1.1,23.5,0.537802876782597
dnc-KD,Bouton,Bouton+dncRNAi.xlsx,g3,8,Bouton,g3,1,fly8_B-g3_1.1,23.75,0.355113705138076
dnc-KD,Bouton,Bouton+dncRNAi.xlsx,g3,8,Bouton,g3,1,fly8_B-g3_1.1,24.0,0.147422956122003
dnc-KD,Bouton,Bouton+dncRNAi.xlsx,g3,8,Bouton,g3,1,fly8_B-g3_1.1,24.25,-0.115654025900155
dnc-KD,Bouton,Bouton+dncRNAi.xlsx,g3,8,Bouton,g3,1,fly8_B-g3_1.1,24.5,-0.092295583607459
dnc-KD,Bouton,Bouton+dncRNAi.xlsx,g3,8,Bouton,g3,1,fly8_B-g3_1.1,24.75,-0.0579346173296613
dnc-KD,Bouton,Bouton+dncRNAi.xlsx,g3,8,Bouton,g3,1,fly8_B-g3_1.1,25.0,0.034202943194228
dnc-KD,Bouton,Bouton+dncRNAi.xlsx,g3,8,Bouton,g3,1,fly8_B-g3_1.1,25.25,-0.697133224896584
dnc-KD,Bouton,Bouton+dncRNAi.xlsx,g3,8,Bouton,g3,1,fly8_B-g3_1.1,25.5,-0.551302127364318
dnc-KD,Bouton,Bouton+dncRNAi.xlsx,g3,8,Bouton,g3,1,fly8_B-g3_1.1,25.75,0.455707120893759
dnc-KD,Bouton,Bouton+dncRNAi.xlsx,g3,8,Bouton,g3,1,fly8_B-g3_1.1,26.0,0.55919031945634
dnc-KD,Bouton,Bouton+dncRNAi.xlsx,g3,8,Bouton,g3,1,fly8_B-g3_1.1,26.25,-0.127266530424971
dnc-KD,Bouton,Bouton+dncRNAi.xlsx,g3,8,Bouton,g3,1,fly8_B-g3_1.1,26.5,-0.0516746920408403
dnc-KD,Bouton,Bouton+dncRNAi.xlsx,g3,8,Bouton,g3,1,fly8_B-g3_1.1,26.75,-0.291808781012983
dnc-KD,Bouton,Bouton+dncRNAi.xlsx,g3,8,Bouton,g3,1,fly8_B-g3_1.1,27.0,-0.245442635237928
dnc-KD,Bouton,Bouton+dncRNAi.xlsx,g3,8,Bouton,g3,1,fly8_B-g3_1.1,27.25,0.0191669228902635
dnc-KD,Bouton,Bouton+dncRNAi.xlsx,g3,8,Bouton,g3,1,fly8_B-g3_1.1,27.5,-0.203979208050828
dnc-KD,Bouton,Bouton+dncRNAi.xlsx,g3,8,Bouton,g3,1,fly8_B-g3_1.1,27.75,-0.0365471746559183
dnc-KD,Bouton,Bouton+dncRNAi.xlsx,g3,8,Bouton,g3,1,fly8_B-g3_1.1,28.0,0.00762304117616469
dnc-KD,Bouton,Bouton+dncRNAi.xlsx,g3,8,Bouton,g3,1,fly8_B-g3_1.1,28.25,0.336074687542234
dnc-KD,Bouton,Bouton+dncRNAi.xlsx,g3,8,Bouton,g3,1,fly8_B-g3_1.1,28.5,-0.051053274366006
dnc-KD,Bouton,Bouton+dncRNAi.xlsx,g3,8,Bouton,g3,1,fly8_B-g3_1.1,28.75,0.452001489114993
dnc-KD,Bouton,Bouton+dncRNAi.xlsx,g3,8,Bouton,g3,1,fly8_B-g3_1.1,29.0,-0.148013493532014
dnc-KD,Bouton,Bouton+dncRNAi.xlsx,g3,8,Bouton,g3,1,fly8_B-g3_1.1,29.25,0.15456735319341
dnc-KD,Bouton,Bouton+dncRNAi.xlsx,g3,8,Bouton,g3,1,fly8_B-g3_1.1,29.5,0.310257261198814
dnc-KD,Bouton,Bouton+dncRNAi.xlsx,g3,8,Bouton,g3,1,fly8_B-g3_1.1,29.75,0.078986951944399
dnc-KD,Bouton,Bouton+dncRNAi.xlsx,g3,8,Bouton,g3,1,fly8_B-g3_1.1,30.0,0.0780643563780806
dnc-KD,Bouton,Bouton+dncRNAi.xlsx,g3,8,Bouton,g3,1,fly8_B-g3_1.1,30.25,-0.545179447696933
dnc-KD,Bouton,Bouton+dncRNAi.xlsx,g3,8,Bouton,g3,1,fly8_B-g3_1.1,30.5,-0.596856236545878
dnc-KD,Bouton,Bouton+dncRNAi.xlsx,g3,8,Bouton,g3,1,fly8_B-g3_1.1,30.75,0.0918003556567786
dnc-KD,Bouton,Bouton+dncRNAi.xlsx,g3,8,Bouton,g3,1,fly8_B-g3_1.1,31.0,0.692253761816706
dnc-KD,Bouton,Bouton+dncRNAi.xlsx,g3,8,Bouton,g3,1,fly8_B-g3_1.1,31.25,1.11694890021462
dnc-KD,Bouton,Bouton+dncRNAi.xlsx,g3,8,Bouton,g3,1,fly8_B-g3_1.1,31.5,-0.0671986967765767
dnc-KD,Bouton,Bouton+dncRNAi.xlsx,g3,8,Bouton,g3,1,fly8_B-g3_1.1,31.75,0.0515454524139887
dnc-KD,Bouton,Bouton+dncRNAi.xlsx,g3,8,Bouton,g3,1,fly8_B-g3_1.1,32.0,-0.31622325211506
dnc-KD,Bouton,Bouton+dncRNAi.xlsx,g3,8,Bouton,g3,1,fly8_B-g3_1.1,32.25,-0.200929305352255
dnc-KD,Bouton,Bouton+dncRNAi.xlsx,g3,8,Bouton,g3,1,fly8_B-g3_1.1,32.5,-0.303619529213207
dnc-KD,Bouton,Bouton+dncRNAi.xlsx,g3,8,Bouton,g3,1,fly8_B-g3_1.1,32.75,-0.0920782780401857
dnc-KD,Bouton,Bouton+dncRNAi.xlsx,g3,8,Bouton,g3,1,fly8_B-g3_1.1,33.0,-0.101372856514087
dnc-KD,Bouton,Bouton+dncRNAi.xlsx,g3,8,Bouton,g3,1,fly8_B-g3_1.1,33.25,0.307165422338136
dnc-KD,Bouton,Bouton+dncRNAi.xlsx,g3,8,Bouton,g3,1,fly8_B-g3_1.1,33.5,0.156908153514565
dnc-KD,Bouton,Bouton+dncRNAi.xlsx,g3,8,Bouton,g3,1,fly8_B-g3_1.1,33.75,-0.0174700332763444
dnc-KD,Bouton,Bouton+dncRNAi.xlsx,g3,8,Bouton,g3,1,fly8_B-g3_1.1,34.0,0.103515794397672
dnc-KD,Bouton,Bouton+dncRNAi.xlsx,g3,8,Bouton,g3,1,fly8_B-g3_1.1,34.25,0.313379599086478
dnc-KD,Bouton,Bouton+dncRNAi.xlsx,g3,8,Bouton,g3,1,fly8_B-g3_1.1,34.5,0.349292203362175
dnc-KD,Bouton,Bouton+dncRNAi.xlsx,g3,8,Bouton,g3,1,fly8_B-g3_1.1,34.75,-0.0957800974405786
dnc-KD,Bouton,Bouton+dncRNAi.xlsx,g3,8,Bouton,g3,1,fly8_B-g3_1.1,35.0,0.37700056937871
dnc-KD,Bouton,Bouton+dncRNAi.xlsx,g3,8,Bouton,g3,1,fly8_B-g3_1.1,35.25,0.0676756253110665
dnc-KD,Bouton,Bouton+dncRNAi.xlsx,g3,8,Bouton,g3,1,fly8_B-g3_1.1,35.5,-0.682318322538266
dnc-KD,Bouton,Bouton+dncRNAi.xlsx,g3,8,Bouton,g3,1,fly8_B-g3_1.1,35.75,0.163530254748842
dnc-KD,Bouton,Bouton+dncRNAi.xlsx,g3,8,Bouton,g3,1,fly8_B-g3_1.1,36.0,0.46391135915292
dnc-KD,Bouton,Bouton+dncRNAi.xlsx,g3,8,Bouton,g3,1,fly8_B-g3_1.1,36.25,0.48191722220962
dnc-KD,Bouton,Bouton+dncRNAi.xlsx,g3,8,Bouton,g3,1,fly8_B-g3_1.1,36.5,-0.15065165936628
dnc-KD,Bouton,Bouton+dncRNAi.xlsx,g3,8,Bouton,g3,1,fly8_B-g3_1.1,36.75,-0.433145084443228
dnc-KD,Bouton,Bouton+dncRNAi.xlsx,g3,8,Bouton,g3,1,fly8_B-g3_1.1,37.0,-0.456549275276402
dnc-KD,Bouton,Bouton+dncRNAi.xlsx,g3,8,Bouton,g3,1,fly8_B-g3_1.1,37.25,-0.360831891460063
dnc-KD,Bouton,Bouton+dncRNAi.xlsx,g3,8,Bouton,g3,1,fly8_B-g3_1.1,37.5,-0.300100703974728
dnc-KD,Bouton,Bouton+dncRNAi.xlsx,g3,8,Bouton,g3,1,fly8_B-g3_1.1,37.75,-0.601941949295749
dnc-KD,Bouton,Bouton+dncRNAi.xlsx,g3,8,Bouton,g3,1,fly8_B-g3_1.1,38.0,-0.501645899053177
dnc-KD,Bouton,Bouton+dncRNAi.xlsx,g3,8,Bouton,g3,1,fly8_B-g3_1.1,38.25,-0.227959068018358
dnc-KD,Bouton,Bouton+dncRNAi.xlsx,g3,8,Bouton,g3,1,fly8_B-g3_1.1,38.5,-0.194162333739796
dnc-KD,Bouton,Bouton+dncRNAi.xlsx,g3,8,Bouton,g3,1,fly8_B-g3_1.1,38.75,-0.415653892466912
dnc-KD,Bouton,Bouton+dncRNAi.xlsx,g3,8,Bouton,g3,1,fly8_B-g3_1.1,39.0,-0.0292274081793432
dnc-KD,Bouton,Bouton+dncRNAi.xlsx,g3,8,Bouton,g3,1,fly8_B-g3_1.1,39.25,-0.0210994174876462
dnc-KD,Bouton,Bouton+dncRNAi.xlsx,g3,8,Bouton,g3,1,fly8_B-g3_1.1,39.5,-0.380839253162701
dnc-KD,Bouton,Bouton+dncRNAi.xlsx,g3,8,Bouton,g3,1,fly8_B-g3_1.1,39.75,-0.362112850593463
dnc-KD,Bouton,Bouton+dncRNAi.xlsx,g3,8,Bouton,g3,1,fly8_B-g3_1.1,40.0,-0.297001240357304
dnc-KD,Bouton,Bouton+dncRNAi.xlsx,g3,8,Bouton,g3,1,fly8_B-g3_1.1,40.25,-0.344816089914181
dnc-KD,Bouton,Bouton+dncRNAi.xlsx,g3,8,Bouton,g3,1,fly8_B-g3_1.1,40.5,-0.772603067172773
dnc-KD,Bouton,Bouton+dncRNAi.xlsx,g3,8,Bouton,g3,1,fly8_B-g3_1.1,40.75,-0.815843062681791
dnc-KD,Bouton,Bouton+dncRNAi.xlsx,g3,8,Bouton,g3,1,fly8_B-g3_1.1,41.0,0.126222319988548
dnc-KD,Bouton,Bouton+dncRNAi.xlsx,g3,8,Bouton,g3,1,fly8_B-g3_1.1,41.25,0.0760209215700369
dnc-KD,Bouton,Bouton+dncRNAi.xlsx,g3,8,Bouton,g3,1,fly8_B-g3_1.1,41.5,-0.637545750923215
dnc-KD,Bouton,Bouton+dncRNAi.xlsx,g3,8,Bouton,g3,1,fly8_B-g3_1.1,41.75,-0.28592628118311
dnc-KD,Bouton,Bouton+dncRNAi.xlsx,g3,8,Bouton,g3,1,fly8_B-g3_1.1,42.0,-0.299536471975492
dnc-KD,Bouton,Bouton+dncRNAi.xlsx,g3,8,Bouton,g3,1,fly8_B-g3_1.1,42.25,-0.334476919766019
dnc-KD,Bouton,Bouton+dncRNAi.xlsx,g3,8,Bouton,g3,1,fly8_B-g3_1.1,42.5,-0.150689783150012
dnc-KD,Bouton,Bouton+dncRNAi.xlsx,g3,8,Bouton,g3,1,fly8_B-g3_1.1,42.75,-0.435764188385627
dnc-KD,Bouton,Bouton+dncRNAi.xlsx,g3,8,Bouton,g3,1,fly8_B-g3_1.1,43.0,-0.515500082061444
dnc-KD,Bouton,Bouton+dncRNAi.xlsx,g3,8,Bouton,g3,1,fly8_B-g3_1.1,43.25,-0.231287274338176
dnc-KD,Bouton,Bouton+dncRNAi.xlsx,g3,8,Bouton,g3,1,fly8_B-g3_1.1,43.5,-0.503338595050885
dnc-KD,Bouton,Bouton+dncRNAi.xlsx,g3,8,Bouton,g3,1,fly8_B-g3_1.1,43.75,-0.268313093098852
dnc-KD,Bouton,Bouton+dncRNAi.xlsx,g3,8,Bouton,g3,1,fly8_B-g3_1.1,44.0,-0.418898226462519
dnc-KD,Bouton,Bouton+dncRNAi.xlsx,g3,8,Bouton,g3,1,fly8_B-g3_1.1,44.25,-0.55601041465524
dnc-KD,Bouton,Bouton+dncRNAi.xlsx,g3,8,Bouton,g3,1,fly8_B-g3_1.1,44.5,-0.587702716071786
dnc-KD,Bouton,Bouton+dncRNAi.xlsx,g3,8,Bouton,g3,1,fly8_B-g3_1.1,44.75,-0.653961852198284
dnc-KD,Bouton,Bouton+dncRNAi.xlsx,g3,8,Bouton,g3,1,fly8_B-g3_1.1,45.0,-0.351472502553817
dnc-KD,Bouton,Bouton+dncRNAi.xlsx,g3,8,Bouton,g3,1,fly8_B-g3_1.1,45.25,-0.590001580230836
dnc-KD,Bouton,Bouton+dncRNAi.xlsx,g3,8,Bouton,g3,1,fly8_B-g3_1.1,45.5,-0.779362414028485
dnc-KD,Bouton,Bouton+dncRNAi.xlsx,g3,8,Bouton,g3,1,fly8_B-g3_1.1,45.75,-0.760555951513409
dnc-KD,Bouton,Bouton+dncRNAi.xlsx,g3,8,Bouton,g3,1,fly8_B-g3_1.1,46.0,-0.633031894929327
dnc-KD,Bouton,Bouton+dncRNAi.xlsx,g3,8,Bouton,g3,1,fly8_B-g3_1.1,46.25,-0.195298422495015
dnc-KD,Bouton,Bouton+dncRNAi.xlsx,g3,8,Bouton,g3,1,fly8_B-g3_1.1,46.5,-0.198809622976747
dnc-KD,Bouton,Bouton+dncRNAi.xlsx,g3,8,Bouton,g3,1,fly8_B-g3_1.1,46.75,-0.724567099670248
dnc-KD,Bouton,Bouton+dncRNAi.xlsx,g3,8,Bouton,g3,1,fly8_B-g3_1.1,47.0,-0.551504183418098
dnc-KD,Bouton,Bouton+dncRNAi.xlsx,g3,8,Bouton,g3,1,fly8_B-g3_1.1,47.25,-0.443903616212444
dnc-KD,Bouton,Bouton+dncRNAi.xlsx,g3,8,Bouton,g3,1,fly8_B-g3_1.1,47.5,-0.669767972933639
dnc-KD,Bouton,Bouton+dncRNAi.xlsx,g3,8,Bouton,g3,1,fly8_B-g3_1.1,47.75,-0.552918575794561
dnc-KD,Bouton,Bouton+dncRNAi.xlsx,g3,8,Bouton,g3,1,fly8_B-g3_1.1,48.0,-0.507353029477881
dnc-KD,Bouton,Bouton+dncRNAi.xlsx,g3,8,Bouton,g3,1,fly8_B-g3_1.1,48.25,-0.524211366644244
dnc-KD,Bouton,Bouton+dncRNAi.xlsx,g3,8,Bouton,g3,1,fly8_B-g3_1.1,48.5,-0.525751567507023
dnc-KD,Bouton,Bouton+dncRNAi.xlsx,g3,8,Bouton,g3,1,fly8_B-g3_1.1,48.75,-0.532815904632592
dnc-KD,Bouton,Bouton+dncRNAi.xlsx,g3,8,Bouton,g3,1,fly8_B-g3_1.1,49.0,-0.535069020251163
dnc-KD,Bouton,Bouton+dncRNAi.xlsx,g3,8,Bouton,g3,1,fly8_B-g3_1.1,49.25,-0.480559634270918
dnc-KD,Bouton,Bouton+dncRNAi.xlsx,g3,8,Bouton,g3,1,fly8_B-g3_1.1,49.5,-0.418337806841656
dnc-KD,Bouton,Bouton+dncRNAi.xlsx,g3,8,Bouton,g3,1,fly8_B-g3_1.1,49.75,-0.483792531131405
dnc-KD,Bouton,Bouton+dncRNAi.xlsx,g3,8,Bouton,g3,1,fly8_B-g3_1.1,50.0,-0.559083191624052
dnc-KD,Bouton,Bouton+dncRNAi.xlsx,g3,8,Bouton,g3,1,fly8_B-g3_1.1,50.25,-0.616078248303634
dnc-KD,Bouton,Bouton+dncRNAi.xlsx,g3,8,Bouton,g3,1,fly8_B-g3_1.1,50.5,-0.441783933836936
dnc-KD,Bouton,Bouton+dncRNAi.xlsx,g3,8,Bouton,g3,1,fly8_B-g3_1.1,50.75,-0.888346874583617
dnc-KD,Bouton,Bouton+dncRNAi.xlsx,g3,8,Bouton,g3,1,fly8_B-g3_1.1,51.0,-0.875929958222052
dnc-KD,Bouton,Bouton+dncRNAi.xlsx,g3,8,Bouton,g3,1,fly8_B-g3_1.1,51.25,-0.696039072303471
dnc-KD,Bouton,Bouton+dncRNAi.xlsx,g3,8,Bouton,g3,1,fly8_B-g3_1.1,51.5,-0.656771575059344
dnc-KD,Bouton,Bouton+dncRNAi.xlsx,g3,8,Bouton,g3,1,fly8_B-g3_1.1,51.75,-0.587027925099727
dnc-KD,Bouton,Bouton+dncRNAi.xlsx,g3,8,Bouton,g3,1,fly8_B-g3_1.1,52.0,-0.624694223427103
dnc-KD,Bouton,Bouton+dncRNAi.xlsx,g3,8,Bouton,g3,1,fly8_B-g3_1.1,52.25,-0.407564025558947
dnc-KD,Bouton,Bouton+dncRNAi.xlsx,g3,8,Bouton,g3,1,fly8_B-g3_1.1,52.5,-0.489419601610272
dnc-KD,Bouton,Bouton+dncRNAi.xlsx,g3,8,Bouton,g3,1,fly8_B-g3_1.1,52.75,-0.615639824790715
dnc-KD,Bouton,Bouton+dncRNAi.xlsx,g3,8,Bouton,g3,1,fly8_B-g3_1.1,53.0,-0.606265186370976
dnc-KD,Bouton,Bouton+dncRNAi.xlsx,g3,8,Bouton,g3,1,fly8_B-g3_1.1,53.25,-0.550734082986709
dnc-KD,Bouton,Bouton+dncRNAi.xlsx,g3,8,Bouton,g3,1,fly8_B-g3_1.1,53.5,-0.281911846756114
dnc-KD,Bouton,Bouton+dncRNAi.xlsx,g3,8,Bouton,g3,1,fly8_B-g3_1.1,53.75,-0.434788219522084
dnc-KD,Bouton,Bouton+dncRNAi.xlsx,g3,8,Bouton,g3,1,fly8_B-g3_1.1,54.0,-0.426725039262732
dnc-KD,Bouton,Bouton+dncRNAi.xlsx,g3,8,Bouton,g3,1,fly8_B-g3_1.1,54.25,-0.488020458747302
dnc-KD,Bouton,Bouton+dncRNAi.xlsx,g3,8,Bouton,g3,1,fly8_B-g3_1.1,54.5,-0.349009706124719
dnc-KD,Bouton,Bouton+dncRNAi.xlsx,g3,8,Bouton,g3,1,fly8_B-g3_1.1,54.75,-0.515484832547952
dnc-KD,Bouton,Bouton+dncRNAi.xlsx,g3,8,Bouton,g3,1,fly8_B-g3_1.1,55.0,-0.351098889473242
dnc-KD,Bouton,Bouton+dncRNAi.xlsx,g3,8,Bouton,g3,1,fly8_B-g3_1.1,55.25,-0.491947208471715
dnc-KD,Bouton,Bouton+dncRNAi.xlsx,g3,8,Bouton,g3,1,fly8_B-g3_1.1,55.5,-0.275907350818298
dnc-KD,Bouton,Bouton+dncRNAi.xlsx,g3,8,Bouton,g3,1,fly8_B-g3_1.1,55.75,-0.766587134099837
dnc-KD,Bouton,Bouton+dncRNAi.xlsx,g3,8,Bouton,g3,1,fly8_B-g3_1.1,56.0,-0.674899434223987
dnc-KD,Bouton,Bouton+dncRNAi.xlsx,g3,8,Bouton,g3,1,fly8_B-g3_1.1,56.25,-0.200929305352255
dnc-KD,Bouton,Bouton+dncRNAi.xlsx,g3,8,Bouton,g3,1,fly8_B-g3_1.1,56.5,-0.0465927916693431
dnc-KD,Bouton,Bouton+dncRNAi.xlsx,g3,8,Bouton,g3,1,fly8_B-g3_1.1,56.75,-0.863097492617806
dnc-KD,Bouton,Bouton+dncRNAi.xlsx,g3,8,Bouton,g3,1,fly8_B-g3_1.1,57.0,-0.191897780986106
dnc-KD,Bouton,Bouton+dncRNAi.xlsx,g3,8,Bouton,g3,1,fly8_B-g3_1.1,57.25,-0.489789402312474
dnc-KD,Bouton,Bouton+dncRNAi.xlsx,g3,8,Bouton,g3,1,fly8_B-g3_1.1,57.5,-0.323886132645224
dnc-KD,Bouton,Bouton+dncRNAi.xlsx,g3,8,Bouton,g3,1,fly8_B-g3_1.1,57.75,-0.331144901067828
dnc-KD,Bouton,Bouton+dncRNAi.xlsx,g3,8,Bouton,g3,1,fly8_B-g3_1.1,58.0,-0.113904144226849
dnc-KD,Bouton,Bouton+dncRNAi.xlsx,g3,8,Bouton,g3,1,fly8_B-g3_1.1,58.25,-0.337542071978085
dnc-KD,Bouton,Bouton+dncRNAi.xlsx,g3,8,Bouton,g3,1,fly8_B-g3_1.1,58.5,-0.332422047822855
dnc-KD,Bouton,Bouton+dncRNAi.xlsx,g3,8,Bouton,g3,1,fly8_B-g3_1.1,58.75,-0.339856185650627
dnc-KD,Bouton,Bouton+dncRNAi.xlsx,g3,8,Bouton,g3,1,fly8_B-g3_1.1,59.0,-0.382272707431031
dnc-KD,Bouton,Bouton+dncRNAi.xlsx,g3,8,Bouton,g3,1,fly8_B-g3_1.1,59.25,0.0767223991907086
dnc-KD,Bouton,Bouton+dncRNAi.xlsx,g3,8,Bouton,g3,1,fly8_B-g3_1.1,59.5,-0.535793372142074
dnc-KD,Bouton,Bouton+dncRNAi.xlsx,g3,8,Bouton,g3,1,fly8_B-g3_1.1,59.75,-0.186125840129056
dnc-KD,Bouton,Bouton+dncRNAi.xlsx,g3,8,Bouton,g3,1,fly8_B-g3_1.1,60.0,-0.425219149805311
dnc-KD,Bouton,Bouton+dncRNAi.xlsx,g3,8,Bouton,g3,1,fly8_B-g3_1.1,60.25,-0.227627391099888
dnc-KD,Bouton,Bouton+dncRNAi.xlsx,g3,8,Bouton,g3,1,fly8_B-g3_1.1,60.5,-0.128410243936936
dnc-KD,Bouton,Bouton+dncRNAi.xlsx,g3,8,Bouton,g3,1,fly8_B-g3_1.1,60.75,-0.429550011637285
dnc-KD,Bouton,Bouton+dncRNAi.xlsx,g3,8,Bouton,g3,1,fly8_B-g3_1.1,61.0,-0.311011730878873
dnc-KD,Bouton,Bouton+dncRNAi.xlsx,g3,8,Bouton,g3,1,fly8_B-g3_1.1,61.25,-0.355875799574882
dnc-KD,Bouton,Bouton+dncRNAi.xlsx,g3,8,Bouton,g3,1,fly8_B-g3_1.1,61.5,-0.588007706341643
dnc-KD,Bouton,Bouton+dncRNAi.xlsx,g3,8,Bouton,g3,1,fly8_B-g3_1.1,61.75,-0.570379268743892
dnc-KD,Bouton,Bouton+dncRNAi.xlsx,g3,8,Bouton,g3,1,fly8_B-g3_1.1,62.0,-0.379123682894754
dnc-KD,Bouton,Bouton+dncRNAi.xlsx,g3,8,Bouton,g3,1,fly8_B-g3_1.1,62.25,-0.255808492034702
dnc-KD,Bouton,Bouton+dncRNAi.xlsx,g3,8,Bouton,g3,1,fly8_B-g3_1.1,62.5,-0.301576094405163
dnc-KD,Bouton,Bouton+dncRNAi.xlsx,g3,8,Bouton,g3,1,fly8_B-g3_1.1,62.75,-0.485344169129304
dnc-KD,Bouton,Bouton+dncRNAi.xlsx,g3,8,Bouton,g3,1,fly8_B-g3_1.1,63.0,-0.546391784019615
dnc-KD,Bouton,Bouton+dncRNAi.xlsx,g3,8,Bouton,g3,1,fly8_B-g3_1.1,63.25,-0.453091448091895
dnc-KD,Bouton,Bouton+dncRNAi.xlsx,g3,8,Bouton,g3,1,fly8_B-g3_1.1,63.5,-0.515359024061635
dnc-KD,Bouton,Bouton+dncRNAi.xlsx,g3,8,Bouton,g3,1,fly8_B-g3_1.1,63.75,-0.332536419174052
dnc-KD,Bouton,Bouton+dncRNAi.xlsx,g3,8,Bouton,g3,1,fly8_B-g3_1.1,64.0,-0.7000916305142
dnc-KD,Bouton,Bouton+dncRNAi.xlsx,g3,8,Bouton,g3,1,fly8_B-g3_1.1,64.25,-0.512434929849379
dnc-KD,Bouton,Bouton+dncRNAi.xlsx,g3,8,Bouton,g3,1,fly8_B-g3_1.1,64.5,-0.661113874026438
dnc-KD,Bouton,Bouton+dncRNAi.xlsx,g3,8,Bouton,g3,1,fly8_B-g3_1.1,64.75,-0.489766528042235
dnc-KD,Bouton,Bouton+dncRNAi.xlsx,g3,8,Bouton,g3,1,fly8_B-g3_1.1,65.0,-0.472004657201421
dnc-KD,Bouton,Bouton+dncRNAi.xlsx,g3,8,Bouton,g3,1,fly8_B-g3_1.1,65.25,-0.471444237580558
dnc-KD,Bouton,Bouton+dncRNAi.xlsx,g3,8,Bouton,g3,1,fly8_B-g3_1.1,65.5,-0.336329735655402
dnc-KD,Bouton,Bouton+dncRNAi.xlsx,g3,8,Bouton,g3,1,fly8_B-g3_1.1,65.75,-0.651136879823731
dnc-KD,Bouton,Bouton+dncRNAi.xlsx,g3,8,Bouton,g3,1,fly8_B-g3_1.1,66.0,-0.387045805154297
dnc-KD,Bouton,Bouton+dncRNAi.xlsx,g3,8,Bouton,g3,1,fly8_B-g3_1.1,66.25,-0.630881713526833
dnc-KD,Bouton,Bouton+dncRNAi.xlsx,g3,8,Bouton,g3,1,fly8_B-g3_1.1,66.5,-0.499594839488386
dnc-KD,Bouton,Bouton+dncRNAi.xlsx,g3,8,Bouton,g3,1,fly8_B-g3_1.1,66.75,-0.29908279894908
dnc-KD,Bouton,Bouton+dncRNAi.xlsx,g3,8,Bouton,g3,1,fly8_B-g3_1.1,67.0,-0.234360051306988
dnc-KD,Bouton,Bouton+dncRNAi.xlsx,g3,8,Bouton,g3,1,fly8_B-g3_1.1,67.25,-0.575647975655677
dnc-KD,Bouton,Bouton+dncRNAi.xlsx,g3,8,Bouton,g3,1,fly8_B-g3_1.1,67.5,-0.633222513847988
dnc-KD,Bouton,Bouton+dncRNAi.xlsx,g3,8,Bouton,g3,1,fly8_B-g3_1.1,67.75,-0.257665120302459
dnc-KD,Bouton,Bouton+dncRNAi.xlsx,g3,8,Bouton,g3,1,fly8_B-g3_1.1,68.0,-0.761875034430542
dnc-KD,Bouton,Bouton+dncRNAi.xlsx,g3,8,Bouton,g3,1,fly8_B-g3_1.1,68.25,-0.382093525647489
dnc-KD,Bouton,Bouton+dncRNAi.xlsx,g3,8,Bouton,g3,1,fly8_B-g3_1.1,68.5,-0.502114821593082
dnc-KD,Bouton,Bouton+dncRNAi.xlsx,g3,8,Bouton,g3,1,fly8_B-g3_1.1,68.75,-0.495469846088566
dnc-KD,Bouton,Bouton+dncRNAi.xlsx,g3,8,Bouton,g3,1,fly8_B-g3_1.1,69.0,-0.363576803888778
dnc-KD,Bouton,Bouton+dncRNAi.xlsx,g3,8,Bouton,g3,1,fly8_B-g3_1.1,69.25,-0.521855316809596
dnc-KD,Bouton,Bouton+dncRNAi.xlsx,g3,8,Bouton,g3,1,fly8_B-g3_1.1,69.5,-0.485950337290646
dnc-KD,Bouton,Bouton+dncRNAi.xlsx,g3,8,Bouton,g3,1,fly8_B-g3_1.1,69.75,-0.561599361350375
dnc-KD,Bouton,Bouton+dncRNAi.xlsx,g3,8,Bouton,g3,1,fly8_B-g3_1.1,70.0,-0.36405335118543
dnc-KD,Bouton,Bouton+dncRNAi.xlsx,g3,8,Bouton,g3,1,fly8_B-g3_1.1,70.25,-0.526411108965589
dnc-KD,Bouton,Bouton+dncRNAi.xlsx,g3,8,Bouton,g3,1,fly8_B-g3_1.1,70.5,-0.510959539418944
dnc-KD,Bouton,Bouton+dncRNAi.xlsx,g3,8,Bouton,g3,1,fly8_B-g3_1.1,70.75,-0.437712313734341
dnc-KD,Bouton,Bouton+dncRNAi.xlsx,g3,8,Bouton,g3,1,fly8_B-g3_1.1,71.0,-0.53038360723048
dnc-KD,Bouton,Bouton+dncRNAi.xlsx,g3,8,Bouton,g3,1,fly8_B-g3_1.1,71.25,-0.485637722264042
dnc-KD,Bouton,Bouton+dncRNAi.xlsx,g3,8,Bouton,g3,1,fly8_B-g3_1.1,71.5,-0.425078091805502
dnc-KD,Bouton,Bouton+dncRNAi.xlsx,g3,8,Bouton,g3,1,fly8_B-g3_1.1,71.75,-0.454124602631037
dnc-KD,Bouton,Bouton+dncRNAi.xlsx,g3,8,Bouton,g3,1,fly8_B-g3_1.1,72.0,-0.40334753507817
dnc-KD,Bouton,Bouton+dncRNAi.xlsx,g3,8,Bouton,g3,1,fly8_B-g3_1.1,72.25,-0.522328051727875
dnc-KD,Bouton,Bouton+dncRNAi.xlsx,g3,8,Bouton,g3,1,fly8_B-g3_1.1,72.5,-0.36265420832246
dnc-KD,Bouton,Bouton+dncRNAi.xlsx,g3,8,Bouton,g3,1,fly8_B-g3_1.1,72.75,-0.166423468696275
dnc-KD,Bouton,Bouton+dncRNAi.xlsx,g3,8,Bouton,g3,1,fly8_B-g3_1.1,73.0,-0.324728668265705
dnc-KD,Bouton,Bouton+dncRNAi.xlsx,g3,8,Bouton,g3,1,fly8_B-g3_1.1,73.25,-0.207360787667871
dnc-KD,Bouton,Bouton+dncRNAi.xlsx,g3,8,Bouton,g3,1,fly8_B-g3_1.1,73.5,-0.403957515617884
dnc-KD,Bouton,Bouton+dncRNAi.xlsx,g3,8,Bouton,g3,1,fly8_B-g3_1.1,73.75,-0.400541624595483
dnc-KD,Bouton,Bouton+dncRNAi.xlsx,g3,8,Bouton,g3,1,fly8_B-g3_1.1,74.0,-0.259697117975383
dnc-KD,Bouton,Bouton+dncRNAi.xlsx,g3,8,Bouton,g3,1,fly8_B-g3_1.1,74.25,-0.218931356030582
dnc-KD,Bouton,Bouton+dncRNAi.xlsx,g3,8,Bouton,g3,1,fly8_B-g3_1.1,74.5,-0.331495639878164
dnc-KD,Bouton,Bouton+dncRNAi.xlsx,g3,8,Bouton,g3,1,fly8_B-g3_1.1,74.75,-0.306696118560392
dnc-KD,Bouton,Bouton+dncRNAi.xlsx,g3,8,Bouton,g3,1,fly8_B-g3_1.1,75.0,-0.355178134332583
dnc-KD,Bouton,Bouton+dncRNAi.xlsx,g3,8,Bouton,g3,1,fly8_B-g3_1.1,75.25,-0.519281961407675
dnc-KD,Bouton,Bouton+dncRNAi.xlsx,g3,8,Bouton,g3,1,fly8_B-g3_1.1,75.5,-0.41245149463341
dnc-KD,Bouton,Bouton+dncRNAi.xlsx,g3,8,Bouton,g3,1,fly8_B-g3_1.1,75.75,-0.378185837814943
dnc-KD,Bouton,Bouton+dncRNAi.xlsx,g3,8,Bouton,g3,1,fly8_B-g3_1.1,76.0,-0.539960301704
dnc-KD,Bouton,Bouton+dncRNAi.xlsx,g3,8,Bouton,g3,1,fly8_B-g3_1.1,76.25,-0.580722251270427
dnc-KD,Bouton,Bouton+dncRNAi.xlsx,g3,8,Bouton,g3,1,fly8_B-g3_1.1,76.5,-0.515111219467376
dnc-KD,Bouton,Bouton+dncRNAi.xlsx,g3,8,Bouton,g3,1,fly8_B-g3_1.1,76.75,-0.761676790755135
dnc-KD,Bouton,Bouton+dncRNAi.xlsx,g3,8,Bouton,g3,1,fly8_B-g3_1.1,77.0,-0.638437847462548
dnc-KD,Bouton,Bouton+dncRNAi.xlsx,g3,8,Bouton,g3,1,fly8_B-g3_1.1,77.25,-0.81206118333556
dnc-KD,Bouton,Bouton+dncRNAi.xlsx,g3,8,Bouton,g3,1,fly8_B-g3_1.1,77.5,-0.477898594166413
dnc-KD,Bouton,Bouton+dncRNAi.xlsx,g3,8,Bouton,g3,1,fly8_B-g3_1.1,77.75,-0.809335332798711
dnc-KD,Bouton,Bouton+dncRNAi.xlsx,g3,8,Bouton,g3,1,fly8_B-g3_1.1,78.0,-0.517745572923269
dnc-KD,Bouton,Bouton+dncRNAi.xlsx,g3,8,Bouton,g3,1,fly8_B-g3_1.1,78.25,-0.571019748310592
dnc-KD,Bouton,Bouton+dncRNAi.xlsx,g3,8,Bouton,g3,1,fly8_B-g3_1.1,78.5,-0.450319849014567
dnc-KD,Bouton,Bouton+dncRNAi.xlsx,g3,8,Bouton,g3,1,fly8_B-g3_1.1,78.75,-0.41721696759993
dnc-KD,Bouton,Bouton+dncRNAi.xlsx,g3,8,Bouton,g3,1,fly8_B-g3_1.1,79.0,-0.581050115810524
dnc-KD,Bouton,Bouton+dncRNAi.xlsx,g3,8,Bouton,g3,1,fly8_B-g3_1.1,79.25,-0.502850610619113
dnc-KD,Bouton,Bouton+dncRNAi.xlsx,g3,8,Bouton,g3,1,fly8_B-g3_1.1,79.5,-0.297344354410893
dnc-KD,Bouton,Bouton+dncRNAi.xlsx,g3,8,Bouton,g3,1,fly8_B-g3_1.1,79.75,-0.507841013909653
dnc-KD,Bouton,Bouton+dncRNAi.xlsx,g3,8,Bouton,g3,1,fly8_B-g3_1.1,80.0,-0.226319745317875
dnc-KD,Bouton,Bouton+dncRNAi.xlsx,g3,8,Bouton,g3,1,fly8_B-g3_1.1,80.25,-0.562495270268081
dnc-KD,Bouton,Bouton+dncRNAi.xlsx,g3,8,Bouton,g3,1,fly8_B-g3_1.1,80.5,-0.386531134073913
dnc-KD,Bouton,Bouton+dncRNAi.xlsx,g3,8,Bouton,g3,1,fly8_B-g3_1.1,80.75,-0.231893442499517
dnc-KD,Bouton,Bouton+dncRNAi.xlsx,g3,8,Bouton,g3,1,fly8_B-g3_1.1,81.0,-0.269582615097133
dnc-KD,Bouton,Bouton+dncRNAi.xlsx,g3,8,Bouton,g3,1,fly8_B-g3_1.1,81.25,-0.19187871909424
dnc-KD,Bouton,Bouton+dncRNAi.xlsx,g3,8,Bouton,g3,1,fly8_B-g3_1.1,81.5,-0.216064447493923
dnc-KD,Bouton,Bouton+dncRNAi.xlsx,g3,8,Bouton,g3,1,fly8_B-g3_1.1,81.75,-0.332444922093095
dnc-KD,Bouton,Bouton+dncRNAi.xlsx,g3,8,Bouton,g3,1,fly8_B-g3_1.1,82.0,-0.348628468287398
dnc-KD,Bouton,Bouton+dncRNAi.xlsx,g3,8,Bouton,g3,1,fly8_B-g3_1.1,82.25,-0.362921074808585
dnc-KD,Bouton,Bouton+dncRNAi.xlsx,g3,8,Bouton,g3,1,fly8_B-g3_1.1,82.5,-0.396961801303033
dnc-KD,Bouton,Bouton+dncRNAi.xlsx,g3,8,Bouton,g3,1,fly8_B-g3_1.1,82.75,-0.348956332827494
dnc-KD,Bouton,Bouton+dncRNAi.xlsx,g3,8,Bouton,g3,1,fly8_B-g3_1.1,83.0,-0.167250754803263
dnc-KD,Bouton,Bouton+dncRNAi.xlsx,g3,8,Bouton,g3,1,fly8_B-g3_1.1,83.25,-0.311556900986243
dnc-KD,Bouton,Bouton+dncRNAi.xlsx,g3,8,Bouton,g3,1,fly8_B-g3_1.1,83.5,-0.0765733351963154
dnc-KD,Bouton,Bouton+dncRNAi.xlsx,g3,8,Bouton,g3,1,fly8_B-g3_1.1,83.75,-0.257878613491359
dnc-KD,Bouton,Bouton+dncRNAi.xlsx,g3,8,Bouton,g3,1,fly8_B-g3_1.1,84.0,-0.306253882669099
dnc-KD,Bouton,Bouton+dncRNAi.xlsx,g3,8,Bouton,g3,1,fly8_B-g3_1.1,84.25,0.0118052202515828
dnc-KD,Bouton,Bouton+dncRNAi.xlsx,g3,8,Bouton,g3,1,fly8_B-g3_1.1,84.5,-0.302067891215308
dnc-KD,Bouton,Bouton+dncRNAi.xlsx,g3,8,Bouton,g3,1,fly8_B-g3_1.1,84.75,-0.367545489775296
dnc-KD,Bouton,Bouton+dncRNAi.xlsx,g3,8,Bouton,g3,1,fly8_B-g3_1.1,85.0,-0.276296213412366
dnc-KD,Bouton,Bouton+dncRNAi.xlsx,g3,8,Bouton,g3,1,fly8_B-g3_1.1,85.25,-0.117297160979011
dnc-KD,Bouton,Bouton+dncRNAi.xlsx,g3,8,Bouton,g3,1,fly8_B-g3_1.1,85.5,-0.0981590215454655
dnc-KD,Bouton,Bouton+dncRNAi.xlsx,g3,8,Bouton,g3,1,fly8_B-g3_1.1,85.75,-0.132988910363169
dnc-KD,Bouton,Bouton+dncRNAi.xlsx,g3,8,Bouton,g3,1,fly8_B-g3_1.1,86.0,-0.212644744093148
dnc-KD,Bouton,Bouton+dncRNAi.xlsx,g3,8,Bouton,g3,1,fly8_B-g3_1.1,86.25,-0.100347326731692
dnc-KD,Bouton,Bouton+dncRNAi.xlsx,g3,8,Bouton,g3,1,fly8_B-g3_1.1,86.5,0.0686554065529831
dnc-KD,Bouton,Bouton+dncRNAi.xlsx,g3,8,Bouton,g3,1,fly8_B-g3_1.1,86.75,0.0762153528670709
dnc-KD,Bouton,Bouton+dncRNAi.xlsx,g3,8,Bouton,g3,1,fly8_B-g3_1.1,87.0,-0.0714685605545789
dnc-KD,Bouton,Bouton+dncRNAi.xlsx,g3,8,Bouton,g3,1,fly8_B-g3_1.1,87.25,0.0282556329320108
dnc-KD,Bouton,Bouton+dncRNAi.xlsx,g3,8,Bouton,g3,1,fly8_B-g3_1.1,87.5,-0.168676584314846
dnc-KD,Bouton,Bouton+dncRNAi.xlsx,g3,8,Bouton,g3,1,fly8_B-g3_1.1,87.75,-0.0435314518356505
dnc-KD,Bouton,Bouton+dncRNAi.xlsx,g3,8,Bouton,g3,1,fly8_B-g3_1.1,88.0,-0.218912294138716
dnc-KD,Bouton,Bouton+dncRNAi.xlsx,g3,8,Bouton,g3,1,fly8_B-g3_1.1,88.25,-0.00678393669621936
dnc-KD,Bouton,Bouton+dncRNAi.xlsx,g3,8,Bouton,g3,1,fly8_B-g3_1.1,88.5,-0.0136805291733676
dnc-KD,Bouton,Bouton+dncRNAi.xlsx,g3,8,Bouton,g3,1,fly8_B-g3_1.1,88.75,-0.238199116328817
dnc-KD,Bouton,Bouton+dncRNAi.xlsx,g3,8,Bouton,g3,1,fly8_B-g3_1.1,89.0,-0.281156995838217
dnc-KD,Bouton,Bouton+dncRNAi.xlsx,g3,8,Bouton,g3,1,fly8_B-g3_1.1,89.25,-0.313078039957156
dnc-KD,Bouton,Bouton+dncRNAi.xlsx,g3,8,Bouton,g3,1,fly8_B-g3_1.1,89.5,-0.122935668592998
dnc-KD,Bouton,Bouton+dncRNAi.xlsx,g3,8,Bouton,g3,1,fly8_B-g3_1.1,89.75,-0.278217652112467
dnc-KD,Bouton,Bouton+dncRNAi.xlsx,g3,8,Bouton,g3,1,fly8_B-g3_1.1,90.0,-0.18949598261098
dnc-KD,Bouton,Bouton+dncRNAi.xlsx,g3,8,Bouton,g3,1,fly8_B-g3_1.1,90.25,-0.291324608959585
dnc-KD,Bouton,Bouton+dncRNAi.xlsx,g3,8,Bouton,g3,1,fly8_B-g3_1.1,90.5,-0.163167697565548
dnc-KD,Bouton,Bouton+dncRNAi.xlsx,g3,8,Bouton,g3,1,fly8_B-g3_1.1,90.75,-0.363008759511169
dnc-KD,Bouton,Bouton+dncRNAi.xlsx,g3,8,Bouton,g3,1,fly8_B-g3_1.1,91.0,-0.283528295186358
dnc-KD,Bouton,Bouton+dncRNAi.xlsx,g3,8,Bouton,g3,1,fly8_B-g3_1.1,91.25,-0.163224883241147
dnc-KD,Bouton,Bouton+dncRNAi.xlsx,g3,8,Bouton,g3,1,fly8_B-g3_1.1,91.5,-0.0200967619754905
dnc-KD,Bouton,Bouton+dncRNAi.xlsx,g3,8,Bouton,g3,1,fly8_B-g3_1.1,91.75,-0.343127206294846
dnc-KD,Bouton,Bouton+dncRNAi.xlsx,g3,8,Bouton,g3,1,fly8_B-g3_1.1,92.0,-0.321796949296702
dnc-KD,Bouton,Bouton+dncRNAi.xlsx,g3,8,Bouton,g3,1,fly8_B-g3_1.1,92.25,-0.272338964660968
dnc-KD,Bouton,Bouton+dncRNAi.xlsx,g3,8,Bouton,g3,1,fly8_B-g3_1.1,92.5,-0.129004974963158
dnc-KD,Bouton,Bouton+dncRNAi.xlsx,g3,8,Bouton,g3,1,fly8_B-g3_1.1,92.75,-0.315171035684052
dnc-KD,Bouton,Bouton+dncRNAi.xlsx,g3,8,Bouton,g3,1,fly8_B-g3_1.1,93.0,-0.323592579510487
dnc-KD,Bouton,Bouton+dncRNAi.xlsx,g3,8,Bouton,g3,1,fly8_B-g3_1.1,93.25,-0.346108486182702
dnc-KD,Bouton,Bouton+dncRNAi.xlsx,g3,8,Bouton,g3,1,fly8_B-g3_1.1,93.5,-0.0590783308416262
dnc-KD,Bouton,Bouton+dncRNAi.xlsx,g3,8,Bouton,g3,1,fly8_B-g3_1.1,93.75,-0.316028820818026
dnc-KD,Bouton,Bouton+dncRNAi.xlsx,g3,8,Bouton,g3,1,fly8_B-g3_1.1,94.0,0.0181299559727487
dnc-KD,Bouton,Bouton+dncRNAi.xlsx,g3,8,Bouton,g3,1,fly8_B-g3_1.1,94.25,-0.177887290464536
dnc-KD,Bouton,Bouton+dncRNAi.xlsx,g3,8,Bouton,g3,1,fly8_B-g3_1.1,94.5,-0.30396645564517
dnc-KD,Bouton,Bouton+dncRNAi.xlsx,g3,8,Bouton,g3,1,fly8_B-g3_1.1,94.75,-0.373999846361151
dnc-KD,Bouton,Bouton+dncRNAi.xlsx,g3,8,Bouton,g3,1,fly8_B-g3_1.1,95.0,-0.488565628854672
dnc-KD,Bouton,Bouton+dncRNAi.xlsx,g3,8,Bouton,g3,1,fly8_B-g3_1.1,95.25,-0.152855214065999
dnc-KD,Bouton,Bouton+dncRNAi.xlsx,g3,8,Bouton,g3,1,fly8_B-g3_1.1,95.5,-0.0734052487681727
dnc-KD,Bouton,Bouton+dncRNAi.xlsx,g3,8,Bouton,g3,1,fly8_B-g3_1.1,95.75,-0.141360893270752
dnc-KD,Bouton,Bouton+dncRNAi.xlsx,g3,8,Bouton,g3,1,fly8_B-g3_1.1,96.0,-0.189194804719496
dnc-KD,Bouton,Bouton+dncRNAi.xlsx,g3,8,Bouton,g3,1,fly8_B-g3_1.1,96.25,0.202298330426077
dnc-KD,Bouton,Bouton+dncRNAi.xlsx,g3,8,Bouton,g3,1,fly8_B-g3_1.1,96.5,-0.0569052751688929
dnc-KD,Bouton,Bouton+dncRNAi.xlsx,g3,8,Bouton,g3,1,fly8_B-g3_1.1,96.75,-0.0942932698750243
dnc-KD,Bouton,Bouton+dncRNAi.xlsx,g3,8,Bouton,g3,1,fly8_B-g3_1.1,97.0,-0.15062878509604
dnc-KD,Bouton,Bouton+dncRNAi.xlsx,g3,8,Bouton,g3,1,fly8_B-g3_1.1,97.25,-0.0413240847575583
dnc-KD,Bouton,Bouton+dncRNAi.xlsx,g3,8,Bouton,g3,1,fly8_B-g3_1.1,97.5,-0.267051195857317
dnc-KD,Bouton,Bouton+dncRNAi.xlsx,g3,8,Bouton,g3,1,fly8_B-g3_1.1,97.75,-0.147670379478425
dnc-KD,Bouton,Bouton+dncRNAi.xlsx,g3,8,Bouton,g3,1,fly8_B-g3_1.1,98.0,-0.142321612620802
dnc-KD,Bouton,Bouton+dncRNAi.xlsx,g3,8,Bouton,g3,1,fly8_B-g3_1.1,98.25,0.0467914165825881
dnc-KD,Bouton,Bouton+dncRNAi.xlsx,g3,8,Bouton,g3,1,fly8_B-g3_1.1,98.5,0.27413497611259
dnc-KD,Bouton,Bouton+dncRNAi.xlsx,g3,8,Bouton,g3,1,fly8_B-g3_1.1,98.75,-0.0703782203398391
dnc-KD,Bouton,Bouton+dncRNAi.xlsx,g3,8,Bouton,g3,1,fly8_B-g3_1.1,99.0,-0.158730089139125
dnc-KD,Bouton,Bouton+dncRNAi.xlsx,g3,8,Bouton,g3,1,fly8_B-g3_1.1,99.25,-0.19890874481445
dnc-KD,Bouton,Bouton+dncRNAi.xlsx,g3,8,Bouton,g3,1,fly8_B-g3_1.1,99.5,-0.236609354547186
dnc-KD,Bouton,Bouton+dncRNAi.xlsx,g3,8,Bouton,g3,1,fly8_B-g3_1.1,99.75,-0.135771946575617
dnc-KD,Bouton,Bouton+dncRNAi.xlsx,g3,8,Bouton,g3,1,fly8_B-g3_1.1,100.0,-0.0383351801129568
dnc-KD,Bouton,Bouton+dncRNAi.xlsx,g3,8,Bouton,g3,1,fly8_B-g3_1.1,100.25,-0.0645109700234592
dnc-KD,Bouton,Bouton+dncRNAi.xlsx,g3,8,Bouton,g3,1,fly8_B-g3_1.1,100.5,0.0394640253492664
dnc-KD,Bouton,Bouton+dncRNAi.xlsx,g3,8,Bouton,g3,1,fly8_B-g3_1.1,100.75,0.0846940823691037
dnc-KD,Bouton,Bouton+dncRNAi.xlsx,g3,8,Bouton,g3,1,fly8_B-g3_1.1,101.0,0.0785828398368381
dnc-KD,Bouton,Bouton+dncRNAi.xlsx,g3,8,Bouton,g3,1,fly8_B-g3_1.1,101.25,0.353855620274915
dnc-KD,Bouton,Bouton+dncRNAi.xlsx,g3,8,Bouton,g3,1,fly8_B-g3_1.1,101.5,0.672234962978947
dnc-KD,Bouton,Bouton+dncRNAi.xlsx,g3,8,Bouton,g3,1,fly8_B-g3_1.1,101.75,0.407884646580135
dnc-KD,Bouton,Bouton+dncRNAi.xlsx,g3,8,Bouton,g3,1,fly8_B-g3_1.1,102.0,-0.0461924919401553
dnc-KD,Bouton,Bouton+dncRNAi.xlsx,g3,8,Bouton,g3,1,fly8_B-g3_1.1,102.25,0.193983533194093
dnc-KD,Bouton,Bouton+dncRNAi.xlsx,g3,8,Bouton,g3,1,fly8_B-g3_1.1,102.5,0.131292783224925
dnc-KD,Bouton,Bouton+dncRNAi.xlsx,g3,8,Bouton,g3,1,fly8_B-g3_1.1,102.75,0.200517949725785
dnc-KD,Bouton,Bouton+dncRNAi.xlsx,g3,8,Bouton,g3,1,fly8_B-g3_1.1,103.0,-0.021659837108509
dnc-KD,Bouton,Bouton+dncRNAi.xlsx,g3,8,Bouton,g3,1,fly8_B-g3_1.1,103.25,-0.277348429843374
dnc-KD,Bouton,Bouton+dncRNAi.xlsx,g3,8,Bouton,g3,1,fly8_B-g3_1.1,103.5,-0.0520330556079226
dnc-KD,Bouton,Bouton+dncRNAi.xlsx,g3,8,Bouton,g3,1,fly8_B-g3_1.1,103.75,-0.127342777992436
dnc-KD,Bouton,Bouton+dncRNAi.xlsx,g3,8,Bouton,g3,1,fly8_B-g3_1.1,104.0,-0.128223437396649
dnc-KD,Bouton,Bouton+dncRNAi.xlsx,g3,8,Bouton,g3,1,fly8_B-g3_1.1,104.25,0.0503483656047988
dnc-KD,Bouton,Bouton+dncRNAi.xlsx,g3,8,Bouton,g3,1,fly8_B-g3_1.1,104.5,0.260578158617434
dnc-KD,Bouton,Bouton+dncRNAi.xlsx,g3,8,Bouton,g3,1,fly8_B-g3_1.1,104.75,0.0756473084894616
dnc-KD,Bouton,Bouton+dncRNAi.xlsx,g3,8,Bouton,g3,1,fly8_B-g3_1.1,105.0,0.323177411505644
dnc-KD,Bouton,Bouton+dncRNAi.xlsx,g3,8,Bouton,g3,1,fly8_B-g3_1.1,105.25,0.140671234023037
dnc-KD,Bouton,Bouton+dncRNAi.xlsx,g3,8,Bouton,g3,1,fly8_B-g3_1.1,105.5,-0.103054115376675
dnc-KD,Bouton,Bouton+dncRNAi.xlsx,g3,8,Bouton,g3,1,fly8_B-g3_1.1,105.75,0.148063435688704
dnc-KD,Bouton,Bouton+dncRNAi.xlsx,g3,8,Bouton,g3,1,fly8_B-g3_1.1,106.0,-0.255587374089056
dnc-KD,Bouton,Bouton+dncRNAi.xlsx,g3,8,Bouton,g3,1,fly8_B-g3_1.1,106.25,-0.108197013802144
dnc-KD,Bouton,Bouton+dncRNAi.xlsx,g3,8,Bouton,g3,1,fly8_B-g3_1.1,106.5,6.30948620769267e-05
dnc-KD,Bouton,Bouton+dncRNAi.xlsx,g3,8,Bouton,g3,1,fly8_B-g3_1.1,106.75,0.126432000799075
dnc-KD,Bouton,Bouton+dncRNAi.xlsx,g3,8,Bouton,g3,1,fly8_B-g3_1.1,107.0,0.194334272004429
dnc-KD,Bouton,Bouton+dncRNAi.xlsx,g3,8,Bouton,g3,1,fly8_B-g3_1.1,107.25,-0.309746021258965
dnc-KD,Bouton,Bouton+dncRNAi.xlsx,g3,8,Bouton,g3,1,fly8_B-g3_1.1,107.5,-0.0322010633104519
dnc-KD,Bouton,Bouton+dncRNAi.xlsx,g3,8,Bouton,g3,1,fly8_B-g3_1.1,107.75,-0.209179292151895
dnc-KD,Bouton,Bouton+dncRNAi.xlsx,g3,8,Bouton,g3,1,fly8_B-g3_1.1,108.0,0.0229106784527617
dnc-KD,Bouton,Bouton+dncRNAi.xlsx,g3,8,Bouton,g3,1,fly8_B-g3_1.1,108.25,-0.0113664155008252
dnc-KD,Bouton,Bouton+dncRNAi.xlsx,g3,8,Bouton,g3,1,fly8_B-g3_1.1,108.5,-0.0965768845205808
dnc-KD,Bouton,Bouton+dncRNAi.xlsx,g3,8,Bouton,g3,1,fly8_B-g3_1.1,108.75,0.195001438219741
dnc-KD,Bouton,Bouton+dncRNAi.xlsx,g3,8,Bouton,g3,1,fly8_B-g3_1.1,109.0,-0.0631194519172353
dnc-KD,Bouton,Bouton+dncRNAi.xlsx,g3,8,Bouton,g3,1,fly8_B-g3_1.1,109.25,0.0218394001298879
dnc-KD,Bouton,Bouton+dncRNAi.xlsx,g3,8,Bouton,g3,1,fly8_B-g3_1.1,109.5,0.0276723390409088
dnc-KD,Bouton,Bouton+dncRNAi.xlsx,g3,8,Bouton,g3,1,fly8_B-g3_1.1,109.75,0.101552419535466
dnc-KD,Bouton,Bouton+dncRNAi.xlsx,g3,8,Bouton,g3,1,fly8_B-g3_1.1,110.0,0.158558913350168
dnc-KD,Bouton,Bouton+dncRNAi.xlsx,g3,8,Bouton,g3,1,fly8_B-g3_1.1,110.25,0.103176492722456
dnc-KD,Bouton,Bouton+dncRNAi.xlsx,g3,8,Bouton,g3,1,fly8_B-g3_1.1,110.5,-0.0366615460071148
dnc-KD,Bouton,Bouton+dncRNAi.xlsx,g3,8,Bouton,g3,1,fly8_B-g3_1.1,110.75,-0.0424106125939249
dnc-KD,Bouton,Bouton+dncRNAi.xlsx,g3,8,Bouton,g3,1,fly8_B-g3_1.1,111.0,-0.238290613409774
dnc-KD,Bouton,Bouton+dncRNAi.xlsx,g3,8,Bouton,g3,1,fly8_B-g3_1.1,111.25,-0.269315748611007
dnc-KD,Bouton,Bouton+dncRNAi.xlsx,g3,8,Bouton,g3,1,fly8_B-g3_1.1,111.5,-0.262449655160845
dnc-KD,Bouton,Bouton+dncRNAi.xlsx,g3,8,Bouton,g3,1,fly8_B-g3_1.1,111.75,-0.321263216324452
dnc-KD,Bouton,Bouton+dncRNAi.xlsx,g3,8,Bouton,g3,1,fly8_B-g3_1.1,112.0,-0.0831382507549936
dnc-KD,Bouton,Bouton+dncRNAi.xlsx,g3,8,Bouton,g3,1,fly8_B-g3_1.1,112.25,-0.170334968907195
dnc-KD,Bouton,Bouton+dncRNAi.xlsx,g3,8,Bouton,g3,1,fly8_B-g3_1.1,112.5,-0.0113435412305861
dnc-KD,Bouton,Bouton+dncRNAi.xlsx,g3,8,Bouton,g3,1,fly8_B-g3_1.1,112.75,-0.120873171893088
dnc-KD,Bouton,Bouton+dncRNAi.xlsx,g3,8,Bouton,g3,1,fly8_B-g3_1.1,113.0,0.129603899605591
dnc-KD,Bouton,Bouton+dncRNAi.xlsx,g3,8,Bouton,g3,1,fly8_B-g3_1.1,113.25,0.0317248972516376
dnc-KD,Bouton,Bouton+dncRNAi.xlsx,g3,8,Bouton,g3,1,fly8_B-g3_1.1,113.5,-0.247219203559846
dnc-KD,Bouton,Bouton+dncRNAi.xlsx,g3,8,Bouton,g3,1,fly8_B-g3_1.1,113.75,-0.0106268140964212
dnc-KD,Bouton,Bouton+dncRNAi.xlsx,g3,8,Bouton,g3,1,fly8_B-g3_1.1,114.0,-0.0279388242891962
dnc-KD,Bouton,Bouton+dncRNAi.xlsx,g3,8,Bouton,g3,1,fly8_B-g3_1.1,114.25,-0.155024457360359
dnc-KD,Bouton,Bouton+dncRNAi.xlsx,g3,8,Bouton,g3,1,fly8_B-g3_1.1,114.5,-0.174787826847111
dnc-KD,Bouton,Bouton+dncRNAi.xlsx,g3,8,Bouton,g3,1,fly8_B-g3_1.1,114.75,0.0225751891559188
dnc-KD,Bouton,Bouton+dncRNAi.xlsx,g3,8,Bouton,g3,1,fly8_B-g3_1.1,115.0,-0.214833049279375
dnc-KD,Bouton,Bouton+dncRNAi.xlsx,g3,8,Bouton,g3,1,fly8_B-g3_1.1,115.25,-0.240292112055712
dnc-KD,Bouton,Bouton+dncRNAi.xlsx,g3,8,Bouton,g3,1,fly8_B-g3_1.1,115.5,-0.00106918151476817
dnc-KD,Bouton,Bouton+dncRNAi.xlsx,g3,8,Bouton,g3,1,fly8_B-g3_1.1,115.75,0.224223318450444
dnc-KD,Bouton,Bouton+dncRNAi.xlsx,g3,8,Bouton,g3,1,fly8_B-g3_1.1,116.0,0.169622435389241
dnc-KD,Bouton,Bouton+dncRNAi.xlsx,g3,8,Bouton,g3,1,fly8_B-g3_1.1,116.25,0.448650408524936
dnc-KD,Bouton,Bouton+dncRNAi.xlsx,g3,8,Bouton,g3,1,fly8_B-g3_1.1,116.5,0.00630777063740521
dnc-KD,Bouton,Bouton+dncRNAi.xlsx,g3,8,Bouton,g3,1,fly8_B-g3_1.1,116.75,0.0321861950347967
dnc-KD,Bouton,Bouton+dncRNAi.xlsx,g3,8,Bouton,g3,1,fly8_B-g3_1.1,117.0,-0.090991750203819
dnc-KD,Bouton,Bouton+dncRNAi.xlsx,g3,8,Bouton,g3,1,fly8_B-g3_1.1,117.25,-0.331202086743426
dnc-KD,Bouton,Bouton+dncRNAi.xlsx,g3,8,Bouton,g3,1,fly8_B-g3_1.1,117.5,-0.0793068104899114
dnc-KD,Bouton,Bouton+dncRNAi.xlsx,g3,8,Bouton,g3,1,fly8_B-g3_1.1,117.75,-0.0581557352753078
dnc-KD,Bouton,Bouton+dncRNAi.xlsx,g3,8,Bouton,g3,1,fly8_B-g3_1.1,118.0,0.0572411457035737
dnc-KD,Bouton,Bouton+dncRNAi.xlsx,g3,8,Bouton,g3,1,fly8_B-g3_1.1,118.25,0.218417066188036
dnc-KD,Bouton,Bouton+dncRNAi.xlsx,g3,8,Bouton,g3,1,fly8_B-g3_1.1,118.5,-0.0953340491709124
dnc-KD,Bouton,Bouton+dncRNAi.xlsx,g3,8,Bouton,g3,1,fly8_B-g3_1.1,118.75,-0.0794783675167062
dnc-KD,Bouton,Bouton+dncRNAi.xlsx,g3,8,Bouton,g3,1,fly8_B-g3_1.1,119.0,-0.0414041447033957
