genotype,sex,animalNo,expType,birthDate,fps,traceLenFrame,traceLenSec,inZoneFraction,inZoneDuration,inZoneMedDiverg_Deg,path2_inZoneBendability,path2_midLineUniform_mm,path2_midLineUniform_pix,path2_head_mm,path2_tail_mm,path2_probDensity,path2_smr,path2_s2r,path2_seq,path2_csv,path2_mat,path2_anaMat,avi,latency_to_m_cell,latency_to_others,m_cell_spikes,median_spike_instFreq_Hz,other_spikes,path2_spike_train_df,path2_trace_mm
rei-HT,M,24,c-start,08-2019,924.0,4620,5.0,,,,,,,/home/bgeurten/fishDataBase/cst_rei-HT_08-2019_M_24_ID#1018/head_mm.csv,/home/bgeurten/fishDataBase/cst_rei-HT_08-2019_M_24_ID#1018/tail_mm.csv,,/home/bgeurten/cstart_experiments/rei/Heterozygous/Male/movie50/HtM24.smr,/home/bgeurten/cstart_experiments/rei/Heterozygous/Male/movie50/HtM24.S2R,,/home/bgeurten/cstart_experiments/rei/Heterozygous/Male/movie50/HtM24_box.csv,/home/bgeurten/cstart_experiments/rei/Heterozygous/Male/movie50/C_START_rei_11_2018_HtM24_result.mat,/home/bgeurten/cstart_experiments/rei/Heterozygous/Male/movie50/C_START_rei_11_2018_HtM24_result_ana.mat,/home/bgeurten/cstart_experiments/rei/Heterozygous/Male/movie50/HtM24.avi,0.02934899999999996,0.03424499999999997,10.0,624.2197253432806,434.0,/home/bgeurten/fishDataBase/cst_rei-HT_08-2019_M_24_ID#1018/spike_train_df.csv,/home/bgeurten/fishDataBase/cst_rei-HT_08-2019_M_24_ID#1018/trace_mm.csv
rei-HT,M,11,c-start,08-2019,923.0,4615,5.0,,,,,,/home/bgeurten/fishDataBase/cst_rei-HT_08-2019_M_11_ID#1019/midLineUniform_pix.csv,/home/bgeurten/fishDataBase/cst_rei-HT_08-2019_M_11_ID#1019/head_mm.csv,/home/bgeurten/fishDataBase/cst_rei-HT_08-2019_M_11_ID#1019/tail_mm.csv,,/home/bgeurten/cstart_experiments/rei/Heterozygous/Male/movie22/rei_cstHtM11_06-2020.smr,/home/bgeurten/cstart_experiments/rei/Heterozygous/Male/movie22/rei_cstHtM11_06-2020.S2R,,/home/bgeurten/cstart_experiments/rei/Heterozygous/Male/movie38/HtM11_box.csv,/home/bgeurten/cstart_experiments/rei/Heterozygous/Male/movie22/rei_cstHtM11_06_2020_result.mat,/home/bgeurten/cstart_experiments/rei/Heterozygous/Male/movie22/rei_cstHtM11_06_2020_result_ana.mat,/home/bgeurten/cstart_experiments/rei/Heterozygous/Male/movie22/rei_cstHtM11_06-2020.avi,,,,,,,/home/bgeurten/fishDataBase/cst_rei-HT_08-2019_M_11_ID#1019/trace_mm.csv
rei-HT,M,1,c-start,08-2019,924.0,4620,5.0,,,,,,/home/bgeurten/fishDataBase/cst_rei-HT_08-2019_M_1_ID#1020/midLineUniform_pix.csv,/home/bgeurten/fishDataBase/cst_rei-HT_08-2019_M_1_ID#1020/head_mm.csv,/home/bgeurten/fishDataBase/cst_rei-HT_08-2019_M_1_ID#1020/tail_mm.csv,,/home/bgeurten/cstart_experiments/rei/Heterozygous/Male/movie30/HtM1.smr,/home/bgeurten/cstart_experiments/rei/Heterozygous/Male/movie30/HtM1.S2R,,/home/bgeurten/cstart_experiments/rei/Heterozygous/Male/movie30/HtM1_box.csv,/home/bgeurten/cstart_experiments/rei/Heterozygous/Male/movie30/C_START_rei_11_2018_HtM1_result.mat,/home/bgeurten/cstart_experiments/rei/Heterozygous/Male/movie30/C_START_rei_11_2018_HtM1_result_ana.mat,/home/bgeurten/cstart_experiments/rei/Heterozygous/Male/movie30/HtM1.avi,0.03034800000000004,0.028557000000000055,42.0,559.7572599247213,784.0,/home/bgeurten/fishDataBase/cst_rei-HT_08-2019_M_1_ID#1020/spike_train_df.csv,/home/bgeurten/fishDataBase/cst_rei-HT_08-2019_M_1_ID#1020/trace_mm.csv
rei-HT,M,6,c-start,08-2019,924.0,4620,5.0,,,,,,,/home/bgeurten/fishDataBase/cst_rei-HT_08-2019_M_6_ID#1021/head_mm.csv,/home/bgeurten/fishDataBase/cst_rei-HT_08-2019_M_6_ID#1021/tail_mm.csv,,/home/bgeurten/cstart_experiments/rei/Heterozygous/Male/movie34/HtM6.smr,/home/bgeurten/cstart_experiments/rei/Heterozygous/Male/movie34/HtM6.S2R,,/home/bgeurten/cstart_experiments/rei/Heterozygous/Male/movie34/HtM6_box.csv,/home/bgeurten/cstart_experiments/rei/Heterozygous/Male/movie34/C_START_rei_11_2018_HtM6_result.mat,/home/bgeurten/cstart_experiments/rei/Heterozygous/Male/movie34/C_START_rei_11_2018_HtM6_result_ana.mat,/home/bgeurten/cstart_experiments/rei/Heterozygous/Male/movie34/HtM6.avi,0.023633999999999933,0.0068309999999999205,8.0,575.7052389177147,3091.0,/home/bgeurten/fishDataBase/cst_rei-HT_08-2019_M_6_ID#1021/spike_train_df.csv,/home/bgeurten/fishDataBase/cst_rei-HT_08-2019_M_6_ID#1021/trace_mm.csv
rei-HT,M,70,c-start,08-2019,923.0,4615,5.0,,,,,,/home/bgeurten/fishDataBase/cst_rei-HT_08-2019_M_70_ID#1022/midLineUniform_pix.csv,,,,/home/bgeurten/cstart_experiments/rei/Heterozygous/Male/movie18/rei_cstHtM7_06-2020.smr,/home/bgeurten/cstart_experiments/rei/Heterozygous/Male/movie18/rei_cstHtM7_06-2020.S2R,,,/home/bgeurten/cstart_experiments/rei/Heterozygous/Male/movie18/rei_cstHtM7_06_2020_result.mat,/home/bgeurten/cstart_experiments/rei/Heterozygous/Male/movie18/rei_cstHtM7_06_2020_result_ana.mat,/home/bgeurten/cstart_experiments/rei/Heterozygous/Male/movie18/rei_cstHtM7_06-2020.avi,,,,,,,/home/bgeurten/fishDataBase/cst_rei-HT_08-2019_M_70_ID#1022/trace_mm.csv
rei-HT,M,15,c-start,08-2019,924.0,4620,5.0,,,,,,/home/bgeurten/fishDataBase/cst_rei-HT_08-2019_M_15_ID#1023/midLineUniform_pix.csv,/home/bgeurten/fishDataBase/cst_rei-HT_08-2019_M_15_ID#1023/head_mm.csv,/home/bgeurten/fishDataBase/cst_rei-HT_08-2019_M_15_ID#1023/tail_mm.csv,,/home/bgeurten/cstart_experiments/rei/Heterozygous/Male/movie42/HtM15.smr,/home/bgeurten/cstart_experiments/rei/Heterozygous/Male/movie42/HtM15.S2R,,/home/bgeurten/cstart_experiments/rei/Heterozygous/Male/movie42/HtM15_box.csv,/home/bgeurten/cstart_experiments/rei/Heterozygous/Male/movie42/C_START_rei_11_2018_HtM15_result.mat,/home/bgeurten/cstart_experiments/rei/Heterozygous/Male/movie42/C_START_rei_11_2018_HtM15_result_ana.mat,/home/bgeurten/cstart_experiments/rei/Heterozygous/Male/movie42/HtM15.avi,0.021474000000000437,0.004590000000000316,9.0,487.3294346978693,3289.0,/home/bgeurten/fishDataBase/cst_rei-HT_08-2019_M_15_ID#1023/spike_train_df.csv,/home/bgeurten/fishDataBase/cst_rei-HT_08-2019_M_15_ID#1023/trace_mm.csv
rei-HT,M,17,c-start,08-2019,923.0,4615,5.0,,,,,,/home/bgeurten/fishDataBase/cst_rei-HT_08-2019_M_17_ID#1024/midLineUniform_pix.csv,/home/bgeurten/fishDataBase/cst_rei-HT_08-2019_M_17_ID#1024/head_mm.csv,/home/bgeurten/fishDataBase/cst_rei-HT_08-2019_M_17_ID#1024/tail_mm.csv,,/home/bgeurten/cstart_experiments/rei/Heterozygous/Male/movie28/rei_cstHtM17_06-2020.smr,/home/bgeurten/cstart_experiments/rei/Heterozygous/Male/movie28/rei_cstHtM17_06-2020.S2R,,/home/bgeurten/cstart_experiments/rei/Heterozygous/Male/movie44/HtM17_box.csv,/home/bgeurten/cstart_experiments/rei/Heterozygous/Male/movie28/rei_cstHtM17_06_2020_result.mat,/home/bgeurten/cstart_experiments/rei/Heterozygous/Male/movie28/rei_cstHtM17_06_2020_result_ana.mat,/home/bgeurten/cstart_experiments/rei/Heterozygous/Male/movie28/rei_cstHtM17_06-2020.avi,1.130841,0.008280000000000065,33.0,358.42293906809135,1512.0,/home/bgeurten/fishDataBase/cst_rei-HT_08-2019_M_17_ID#1024/spike_train_df.csv,/home/bgeurten/fishDataBase/cst_rei-HT_08-2019_M_17_ID#1024/trace_mm.csv
rei-HT,M,10,c-start,08-2019,923.0,4613,4.99783315276273,,,,,,/home/bgeurten/fishDataBase/cst_rei-HT_08-2019_M_10_ID#1025/midLineUniform_pix.csv,/home/bgeurten/fishDataBase/cst_rei-HT_08-2019_M_10_ID#1025/head_mm.csv,/home/bgeurten/fishDataBase/cst_rei-HT_08-2019_M_10_ID#1025/tail_mm.csv,,/home/bgeurten/cstart_experiments/rei/Heterozygous/Male/movie21/rei_cstHtM10_06-2020.smr,/home/bgeurten/cstart_experiments/rei/Heterozygous/Male/movie21/rei_cstHtM10_06-2020.S2R,,/home/bgeurten/cstart_experiments/rei/Heterozygous/Male/movie37b/HtM10II_box.csv,/home/bgeurten/cstart_experiments/rei/Heterozygous/Male/movie21/rei_cstHtM10_06_2020_result.mat,/home/bgeurten/cstart_experiments/rei/Heterozygous/Male/movie21/rei_cstHtM10_06_2020_result_ana.mat,/home/bgeurten/cstart_experiments/rei/Heterozygous/Male/movie21/rei_cstHtM10_06-2020.avi,1.117107,0.003591000000000122,45.0,387.82355855529323,1795.0,/home/bgeurten/fishDataBase/cst_rei-HT_08-2019_M_10_ID#1025/spike_train_df.csv,/home/bgeurten/fishDataBase/cst_rei-HT_08-2019_M_10_ID#1025/trace_mm.csv
rei-HT,M,23,c-start,08-2019,924.0,4620,5.0,,,,,,,/home/bgeurten/fishDataBase/cst_rei-HT_08-2019_M_23_ID#1026/head_mm.csv,/home/bgeurten/fishDataBase/cst_rei-HT_08-2019_M_23_ID#1026/tail_mm.csv,,/home/bgeurten/cstart_experiments/rei/Heterozygous/Male/movie49/HtM23.smr,/home/bgeurten/cstart_experiments/rei/Heterozygous/Male/movie49/HtM23.S2R,,/home/bgeurten/cstart_experiments/rei/Heterozygous/Male/movie49/HtM23_box.csv,/home/bgeurten/cstart_experiments/rei/Heterozygous/Male/movie49/C_START_rei_11_2018_HtM23_result.mat,/home/bgeurten/cstart_experiments/rei/Heterozygous/Male/movie49/C_START_rei_11_2018_HtM23_result_ana.mat,/home/bgeurten/cstart_experiments/rei/Heterozygous/Male/movie49/HtM23.avi,0.02944800000000003,0.028683000000000014,15.0,454.4440727110874,283.0,/home/bgeurten/fishDataBase/cst_rei-HT_08-2019_M_23_ID#1026/spike_train_df.csv,/home/bgeurten/fishDataBase/cst_rei-HT_08-2019_M_23_ID#1026/trace_mm.csv
rei-HT,M,21,c-start,08-2019,923.0,4614,4.998916576381365,,,,,,/home/bgeurten/fishDataBase/cst_rei-HT_08-2019_M_21_ID#1027/midLineUniform_pix.csv,/home/bgeurten/fishDataBase/cst_rei-HT_08-2019_M_21_ID#1027/head_mm.csv,/home/bgeurten/fishDataBase/cst_rei-HT_08-2019_M_21_ID#1027/tail_mm.csv,,/home/bgeurten/cstart_experiments/rei/Heterozygous/Male/movie2/rei_cstHtM2_11-2019R.smr,/home/bgeurten/cstart_experiments/rei/Heterozygous/Male/movie2/rei_cstHtM2_11-2019R.S2R,,/home/bgeurten/cstart_experiments/rei/Heterozygous/Male/movie48/HtM21_box.csv,/home/bgeurten/cstart_experiments/rei/Heterozygous/Male/movie2/rei_cstHtM2_11_2019R_result.mat,/home/bgeurten/cstart_experiments/rei/Heterozygous/Male/movie2/rei_cstHtM2_11_2019R_result_ana.mat,/home/bgeurten/cstart_experiments/rei/Heterozygous/Male/movie2/rei_cstHtM2_11-2019R.avi,,,,,,,/home/bgeurten/fishDataBase/cst_rei-HT_08-2019_M_21_ID#1027/trace_mm.csv
rei-HT,M,31,c-start,08-2019,924.0,4620,5.0,,,,,,/home/bgeurten/fishDataBase/cst_rei-HT_08-2019_M_31_ID#1028/midLineUniform_pix.csv,/home/bgeurten/fishDataBase/cst_rei-HT_08-2019_M_31_ID#1028/head_mm.csv,/home/bgeurten/fishDataBase/cst_rei-HT_08-2019_M_31_ID#1028/tail_mm.csv,,/home/bgeurten/cstart_experiments/rei/Heterozygous/Male/movie55/HtM31.smr,/home/bgeurten/cstart_experiments/rei/Heterozygous/Male/movie55/HtM31.S2R,,/home/bgeurten/cstart_experiments/rei/Heterozygous/Male/movie55/HtM31_box.csv,/home/bgeurten/cstart_experiments/rei/Heterozygous/Male/movie55/C_START_rei_11_2018_HtM31_result.mat,/home/bgeurten/cstart_experiments/rei/Heterozygous/Male/movie55/C_START_rei_11_2018_HtM31_result_ana.mat,/home/bgeurten/cstart_experiments/rei/Heterozygous/Male/movie55/HtM31.avi,0.02771100000000004,0.012824999999999975,44.0,440.91710758378656,1074.0,/home/bgeurten/fishDataBase/cst_rei-HT_08-2019_M_31_ID#1028/spike_train_df.csv,/home/bgeurten/fishDataBase/cst_rei-HT_08-2019_M_31_ID#1028/trace_mm.csv
rei-HT,M,27,c-start,08-2019,924.0,4620,5.0,,,,,,/home/bgeurten/fishDataBase/cst_rei-HT_08-2019_M_27_ID#1029/midLineUniform_pix.csv,/home/bgeurten/fishDataBase/cst_rei-HT_08-2019_M_27_ID#1029/head_mm.csv,/home/bgeurten/fishDataBase/cst_rei-HT_08-2019_M_27_ID#1029/tail_mm.csv,,/home/bgeurten/cstart_experiments/rei/Heterozygous/Male/movie51/HtM27.smr,/home/bgeurten/cstart_experiments/rei/Heterozygous/Male/movie51/HtM27.S2R,,/home/bgeurten/cstart_experiments/rei/Heterozygous/Male/movie51/HtM27_box.csv,/home/bgeurten/cstart_experiments/rei/Heterozygous/Male/movie51/C_START_rei_11_2018_HtM27_result.mat,/home/bgeurten/cstart_experiments/rei/Heterozygous/Male/movie51/C_START_rei_11_2018_HtM27_result_ana.mat,/home/bgeurten/cstart_experiments/rei/Heterozygous/Male/movie51/HtM27.avi,0.025136999999999965,0.0038610000000000033,22.0,470.80979284363866,1483.0,/home/bgeurten/fishDataBase/cst_rei-HT_08-2019_M_27_ID#1029/spike_train_df.csv,/home/bgeurten/fishDataBase/cst_rei-HT_08-2019_M_27_ID#1029/trace_mm.csv
rei-HT,M,20,c-start,08-2019,923.0,4615,5.0,,,,,,/home/bgeurten/fishDataBase/cst_rei-HT_08-2019_M_20_ID#1030/midLineUniform_pix.csv,/home/bgeurten/fishDataBase/cst_rei-HT_08-2019_M_20_ID#1030/head_mm.csv,/home/bgeurten/fishDataBase/cst_rei-HT_08-2019_M_20_ID#1030/tail_mm.csv,,/home/bgeurten/cstart_experiments/rei/Heterozygous/Male/movie13/rei_cstHtM2_06-2020.smr,/home/bgeurten/cstart_experiments/rei/Heterozygous/Male/movie13/rei_cstHtM2_06-2020.S2R,,/home/bgeurten/cstart_experiments/rei/Heterozygous/Male/movie47/HtM20_box.csv,/home/bgeurten/cstart_experiments/rei/Heterozygous/Male/movie13/rei_cstHtM2_06_2020_result.mat,/home/bgeurten/cstart_experiments/rei/Heterozygous/Male/movie13/rei_cstHtM2_06_2020_result_ana.mat,/home/bgeurten/cstart_experiments/rei/Heterozygous/Male/movie13/rei_cstHtM2_06-2020.avi,1.383327,0.0034920000000000506,13.0,371.60906726130264,1829.0,/home/bgeurten/fishDataBase/cst_rei-HT_08-2019_M_20_ID#1030/spike_train_df.csv,/home/bgeurten/fishDataBase/cst_rei-HT_08-2019_M_20_ID#1030/trace_mm.csv
rei-HT,M,14,c-start,08-2019,924.0,4620,5.0,,,,,,/home/bgeurten/fishDataBase/cst_rei-HT_08-2019_M_14_ID#1031/midLineUniform_pix.csv,/home/bgeurten/fishDataBase/cst_rei-HT_08-2019_M_14_ID#1031/head_mm.csv,/home/bgeurten/fishDataBase/cst_rei-HT_08-2019_M_14_ID#1031/tail_mm.csv,,/home/bgeurten/cstart_experiments/rei/Heterozygous/Male/movie41/HtM14II.smr,/home/bgeurten/cstart_experiments/rei/Heterozygous/Male/movie41/HtM14II.S2R,,/home/bgeurten/cstart_experiments/rei/Heterozygous/Male/movie41/HtM14II_box.csv,/home/bgeurten/cstart_experiments/rei/Heterozygous/Male/movie41/C_START_rei_11_2018_HtM14_II_result.mat,/home/bgeurten/cstart_experiments/rei/Heterozygous/Male/movie41/C_START_rei_11_2018_HtM14_II_result_ana.mat,/home/bgeurten/cstart_experiments/rei/Heterozygous/Male/movie41/HtM14II.avi,0.024255000000000138,0.006327000000000194,4.0,481.0004810004431,3281.0,/home/bgeurten/fishDataBase/cst_rei-HT_08-2019_M_14_ID#1031/spike_train_df.csv,/home/bgeurten/fishDataBase/cst_rei-HT_08-2019_M_14_ID#1031/trace_mm.csv
rei-HT,M,91,c-start,08-2019,923.0,4614,4.998916576381365,,,,,,,,,,/home/bgeurten/cstart_experiments/rei/Heterozygous/Male/movie9/rei_cstHtM9_11-2019R.smr,/home/bgeurten/cstart_experiments/rei/Heterozygous/Male/movie9/rei_cstHtM9_11-2019R.S2R,,,/home/bgeurten/cstart_experiments/rei/Heterozygous/Male/movie9/rei_cstHtM9_11_2019R_result.mat,/home/bgeurten/cstart_experiments/rei/Heterozygous/Male/movie9/rei_cstHtM9_11_2019R_result_ana.mat,/home/bgeurten/cstart_experiments/rei/Heterozygous/Male/movie9/rei_cstHtM9_11-2019R.avi,,,,,,,/home/bgeurten/fishDataBase/cst_rei-HT_08-2019_M_91_ID#1032/trace_mm.csv
rei-HT,M,4,c-start,08-2019,924.0,4619,4.998917748917749,,,,,,,/home/bgeurten/fishDataBase/cst_rei-HT_08-2019_M_4_ID#1033/head_mm.csv,/home/bgeurten/fishDataBase/cst_rei-HT_08-2019_M_4_ID#1033/tail_mm.csv,,/home/bgeurten/cstart_experiments/rei/Heterozygous/Male/movie33/Htm4II.smr,/home/bgeurten/cstart_experiments/rei/Heterozygous/Male/movie33/HtM4II.S2R,,/home/bgeurten/cstart_experiments/rei/Heterozygous/Male/movie33/HtM4II_box.csv,/home/bgeurten/cstart_experiments/rei/Heterozygous/Male/movie33/C_START_rei_11_2018_HtM4_II_result.mat,/home/bgeurten/cstart_experiments/rei/Heterozygous/Male/movie33/C_START_rei_11_2018_HtM4_II_result_ana.mat,/home/bgeurten/cstart_experiments/rei/Heterozygous/Male/movie33/HtM4II.avi,0.025173,0.027630000000000043,19.0,418.6178515680259,145.0,/home/bgeurten/fishDataBase/cst_rei-HT_08-2019_M_4_ID#1033/spike_train_df.csv,/home/bgeurten/fishDataBase/cst_rei-HT_08-2019_M_4_ID#1033/trace_mm.csv
rei-HT,M,61,c-start,08-2019,923.0,4615,5.0,,,,,,/home/bgeurten/fishDataBase/cst_rei-HT_08-2019_M_61_ID#1034/midLineUniform_pix.csv,,,,/home/bgeurten/cstart_experiments/rei/Heterozygous/Male/movie6/rei_cstHtM6_11-2019R.smr,/home/bgeurten/cstart_experiments/rei/Heterozygous/Male/movie6/rei_cstHtM6_11-2019R.S2R,,,/home/bgeurten/cstart_experiments/rei/Heterozygous/Male/movie6/rei_cstHtM6_11_2019R_result.mat,/home/bgeurten/cstart_experiments/rei/Heterozygous/Male/movie6/rei_cstHtM6_11_2019R_result_ana.mat,/home/bgeurten/cstart_experiments/rei/Heterozygous/Male/movie6/rei_cstHtM6_11-2019R.avi,1.130706,0.0037799999999998946,15.0,453.5147392290224,2318.0,/home/bgeurten/fishDataBase/cst_rei-HT_08-2019_M_61_ID#1034/spike_train_df.csv,/home/bgeurten/fishDataBase/cst_rei-HT_08-2019_M_61_ID#1034/trace_mm.csv
rei-HT,M,30,c-start,08-2019,922.0,4613,5.003253796095445,,,,,,/home/bgeurten/fishDataBase/cst_rei-HT_08-2019_M_30_ID#1035/midLineUniform_pix.csv,/home/bgeurten/fishDataBase/cst_rei-HT_08-2019_M_30_ID#1035/head_mm.csv,/home/bgeurten/fishDataBase/cst_rei-HT_08-2019_M_30_ID#1035/tail_mm.csv,,/home/bgeurten/cstart_experiments/rei/Heterozygous/Male/movie14/rei_cstHtM3_06-2020.smr,/home/bgeurten/cstart_experiments/rei/Heterozygous/Male/movie14/rei_cstHtM3_06-2020.S2R,,/home/bgeurten/cstart_experiments/rei/Heterozygous/Male/movie54/HtM30_box.csv,/home/bgeurten/cstart_experiments/rei/Heterozygous/Male/movie14/rei_cstHtM3_06_2020_result.mat,/home/bgeurten/cstart_experiments/rei/Heterozygous/Male/movie14/rei_cstHtM3_06_2020_result_ana.mat,/home/bgeurten/cstart_experiments/rei/Heterozygous/Male/movie14/rei_cstHtM3_06-2020.avi,0.41710500000000006,0.012969000000000008,45.0,293.94473838919106,1114.0,/home/bgeurten/fishDataBase/cst_rei-HT_08-2019_M_30_ID#1035/spike_train_df.csv,/home/bgeurten/fishDataBase/cst_rei-HT_08-2019_M_30_ID#1035/trace_mm.csv
rei-HT,M,13,c-start,08-2019,923.0,4615,5.0,,,,,,/home/bgeurten/fishDataBase/cst_rei-HT_08-2019_M_13_ID#1036/midLineUniform_pix.csv,/home/bgeurten/fishDataBase/cst_rei-HT_08-2019_M_13_ID#1036/head_mm.csv,/home/bgeurten/fishDataBase/cst_rei-HT_08-2019_M_13_ID#1036/tail_mm.csv,,/home/bgeurten/cstart_experiments/rei/Heterozygous/Male/movie24/rei_cstHtM13_06-2020.smr,/home/bgeurten/cstart_experiments/rei/Heterozygous/Male/movie24/rei_cstHtM13_06-2020.S2R,,/home/bgeurten/cstart_experiments/rei/Heterozygous/Male/movie40/HtM13_box.csv,/home/bgeurten/cstart_experiments/rei/Heterozygous/Male/movie24/rei_cstHtM13_06_2020_result.mat,/home/bgeurten/cstart_experiments/rei/Heterozygous/Male/movie24/rei_cstHtM13_06_2020_result_ana.mat,/home/bgeurten/cstart_experiments/rei/Heterozygous/Male/movie24/rei_cstHtM13_06-2020.avi,2.577492,0.004670999999999981,42.0,369.76332686092155,1568.0,/home/bgeurten/fishDataBase/cst_rei-HT_08-2019_M_13_ID#1036/spike_train_df.csv,/home/bgeurten/fishDataBase/cst_rei-HT_08-2019_M_13_ID#1036/trace_mm.csv
rei-HT,M,71,c-start,08-2019,923.0,4613,4.99783315276273,,,,,,,,,,/home/bgeurten/cstart_experiments/rei/Heterozygous/Male/movie7/rei_cstHtM7_11-2019R.smr,/home/bgeurten/cstart_experiments/rei/Heterozygous/Male/movie7/rei_cstHtM7_11-2019R.S2R,,,/home/bgeurten/cstart_experiments/rei/Heterozygous/Male/movie7/rei_cstHtM7_11_2019R_result.mat,/home/bgeurten/cstart_experiments/rei/Heterozygous/Male/movie7/rei_cstHtM7_11_2019R_result_ana.mat,/home/bgeurten/cstart_experiments/rei/Heterozygous/Male/movie7/rei_cstHtM7_11-2019R.avi,,,,,,,/home/bgeurten/fishDataBase/cst_rei-HT_08-2019_M_71_ID#1037/trace_mm.csv
rei-HT,M,18,c-start,08-2019,923.0,4615,5.0,,,,,,/home/bgeurten/fishDataBase/cst_rei-HT_08-2019_M_18_ID#1038/midLineUniform_pix.csv,/home/bgeurten/fishDataBase/cst_rei-HT_08-2019_M_18_ID#1038/head_mm.csv,/home/bgeurten/fishDataBase/cst_rei-HT_08-2019_M_18_ID#1038/tail_mm.csv,,/home/bgeurten/cstart_experiments/rei/Heterozygous/Male/movie29/rei_cstHtM18_06-2020.smr,/home/bgeurten/cstart_experiments/rei/Heterozygous/Male/movie29/rei_cstHtM18_06-2020.S2R,,/home/bgeurten/cstart_experiments/rei/Heterozygous/Male/movie45/HtM18_box.csv,/home/bgeurten/cstart_experiments/rei/Heterozygous/Male/movie29/rei_cstHtM18_06_2020_result.mat,/home/bgeurten/cstart_experiments/rei/Heterozygous/Male/movie29/rei_cstHtM18_06_2020_result_ana.mat,/home/bgeurten/cstart_experiments/rei/Heterozygous/Male/movie29/rei_cstHtM18_06-2020.avi,1.132164,0.004904999999999937,12.0,367.917586460588,1946.0,/home/bgeurten/fishDataBase/cst_rei-HT_08-2019_M_18_ID#1038/spike_train_df.csv,/home/bgeurten/fishDataBase/cst_rei-HT_08-2019_M_18_ID#1038/trace_mm.csv
rei-HT,M,41,c-start,08-2019,923.0,4614,4.998916576381365,,,,,,/home/bgeurten/fishDataBase/cst_rei-HT_08-2019_M_41_ID#1039/midLineUniform_pix.csv,,,,/home/bgeurten/cstart_experiments/rei/Heterozygous/Male/movie4/rei_cstHtM4_11-2019R.smr,/home/bgeurten/cstart_experiments/rei/Heterozygous/Male/movie4/rei_cstHtM4_11-2019R.S2R,,,/home/bgeurten/cstart_experiments/rei/Heterozygous/Male/movie4/rei_cstHtM4_11_2019R_result.mat,/home/bgeurten/cstart_experiments/rei/Heterozygous/Male/movie4/rei_cstHtM4_11_2019R_result_ana.mat,/home/bgeurten/cstart_experiments/rei/Heterozygous/Male/movie4/rei_cstHtM4_11-2019R.avi,1.1227409999999998,0.0042120000000001045,52.0,376.6478342748479,1733.0,/home/bgeurten/fishDataBase/cst_rei-HT_08-2019_M_41_ID#1039/spike_train_df.csv,/home/bgeurten/fishDataBase/cst_rei-HT_08-2019_M_41_ID#1039/trace_mm.csv
rei-HT,M,7,c-start,08-2019,924.0,4619,4.998917748917749,,,,,,/home/bgeurten/fishDataBase/cst_rei-HT_08-2019_M_7_ID#1040/midLineUniform_pix.csv,/home/bgeurten/fishDataBase/cst_rei-HT_08-2019_M_7_ID#1040/head_mm.csv,/home/bgeurten/fishDataBase/cst_rei-HT_08-2019_M_7_ID#1040/tail_mm.csv,,/home/bgeurten/cstart_experiments/rei/Heterozygous/Male/movie35/HtM7.smr,/home/bgeurten/cstart_experiments/rei/Heterozygous/Male/movie35/HtM7.S2R,,/home/bgeurten/cstart_experiments/rei/Heterozygous/Male/movie35/HtM7_box.csv,/home/bgeurten/cstart_experiments/rei/Heterozygous/Female/movie71/C_START_rei_11_2018_HtM7_result.mat,/home/bgeurten/cstart_experiments/rei/Heterozygous/Female/movie71/C_START_rei_11_2018_HtM7_result_ana.mat,/home/bgeurten/cstart_experiments/rei/Heterozygous/Male/movie35/HtM7.avi,0.02633400000000008,0.007713000000000081,29.0,100.9817388679241,283.0,/home/bgeurten/fishDataBase/cst_rei-HT_08-2019_M_7_ID#1040/spike_train_df.csv,/home/bgeurten/fishDataBase/cst_rei-HT_08-2019_M_7_ID#1040/trace_mm.csv
rei-HT,M,40,c-start,08-2019,924.0,4619,4.998917748917749,,,,,,/home/bgeurten/fishDataBase/cst_rei-HT_08-2019_M_40_ID#1041/midLineUniform_pix.csv,,,,/home/bgeurten/cstart_experiments/rei/Heterozygous/Male/movie15/rei_cstHtM4_06-2020.smr,/home/bgeurten/cstart_experiments/rei/Heterozygous/Male/movie15/rei_cstHtM4_06-2020.S2R,,,/home/bgeurten/cstart_experiments/rei/Heterozygous/Male/movie15/rei_cstHtM4_06_2020_result.mat,/home/bgeurten/cstart_experiments/rei/Heterozygous/Male/movie15/rei_cstHtM4_06_2020_result_ana.mat,/home/bgeurten/cstart_experiments/rei/Heterozygous/Male/movie15/rei_cstHtM4_06-2020.avi,1.1360699999999997,0.009962999999999944,50.0,340.8316291752142,1425.0,/home/bgeurten/fishDataBase/cst_rei-HT_08-2019_M_40_ID#1041/spike_train_df.csv,/home/bgeurten/fishDataBase/cst_rei-HT_08-2019_M_40_ID#1041/trace_mm.csv
rei-HT,M,12,c-start,08-2019,924.0,4620,5.0,,,,,,/home/bgeurten/fishDataBase/cst_rei-HT_08-2019_M_12_ID#1042/midLineUniform_pix.csv,/home/bgeurten/fishDataBase/cst_rei-HT_08-2019_M_12_ID#1042/head_mm.csv,/home/bgeurten/fishDataBase/cst_rei-HT_08-2019_M_12_ID#1042/tail_mm.csv,,/home/bgeurten/cstart_experiments/rei/Heterozygous/Male/movie39/HtM12.smr,/home/bgeurten/cstart_experiments/rei/Heterozygous/Male/movie39/HtM12.S2R,,/home/bgeurten/cstart_experiments/rei/Heterozygous/Male/movie39/HtM12_box.csv,/home/bgeurten/cstart_experiments/rei/Heterozygous/Male/movie39/C_START_rei_11_2018_HtM12_result.mat,/home/bgeurten/cstart_experiments/rei/Heterozygous/Male/movie39/C_START_rei_11_2018_HtM12_result_ana.mat,/home/bgeurten/cstart_experiments/rei/Heterozygous/Male/movie39/HtM12.avi,0.019430999999999976,0.020232000000000028,45.0,587.8894767783821,566.0,/home/bgeurten/fishDataBase/cst_rei-HT_08-2019_M_12_ID#1042/spike_train_df.csv,/home/bgeurten/fishDataBase/cst_rei-HT_08-2019_M_12_ID#1042/trace_mm.csv
rei-HT,M,50,c-start,08-2019,923.0,4615,5.0,,,,,,/home/bgeurten/fishDataBase/cst_rei-HT_08-2019_M_50_ID#1043/midLineUniform_pix.csv,,,,/home/bgeurten/cstart_experiments/rei/Heterozygous/Male/movie16/rei_cstHtM5_06-2020.smr,/home/bgeurten/cstart_experiments/rei/Heterozygous/Male/movie16/rei_cstHtM5_06-2020.S2R,,,/home/bgeurten/cstart_experiments/rei/Heterozygous/Male/movie16/rei_cstHtM5_06_2020_result.mat,/home/bgeurten/cstart_experiments/rei/Heterozygous/Male/movie16/rei_cstHtM5_06_2020_result_ana.mat,/home/bgeurten/cstart_experiments/rei/Heterozygous/Male/movie16/rei_cstHtM5_06-2020.avi,1.1324609999999997,0.003662999999999972,28.0,345.0655624568588,1818.0,/home/bgeurten/fishDataBase/cst_rei-HT_08-2019_M_50_ID#1043/spike_train_df.csv,/home/bgeurten/fishDataBase/cst_rei-HT_08-2019_M_50_ID#1043/trace_mm.csv
rei-HT,M,16,c-start,08-2019,922.0,4614,5.004338394793926,,,,,,,/home/bgeurten/fishDataBase/cst_rei-HT_08-2019_M_16_ID#1044/head_mm.csv,/home/bgeurten/fishDataBase/cst_rei-HT_08-2019_M_16_ID#1044/tail_mm.csv,,/home/bgeurten/cstart_experiments/rei/Heterozygous/Male/movie27/rei_cstHtM16_06-2020.smr,/home/bgeurten/cstart_experiments/rei/Heterozygous/Male/movie27/rei_cstHtM16_06-2020.S2R,,/home/bgeurten/cstart_experiments/rei/Heterozygous/Male/movie43/HtM16_box.csv,/home/bgeurten/cstart_experiments/rei/Heterozygous/Male/movie27/rei_cstHtM16_06_2020_result.mat,/home/bgeurten/cstart_experiments/rei/Heterozygous/Male/movie27/rei_cstHtM16_06_2020_result_ana.mat,/home/bgeurten/cstart_experiments/rei/Heterozygous/Male/movie27/rei_cstHtM16_06-2020.avi,,,,,,,/home/bgeurten/fishDataBase/cst_rei-HT_08-2019_M_16_ID#1044/trace_mm.csv
rei-HT,M,51,c-start,08-2019,923.0,4615,5.0,,,,,,/home/bgeurten/fishDataBase/cst_rei-HT_08-2019_M_51_ID#1045/midLineUniform_pix.csv,,,,/home/bgeurten/cstart_experiments/rei/Heterozygous/Male/movie5/rei_cstHtM5_11-2019R.smr,/home/bgeurten/cstart_experiments/rei/Heterozygous/Male/movie5/rei_cstHtM5_11-2019R.S2R,,,/home/bgeurten/cstart_experiments/rei/Heterozygous/Male/movie5/rei_cstHtM5_11_2019R_result.mat,/home/bgeurten/cstart_experiments/rei/Heterozygous/Male/movie5/rei_cstHtM5_11_2019R_result_ana.mat,/home/bgeurten/cstart_experiments/rei/Heterozygous/Male/movie5/rei_cstHtM5_11-2019R.avi,1.1568509999999999,0.0046800000000000175,28.0,442.6737494466557,1796.0,/home/bgeurten/fishDataBase/cst_rei-HT_08-2019_M_51_ID#1045/spike_train_df.csv,/home/bgeurten/fishDataBase/cst_rei-HT_08-2019_M_51_ID#1045/trace_mm.csv
rei-HT,M,80,c-start,08-2019,923.0,4615,5.0,,,,,,/home/bgeurten/fishDataBase/cst_rei-HT_08-2019_M_80_ID#1046/midLineUniform_pix.csv,,,,/home/bgeurten/cstart_experiments/rei/Heterozygous/Male/movie19/rei_cstHtM8_06-2020.smr,/home/bgeurten/cstart_experiments/rei/Heterozygous/Male/movie19/rei_cstHtM8_06-2020.S2R,,,/home/bgeurten/cstart_experiments/rei/Heterozygous/Male/movie19/rei_cstHtM8_06_2020_result.mat,/home/bgeurten/cstart_experiments/rei/Heterozygous/Male/movie19/rei_cstHtM8_06_2020_result_ana.mat,/home/bgeurten/cstart_experiments/rei/Heterozygous/Male/movie19/rei_cstHtM8_06-2020.avi,1.127376,0.01291500000000001,58.0,100.4621257785768,701.0,/home/bgeurten/fishDataBase/cst_rei-HT_08-2019_M_80_ID#1046/spike_train_df.csv,/home/bgeurten/fishDataBase/cst_rei-HT_08-2019_M_80_ID#1046/trace_mm.csv
rei-HT,M,2,c-start,08-2019,924.0,4620,5.0,,,,,,,/home/bgeurten/fishDataBase/cst_rei-HT_08-2019_M_2_ID#1047/head_mm.csv,/home/bgeurten/fishDataBase/cst_rei-HT_08-2019_M_2_ID#1047/tail_mm.csv,,/home/bgeurten/cstart_experiments/rei/Heterozygous/Male/movie31/HtM2.smr,,,/home/bgeurten/cstart_experiments/rei/Heterozygous/Male/movie31/HtM2_box.csv,/home/bgeurten/cstart_experiments/rei/Heterozygous/Male/movie31/C_START_rei_11_2018_HtM2_result.mat,/home/bgeurten/cstart_experiments/rei/Heterozygous/Male/movie31/C_START_rei_11_2018_HtM2_result_ana.mat,/home/bgeurten/cstart_experiments/rei/Heterozygous/Male/movie31/HtM2.avi,0.029789999999999983,0.004562999999999984,26.0,726.2164124908254,3317.0,/home/bgeurten/fishDataBase/cst_rei-HT_08-2019_M_2_ID#1047/spike_train_df.csv,/home/bgeurten/fishDataBase/cst_rei-HT_08-2019_M_2_ID#1047/trace_mm.csv
rei-HT,M,32,c-start,08-2019,924.0,4620,5.0,,,,,,/home/bgeurten/fishDataBase/cst_rei-HT_08-2019_M_32_ID#1048/midLineUniform_pix.csv,/home/bgeurten/fishDataBase/cst_rei-HT_08-2019_M_32_ID#1048/head_mm.csv,/home/bgeurten/fishDataBase/cst_rei-HT_08-2019_M_32_ID#1048/tail_mm.csv,,/home/bgeurten/cstart_experiments/rei/Heterozygous/Male/movie56/HtM32.smr,/home/bgeurten/cstart_experiments/rei/Heterozygous/Male/movie56/HtM32.S2R,,/home/bgeurten/cstart_experiments/rei/Heterozygous/Male/movie56/HtM32_box.csv,/home/bgeurten/cstart_experiments/rei/Heterozygous/Male/movie56/C_START_rei_11_2018_HtM32_result.mat,/home/bgeurten/cstart_experiments/rei/Heterozygous/Male/movie56/C_START_rei_11_2018_HtM32_result_ana.mat,/home/bgeurten/cstart_experiments/rei/Heterozygous/Male/movie56/HtM32.avi,1.272879,0.004365000000000063,25.0,527.8467363775497,799.0,/home/bgeurten/fishDataBase/cst_rei-HT_08-2019_M_32_ID#1048/spike_train_df.csv,/home/bgeurten/fishDataBase/cst_rei-HT_08-2019_M_32_ID#1048/trace_mm.csv
rei-HT,M,81,c-start,08-2019,923.0,4613,4.99783315276273,,,,,,/home/bgeurten/fishDataBase/cst_rei-HT_08-2019_M_81_ID#1049/midLineUniform_pix.csv,,,,/home/bgeurten/cstart_experiments/rei/Heterozygous/Male/movie8/rei_cstHtM8_11-2019R.smr,/home/bgeurten/cstart_experiments/rei/Heterozygous/Male/movie8/rei_cstHtM8_11-2019R.S2R,,,/home/bgeurten/cstart_experiments/rei/Heterozygous/Male/movie8/rei_cstHtM8_11_2019R_result.mat,/home/bgeurten/cstart_experiments/rei/Heterozygous/Male/movie8/rei_cstHtM8_11_2019R_result_ana.mat,/home/bgeurten/cstart_experiments/rei/Heterozygous/Male/movie8/rei_cstHtM8_11-2019R.avi,,,,,,,/home/bgeurten/fishDataBase/cst_rei-HT_08-2019_M_81_ID#1049/trace_mm.csv
rei-HT,M,60,c-start,08-2019,923.0,4615,5.0,,,,,,/home/bgeurten/fishDataBase/cst_rei-HT_08-2019_M_60_ID#1050/midLineUniform_pix.csv,,,,/home/bgeurten/cstart_experiments/rei/Heterozygous/Male/movie17/rei_cstHtM6_06-2020.smr,/home/bgeurten/cstart_experiments/rei/Heterozygous/Male/movie17/rei_cstHtM6_06-2020.S2R,,,/home/bgeurten/cstart_experiments/rei/Heterozygous/Male/movie17/rei_cstHtM6_06_2020_result.mat,/home/bgeurten/cstart_experiments/rei/Heterozygous/Male/movie17/rei_cstHtM6_06_2020_result_ana.mat,/home/bgeurten/cstart_experiments/rei/Heterozygous/Male/movie17/rei_cstHtM6_06-2020.avi,1.128366,0.00495000000000001,92.0,242.07213749696783,993.0,/home/bgeurten/fishDataBase/cst_rei-HT_08-2019_M_60_ID#1050/spike_train_df.csv,/home/bgeurten/fishDataBase/cst_rei-HT_08-2019_M_60_ID#1050/trace_mm.csv
rei-HT,M,90,c-start,08-2019,923.0,4615,5.0,,,,,,/home/bgeurten/fishDataBase/cst_rei-HT_08-2019_M_90_ID#1051/midLineUniform_pix.csv,,,,/home/bgeurten/cstart_experiments/rei/Heterozygous/Male/movie20/rei_cstHtM9_06-2020.smr,/home/bgeurten/cstart_experiments/rei/Heterozygous/Male/movie20/rei_cstHtM9_06-2020.S2R,,,/home/bgeurten/cstart_experiments/rei/Heterozygous/Male/movie20/rei_cstHtM9_06_2020_result.mat,/home/bgeurten/cstart_experiments/rei/Heterozygous/Male/movie20/rei_cstHtM9_06_2020_result_ana.mat,/home/bgeurten/cstart_experiments/rei/Heterozygous/Male/movie20/rei_cstHtM9_06-2020.avi,,,,,,,/home/bgeurten/fishDataBase/cst_rei-HT_08-2019_M_90_ID#1051/trace_mm.csv
rei-HT,M,3,c-start,08-2019,924.0,4619,4.998917748917749,,,,,,/home/bgeurten/fishDataBase/cst_rei-HT_08-2019_M_3_ID#1052/midLineUniform_pix.csv,/home/bgeurten/fishDataBase/cst_rei-HT_08-2019_M_3_ID#1052/head_mm.csv,/home/bgeurten/fishDataBase/cst_rei-HT_08-2019_M_3_ID#1052/tail_mm.csv,,/home/bgeurten/cstart_experiments/rei/Heterozygous/Male/movie32/HtM3.smr,,,/home/bgeurten/cstart_experiments/rei/Heterozygous/Male/movie32/HtM3_box.csv,/home/bgeurten/cstart_experiments/rei/Heterozygous/Male/movie32/C_START_rei_11_2018_HtM3_result.mat,/home/bgeurten/cstart_experiments/rei/Heterozygous/Male/movie32/C_START_rei_11_2018_HtM3_result_ana.mat,/home/bgeurten/cstart_experiments/rei/Heterozygous/Male/movie32/HtM3.avi,0.029411999999999994,0.018575999999999926,20.0,424.9006398694697,980.0,/home/bgeurten/fishDataBase/cst_rei-HT_08-2019_M_3_ID#1052/spike_train_df.csv,/home/bgeurten/fishDataBase/cst_rei-HT_08-2019_M_3_ID#1052/trace_mm.csv
rei-HT,M,9,c-start,08-2019,924.0,4620,5.0,,,,,,/home/bgeurten/fishDataBase/cst_rei-HT_08-2019_M_9_ID#1053/midLineUniform_pix.csv,/home/bgeurten/fishDataBase/cst_rei-HT_08-2019_M_9_ID#1053/head_mm.csv,/home/bgeurten/fishDataBase/cst_rei-HT_08-2019_M_9_ID#1053/tail_mm.csv,,/home/bgeurten/cstart_experiments/rei/Heterozygous/Male/movie36/HtM9.smr,/home/bgeurten/cstart_experiments/rei/Heterozygous/Male/movie36/HtM9.S2R,,/home/bgeurten/cstart_experiments/rei/Heterozygous/Male/movie36/HtM9_box.csv,/home/bgeurten/cstart_experiments/rei/Heterozygous/Male/movie36/C_START_rei_11_2018_HtM9_result.mat,/home/bgeurten/cstart_experiments/rei/Heterozygous/Male/movie36/C_START_rei_11_2018_HtM9_result_ana.mat,/home/bgeurten/cstart_experiments/rei/Heterozygous/Male/movie36/HtM9.avi,0.020043000000000033,0.018170999999999937,33.0,587.8894767784589,1108.0,/home/bgeurten/fishDataBase/cst_rei-HT_08-2019_M_9_ID#1053/spike_train_df.csv,/home/bgeurten/fishDataBase/cst_rei-HT_08-2019_M_9_ID#1053/trace_mm.csv
rei-HT,M,19,c-start,08-2019,924.0,4620,5.0,,,,,,/home/bgeurten/fishDataBase/cst_rei-HT_08-2019_M_19_ID#1054/midLineUniform_pix.csv,/home/bgeurten/fishDataBase/cst_rei-HT_08-2019_M_19_ID#1054/head_mm.csv,/home/bgeurten/fishDataBase/cst_rei-HT_08-2019_M_19_ID#1054/tail_mm.csv,,/home/bgeurten/cstart_experiments/rei/Heterozygous/Male/movie46/HtM19.smr,/home/bgeurten/cstart_experiments/rei/Heterozygous/Male/movie46/HtM19.S2R,,/home/bgeurten/cstart_experiments/rei/Heterozygous/Male/movie46/HtM19_box.csv,/home/bgeurten/cstart_experiments/rei/Heterozygous/Male/movie46/C_START_rei_11_2018_HtM19_result.mat,/home/bgeurten/cstart_experiments/rei/Heterozygous/Male/movie46/C_START_rei_11_2018_HtM19_result_ana.mat,/home/bgeurten/cstart_experiments/rei/Heterozygous/Male/movie46/HtM19.avi,0.03221099999999999,0.0066150000000000375,42.0,389.8635477581942,835.0,/home/bgeurten/fishDataBase/cst_rei-HT_08-2019_M_19_ID#1054/spike_train_df.csv,/home/bgeurten/fishDataBase/cst_rei-HT_08-2019_M_19_ID#1054/trace_mm.csv
rei-HT,M,28,c-start,08-2019,924.0,4620,5.0,,,,,,/home/bgeurten/fishDataBase/cst_rei-HT_08-2019_M_28_ID#1055/midLineUniform_pix.csv,/home/bgeurten/fishDataBase/cst_rei-HT_08-2019_M_28_ID#1055/head_mm.csv,/home/bgeurten/fishDataBase/cst_rei-HT_08-2019_M_28_ID#1055/tail_mm.csv,,/home/bgeurten/cstart_experiments/rei/Heterozygous/Male/movie52/HtM28.smr,/home/bgeurten/cstart_experiments/rei/Heterozygous/Male/movie52/HtM28.S2R,,/home/bgeurten/cstart_experiments/rei/Heterozygous/Male/movie52/HtM28_box.csv,/home/bgeurten/cstart_experiments/rei/Heterozygous/Male/movie52/C_START_rei_11_2018_HtM28_result.mat,/home/bgeurten/cstart_experiments/rei/Heterozygous/Male/movie52/C_START_rei_11_2018_HtM28_result_ana.mat,/home/bgeurten/cstart_experiments/rei/Heterozygous/Male/movie52/HtM28.avi,0.022517999999999927,0.0038159999999999306,55.0,555.5555555555482,1373.0,/home/bgeurten/fishDataBase/cst_rei-HT_08-2019_M_28_ID#1055/spike_train_df.csv,/home/bgeurten/fishDataBase/cst_rei-HT_08-2019_M_28_ID#1055/trace_mm.csv
rei-HT,M,29,c-start,08-2019,924.0,4620,5.0,,,,,,/home/bgeurten/fishDataBase/cst_rei-HT_08-2019_M_29_ID#1056/midLineUniform_pix.csv,/home/bgeurten/fishDataBase/cst_rei-HT_08-2019_M_29_ID#1056/head_mm.csv,/home/bgeurten/fishDataBase/cst_rei-HT_08-2019_M_29_ID#1056/tail_mm.csv,,/home/bgeurten/cstart_experiments/rei/Heterozygous/Male/movie53/HtM29.smr,/home/bgeurten/cstart_experiments/rei/Heterozygous/Male/movie53/HtM29.S2R,,/home/bgeurten/cstart_experiments/rei/Heterozygous/Male/movie53/HtM29_box.csv,/home/bgeurten/cstart_experiments/rei/Heterozygous/Male/movie53/C_START_rei_11_2018_HtM29_result.mat,/home/bgeurten/cstart_experiments/rei/Heterozygous/Male/movie53/C_START_rei_11_2018_HtM29_result_ana.mat,/home/bgeurten/cstart_experiments/rei/Heterozygous/Male/movie53/HtM29.avi,0.030806999999999918,0.0035909999999999,8.0,594.1770647652644,3205.0,/home/bgeurten/fishDataBase/cst_rei-HT_08-2019_M_29_ID#1056/spike_train_df.csv,/home/bgeurten/fishDataBase/cst_rei-HT_08-2019_M_29_ID#1056/trace_mm.csv
rei-HT,F,41,c-start,08-2019,923.0,4613,4.99783315276273,,,,,,/home/bgeurten/fishDataBase/cst_rei-HT_08-2019_F_41_ID#1057/midLineUniform_pix.csv,,,,/home/bgeurten/cstart_experiments/rei/Heterozygous/Female/movie4/rei_cstHtF4_11-2019R.smr,/home/bgeurten/cstart_experiments/rei/Heterozygous/Female/movie4/rei_cstHtF4_11-2019R.S2R,,,/home/bgeurten/cstart_experiments/rei/Heterozygous/Female/movie4/rei_cstHtF4_11_2019R_result.mat,/home/bgeurten/cstart_experiments/rei/Heterozygous/Female/movie4/rei_cstHtF4_11_2019R_result_ana.mat,/home/bgeurten/cstart_experiments/rei/Heterozygous/Female/movie4/rei_cstHtF4_11-2019R.avi,,,,,,,/home/bgeurten/fishDataBase/cst_rei-HT_08-2019_F_41_ID#1057/trace_mm.csv
rei-HT,F,8,c-start,08-2019,924.0,4620,5.0,,,,,,/home/bgeurten/fishDataBase/cst_rei-HT_08-2019_F_8_ID#1058/midLineUniform_pix.csv,/home/bgeurten/fishDataBase/cst_rei-HT_08-2019_F_8_ID#1058/head_mm.csv,/home/bgeurten/fishDataBase/cst_rei-HT_08-2019_F_8_ID#1058/tail_mm.csv,,/home/bgeurten/cstart_experiments/rei/Heterozygous/Female/movie72/HtF8.smr,/home/bgeurten/cstart_experiments/rei/Heterozygous/Female/movie72/HtF8.S2R,,/home/bgeurten/cstart_experiments/rei/Heterozygous/Female/movie72/HtF8_box.csv,/home/bgeurten/cstart_experiments/rei/Heterozygous/Female/movie72/C_START_rei_11_2018_HtF8_result.mat,/home/bgeurten/cstart_experiments/rei/Heterozygous/Female/movie72/C_START_rei_11_2018_HtF8_result_ana.mat,/home/bgeurten/cstart_experiments/rei/Heterozygous/Female/movie72/HtF8.avi,0.03559499999999993,0.005058000000000007,7.0,440.91710758378656,396.0,/home/bgeurten/fishDataBase/cst_rei-HT_08-2019_F_8_ID#1058/spike_train_df.csv,/home/bgeurten/fishDataBase/cst_rei-HT_08-2019_F_8_ID#1058/trace_mm.csv
rei-HT,F,57,c-start,08-2019,923.0,4615,5.0,,,,,,/home/bgeurten/fishDataBase/cst_rei-HT_08-2019_F_57_ID#1059/midLineUniform_pix.csv,,,,/home/bgeurten/cstart_experiments/rei/Heterozygous/Female/movie66/rei_cstHtF57_06-2020.smr,/home/bgeurten/cstart_experiments/rei/Heterozygous/Female/movie66/rei_cstHtF57_06-2020.S2R,,,/home/bgeurten/cstart_experiments/rei/Heterozygous/Female/movie66/rei_cstHtF57_06_2020_result.mat,/home/bgeurten/cstart_experiments/rei/Heterozygous/Female/movie66/rei_cstHtF57_06_2020_result_ana.mat,/home/bgeurten/cstart_experiments/rei/Heterozygous/Female/movie66/rei_cstHtF57_06-2020.avi,1.9822589999999998,0.0044999999999999485,10.0,354.98757543487903,1871.0,/home/bgeurten/fishDataBase/cst_rei-HT_08-2019_F_57_ID#1059/spike_train_df.csv,/home/bgeurten/fishDataBase/cst_rei-HT_08-2019_F_57_ID#1059/trace_mm.csv
rei-HT,F,29,c-start,08-2019,924.0,4620,5.0,,,,,,/home/bgeurten/fishDataBase/cst_rei-HT_08-2019_F_29_ID#1060/midLineUniform_pix.csv,/home/bgeurten/fishDataBase/cst_rei-HT_08-2019_F_29_ID#1060/head_mm.csv,/home/bgeurten/fishDataBase/cst_rei-HT_08-2019_F_29_ID#1060/tail_mm.csv,,/home/bgeurten/cstart_experiments/rei/Heterozygous/Female/movie92/HtF29.smr,/home/bgeurten/cstart_experiments/rei/Heterozygous/Female/movie92/HtF29.S2R,,/home/bgeurten/cstart_experiments/rei/Heterozygous/Female/movie92/HtF29_box.csv,/home/bgeurten/cstart_experiments/rei/Heterozygous/Female/movie92/C_START_rei_11_2018_HtF29_result.mat,/home/bgeurten/cstart_experiments/rei/Heterozygous/Female/movie92/C_START_rei_11_2018_HtF29_result_ana.mat,/home/bgeurten/cstart_experiments/rei/Heterozygous/Female/movie92/HtF29.avi,0.031166999999999945,0.019962000000000035,24.0,214.91591259033038,838.0,/home/bgeurten/fishDataBase/cst_rei-HT_08-2019_F_29_ID#1060/spike_train_df.csv,/home/bgeurten/fishDataBase/cst_rei-HT_08-2019_F_29_ID#1060/trace_mm.csv
rei-HT,F,21,c-start,08-2019,924.0,4620,5.0,,,,,,/home/bgeurten/fishDataBase/cst_rei-HT_08-2019_F_21_ID#1061/midLineUniform_pix.csv,/home/bgeurten/fishDataBase/cst_rei-HT_08-2019_F_21_ID#1061/head_mm.csv,/home/bgeurten/fishDataBase/cst_rei-HT_08-2019_F_21_ID#1061/tail_mm.csv,,/home/bgeurten/cstart_experiments/rei/Heterozygous/Female/movie84/HtF21.smr,/home/bgeurten/cstart_experiments/rei/Heterozygous/Female/movie84/HtF21.S2R,,/home/bgeurten/cstart_experiments/rei/Heterozygous/Female/movie84/HtF21_box.csv,/home/bgeurten/cstart_experiments/rei/Heterozygous/Female/movie84/C_START_rei_11_2018_HtF21_result.mat,/home/bgeurten/cstart_experiments/rei/Heterozygous/Female/movie84/C_START_rei_11_2018_HtF21_result_ana.mat,/home/bgeurten/cstart_experiments/rei/Heterozygous/Female/movie84/HtF21.avi,0.023858999999999964,0.010521000000000003,25.0,554.1735765616743,1003.0,/home/bgeurten/fishDataBase/cst_rei-HT_08-2019_F_21_ID#1061/spike_train_df.csv,/home/bgeurten/fishDataBase/cst_rei-HT_08-2019_F_21_ID#1061/trace_mm.csv
rei-HT,F,25,c-start,08-2019,924.0,4620,5.0,,,,,,/home/bgeurten/fishDataBase/cst_rei-HT_08-2019_F_25_ID#1062/midLineUniform_pix.csv,/home/bgeurten/fishDataBase/cst_rei-HT_08-2019_F_25_ID#1062/head_mm.csv,/home/bgeurten/fishDataBase/cst_rei-HT_08-2019_F_25_ID#1062/tail_mm.csv,,/home/bgeurten/cstart_experiments/rei/Heterozygous/Female/movie88/HtF25.smr,/home/bgeurten/cstart_experiments/rei/Heterozygous/Female/movie88/HtF25.S2R,,/home/bgeurten/cstart_experiments/rei/Heterozygous/Female/movie88/HtF25_box.csv,/home/bgeurten/cstart_experiments/rei/Heterozygous/Female/movie88/C_START_rei_11_2018_HtF25_result.mat,/home/bgeurten/cstart_experiments/rei/Heterozygous/Female/movie88/C_START_rei_11_2018_HtF25_result_ana.mat,/home/bgeurten/cstart_experiments/rei/Heterozygous/Female/movie88/HtF25.avi,0.0526589999999999,0.007280999999999982,38.0,539.3743257820217,1367.0,/home/bgeurten/fishDataBase/cst_rei-HT_08-2019_F_25_ID#1062/spike_train_df.csv,/home/bgeurten/fishDataBase/cst_rei-HT_08-2019_F_25_ID#1062/trace_mm.csv
rei-HT,F,6,c-start,08-2019,924.0,4620,5.0,,,,,,/home/bgeurten/fishDataBase/cst_rei-HT_08-2019_F_6_ID#1063/midLineUniform_pix.csv,/home/bgeurten/fishDataBase/cst_rei-HT_08-2019_F_6_ID#1063/head_mm.csv,/home/bgeurten/fishDataBase/cst_rei-HT_08-2019_F_6_ID#1063/tail_mm.csv,,/home/bgeurten/cstart_experiments/rei/Heterozygous/Female/movie70/HtF6.smr,/home/bgeurten/cstart_experiments/rei/Heterozygous/Female/movie70/HtF6.S2R,,/home/bgeurten/cstart_experiments/rei/Heterozygous/Female/movie70/HtF6_box.csv,/home/bgeurten/cstart_experiments/rei/Heterozygous/Female/movie70/C_START_rei_11_2018_HtF6_result.mat,/home/bgeurten/cstart_experiments/rei/Heterozygous/Female/movie70/C_START_rei_11_2018_HtF6_result_ana.mat,/home/bgeurten/cstart_experiments/rei/Heterozygous/Female/movie70/HtF6.avi,0.0274049999999999,0.004410000000000025,6.0,489.47626040147287,3187.0,/home/bgeurten/fishDataBase/cst_rei-HT_08-2019_F_6_ID#1063/spike_train_df.csv,/home/bgeurten/fishDataBase/cst_rei-HT_08-2019_F_6_ID#1063/trace_mm.csv
rei-HT,F,13,c-start,08-2019,923.0,4615,5.0,,,,,,/home/bgeurten/fishDataBase/cst_rei-HT_08-2019_F_13_ID#1064/midLineUniform_pix.csv,/home/bgeurten/fishDataBase/cst_rei-HT_08-2019_F_13_ID#1064/head_mm.csv,/home/bgeurten/fishDataBase/cst_rei-HT_08-2019_F_13_ID#1064/tail_mm.csv,,/home/bgeurten/cstart_experiments/rei/Heterozygous/Female/movie22/rei_cstHtF13_06-2020.smr,/home/bgeurten/cstart_experiments/rei/Heterozygous/Female/movie22/rei_cstHtF13_06-2020.S2R,,/home/bgeurten/cstart_experiments/rei/Heterozygous/Female/movie77/HtF13_box.csv,/home/bgeurten/cstart_experiments/rei/Heterozygous/Female/movie22/rei_cstHtF13_06_2020_result.mat,/home/bgeurten/cstart_experiments/rei/Heterozygous/Female/movie22/rei_cstHtF13_06_2020_result_ana.mat,/home/bgeurten/cstart_experiments/rei/Heterozygous/Female/movie22/rei_cstHtF13_06-2020.avi,1.124028,0.003041999999999989,30.0,346.14053305635076,1337.0,/home/bgeurten/fishDataBase/cst_rei-HT_08-2019_F_13_ID#1064/spike_train_df.csv,/home/bgeurten/fishDataBase/cst_rei-HT_08-2019_F_13_ID#1064/trace_mm.csv
rei-HT,F,90,c-start,08-2019,923.0,4615,5.0,,,,,,/home/bgeurten/fishDataBase/cst_rei-HT_08-2019_F_90_ID#1065/midLineUniform_pix.csv,,,,/home/bgeurten/cstart_experiments/rei/Heterozygous/Female/movie18/rei_cstHtF9_06-2020.smr,/home/bgeurten/cstart_experiments/rei/Heterozygous/Female/movie18/rei_cstHtF9_06-2020.S2R,,,/home/bgeurten/cstart_experiments/rei/Heterozygous/Female/movie18/rei_cstHtF9_06_2020_result.mat,/home/bgeurten/cstart_experiments/rei/Heterozygous/Female/movie18/rei_cstHtF9_06_2020_result_ana.mat,/home/bgeurten/cstart_experiments/rei/Heterozygous/Female/movie18/rei_cstHtF9_06-2020.avi,,,,,,,/home/bgeurten/fishDataBase/cst_rei-HT_08-2019_F_90_ID#1065/trace_mm.csv
rei-HT,F,17,c-start,08-2019,924.0,4619,4.998917748917749,,,,,,/home/bgeurten/fishDataBase/cst_rei-HT_08-2019_F_17_ID#1066/midLineUniform_pix.csv,/home/bgeurten/fishDataBase/cst_rei-HT_08-2019_F_17_ID#1066/head_mm.csv,/home/bgeurten/fishDataBase/cst_rei-HT_08-2019_F_17_ID#1066/tail_mm.csv,,/home/bgeurten/cstart_experiments/rei/Heterozygous/Female/movie80/HtF17.smr,/home/bgeurten/cstart_experiments/rei/Heterozygous/Female/movie80/HtF17.S2R,,/home/bgeurten/cstart_experiments/rei/Heterozygous/Female/movie80/HtF17_box.csv,/home/bgeurten/cstart_experiments/rei/Heterozygous/Female/movie80/C_START_rei_11_2018_HtF17_result.mat,/home/bgeurten/cstart_experiments/rei/Heterozygous/Female/movie80/C_START_rei_11_2018_HtF17_result_ana.mat,/home/bgeurten/cstart_experiments/rei/Heterozygous/Female/movie80/HtF17.avi,0.0229680000000001,0.003006000000000064,45.0,381.8251240932731,734.0,/home/bgeurten/fishDataBase/cst_rei-HT_08-2019_F_17_ID#1066/spike_train_df.csv,/home/bgeurten/fishDataBase/cst_rei-HT_08-2019_F_17_ID#1066/trace_mm.csv
rei-HT,F,28,c-start,08-2019,923.0,4615,5.0,,,,,,/home/bgeurten/fishDataBase/cst_rei-HT_08-2019_F_28_ID#1067/midLineUniform_pix.csv,/home/bgeurten/fishDataBase/cst_rei-HT_08-2019_F_28_ID#1067/head_mm.csv,/home/bgeurten/fishDataBase/cst_rei-HT_08-2019_F_28_ID#1067/tail_mm.csv,,/home/bgeurten/cstart_experiments/rei/Heterozygous/Female/movie37/rei_cstHtF28_06-2020.smr,/home/bgeurten/cstart_experiments/rei/Heterozygous/Female/movie37/rei_cstHtF28_06-2020.S2R,,/home/bgeurten/cstart_experiments/rei/Heterozygous/Female/movie91/HtF28_box.csv,/home/bgeurten/cstart_experiments/rei/Heterozygous/Female/movie37/rei_cstHtF28_06_2020_result.mat,/home/bgeurten/cstart_experiments/rei/Heterozygous/Female/movie37/rei_cstHtF28_06_2020_result_ana.mat,/home/bgeurten/cstart_experiments/rei/Heterozygous/Female/movie37/rei_cstHtF28_06-2020.avi,1.1332800000000003,0.010844999999999994,63.0,193.57336430507146,892.0,/home/bgeurten/fishDataBase/cst_rei-HT_08-2019_F_28_ID#1067/spike_train_df.csv,/home/bgeurten/fishDataBase/cst_rei-HT_08-2019_F_28_ID#1067/trace_mm.csv
rei-HT,F,35,c-start,08-2019,922.0,4613,5.003253796095445,,,,,,/home/bgeurten/fishDataBase/cst_rei-HT_08-2019_F_35_ID#1068/midLineUniform_pix.csv,,,,/home/bgeurten/cstart_experiments/rei/Heterozygous/Female/movie44/rei_cstHtF35_06-2020.smr,/home/bgeurten/cstart_experiments/rei/Heterozygous/Female/movie44/rei_cstHtF35_06-2020.S2R,,,/home/bgeurten/cstart_experiments/rei/Heterozygous/Female/movie44/rei_cstHtF35_06_2020_result.mat,/home/bgeurten/cstart_experiments/rei/Heterozygous/Female/movie44/rei_cstHtF35_06_2020_result_ana.mat,/home/bgeurten/cstart_experiments/rei/Heterozygous/Female/movie44/rei_cstHtF35_06-2020.avi,1.127466,0.006920999999999955,58.0,374.1114852225757,1713.0,/home/bgeurten/fishDataBase/cst_rei-HT_08-2019_F_35_ID#1068/spike_train_df.csv,/home/bgeurten/fishDataBase/cst_rei-HT_08-2019_F_35_ID#1068/trace_mm.csv
rei-HT,F,48,c-start,08-2019,923.0,4614,4.998916576381365,,,,,,/home/bgeurten/fishDataBase/cst_rei-HT_08-2019_F_48_ID#1069/midLineUniform_pix.csv,,,,/home/bgeurten/cstart_experiments/rei/Heterozygous/Female/movie57a/rei_cstHtF48I_06-2020.smr,/home/bgeurten/cstart_experiments/rei/Heterozygous/Female/movie57a/rei_cstHtF48I_06-2020.S2R,,,/home/bgeurten/cstart_experiments/rei/Heterozygous/Female/movie57a/rei_cstHtF48I_06_2020_result.mat,/home/bgeurten/cstart_experiments/rei/Heterozygous/Female/movie57a/rei_cstHtF48I_06_2020_result_ana.mat,/home/bgeurten/cstart_experiments/rei/Heterozygous/Female/movie57a/rei_cstHtF48I_06-2020.avi,1.1251440000000001,0.0051840000000000774,15.0,359.58288385476726,1981.0,/home/bgeurten/fishDataBase/cst_rei-HT_08-2019_F_48_ID#1069/spike_train_df.csv,/home/bgeurten/fishDataBase/cst_rei-HT_08-2019_F_48_ID#1069/trace_mm.csv
rei-HT,F,11,c-start,08-2019,923.0,4615,5.0,,,,,,/home/bgeurten/fishDataBase/cst_rei-HT_08-2019_F_11_ID#1070/midLineUniform_pix.csv,/home/bgeurten/fishDataBase/cst_rei-HT_08-2019_F_11_ID#1070/head_mm.csv,/home/bgeurten/fishDataBase/cst_rei-HT_08-2019_F_11_ID#1070/tail_mm.csv,,/home/bgeurten/cstart_experiments/rei/Heterozygous/Female/movie20/rei_cstHtF11_06-2020.smr,/home/bgeurten/cstart_experiments/rei/Heterozygous/Female/movie20/rei_cstHtF11_06-2020.S2R,,/home/bgeurten/cstart_experiments/rei/Heterozygous/Female/movie75b/HtF11II_box.csv,/home/bgeurten/cstart_experiments/rei/Heterozygous/Female/movie20/rei_cstHtF11_06_2020_result.mat,/home/bgeurten/cstart_experiments/rei/Heterozygous/Female/movie20/rei_cstHtF11_06_2020_result_ana.mat,/home/bgeurten/cstart_experiments/rei/Heterozygous/Female/movie20/rei_cstHtF11_06-2020.avi,,,,,,,/home/bgeurten/fishDataBase/cst_rei-HT_08-2019_F_11_ID#1070/trace_mm.csv
rei-HT,F,10,c-start,08-2019,923.0,4615,5.0,,,,,,,/home/bgeurten/fishDataBase/cst_rei-HT_08-2019_F_10_ID#1071/head_mm.csv,/home/bgeurten/fishDataBase/cst_rei-HT_08-2019_F_10_ID#1071/tail_mm.csv,,/home/bgeurten/cstart_experiments/rei/Heterozygous/Female/movie19/rei_cstHtF10_06-2020.smr,/home/bgeurten/cstart_experiments/rei/Heterozygous/Female/movie19/rei_cstHtF10_06-2020.S2R,,/home/bgeurten/cstart_experiments/rei/Heterozygous/Female/movie74/HtF10_box.csv,/home/bgeurten/cstart_experiments/rei/Heterozygous/Female/movie19/rei_cstHtF10_06_2020_result.mat,/home/bgeurten/cstart_experiments/rei/Heterozygous/Female/movie19/rei_cstHtF10_06_2020_result_ana.mat,/home/bgeurten/cstart_experiments/rei/Heterozygous/Female/movie19/rei_cstHtF10_06-2020.avi,1.129833,0.008766000000000052,67.0,321.13037893384086,1118.0,/home/bgeurten/fishDataBase/cst_rei-HT_08-2019_F_10_ID#1071/spike_train_df.csv,/home/bgeurten/fishDataBase/cst_rei-HT_08-2019_F_10_ID#1071/trace_mm.csv
rei-HT,F,40,c-start,08-2019,922.0,4614,5.004338394793926,,,,,,/home/bgeurten/fishDataBase/cst_rei-HT_08-2019_F_40_ID#1072/midLineUniform_pix.csv,,,,/home/bgeurten/cstart_experiments/rei/Heterozygous/Female/movie13/rei_cstHtF4_06-2020.smr,/home/bgeurten/cstart_experiments/rei/Heterozygous/Female/movie13/rei_cstHtF4_06-2020.S2R,,,/home/bgeurten/cstart_experiments/rei/Heterozygous/Female/movie13/rei_cstHtF4_06_2020_result.mat,/home/bgeurten/cstart_experiments/rei/Heterozygous/Female/movie13/rei_cstHtF4_06_2020_result_ana.mat,/home/bgeurten/cstart_experiments/rei/Heterozygous/Female/movie13/rei_cstHtF4_06-2020.avi,1.1272230000000003,0.008234999999999992,38.0,354.98757543482304,1261.0,/home/bgeurten/fishDataBase/cst_rei-HT_08-2019_F_40_ID#1072/spike_train_df.csv,/home/bgeurten/fishDataBase/cst_rei-HT_08-2019_F_40_ID#1072/trace_mm.csv
rei-HT,F,18,c-start,08-2019,923.0,4615,5.0,,,,,,/home/bgeurten/fishDataBase/cst_rei-HT_08-2019_F_18_ID#1073/midLineUniform_pix.csv,/home/bgeurten/fishDataBase/cst_rei-HT_08-2019_F_18_ID#1073/head_mm.csv,/home/bgeurten/fishDataBase/cst_rei-HT_08-2019_F_18_ID#1073/tail_mm.csv,,/home/bgeurten/cstart_experiments/rei/Heterozygous/Female/movie27/rei_cstHtF18_06-2020.smr,/home/bgeurten/cstart_experiments/rei/Heterozygous/Female/movie27/rei_cstHtF18_06-2020.S2R,,/home/bgeurten/cstart_experiments/rei/Heterozygous/Female/movie81/HtF18_box.csv,/home/bgeurten/cstart_experiments/rei/Heterozygous/Female/movie27/rei_cstHtF18_06_2020_result.mat,/home/bgeurten/cstart_experiments/rei/Heterozygous/Female/movie27/rei_cstHtF18_06_2020_result_ana.mat,/home/bgeurten/cstart_experiments/rei/Heterozygous/Female/movie27/rei_cstHtF18_06-2020.avi,,,,,,,/home/bgeurten/fishDataBase/cst_rei-HT_08-2019_F_18_ID#1073/trace_mm.csv
rei-HT,F,24,c-start,08-2019,923.0,4615,5.0,,,,,,/home/bgeurten/fishDataBase/cst_rei-HT_08-2019_F_24_ID#1074/midLineUniform_pix.csv,/home/bgeurten/fishDataBase/cst_rei-HT_08-2019_F_24_ID#1074/head_mm.csv,/home/bgeurten/fishDataBase/cst_rei-HT_08-2019_F_24_ID#1074/tail_mm.csv,,/home/bgeurten/cstart_experiments/rei/Heterozygous/Female/movie33/rei_cstHtF24_06-2020.smr,/home/bgeurten/cstart_experiments/rei/Heterozygous/Female/movie33/rei_cstHtF24_06-2020.S2R,,/home/bgeurten/cstart_experiments/rei/Heterozygous/Female/movie87/HtF24_box.csv,/home/bgeurten/cstart_experiments/rei/Heterozygous/Female/movie33/rei_cstHtF24_06_2020_result.mat,/home/bgeurten/cstart_experiments/rei/Heterozygous/Female/movie33/rei_cstHtF24_06_2020_result_ana.mat,/home/bgeurten/cstart_experiments/rei/Heterozygous/Female/movie33/rei_cstHtF24_06-2020.avi,,,,,,,/home/bgeurten/fishDataBase/cst_rei-HT_08-2019_F_24_ID#1074/trace_mm.csv
rei-HT,F,39,c-start,08-2019,923.0,4614,4.998916576381365,,,,,,/home/bgeurten/fishDataBase/cst_rei-HT_08-2019_F_39_ID#1075/midLineUniform_pix.csv,,,,/home/bgeurten/cstart_experiments/rei/Heterozygous/Female/movie48/rei_cstHtF39_06-2020.smr,/home/bgeurten/cstart_experiments/rei/Heterozygous/Female/movie48/rei_cstHtF39_06-2020.S2R,,,/home/bgeurten/cstart_experiments/rei/Heterozygous/Female/movie48/rei_cstHtF39_06_2020_result.mat,/home/bgeurten/cstart_experiments/rei/Heterozygous/Female/movie48/rei_cstHtF39_06_2020_result_ana.mat,/home/bgeurten/cstart_experiments/rei/Heterozygous/Female/movie48/rei_cstHtF39_06-2020.avi,,,,,,,/home/bgeurten/fishDataBase/cst_rei-HT_08-2019_F_39_ID#1075/trace_mm.csv
rei-HT,F,19,c-start,08-2019,924.0,4620,5.0,,,,,,,/home/bgeurten/fishDataBase/cst_rei-HT_08-2019_F_19_ID#1076/head_mm.csv,/home/bgeurten/fishDataBase/cst_rei-HT_08-2019_F_19_ID#1076/tail_mm.csv,,/home/bgeurten/cstart_experiments/rei/Heterozygous/Female/movie82/HtF19.smr,/home/bgeurten/cstart_experiments/rei/Heterozygous/Female/movie82/HtF19.S2R,,/home/bgeurten/cstart_experiments/rei/Heterozygous/Female/movie82/HtF19_box.csv,/home/bgeurten/cstart_experiments/rei/Heterozygous/Female/movie82/C_START_rei_11_2018_HtF19_result.mat,/home/bgeurten/cstart_experiments/rei/Heterozygous/Female/movie82/C_START_rei_11_2018_HtF19_result_ana.mat,/home/bgeurten/cstart_experiments/rei/Heterozygous/Female/movie82/HtF19.avi,0.023831999999999964,0.006668999999999925,11.0,498.2561036372467,3143.0,/home/bgeurten/fishDataBase/cst_rei-HT_08-2019_F_19_ID#1076/spike_train_df.csv,/home/bgeurten/fishDataBase/cst_rei-HT_08-2019_F_19_ID#1076/trace_mm.csv
rei-HT,F,55,c-start,08-2019,923.0,4615,5.0,,,,,,/home/bgeurten/fishDataBase/cst_rei-HT_08-2019_F_55_ID#1077/midLineUniform_pix.csv,,,,/home/bgeurten/cstart_experiments/rei/Heterozygous/Female/movie64/rei_cstHtF55_06-2020.smr,/home/bgeurten/cstart_experiments/rei/Heterozygous/Female/movie64/rei_cstHtF55_06-2020.S2R,,,/home/bgeurten/cstart_experiments/rei/Heterozygous/Female/movie64/rei_cstHtF55_06_2020_result.mat,/home/bgeurten/cstart_experiments/rei/Heterozygous/Female/movie64/rei_cstHtF55_06_2020_result_ana.mat,/home/bgeurten/cstart_experiments/rei/Heterozygous/Female/movie64/rei_cstHtF55_06-2020.avi,1.1267909999999997,0.006587999999999927,30.0,383.1417624521397,2040.0,/home/bgeurten/fishDataBase/cst_rei-HT_08-2019_F_55_ID#1077/spike_train_df.csv,/home/bgeurten/fishDataBase/cst_rei-HT_08-2019_F_55_ID#1077/trace_mm.csv
rei-HT,F,31,c-start,08-2019,922.0,4615,5.005422993492408,,,,,,/home/bgeurten/fishDataBase/cst_rei-HT_08-2019_F_31_ID#1078/midLineUniform_pix.csv,/home/bgeurten/fishDataBase/cst_rei-HT_08-2019_F_31_ID#1078/head_mm.csv,/home/bgeurten/fishDataBase/cst_rei-HT_08-2019_F_31_ID#1078/tail_mm.csv,,/home/bgeurten/cstart_experiments/rei/Heterozygous/Female/movie40/rei_cstHtF31_06-2020.smr,/home/bgeurten/cstart_experiments/rei/Heterozygous/Female/movie40/rei_cstHtF31_06-2020.S2R,,/home/bgeurten/cstart_experiments/rei/Heterozygous/Female/movie94/HtF31_box.csv,/home/bgeurten/cstart_experiments/rei/Heterozygous/Female/movie40/rei_cstHtF31_06_2020_result.mat,/home/bgeurten/cstart_experiments/rei/Heterozygous/Female/movie40/rei_cstHtF31_06_2020_result_ana.mat,/home/bgeurten/cstart_experiments/rei/Heterozygous/Female/movie40/rei_cstHtF31_06-2020.avi,0.891594,0.009054000000000118,53.0,231.0002310002651,978.0,/home/bgeurten/fishDataBase/cst_rei-HT_08-2019_F_31_ID#1078/spike_train_df.csv,/home/bgeurten/fishDataBase/cst_rei-HT_08-2019_F_31_ID#1078/trace_mm.csv
rei-HT,F,27,c-start,08-2019,923.0,4615,5.0,,,,,,/home/bgeurten/fishDataBase/cst_rei-HT_08-2019_F_27_ID#1079/midLineUniform_pix.csv,/home/bgeurten/fishDataBase/cst_rei-HT_08-2019_F_27_ID#1079/head_mm.csv,/home/bgeurten/fishDataBase/cst_rei-HT_08-2019_F_27_ID#1079/tail_mm.csv,,/home/bgeurten/cstart_experiments/rei/Heterozygous/Female/movie36/rei_cstHtF27_06-2020.smr,/home/bgeurten/cstart_experiments/rei/Heterozygous/Female/movie36/rei_cstHtF27_06-2020.S2R,,/home/bgeurten/cstart_experiments/rei/Heterozygous/Female/movie90a/HtF27I_box.csv,/home/bgeurten/cstart_experiments/rei/Heterozygous/Female/movie36/rei_cstHtF27_06_2020_result.mat,/home/bgeurten/cstart_experiments/rei/Heterozygous/Female/movie36/rei_cstHtF27_06_2020_result_ana.mat,/home/bgeurten/cstart_experiments/rei/Heterozygous/Female/movie36/rei_cstHtF27_06-2020.avi,1.1304539999999998,0.03505500000000006,71.0,288.60028860026586,919.0,/home/bgeurten/fishDataBase/cst_rei-HT_08-2019_F_27_ID#1079/spike_train_df.csv,/home/bgeurten/fishDataBase/cst_rei-HT_08-2019_F_27_ID#1079/trace_mm.csv
rei-HT,F,26,c-start,08-2019,923.0,4615,5.0,,,,,,/home/bgeurten/fishDataBase/cst_rei-HT_08-2019_F_26_ID#1080/midLineUniform_pix.csv,/home/bgeurten/fishDataBase/cst_rei-HT_08-2019_F_26_ID#1080/head_mm.csv,/home/bgeurten/fishDataBase/cst_rei-HT_08-2019_F_26_ID#1080/tail_mm.csv,,/home/bgeurten/cstart_experiments/rei/Heterozygous/Female/movie35/rei_cstHtF26_06-2020.smr,/home/bgeurten/cstart_experiments/rei/Heterozygous/Female/movie35/rei_cstHtF26_06-2020.S2R,,/home/bgeurten/cstart_experiments/rei/Heterozygous/Female/movie89/HtF26_box.csv,/home/bgeurten/cstart_experiments/rei/Heterozygous/Female/movie35/rei_cstHtF26_06_2020_result.mat,/home/bgeurten/cstart_experiments/rei/Heterozygous/Female/movie35/rei_cstHtF26_06_2020_result_ana.mat,/home/bgeurten/cstart_experiments/rei/Heterozygous/Female/movie35/rei_cstHtF26_06-2020.avi,1.1379420000000002,0.012852000000000086,43.0,366.70333700034706,1688.0,/home/bgeurten/fishDataBase/cst_rei-HT_08-2019_F_26_ID#1080/spike_train_df.csv,/home/bgeurten/fishDataBase/cst_rei-HT_08-2019_F_26_ID#1080/trace_mm.csv
rei-HT,F,42,c-start,08-2019,923.0,4615,5.0,,,,,,/home/bgeurten/fishDataBase/cst_rei-HT_08-2019_F_42_ID#1081/midLineUniform_pix.csv,,,,/home/bgeurten/cstart_experiments/rei/Heterozygous/Female/movie51/rei_cstHtF42_06-2020.smr,/home/bgeurten/cstart_experiments/rei/Heterozygous/Female/movie51/rei_cstHtF42_06-2020.S2R,,,/home/bgeurten/cstart_experiments/rei/Heterozygous/Female/movie51/rei_cstHtF42_06_2020_result.mat,/home/bgeurten/cstart_experiments/rei/Heterozygous/Female/movie51/rei_cstHtF42_06_2020_result_ana.mat,/home/bgeurten/cstart_experiments/rei/Heterozygous/Female/movie51/rei_cstHtF42_06-2020.avi,1.128339,0.04263300000000003,68.0,464.9081854964177,796.0,/home/bgeurten/fishDataBase/cst_rei-HT_08-2019_F_42_ID#1081/spike_train_df.csv,/home/bgeurten/fishDataBase/cst_rei-HT_08-2019_F_42_ID#1081/trace_mm.csv
rei-HT,F,38,c-start,08-2019,923.0,4615,5.0,,,,,,/home/bgeurten/fishDataBase/cst_rei-HT_08-2019_F_38_ID#1082/midLineUniform_pix.csv,,,,/home/bgeurten/cstart_experiments/rei/Heterozygous/Female/movie47/rei_cstHtF38_06-2020.smr,/home/bgeurten/cstart_experiments/rei/Heterozygous/Female/movie47/rei_cstHtF38_06-2020.S2R,,,/home/bgeurten/cstart_experiments/rei/Heterozygous/Female/movie47/rei_cstHtF38_06_2020_result.mat,/home/bgeurten/cstart_experiments/rei/Heterozygous/Female/movie47/rei_cstHtF38_06_2020_result_ana.mat,/home/bgeurten/cstart_experiments/rei/Heterozygous/Female/movie47/rei_cstHtF38_06-2020.avi,,,,,,,/home/bgeurten/fishDataBase/cst_rei-HT_08-2019_F_38_ID#1082/trace_mm.csv
rei-HT,F,46,c-start,08-2019,923.0,4615,5.0,,,,,,/home/bgeurten/fishDataBase/cst_rei-HT_08-2019_F_46_ID#1083/midLineUniform_pix.csv,,,,/home/bgeurten/cstart_experiments/rei/Heterozygous/Female/movie55/rei_cstHtF46_06-2020.smr,/home/bgeurten/cstart_experiments/rei/Heterozygous/Female/movie55/rei_cstHtF46_06-2020.S2R,,,/home/bgeurten/cstart_experiments/rei/Heterozygous/Female/movie55/rei_cstHtF46_06_2020_result.mat,/home/bgeurten/cstart_experiments/rei/Heterozygous/Female/movie55/rei_cstHtF46_06_2020_result_ana.mat,/home/bgeurten/cstart_experiments/rei/Heterozygous/Female/movie55/rei_cstHtF46_06-2020.avi,1.1273490000000002,0.009747000000000061,30.0,336.7003367003461,1273.0,/home/bgeurten/fishDataBase/cst_rei-HT_08-2019_F_46_ID#1083/spike_train_df.csv,/home/bgeurten/fishDataBase/cst_rei-HT_08-2019_F_46_ID#1083/trace_mm.csv
rei-HT,F,16,c-start,08-2019,924.0,4618,4.9978354978354975,,,,,,/home/bgeurten/fishDataBase/cst_rei-HT_08-2019_F_16_ID#1084/midLineUniform_pix.csv,/home/bgeurten/fishDataBase/cst_rei-HT_08-2019_F_16_ID#1084/head_mm.csv,/home/bgeurten/fishDataBase/cst_rei-HT_08-2019_F_16_ID#1084/tail_mm.csv,,/home/bgeurten/cstart_experiments/rei/Heterozygous/Female/movie79/HtF16.smr,/home/bgeurten/cstart_experiments/rei/Heterozygous/Female/movie79/HtF16.S2R,,/home/bgeurten/cstart_experiments/rei/Heterozygous/Female/movie79/HtF16_box.csv,/home/bgeurten/cstart_experiments/rei/Heterozygous/Female/movie79/C_START_rei_11_2018_HtF16_result.mat,/home/bgeurten/cstart_experiments/rei/Heterozygous/Female/movie79/C_START_rei_11_2018_HtF16_result_ana.mat,/home/bgeurten/cstart_experiments/rei/Heterozygous/Female/movie79/HtF16.avi,0.027161999999999686,0.007308000000000092,58.0,457.2473708276189,1694.0,/home/bgeurten/fishDataBase/cst_rei-HT_08-2019_F_16_ID#1084/spike_train_df.csv,/home/bgeurten/fishDataBase/cst_rei-HT_08-2019_F_16_ID#1084/trace_mm.csv
rei-HT,F,20,c-start,08-2019,923.0,4614,4.998916576381365,,,,,,/home/bgeurten/fishDataBase/cst_rei-HT_08-2019_F_20_ID#1085/midLineUniform_pix.csv,/home/bgeurten/fishDataBase/cst_rei-HT_08-2019_F_20_ID#1085/head_mm.csv,/home/bgeurten/fishDataBase/cst_rei-HT_08-2019_F_20_ID#1085/tail_mm.csv,,/home/bgeurten/cstart_experiments/rei/Heterozygous/Female/movie29/rei_cstHtF20_06-2020.smr,/home/bgeurten/cstart_experiments/rei/Heterozygous/Female/movie29/rei_cstHtF20_06-2020.S2R,,/home/bgeurten/cstart_experiments/rei/Heterozygous/Female/movie83/HtF20_box.csv,/home/bgeurten/cstart_experiments/rei/Heterozygous/Female/movie29/rei_cstHtF20_06_2020_result.mat,/home/bgeurten/cstart_experiments/rei/Heterozygous/Female/movie29/rei_cstHtF20_06_2020_result_ana.mat,/home/bgeurten/cstart_experiments/rei/Heterozygous/Female/movie29/rei_cstHtF20_06-2020.avi,1.1279879999999998,0.009846000000000021,40.0,172.80110592708496,709.0,/home/bgeurten/fishDataBase/cst_rei-HT_08-2019_F_20_ID#1085/spike_train_df.csv,/home/bgeurten/fishDataBase/cst_rei-HT_08-2019_F_20_ID#1085/trace_mm.csv
rei-HT,F,91,c-start,08-2019,922.0,4614,5.004338394793926,,,,,,/home/bgeurten/fishDataBase/cst_rei-HT_08-2019_F_91_ID#1086/midLineUniform_pix.csv,,,,/home/bgeurten/cstart_experiments/rei/Heterozygous/Female/movie9/rei_cstHtF9_11-2019R.smr,/home/bgeurten/cstart_experiments/rei/Heterozygous/Female/movie9/rei_cstHtF9_11-2019R.S2R,,,/home/bgeurten/cstart_experiments/rei/Heterozygous/Female/movie9/rei_cstHtF9_11_2019R_result.mat,/home/bgeurten/cstart_experiments/rei/Heterozygous/Female/movie9/rei_cstHtF9_11_2019R_result_ana.mat,/home/bgeurten/cstart_experiments/rei/Heterozygous/Female/movie9/rei_cstHtF9_11-2019R.avi,,,,,,,/home/bgeurten/fishDataBase/cst_rei-HT_08-2019_F_91_ID#1086/trace_mm.csv
rei-HT,F,15,c-start,08-2019,922.0,4612,5.002169197396963,,,,,,/home/bgeurten/fishDataBase/cst_rei-HT_08-2019_F_15_ID#1087/midLineUniform_pix.csv,/home/bgeurten/fishDataBase/cst_rei-HT_08-2019_F_15_ID#1087/head_mm.csv,/home/bgeurten/fishDataBase/cst_rei-HT_08-2019_F_15_ID#1087/tail_mm.csv,,/home/bgeurten/cstart_experiments/rei/Heterozygous/Female/movie24/rei_cstHtF15_06-2020.smr,/home/bgeurten/cstart_experiments/rei/Heterozygous/Female/movie24/rei_cstHtF15_06-2020.S2R,,/home/bgeurten/cstart_experiments/rei/Heterozygous/Female/movie78/HtF15_box.csv,/home/bgeurten/cstart_experiments/rei/Heterozygous/Female/movie24/rei_cstHtF15_06_2020_result.mat,/home/bgeurten/cstart_experiments/rei/Heterozygous/Female/movie24/rei_cstHtF15_06_2020_result_ana.mat,/home/bgeurten/cstart_experiments/rei/Heterozygous/Female/movie24/rei_cstHtF15_06-2020.avi,1.1346479999999999,0.009162000000000003,81.0,286.36884306986985,1062.0,/home/bgeurten/fishDataBase/cst_rei-HT_08-2019_F_15_ID#1087/spike_train_df.csv,/home/bgeurten/fishDataBase/cst_rei-HT_08-2019_F_15_ID#1087/trace_mm.csv
rei-HT,F,54,c-start,08-2019,923.0,4615,5.0,,,,,,/home/bgeurten/fishDataBase/cst_rei-HT_08-2019_F_54_ID#1088/midLineUniform_pix.csv,,,,/home/bgeurten/cstart_experiments/rei/Heterozygous/Female/movie63/rei_cstHtF54_06-2020.smr,/home/bgeurten/cstart_experiments/rei/Heterozygous/Female/movie63/rei_cstHtF54_06-2020.S2R,,,/home/bgeurten/cstart_experiments/rei/Heterozygous/Female/movie63/rei_cstHtF54_06_2020_result.mat,/home/bgeurten/cstart_experiments/rei/Heterozygous/Female/movie63/rei_cstHtF54_06_2020_result_ana.mat,/home/bgeurten/cstart_experiments/rei/Heterozygous/Female/movie63/rei_cstHtF54_06-2020.avi,1.1374829999999998,0.00419399999999992,31.0,336.70033670029574,1540.0,/home/bgeurten/fishDataBase/cst_rei-HT_08-2019_F_54_ID#1088/spike_train_df.csv,/home/bgeurten/fishDataBase/cst_rei-HT_08-2019_F_54_ID#1088/trace_mm.csv
rei-HT,F,3,c-start,08-2019,924.0,4620,5.0,,,,,,/home/bgeurten/fishDataBase/cst_rei-HT_08-2019_F_3_ID#1089/midLineUniform_pix.csv,/home/bgeurten/fishDataBase/cst_rei-HT_08-2019_F_3_ID#1089/head_mm.csv,/home/bgeurten/fishDataBase/cst_rei-HT_08-2019_F_3_ID#1089/tail_mm.csv,,/home/bgeurten/cstart_experiments/rei/Heterozygous/Female/movie67/HtF3.smr,/home/bgeurten/cstart_experiments/rei/Heterozygous/Female/movie67/HtF3.S2R,,/home/bgeurten/cstart_experiments/rei/Heterozygous/Female/movie67/HtF3_box.csv,/home/bgeurten/cstart_experiments/rei/Heterozygous/Female/movie67/C_START_rei_11_2018_HtF3_result.mat,/home/bgeurten/cstart_experiments/rei/Heterozygous/Female/movie67/C_START_rei_11_2018_HtF3_result_ana.mat,/home/bgeurten/cstart_experiments/rei/Heterozygous/Female/movie67/HtF3.avi,0.036819000000000046,0.012429000000000023,34.0,550.0684862496537,782.0,/home/bgeurten/fishDataBase/cst_rei-HT_08-2019_F_3_ID#1089/spike_train_df.csv,/home/bgeurten/fishDataBase/cst_rei-HT_08-2019_F_3_ID#1089/trace_mm.csv
rei-HT,F,61,c-start,08-2019,923.0,4613,4.99783315276273,,,,,,/home/bgeurten/fishDataBase/cst_rei-HT_08-2019_F_61_ID#1090/midLineUniform_pix.csv,,,,/home/bgeurten/cstart_experiments/rei/Heterozygous/Female/movie6/rei_cstHtF6_11-2019R.smr,/home/bgeurten/cstart_experiments/rei/Heterozygous/Female/movie6/rei_cstHtF6_11-2019R.S2R,,,/home/bgeurten/cstart_experiments/rei/Heterozygous/Female/movie6/rei_cstHtF6_11_2019R_result.mat,/home/bgeurten/cstart_experiments/rei/Heterozygous/Female/movie6/rei_cstHtF6_11_2019R_result_ana.mat,/home/bgeurten/cstart_experiments/rei/Heterozygous/Female/movie6/rei_cstHtF6_11-2019R.avi,,,,,,,/home/bgeurten/fishDataBase/cst_rei-HT_08-2019_F_61_ID#1090/trace_mm.csv
rei-HT,F,5,c-start,08-2019,924.0,4620,5.0,,,,,,/home/bgeurten/fishDataBase/cst_rei-HT_08-2019_F_5_ID#1091/midLineUniform_pix.csv,/home/bgeurten/fishDataBase/cst_rei-HT_08-2019_F_5_ID#1091/head_mm.csv,/home/bgeurten/fishDataBase/cst_rei-HT_08-2019_F_5_ID#1091/tail_mm.csv,,/home/bgeurten/cstart_experiments/rei/Heterozygous/Female/movie69b/HtF5II.smr,/home/bgeurten/cstart_experiments/rei/Heterozygous/Female/movie69b/HtF5II.S2R,,/home/bgeurten/cstart_experiments/rei/Heterozygous/Female/movie69b/HtF5II_box.csv,/home/bgeurten/cstart_experiments/rei/Heterozygous/Female/movie69b/C_START_rei_11_2018_HtF5_II_result.mat,/home/bgeurten/cstart_experiments/rei/Heterozygous/Female/movie69b/C_START_rei_11_2018_HtF5_II_result_ana.mat,/home/bgeurten/cstart_experiments/rei/Heterozygous/Female/movie69b/HtF5II.avi,,,,,,,/home/bgeurten/fishDataBase/cst_rei-HT_08-2019_F_5_ID#1091/trace_mm.csv
rei-HT,F,9,c-start,08-2019,924.0,4620,5.0,,,,,,/home/bgeurten/fishDataBase/cst_rei-HT_08-2019_F_9_ID#1092/midLineUniform_pix.csv,/home/bgeurten/fishDataBase/cst_rei-HT_08-2019_F_9_ID#1092/head_mm.csv,/home/bgeurten/fishDataBase/cst_rei-HT_08-2019_F_9_ID#1092/tail_mm.csv,,/home/bgeurten/cstart_experiments/rei/Heterozygous/Female/movie73/HtF9.smr,/home/bgeurten/cstart_experiments/rei/Heterozygous/Female/movie73/HtF9.S2R,,/home/bgeurten/cstart_experiments/rei/Heterozygous/Female/movie73/HtF9_box.csv,/home/bgeurten/cstart_experiments/rei/Heterozygous/Female/movie73/C_START_rei_11_2018_HtF9_result.mat,/home/bgeurten/cstart_experiments/rei/Heterozygous/Female/movie73/C_START_rei_11_2018_HtF9_result_ana.mat,/home/bgeurten/cstart_experiments/rei/Heterozygous/Female/movie73/HtF9.avi,0.02954699999999999,0.03425400000000001,17.0,502.7652086475569,578.0,/home/bgeurten/fishDataBase/cst_rei-HT_08-2019_F_9_ID#1092/spike_train_df.csv,/home/bgeurten/fishDataBase/cst_rei-HT_08-2019_F_9_ID#1092/trace_mm.csv
rei-HT,F,45,c-start,08-2019,923.0,4615,5.0,,,,,,/home/bgeurten/fishDataBase/cst_rei-HT_08-2019_F_45_ID#1093/midLineUniform_pix.csv,,,,/home/bgeurten/cstart_experiments/rei/Heterozygous/Female/movie54/rei_cstHtF45_06-2020.smr,/home/bgeurten/cstart_experiments/rei/Heterozygous/Female/movie54/rei_cstHtF45_06-2020.S2R,,,/home/bgeurten/cstart_experiments/rei/Heterozygous/Female/movie54/rei_cstHtF45_06_2020_result.mat,/home/bgeurten/cstart_experiments/rei/Heterozygous/Female/movie54/rei_cstHtF45_06_2020_result_ana.mat,/home/bgeurten/cstart_experiments/rei/Heterozygous/Female/movie54/rei_cstHtF45_06-2020.avi,1.1309040000000001,0.32000399999999996,75.0,327.76138970827765,676.0,/home/bgeurten/fishDataBase/cst_rei-HT_08-2019_F_45_ID#1093/spike_train_df.csv,/home/bgeurten/fishDataBase/cst_rei-HT_08-2019_F_45_ID#1093/trace_mm.csv
rei-HT,F,71,c-start,08-2019,923.0,4615,5.0,,,,,,/home/bgeurten/fishDataBase/cst_rei-HT_08-2019_F_71_ID#1094/midLineUniform_pix.csv,,,,/home/bgeurten/cstart_experiments/rei/Heterozygous/Female/movie7/rei_cstHtF7_11-2019R.smr,/home/bgeurten/cstart_experiments/rei/Heterozygous/Female/movie7/rei_cstHtF7_11-2019R.S2R,,,/home/bgeurten/cstart_experiments/rei/Heterozygous/Female/movie7/rei_cstHtF7_11_2019R_result.mat,/home/bgeurten/cstart_experiments/rei/Heterozygous/Female/movie7/rei_cstHtF7_11_2019R_result_ana.mat,/home/bgeurten/cstart_experiments/rei/Heterozygous/Female/movie7/rei_cstHtF7_11-2019R.avi,,,,,,,/home/bgeurten/fishDataBase/cst_rei-HT_08-2019_F_71_ID#1094/trace_mm.csv
rei-HT,F,36,c-start,08-2019,923.0,4614,4.998916576381365,,,,,,/home/bgeurten/fishDataBase/cst_rei-HT_08-2019_F_36_ID#1095/midLineUniform_pix.csv,,,,/home/bgeurten/cstart_experiments/rei/Heterozygous/Female/movie45/rei_cstHtF36_06-2020.smr,/home/bgeurten/cstart_experiments/rei/Heterozygous/Female/movie45/rei_cstHtF36_06-2020.S2R,,,/home/bgeurten/cstart_experiments/rei/Heterozygous/Female/movie45/rei_cstHtF36_06_2020_result.mat,/home/bgeurten/cstart_experiments/rei/Heterozygous/Female/movie45/rei_cstHtF36_06_2020_result_ana.mat,/home/bgeurten/cstart_experiments/rei/Heterozygous/Female/movie45/rei_cstHtF36_06-2020.avi,1.9125269999999999,0.007920000000000038,86.0,334.672021419085,1139.0,/home/bgeurten/fishDataBase/cst_rei-HT_08-2019_F_36_ID#1095/spike_train_df.csv,/home/bgeurten/fishDataBase/cst_rei-HT_08-2019_F_36_ID#1095/trace_mm.csv
rei-HT,F,33,c-start,08-2019,922.0,4614,5.004338394793926,,,,,,/home/bgeurten/fishDataBase/cst_rei-HT_08-2019_F_33_ID#1096/midLineUniform_pix.csv,,,,/home/bgeurten/cstart_experiments/rei/Heterozygous/Female/movie42/rei_cstHtF33_06-2020.smr,/home/bgeurten/cstart_experiments/rei/Heterozygous/Female/movie42/rei_cstHtF33_06-2020.S2R,,,/home/bgeurten/cstart_experiments/rei/Heterozygous/Female/movie42/rei_cstHtF33_06_2020_result.mat,/home/bgeurten/cstart_experiments/rei/Heterozygous/Female/movie42/rei_cstHtF33_06_2020_result_ana.mat,/home/bgeurten/cstart_experiments/rei/Heterozygous/Female/movie42/rei_cstHtF33_06-2020.avi,1.127943,0.008486999999999911,54.0,206.526228831061,969.0,/home/bgeurten/fishDataBase/cst_rei-HT_08-2019_F_33_ID#1096/spike_train_df.csv,/home/bgeurten/fishDataBase/cst_rei-HT_08-2019_F_33_ID#1096/trace_mm.csv
rei-HT,F,52,c-start,08-2019,922.0,4615,5.005422993492408,,,,,,,,,,/home/bgeurten/cstart_experiments/rei/Heterozygous/Female/movie61/rei_cstHtF52_06-2020.smr,/home/bgeurten/cstart_experiments/rei/Heterozygous/Female/movie61/rei_cstHtF52_06-2020.S2R,,,/home/bgeurten/cstart_experiments/rei/Heterozygous/Female/movie61/rei_cstHtF52_06_2020_result.mat,/home/bgeurten/cstart_experiments/rei/Heterozygous/Female/movie61/rei_cstHtF52_06_2020_result_ana.mat,/home/bgeurten/cstart_experiments/rei/Heterozygous/Female/movie61/rei_cstHtF52_06-2020.avi,1.121463,0.012357000000000062,19.0,209.84175672623178,1085.0,/home/bgeurten/fishDataBase/cst_rei-HT_08-2019_F_52_ID#1097/spike_train_df.csv,/home/bgeurten/fishDataBase/cst_rei-HT_08-2019_F_52_ID#1097/trace_mm.csv
rei-HT,F,22,c-start,08-2019,923.0,4614,4.998916576381365,,,,,,/home/bgeurten/fishDataBase/cst_rei-HT_08-2019_F_22_ID#1098/midLineUniform_pix.csv,/home/bgeurten/fishDataBase/cst_rei-HT_08-2019_F_22_ID#1098/head_mm.csv,/home/bgeurten/fishDataBase/cst_rei-HT_08-2019_F_22_ID#1098/tail_mm.csv,,/home/bgeurten/cstart_experiments/rei/Heterozygous/Female/movie31/rei_cstHtF22_06-2020.smr,/home/bgeurten/cstart_experiments/rei/Heterozygous/Female/movie31/rei_cstHtF22_06-2020.S2R,,/home/bgeurten/cstart_experiments/rei/Heterozygous/Female/movie85/HtF22_box.csv,/home/bgeurten/cstart_experiments/rei/Heterozygous/Female/movie31/rei_cstHtF22_06_2020_result.mat,/home/bgeurten/cstart_experiments/rei/Heterozygous/Female/movie31/rei_cstHtF22_06_2020_result_ana.mat,/home/bgeurten/cstart_experiments/rei/Heterozygous/Female/movie31/rei_cstHtF22_06-2020.avi,,,,,,,/home/bgeurten/fishDataBase/cst_rei-HT_08-2019_F_22_ID#1098/trace_mm.csv
rei-HT,F,60,c-start,08-2019,923.0,4615,5.0,,,,,,/home/bgeurten/fishDataBase/cst_rei-HT_08-2019_F_60_ID#1099/midLineUniform_pix.csv,,,,/home/bgeurten/cstart_experiments/rei/Heterozygous/Female/movie15/rei_cstHtF6_06-2020.smr,/home/bgeurten/cstart_experiments/rei/Heterozygous/Female/movie15/rei_cstHtF6_06-2020.S2R,,,/home/bgeurten/cstart_experiments/rei/Heterozygous/Female/movie15/rei_cstHtF6_06_2020_result.mat,/home/bgeurten/cstart_experiments/rei/Heterozygous/Female/movie15/rei_cstHtF6_06_2020_result_ana.mat,/home/bgeurten/cstart_experiments/rei/Heterozygous/Female/movie15/rei_cstHtF6_06-2020.avi,2.8432079999999997,0.010061999999999904,31.0,323.93909944932034,1388.0,/home/bgeurten/fishDataBase/cst_rei-HT_08-2019_F_60_ID#1099/spike_train_df.csv,/home/bgeurten/fishDataBase/cst_rei-HT_08-2019_F_60_ID#1099/trace_mm.csv
rei-HT,F,30,c-start,08-2019,923.0,4615,5.0,,,,,,/home/bgeurten/fishDataBase/cst_rei-HT_08-2019_F_30_ID#1100/midLineUniform_pix.csv,/home/bgeurten/fishDataBase/cst_rei-HT_08-2019_F_30_ID#1100/head_mm.csv,/home/bgeurten/fishDataBase/cst_rei-HT_08-2019_F_30_ID#1100/tail_mm.csv,,/home/bgeurten/cstart_experiments/rei/Heterozygous/Female/movie39/rei_cstHtF30_06-2020.smr,/home/bgeurten/cstart_experiments/rei/Heterozygous/Female/movie39/rei_cstHtF30_06-2020.S2R,,/home/bgeurten/cstart_experiments/rei/Heterozygous/Female/movie93/HtF30_box.csv,/home/bgeurten/cstart_experiments/rei/Heterozygous/Female/movie39/rei_cstHtF30_06_2020_result.mat,/home/bgeurten/cstart_experiments/rei/Heterozygous/Female/movie39/rei_cstHtF30_06_2020_result_ana.mat,/home/bgeurten/cstart_experiments/rei/Heterozygous/Female/movie39/rei_cstHtF30_06-2020.avi,1.1289690000000001,0.005166000000000004,69.0,347.7732714198905,887.0,/home/bgeurten/fishDataBase/cst_rei-HT_08-2019_F_30_ID#1100/spike_train_df.csv,/home/bgeurten/fishDataBase/cst_rei-HT_08-2019_F_30_ID#1100/trace_mm.csv
rei-HT,F,14,c-start,08-2019,922.0,4614,5.004338394793926,,,,,,/home/bgeurten/fishDataBase/cst_rei-HT_08-2019_F_14_ID#1101/midLineUniform_pix.csv,,,,/home/bgeurten/cstart_experiments/rei/Heterozygous/Female/movie23/rei_cstHtF14_06-2020.smr,/home/bgeurten/cstart_experiments/rei/Heterozygous/Female/movie23/rei_cstHtF14_06-2020.S2R,,,/home/bgeurten/cstart_experiments/rei/Heterozygous/Female/movie23/rei_cstHtF14_06_2020_result.mat,/home/bgeurten/cstart_experiments/rei/Heterozygous/Female/movie23/rei_cstHtF14_06_2020_result_ana.mat,/home/bgeurten/cstart_experiments/rei/Heterozygous/Female/movie23/rei_cstHtF14_06-2020.avi,1.1226600000000002,0.175365,83.0,521.6484089723068,991.0,/home/bgeurten/fishDataBase/cst_rei-HT_08-2019_F_14_ID#1101/spike_train_df.csv,/home/bgeurten/fishDataBase/cst_rei-HT_08-2019_F_14_ID#1101/trace_mm.csv
rei-HT,F,70,c-start,08-2019,923.0,4615,5.0,,,,,,/home/bgeurten/fishDataBase/cst_rei-HT_08-2019_F_70_ID#1102/midLineUniform_pix.csv,,,,/home/bgeurten/cstart_experiments/rei/Heterozygous/Female/movie16/rei_cstHtF7_06-2020.smr,/home/bgeurten/cstart_experiments/rei/Heterozygous/Female/movie16/rei_cstHtF7_06-2020.S2R,,,/home/bgeurten/cstart_experiments/rei/Heterozygous/Female/movie16/rei_cstHtF7_06_2020_result.mat,/home/bgeurten/cstart_experiments/rei/Heterozygous/Female/movie16/rei_cstHtF7_06_2020_result_ana.mat,/home/bgeurten/cstart_experiments/rei/Heterozygous/Female/movie16/rei_cstHtF7_06-2020.avi,1.1288429999999998,0.00593100000000002,56.0,374.11148522260675,1779.0,/home/bgeurten/fishDataBase/cst_rei-HT_08-2019_F_70_ID#1102/spike_train_df.csv,/home/bgeurten/fishDataBase/cst_rei-HT_08-2019_F_70_ID#1102/trace_mm.csv
rei-HT,F,7,c-start,08-2019,,,,,,,,,,,,,/home/bgeurten/cstart_experiments/rei/Heterozygous/Female/movie71/HtF7.smr,/home/bgeurten/cstart_experiments/rei/Heterozygous/Female/movie71/HtF7.S2R,,/home/bgeurten/cstart_experiments/rei/Heterozygous/Female/movie71/HtF7_box.csv,,,/home/bgeurten/cstart_experiments/rei/Heterozygous/Female/movie71/HtF7.avi,0.03130200000000005,0.004005000000000036,26.0,491.6420845624366,2057.0,/home/bgeurten/fishDataBase/cst_rei-HT_08-2019_F_7_ID#1103/spike_train_df.csv,
rei-HT,F,32,c-start,08-2019,923.0,4615,5.0,,,,,,/home/bgeurten/fishDataBase/cst_rei-HT_08-2019_F_32_ID#1104/midLineUniform_pix.csv,,,,/home/bgeurten/cstart_experiments/rei/Heterozygous/Female/movie41/rei_cstHtF32_06-2020.smr,/home/bgeurten/cstart_experiments/rei/Heterozygous/Female/movie41/rei_cstHtF32_06-2020.S2R,,,/home/bgeurten/cstart_experiments/rei/Heterozygous/Female/movie41/rei_cstHtF32_06_2020_result.mat,/home/bgeurten/cstart_experiments/rei/Heterozygous/Female/movie41/rei_cstHtF32_06_2020_result_ana.mat,/home/bgeurten/cstart_experiments/rei/Heterozygous/Female/movie41/rei_cstHtF32_06-2020.avi,1.1337929999999998,0.003446999999999978,34.0,378.5738793052351,1752.0,/home/bgeurten/fishDataBase/cst_rei-HT_08-2019_F_32_ID#1104/spike_train_df.csv,/home/bgeurten/fishDataBase/cst_rei-HT_08-2019_F_32_ID#1104/trace_mm.csv
rei-HT,F,34,c-start,08-2019,923.0,4615,5.0,,,,,,/home/bgeurten/fishDataBase/cst_rei-HT_08-2019_F_34_ID#1105/midLineUniform_pix.csv,,,,/home/bgeurten/cstart_experiments/rei/Heterozygous/Female/movie43/rei_cstHtF34_06-2020.smr,/home/bgeurten/cstart_experiments/rei/Heterozygous/Female/movie43/rei_cstHtF34_06-2020.S2R,,,/home/bgeurten/cstart_experiments/rei/Heterozygous/Female/movie43/rei_cstHtF34_06_2020_result.mat,/home/bgeurten/cstart_experiments/rei/Heterozygous/Female/movie43/rei_cstHtF34_06_2020_result_ana.mat,/home/bgeurten/cstart_experiments/rei/Heterozygous/Female/movie43/rei_cstHtF34_06-2020.avi,1.131363,0.006596999999999964,42.0,328.7310979618924,1259.0,/home/bgeurten/fishDataBase/cst_rei-HT_08-2019_F_34_ID#1105/spike_train_df.csv,/home/bgeurten/fishDataBase/cst_rei-HT_08-2019_F_34_ID#1105/trace_mm.csv
rei-HT,F,51,c-start,08-2019,923.0,4614,4.998916576381365,,,,,,/home/bgeurten/fishDataBase/cst_rei-HT_08-2019_F_51_ID#1106/midLineUniform_pix.csv,,,,/home/bgeurten/cstart_experiments/rei/Heterozygous/Female/movie60/rei_cstHtF51_06-2020.smr,/home/bgeurten/cstart_experiments/rei/Heterozygous/Female/movie60/rei_cstHtF51_06-2020.S2R,,,/home/bgeurten/cstart_experiments/rei/Heterozygous/Female/movie60/rei_cstHtF51_06_2020_result.mat,/home/bgeurten/cstart_experiments/rei/Heterozygous/Female/movie60/rei_cstHtF51_06_2020_result_ana.mat,/home/bgeurten/cstart_experiments/rei/Heterozygous/Female/movie60/rei_cstHtF51_06-2020.avi,1.1349900000000002,0.007452000000000014,63.0,251.38260432377845,1062.0,/home/bgeurten/fishDataBase/cst_rei-HT_08-2019_F_51_ID#1106/spike_train_df.csv,/home/bgeurten/fishDataBase/cst_rei-HT_08-2019_F_51_ID#1106/trace_mm.csv
rei-HT,F,56,c-start,08-2019,923.0,4615,5.0,,,,,,/home/bgeurten/fishDataBase/cst_rei-HT_08-2019_F_56_ID#1107/midLineUniform_pix.csv,,,,/home/bgeurten/cstart_experiments/rei/Heterozygous/Female/movie65/rei_cstHtF56_06-2020.smr,/home/bgeurten/cstart_experiments/rei/Heterozygous/Female/movie65/rei_cstHtF56_06-2020.S2R,,,/home/bgeurten/cstart_experiments/rei/Heterozygous/Female/movie65/rei_cstHtF56_06_2020_result.mat,/home/bgeurten/cstart_experiments/rei/Heterozygous/Female/movie65/rei_cstHtF56_06_2020_result_ana.mat,/home/bgeurten/cstart_experiments/rei/Heterozygous/Female/movie65/rei_cstHtF56_06-2020.avi,1.1258370000000002,0.0030959999999999877,42.0,278.12935556137114,1160.0,/home/bgeurten/fishDataBase/cst_rei-HT_08-2019_F_56_ID#1107/spike_train_df.csv,/home/bgeurten/fishDataBase/cst_rei-HT_08-2019_F_56_ID#1107/trace_mm.csv
rei-HT,F,50,c-start,08-2019,923.0,4615,5.0,,,,,,/home/bgeurten/fishDataBase/cst_rei-HT_08-2019_F_50_ID#1108/midLineUniform_pix.csv,,,,/home/bgeurten/cstart_experiments/rei/Heterozygous/Female/movie14/rei_cstHtF5_06-2020.smr,/home/bgeurten/cstart_experiments/rei/Heterozygous/Female/movie14/rei_cstHtF5_06-2020.S2R,,,/home/bgeurten/cstart_experiments/rei/Heterozygous/Female/movie14/rei_cstHtF5_06_2020_result.mat,/home/bgeurten/cstart_experiments/rei/Heterozygous/Female/movie14/rei_cstHtF5_06_2020_result_ana.mat,/home/bgeurten/cstart_experiments/rei/Heterozygous/Female/movie14/rei_cstHtF5_06-2020.avi,,,,,,,/home/bgeurten/fishDataBase/cst_rei-HT_08-2019_F_50_ID#1108/trace_mm.csv
rei-HT,F,4,c-start,08-2019,924.0,4620,5.0,,,,,,/home/bgeurten/fishDataBase/cst_rei-HT_08-2019_F_4_ID#1109/midLineUniform_pix.csv,/home/bgeurten/fishDataBase/cst_rei-HT_08-2019_F_4_ID#1109/head_mm.csv,/home/bgeurten/fishDataBase/cst_rei-HT_08-2019_F_4_ID#1109/tail_mm.csv,,/home/bgeurten/cstart_experiments/rei/Heterozygous/Female/movie68/HtF4.smr,/home/bgeurten/cstart_experiments/rei/Heterozygous/Female/movie68/HtF4.S2R,,/home/bgeurten/cstart_experiments/rei/Heterozygous/Female/movie68/HtF4_box.csv,/home/bgeurten/cstart_experiments/rei/Heterozygous/Female/movie68/C_START_rei_11_2018_HtF4_result.mat,/home/bgeurten/cstart_experiments/rei/Heterozygous/Female/movie68/C_START_rei_11_2018_HtF4_result_ana.mat,/home/bgeurten/cstart_experiments/rei/Heterozygous/Female/movie68/HtF4.avi,0.023606999999999934,0.020060999999999884,45.0,649.7725795972528,838.0,/home/bgeurten/fishDataBase/cst_rei-HT_08-2019_F_4_ID#1109/spike_train_df.csv,/home/bgeurten/fishDataBase/cst_rei-HT_08-2019_F_4_ID#1109/trace_mm.csv
rei-HT,F,12,c-start,08-2019,924.0,4620,5.0,,,,,,,/home/bgeurten/fishDataBase/cst_rei-HT_08-2019_F_12_ID#1110/head_mm.csv,/home/bgeurten/fishDataBase/cst_rei-HT_08-2019_F_12_ID#1110/tail_mm.csv,,/home/bgeurten/cstart_experiments/rei/Heterozygous/Female/movie76/HtF12.smr,/home/bgeurten/cstart_experiments/rei/Heterozygous/Female/movie76/HtF12.S2R,,/home/bgeurten/cstart_experiments/rei/Heterozygous/Female/movie76/HtF12_box.csv,/home/bgeurten/cstart_experiments/rei/Heterozygous/Female/movie76/C_START_rei_11_2018_HtF12_result.mat,/home/bgeurten/cstart_experiments/rei/Heterozygous/Female/movie76/C_START_rei_11_2018_HtF12_result_ana.mat,/home/bgeurten/cstart_experiments/rei/Heterozygous/Female/movie76/HtF12.avi,0.031058999999999948,0.02623500000000001,41.0,477.8994622860123,573.0,/home/bgeurten/fishDataBase/cst_rei-HT_08-2019_F_12_ID#1110/spike_train_df.csv,/home/bgeurten/fishDataBase/cst_rei-HT_08-2019_F_12_ID#1110/trace_mm.csv
rei-HT,F,47,c-start,08-2019,923.0,4615,5.0,,,,,,/home/bgeurten/fishDataBase/cst_rei-HT_08-2019_F_47_ID#1111/midLineUniform_pix.csv,,,,/home/bgeurten/cstart_experiments/rei/Heterozygous/Female/movie56/rei_cstHtF47_06-2020.smr,/home/bgeurten/cstart_experiments/rei/Heterozygous/Female/movie56/rei_cstHtF47_06-2020.S2R,,,/home/bgeurten/cstart_experiments/rei/Heterozygous/Female/movie56/rei_cstHtF47_06_2020_result.mat,/home/bgeurten/cstart_experiments/rei/Heterozygous/Female/movie56/rei_cstHtF47_06_2020_result_ana.mat,/home/bgeurten/cstart_experiments/rei/Heterozygous/Female/movie56/rei_cstHtF47_06-2020.avi,1.133748,0.11751299999999998,31.0,290.10733971573404,612.0,/home/bgeurten/fishDataBase/cst_rei-HT_08-2019_F_47_ID#1111/spike_train_df.csv,/home/bgeurten/fishDataBase/cst_rei-HT_08-2019_F_47_ID#1111/trace_mm.csv
rei-HT,F,81,c-start,08-2019,923.0,4614,4.998916576381365,,,,,,,,,,/home/bgeurten/cstart_experiments/rei/Heterozygous/Female/movie8/rei_cstHtF8_11-2019R.smr,/home/bgeurten/cstart_experiments/rei/Heterozygous/Female/movie8/rei_cstHtF8_11-2019R.S2R,,,/home/bgeurten/cstart_experiments/rei/Heterozygous/Female/movie8/rei_cstHtF8_11_2019R_result.mat,/home/bgeurten/cstart_experiments/rei/Heterozygous/Female/movie8/rei_cstHtF8_11_2019R_result_ana.mat,/home/bgeurten/cstart_experiments/rei/Heterozygous/Female/movie8/rei_cstHtF8_11-2019R.avi,,,,,,,/home/bgeurten/fishDataBase/cst_rei-HT_08-2019_F_81_ID#1112/trace_mm.csv
rei-HT,F,53,c-start,08-2019,923.0,4615,5.0,,,,,,/home/bgeurten/fishDataBase/cst_rei-HT_08-2019_F_53_ID#1113/midLineUniform_pix.csv,,,,/home/bgeurten/cstart_experiments/rei/Heterozygous/Female/movie62/rei_cstHtF53_06-2020.smr,/home/bgeurten/cstart_experiments/rei/Heterozygous/Female/movie62/rei_cstHtF53_06-2020.S2R,,,/home/bgeurten/cstart_experiments/rei/Heterozygous/Female/movie62/rei_cstHtF53_06_2020_result.mat,/home/bgeurten/cstart_experiments/rei/Heterozygous/Female/movie62/rei_cstHtF53_06_2020_result_ana.mat,/home/bgeurten/cstart_experiments/rei/Heterozygous/Female/movie62/rei_cstHtF53_06-2020.avi,1.128447,0.0069030000000001035,19.0,366.7073312419922,1927.0,/home/bgeurten/fishDataBase/cst_rei-HT_08-2019_F_53_ID#1113/spike_train_df.csv,/home/bgeurten/fishDataBase/cst_rei-HT_08-2019_F_53_ID#1113/trace_mm.csv
rei-HT,F,80,c-start,08-2019,923.0,4613,4.99783315276273,,,,,,/home/bgeurten/fishDataBase/cst_rei-HT_08-2019_F_80_ID#1114/midLineUniform_pix.csv,,,,/home/bgeurten/cstart_experiments/rei/Heterozygous/Female/movie17/rei_cstHtF8_06-2020.smr,/home/bgeurten/cstart_experiments/rei/Heterozygous/Female/movie17/rei_cstHtF8_06-2020.S2R,,,/home/bgeurten/cstart_experiments/rei/Heterozygous/Female/movie17/rei_cstHtF8_06_2020_result.mat,/home/bgeurten/cstart_experiments/rei/Heterozygous/Female/movie17/rei_cstHtF8_06_2020_result_ana.mat,/home/bgeurten/cstart_experiments/rei/Heterozygous/Female/movie17/rei_cstHtF8_06-2020.avi,,,,,,,/home/bgeurten/fishDataBase/cst_rei-HT_08-2019_F_80_ID#1114/trace_mm.csv
rei-HT,F,23,c-start,08-2019,923.0,4615,5.0,,,,,,/home/bgeurten/fishDataBase/cst_rei-HT_08-2019_F_23_ID#1115/midLineUniform_pix.csv,/home/bgeurten/fishDataBase/cst_rei-HT_08-2019_F_23_ID#1115/head_mm.csv,/home/bgeurten/fishDataBase/cst_rei-HT_08-2019_F_23_ID#1115/tail_mm.csv,,/home/bgeurten/cstart_experiments/rei/Heterozygous/Female/movie32/rei_cstHtF23_06-2020.smr,/home/bgeurten/cstart_experiments/rei/Heterozygous/Female/movie32/rei_cstHtF23_06-2020.S2R,,/home/bgeurten/cstart_experiments/rei/Heterozygous/Female/movie86/HtF23_box.csv,/home/bgeurten/cstart_experiments/rei/Heterozygous/Female/movie32/rei_cstHtF23_06_2020_result.mat,/home/bgeurten/cstart_experiments/rei/Heterozygous/Female/movie32/rei_cstHtF23_06_2020_result_ana.mat,/home/bgeurten/cstart_experiments/rei/Heterozygous/Female/movie32/rei_cstHtF23_06-2020.avi,3.3727679999999998,0.003582000000000085,32.0,342.93552812069674,1403.0,/home/bgeurten/fishDataBase/cst_rei-HT_08-2019_F_23_ID#1115/spike_train_df.csv,/home/bgeurten/fishDataBase/cst_rei-HT_08-2019_F_23_ID#1115/trace_mm.csv
rei-HT,F,49,c-start,08-2019,923.0,4615,5.0,,,,,,/home/bgeurten/fishDataBase/cst_rei-HT_08-2019_F_49_ID#1116/midLineUniform_pix.csv,,,,/home/bgeurten/cstart_experiments/rei/Heterozygous/Female/movie58/rei_cstHtF49_06-2020.smr,/home/bgeurten/cstart_experiments/rei/Heterozygous/Female/movie58/rei_cstHtF49_06-2020.S2R,,,/home/bgeurten/cstart_experiments/rei/Heterozygous/Female/movie58/rei_cstHtF49_06_2020_result.mat,/home/bgeurten/cstart_experiments/rei/Heterozygous/Female/movie58/rei_cstHtF49_06_2020_result_ana.mat,/home/bgeurten/cstart_experiments/rei/Heterozygous/Female/movie58/rei_cstHtF49_06-2020.avi,1.1251350000000002,0.005094000000000043,72.0,197.0055161544578,954.0,/home/bgeurten/fishDataBase/cst_rei-HT_08-2019_F_49_ID#1116/spike_train_df.csv,/home/bgeurten/fishDataBase/cst_rei-HT_08-2019_F_49_ID#1116/trace_mm.csv
rei-HT,F,37,c-start,08-2019,923.0,4615,5.0,,,,,,/home/bgeurten/fishDataBase/cst_rei-HT_08-2019_F_37_ID#1117/midLineUniform_pix.csv,,,,/home/bgeurten/cstart_experiments/rei/Heterozygous/Female/movie46/rei_cstHtF37_06-2020.smr,/home/bgeurten/cstart_experiments/rei/Heterozygous/Female/movie46/rei_cstHtF37_06-2020.S2R,,,/home/bgeurten/cstart_experiments/rei/Heterozygous/Female/movie46/rei_cstHtF37_06_2020_result.mat,/home/bgeurten/cstart_experiments/rei/Heterozygous/Female/movie46/rei_cstHtF37_06_2020_result_ana.mat,/home/bgeurten/cstart_experiments/rei/Heterozygous/Female/movie46/rei_cstHtF37_06-2020.avi,1.1236680000000001,0.00917099999999993,42.0,257.7997894535385,1100.0,/home/bgeurten/fishDataBase/cst_rei-HT_08-2019_F_37_ID#1117/spike_train_df.csv,/home/bgeurten/fishDataBase/cst_rei-HT_08-2019_F_37_ID#1117/trace_mm.csv
rei-HT,F,43,c-start,08-2019,923.0,4614,4.998916576381365,,,,,,,,,,/home/bgeurten/cstart_experiments/rei/Heterozygous/Female/movie52/rei_cstHtF43_06-2020.smr,/home/bgeurten/cstart_experiments/rei/Heterozygous/Female/movie52/rei_cstHtF43_06-2020.S2R,,,/home/bgeurten/cstart_experiments/rei/Heterozygous/Female/movie52/rei_cstHtF43_06_2020_result.mat,/home/bgeurten/cstart_experiments/rei/Heterozygous/Female/movie52/rei_cstHtF43_06_2020_result_ana.mat,/home/bgeurten/cstart_experiments/rei/Heterozygous/Female/movie52/rei_cstHtF43_06-2020.avi,,,,,,,/home/bgeurten/fishDataBase/cst_rei-HT_08-2019_F_43_ID#1118/trace_mm.csv
rei-HT,F,44,c-start,08-2019,923.0,4615,5.0,,,,,,/home/bgeurten/fishDataBase/cst_rei-HT_08-2019_F_44_ID#1119/midLineUniform_pix.csv,,,,/home/bgeurten/cstart_experiments/rei/Heterozygous/Female/movie53/rei_cstHtF44_06-2020.smr,/home/bgeurten/cstart_experiments/rei/Heterozygous/Female/movie53/rei_cstHtF44_06-2020.S2R,,,/home/bgeurten/cstart_experiments/rei/Heterozygous/Female/movie53/rei_cstHtF44_06_2020_result.mat,/home/bgeurten/cstart_experiments/rei/Heterozygous/Female/movie53/rei_cstHtF44_06_2020_result_ana.mat,/home/bgeurten/cstart_experiments/rei/Heterozygous/Female/movie53/rei_cstHtF44_06-2020.avi,1.135494,0.013094999999999968,49.0,319.2848020434316,1052.0,/home/bgeurten/fishDataBase/cst_rei-HT_08-2019_F_44_ID#1119/spike_train_df.csv,/home/bgeurten/fishDataBase/cst_rei-HT_08-2019_F_44_ID#1119/trace_mm.csv
rei-HM,M,34,c-start,08-2019,923.0,4615,5.0,,,,,,/home/bgeurten/fishDataBase/cst_rei-HM_08-2019_M_34_ID#1120/midLineUniform_pix.csv,,,,/home/bgeurten/cstart_experiments/rei/Homozygous/Male/movie50/rei_cstHmM34_11-2020.smr,/home/bgeurten/cstart_experiments/rei/Homozygous/Male/movie50/rei_cstHmM34_11-2020.S2R,,,/home/bgeurten/cstart_experiments/rei/Homozygous/Male/movie50/rei_cstHmM34_11_2020_result.mat,/home/bgeurten/cstart_experiments/rei/Homozygous/Male/movie50/rei_cstHmM34_11_2020_result_ana.mat,/home/bgeurten/cstart_experiments/rei/Homozygous/Male/movie50/rei_cstHmM34_11-2020.avi,,,,,,,/home/bgeurten/fishDataBase/cst_rei-HM_08-2019_M_34_ID#1120/trace_mm.csv
rei-HM,M,57,c-start,08-2019,923.0,4615,5.0,,,,,,/home/bgeurten/fishDataBase/cst_rei-HM_08-2019_M_57_ID#1121/midLineUniform_pix.csv,,,,/home/bgeurten/cstart_experiments/rei/Homozygous/Male/movie72/rei_cstHmM57_11-2020.smr,/home/bgeurten/cstart_experiments/rei/Homozygous/Male/movie72/rei_cstHmM57_11-2020.S2R,,,/home/bgeurten/cstart_experiments/rei/Homozygous/Male/movie72/rei_cstHmM57_11_2020_result.mat,/home/bgeurten/cstart_experiments/rei/Homozygous/Male/movie72/rei_cstHmM57_11_2020_result_ana.mat,/home/bgeurten/cstart_experiments/rei/Homozygous/Male/movie72/rei_cstHmM57_11-2020.avi,1.128708,1.121454,65.0,516.7958656331882,1005.0,/home/bgeurten/fishDataBase/cst_rei-HM_08-2019_M_57_ID#1121/spike_train_df.csv,/home/bgeurten/fishDataBase/cst_rei-HM_08-2019_M_57_ID#1121/trace_mm.csv
rei-HM,M,50,c-start,08-2019,923.0,4614,4.998916576381365,,,,,,/home/bgeurten/fishDataBase/cst_rei-HM_08-2019_M_50_ID#1122/midLineUniform_pix.csv,,,,/home/bgeurten/cstart_experiments/rei/Homozygous/Male/movie66/rei_cstHmM50_11-2020.smr,/home/bgeurten/cstart_experiments/rei/Homozygous/Male/movie66/rei_cstHmM50_11-2020.S2R,,,/home/bgeurten/cstart_experiments/rei/Homozygous/Male/movie66/rei_cstHmM50_11_2020_result.mat,/home/bgeurten/cstart_experiments/rei/Homozygous/Male/movie66/rei_cstHmM50_11_2020_result_ana.mat,/home/bgeurten/cstart_experiments/rei/Homozygous/Male/movie66/rei_cstHmM50_11-2020.avi,,,,,,,/home/bgeurten/fishDataBase/cst_rei-HM_08-2019_M_50_ID#1122/trace_mm.csv
rei-HM,M,13,c-start,08-2019,923.0,4616,5.001083423618635,,,,,,/home/bgeurten/fishDataBase/cst_rei-HM_08-2019_M_13_ID#1123/midLineUniform_pix.csv,,,,/home/bgeurten/cstart_experiments/rei/Homozygous/Male/movie29/rei_cstHmM13_11-2020.smr,/home/bgeurten/cstart_experiments/rei/Homozygous/Male/movie29/rei_cstHmM13_11-2020.S2R,,,/home/bgeurten/cstart_experiments/rei/Homozygous/Male/movie29/rei_cstHmM13_11_2020_result.mat,/home/bgeurten/cstart_experiments/rei/Homozygous/Male/movie29/rei_cstHmM13_11_2020_result_ana.mat,/home/bgeurten/cstart_experiments/rei/Homozygous/Male/movie29/rei_cstHmM13_11-2020.avi,,,,,,,/home/bgeurten/fishDataBase/cst_rei-HM_08-2019_M_13_ID#1123/trace_mm.csv
rei-HM,M,22,c-start,08-2019,923.0,4614,4.998916576381365,,,,,,/home/bgeurten/fishDataBase/cst_rei-HM_08-2019_M_22_ID#1124/midLineUniform_pix.csv,,,,/home/bgeurten/cstart_experiments/rei/Homozygous/Male/movie38/rei_cstHmM22_11-2020.smr,/home/bgeurten/cstart_experiments/rei/Homozygous/Male/movie38/rei_cstHmM22_11-2020.S2R,,,/home/bgeurten/cstart_experiments/rei/Homozygous/Male/movie38/rei_cstHmM22_11_2020_result.mat,/home/bgeurten/cstart_experiments/rei/Homozygous/Male/movie38/rei_cstHmM22_11_2020_result_ana.mat,/home/bgeurten/cstart_experiments/rei/Homozygous/Male/movie38/rei_cstHmM22_11-2020.avi,,,,,,,/home/bgeurten/fishDataBase/cst_rei-HM_08-2019_M_22_ID#1124/trace_mm.csv
rei-HM,M,14,c-start,08-2019,923.0,4615,5.0,,,,,,/home/bgeurten/fishDataBase/cst_rei-HM_08-2019_M_14_ID#1125/midLineUniform_pix.csv,,,,/home/bgeurten/cstart_experiments/rei/Homozygous/Male/movie30/rei_cstHmM14_11-2020.smr,/home/bgeurten/cstart_experiments/rei/Homozygous/Male/movie30/rei_cstHmM14_11-2020.S2R,,,/home/bgeurten/cstart_experiments/rei/Homozygous/Male/movie30/rei_cstHmM14_11_2020_result.mat,/home/bgeurten/cstart_experiments/rei/Homozygous/Male/movie30/rei_cstHmM14_11_2020_result_ana.mat,/home/bgeurten/cstart_experiments/rei/Homozygous/Male/movie30/rei_cstHmM14_11-2020.avi,,,,,,,/home/bgeurten/fishDataBase/cst_rei-HM_08-2019_M_14_ID#1125/trace_mm.csv
rei-HM,M,18,c-start,08-2019,923.0,4615,5.0,,,,,,/home/bgeurten/fishDataBase/cst_rei-HM_08-2019_M_18_ID#1126/midLineUniform_pix.csv,,,,/home/bgeurten/cstart_experiments/rei/Homozygous/Male/movie34/rei_cstHmM18_11-2020.smr,/home/bgeurten/cstart_experiments/rei/Homozygous/Male/movie34/rei_cstHmM18_11-2020.S2R,,,/home/bgeurten/cstart_experiments/rei/Homozygous/Male/movie34/rei_cstHmM18_11_2020_result.mat,/home/bgeurten/cstart_experiments/rei/Homozygous/Male/movie34/rei_cstHmM18_11_2020_result_ana.mat,/home/bgeurten/cstart_experiments/rei/Homozygous/Male/movie34/rei_cstHmM18_11-2020.avi,1.118385,1.116054,58.0,487.3294346978693,914.0,/home/bgeurten/fishDataBase/cst_rei-HM_08-2019_M_18_ID#1126/spike_train_df.csv,/home/bgeurten/fishDataBase/cst_rei-HM_08-2019_M_18_ID#1126/trace_mm.csv
rei-HM,M,55,c-start,08-2019,923.0,4615,5.0,,,,,,,,,,/home/bgeurten/cstart_experiments/rei/Homozygous/Male/movie70/rei_cstHmM55_11-2020.smr,/home/bgeurten/cstart_experiments/rei/Homozygous/Male/movie70/rei_cstHmM55_11-2020.S2R,,,/home/bgeurten/cstart_experiments/rei/Homozygous/Male/movie70/rei_cstHmM55_11_2020_result.mat,/home/bgeurten/cstart_experiments/rei/Homozygous/Male/movie70/rei_cstHmM55_11_2020_result_ana.mat,/home/bgeurten/cstart_experiments/rei/Homozygous/Male/movie70/rei_cstHmM55_11-2020.avi,0.875241,0.004184999999999994,42.0,516.7958656331882,1999.0,/home/bgeurten/fishDataBase/cst_rei-HM_08-2019_M_55_ID#1127/spike_train_df.csv,/home/bgeurten/fishDataBase/cst_rei-HM_08-2019_M_55_ID#1127/trace_mm.csv
rei-HM,M,3,c-start,08-2019,922.0,4614,5.004338394793926,,,,,,/home/bgeurten/fishDataBase/cst_rei-HM_08-2019_M_3_ID#1128/midLineUniform_pix.csv,/home/bgeurten/fishDataBase/cst_rei-HM_08-2019_M_3_ID#1128/head_mm.csv,/home/bgeurten/fishDataBase/cst_rei-HM_08-2019_M_3_ID#1128/tail_mm.csv,,/home/bgeurten/cstart_experiments/rei/Homozygous/Male/movie6a/rei_cstHmM3I_06-2020.smr,/home/bgeurten/cstart_experiments/rei/Homozygous/Male/movie6a/rei_cstHmM3I_06-2020.S2R,,/home/bgeurten/cstart_experiments/rei/Homozygous/Male/movie77/HmM3_box.csv,/home/bgeurten/cstart_experiments/rei/Homozygous/Male/movie6a/rei_cstHmM3I_06_2020_result.mat,/home/bgeurten/cstart_experiments/rei/Homozygous/Male/movie6a/rei_cstHmM3I_06_2020_result_ana.mat,/home/bgeurten/cstart_experiments/rei/Homozygous/Male/movie6a/rei_cstHmM3I_06-2020.avi,1.117899,0.005634000000000028,29.0,360.7503607503323,1831.0,/home/bgeurten/fishDataBase/cst_rei-HM_08-2019_M_3_ID#1128/spike_train_df.csv,/home/bgeurten/fishDataBase/cst_rei-HM_08-2019_M_3_ID#1128/trace_mm.csv
rei-HM,M,21,c-start,08-2019,923.0,4615,5.0,,,,,,/home/bgeurten/fishDataBase/cst_rei-HM_08-2019_M_21_ID#1129/midLineUniform_pix.csv,,,,/home/bgeurten/cstart_experiments/rei/Homozygous/Male/movie2/rei_cstHmM2_11-2019R.smr,/home/bgeurten/cstart_experiments/rei/Homozygous/Male/movie2/rei_cstHmM2_11-2019R.S2R,,,/home/bgeurten/cstart_experiments/rei/Homozygous/Male/movie2/rei_cstHmM2_11_2019R_result.mat,/home/bgeurten/cstart_experiments/rei/Homozygous/Male/movie2/rei_cstHmM2_11_2019R_result_ana.mat,/home/bgeurten/cstart_experiments/rei/Homozygous/Male/movie2/rei_cstHmM2_11-2019R.avi,1.1263140000000003,0.00774000000000008,57.0,192.90123456789837,783.0,/home/bgeurten/fishDataBase/cst_rei-HM_08-2019_M_21_ID#1129/spike_train_df.csv,/home/bgeurten/fishDataBase/cst_rei-HM_08-2019_M_21_ID#1129/trace_mm.csv
rei-HM,M,10,c-start,08-2019,923.0,4615,5.0,,,,,,/home/bgeurten/fishDataBase/cst_rei-HM_08-2019_M_10_ID#1130/midLineUniform_pix.csv,,,,/home/bgeurten/cstart_experiments/rei/Homozygous/Male/movie4/rei_cstHmM1_06-2020.smr,/home/bgeurten/cstart_experiments/rei/Homozygous/Male/movie4/rei_cstHmM1_06-2020.S2R,,,/home/bgeurten/cstart_experiments/rei/Homozygous/Male/movie4/rei_cstHmM1_06_2020_result.mat,/home/bgeurten/cstart_experiments/rei/Homozygous/Male/movie4/rei_cstHmM1_06_2020_result_ana.mat,/home/bgeurten/cstart_experiments/rei/Homozygous/Male/movie4/rei_cstHmM1_06-2020.avi,1.126818,0.00520200000000004,52.0,381.825124093176,1492.0,/home/bgeurten/fishDataBase/cst_rei-HM_08-2019_M_10_ID#1130/spike_train_df.csv,/home/bgeurten/fishDataBase/cst_rei-HM_08-2019_M_10_ID#1130/trace_mm.csv
rei-HM,M,12,c-start,08-2019,923.0,4615,5.0,,,,,,/home/bgeurten/fishDataBase/cst_rei-HM_08-2019_M_12_ID#1131/midLineUniform_pix.csv,,,,/home/bgeurten/cstart_experiments/rei/Homozygous/Male/movie15b/rei_cstHmM12II_06-2020.smr,/home/bgeurten/cstart_experiments/rei/Homozygous/Male/movie15b/rei_cstHmM12II_06-2020.S2R,,,/home/bgeurten/cstart_experiments/rei/Homozygous/Male/movie15b/rei_cstHmM12II_06_2020_result.mat,/home/bgeurten/cstart_experiments/rei/Homozygous/Male/movie15b/rei_cstHmM12II_06_2020_result_ana.mat,/home/bgeurten/cstart_experiments/rei/Homozygous/Male/movie15b/rei_cstHmM12II_06-2020.avi,1.1369159999999998,0.0043199999999998795,54.0,365.49707602338225,1359.0,/home/bgeurten/fishDataBase/cst_rei-HM_08-2019_M_12_ID#1131/spike_train_df.csv,/home/bgeurten/fishDataBase/cst_rei-HM_08-2019_M_12_ID#1131/trace_mm.csv
rei-HM,M,70,c-start,08-2019,923.0,4614,4.998916576381365,,,,,,,,,,/home/bgeurten/cstart_experiments/rei/Homozygous/Male/movie10/rei_cstHmM7_06-2020.smr,/home/bgeurten/cstart_experiments/rei/Homozygous/Male/movie10/rei_cstHmM7_06-2020.S2R,,,/home/bgeurten/cstart_experiments/rei/Homozygous/Male/movie10/rei_cstHmM7_06_2020_result.mat,/home/bgeurten/cstart_experiments/rei/Homozygous/Male/movie10/rei_cstHmM7_06_2020_result_ana.mat,/home/bgeurten/cstart_experiments/rei/Homozygous/Male/movie10/rei_cstHmM7_06-2020.avi,0.30771899999999985,0.006749999999999923,37.0,411.52263374479224,2103.0,/home/bgeurten/fishDataBase/cst_rei-HM_08-2019_M_70_ID#1132/spike_train_df.csv,/home/bgeurten/fishDataBase/cst_rei-HM_08-2019_M_70_ID#1132/trace_mm.csv
rei-HM,M,11,c-start,08-2019,923.0,4615,5.0,,,,,,/home/bgeurten/fishDataBase/cst_rei-HM_08-2019_M_11_ID#1133/midLineUniform_pix.csv,,,,/home/bgeurten/cstart_experiments/rei/Homozygous/Male/movie17/rei_cstHmM1_11-2020.smr,/home/bgeurten/cstart_experiments/rei/Homozygous/Male/movie17/rei_cstHmM1_11-2020.S2R,,,/home/bgeurten/cstart_experiments/rei/Homozygous/Male/movie17/rei_cstHmM1_11_2020_result.mat,/home/bgeurten/cstart_experiments/rei/Homozygous/Male/movie17/rei_cstHmM1_11_2020_result_ana.mat,/home/bgeurten/cstart_experiments/rei/Homozygous/Male/movie17/rei_cstHmM1_11-2020.avi,1.134108,0.05746499999999999,70.0,416.14648356218703,799.0,/home/bgeurten/fishDataBase/cst_rei-HM_08-2019_M_11_ID#1133/spike_train_df.csv,/home/bgeurten/fishDataBase/cst_rei-HM_08-2019_M_11_ID#1133/trace_mm.csv
rei-HM,M,32,c-start,08-2019,923.0,4615,5.0,,,,,,/home/bgeurten/fishDataBase/cst_rei-HM_08-2019_M_32_ID#1134/midLineUniform_pix.csv,,,,/home/bgeurten/cstart_experiments/rei/Homozygous/Male/movie48/rei_cstHmM32_11-2020.smr,/home/bgeurten/cstart_experiments/rei/Homozygous/Male/movie48/rei_cstHmM32_11-2020.S2R,,,/home/bgeurten/cstart_experiments/rei/Homozygous/Male/movie48/rei_cstHmM32_11_2020_result.mat,/home/bgeurten/cstart_experiments/rei/Homozygous/Male/movie48/rei_cstHmM32_11_2020_result_ana.mat,/home/bgeurten/cstart_experiments/rei/Homozygous/Male/movie48/rei_cstHmM32_11-2020.avi,,,,,,,/home/bgeurten/fishDataBase/cst_rei-HM_08-2019_M_32_ID#1134/trace_mm.csv
rei-HM,M,48,c-start,08-2019,923.0,4615,5.0,,,,,,/home/bgeurten/fishDataBase/cst_rei-HM_08-2019_M_48_ID#1135/midLineUniform_pix.csv,,,,/home/bgeurten/cstart_experiments/rei/Homozygous/Male/movie64/rei_cstHmM48_11-2020.smr,/home/bgeurten/cstart_experiments/rei/Homozygous/Male/movie64/rei_cstHmM48_11-2020.S2R,,,/home/bgeurten/cstart_experiments/rei/Homozygous/Male/movie64/rei_cstHmM48_11_2020_result.mat,/home/bgeurten/cstart_experiments/rei/Homozygous/Male/movie64/rei_cstHmM48_11_2020_result_ana.mat,/home/bgeurten/cstart_experiments/rei/Homozygous/Male/movie64/rei_cstHmM48_11-2020.avi,1.1402640000000002,1.1247120000000002,50.0,394.71211955497665,686.0,/home/bgeurten/fishDataBase/cst_rei-HM_08-2019_M_48_ID#1135/spike_train_df.csv,/home/bgeurten/fishDataBase/cst_rei-HM_08-2019_M_48_ID#1135/trace_mm.csv
rei-HM,M,31,c-start,08-2019,923.0,4615,5.0,,,,,,/home/bgeurten/fishDataBase/cst_rei-HM_08-2019_M_31_ID#1136/midLineUniform_pix.csv,,,,/home/bgeurten/cstart_experiments/rei/Homozygous/Male/movie19/rei_cstHmM3_11-2020.smr,/home/bgeurten/cstart_experiments/rei/Homozygous/Male/movie19/rei_cstHmM3_11-2020.S2R,,,/home/bgeurten/cstart_experiments/rei/Homozygous/Male/movie19/rei_cstHmM3_11_2020_result.mat,/home/bgeurten/cstart_experiments/rei/Homozygous/Male/movie19/rei_cstHmM3_11_2020_result_ana.mat,/home/bgeurten/cstart_experiments/rei/Homozygous/Male/movie19/rei_cstHmM3_11-2020.avi,2.1596940000000004,1.1274029999999997,53.0,653.5947712419115,986.0,/home/bgeurten/fishDataBase/cst_rei-HM_08-2019_M_31_ID#1136/spike_train_df.csv,/home/bgeurten/fishDataBase/cst_rei-HM_08-2019_M_31_ID#1136/trace_mm.csv
rei-HM,M,5,c-start,08-2019,922.0,4615,5.005422993492408,,,,,,/home/bgeurten/fishDataBase/cst_rei-HM_08-2019_M_5_ID#1137/midLineUniform_pix.csv,,,,/home/bgeurten/cstart_experiments/rei/Homozygous/Male/movie8a/rei_cstHmM5I_06-2020.smr,/home/bgeurten/cstart_experiments/rei/Homozygous/Male/movie8a/rei_cstHmM5I_06-2020.S2R,,,/home/bgeurten/cstart_experiments/rei/Homozygous/Male/movie8a/rei_cstHmM5I_06_2020_result.mat,/home/bgeurten/cstart_experiments/rei/Homozygous/Male/movie8a/rei_cstHmM5I_06_2020_result_ana.mat,/home/bgeurten/cstart_experiments/rei/Homozygous/Male/movie8a/rei_cstHmM5I_06-2020.avi,1.1292209999999998,0.003510000000000013,18.0,356.12535612536607,1852.0,/home/bgeurten/fishDataBase/cst_rei-HM_08-2019_M_5_ID#1137/spike_train_df.csv,/home/bgeurten/fishDataBase/cst_rei-HM_08-2019_M_5_ID#1137/trace_mm.csv
rei-HM,M,35,c-start,08-2019,923.0,4614,4.998916576381365,,,,,,/home/bgeurten/fishDataBase/cst_rei-HM_08-2019_M_35_ID#1138/midLineUniform_pix.csv,,,,/home/bgeurten/cstart_experiments/rei/Homozygous/Male/movie51/rei_cstHmM35_11-2020.smr,/home/bgeurten/cstart_experiments/rei/Homozygous/Male/movie51/rei_cstHmM35_11-2020.S2R,,,/home/bgeurten/cstart_experiments/rei/Homozygous/Male/movie51/rei_cstHmM35_11_2020_result.mat,/home/bgeurten/cstart_experiments/rei/Homozygous/Male/movie51/rei_cstHmM35_11_2020_result_ana.mat,/home/bgeurten/cstart_experiments/rei/Homozygous/Male/movie51/rei_cstHmM35_11-2020.avi,,,,,,,/home/bgeurten/fishDataBase/cst_rei-HM_08-2019_M_35_ID#1138/trace_mm.csv
rei-HM,M,39,c-start,08-2019,922.0,4613,5.003253796095445,,,,,,,,,,/home/bgeurten/cstart_experiments/rei/Homozygous/Male/movie55/rei_cstHmM39_11-2020.smr,/home/bgeurten/cstart_experiments/rei/Homozygous/Male/movie55/rei_cstHmM39_11-2020.S2R,,,/home/bgeurten/cstart_experiments/rei/Homozygous/Male/movie55/rei_cstHmM39_11_2020_result.mat,/home/bgeurten/cstart_experiments/rei/Homozygous/Male/movie55/rei_cstHmM39_11_2020_result_ana.mat,/home/bgeurten/cstart_experiments/rei/Homozygous/Male/movie55/rei_cstHmM39_11-2020.avi,,,,,,,/home/bgeurten/fishDataBase/cst_rei-HM_08-2019_M_39_ID#1139/trace_mm.csv
rei-HM,M,6,c-start,08-2019,923.0,4615,5.0,,,,,,/home/bgeurten/fishDataBase/cst_rei-HM_08-2019_M_6_ID#1140/midLineUniform_pix.csv,/home/bgeurten/fishDataBase/cst_rei-HM_08-2019_M_6_ID#1140/head_mm.csv,/home/bgeurten/fishDataBase/cst_rei-HM_08-2019_M_6_ID#1140/tail_mm.csv,,/home/bgeurten/cstart_experiments/rei/Homozygous/Male/movie9a/rei_cstHmM6I_06-2020.smr,/home/bgeurten/cstart_experiments/rei/Homozygous/Male/movie9a/rei_cstHmM6I_06-2020.S2R,,/home/bgeurten/cstart_experiments/rei/Homozygous/Male/movie78/HmM6II_box.csv,/home/bgeurten/cstart_experiments/rei/Homozygous/Male/movie9a/rei_cstHmM6I_06_2020_result.mat,/home/bgeurten/cstart_experiments/rei/Homozygous/Male/movie9a/rei_cstHmM6I_06_2020_result_ana.mat,/home/bgeurten/cstart_experiments/rei/Homozygous/Male/movie9a/rei_cstHmM6I_06-2020.avi,3.5578079999999996,0.0031409999999999494,1.0,383.1417624521397,2080.0,/home/bgeurten/fishDataBase/cst_rei-HM_08-2019_M_6_ID#1140/spike_train_df.csv,/home/bgeurten/fishDataBase/cst_rei-HM_08-2019_M_6_ID#1140/trace_mm.csv
rei-HM,M,47,c-start,08-2019,923.0,4615,5.0,,,,,,/home/bgeurten/fishDataBase/cst_rei-HM_08-2019_M_47_ID#1141/midLineUniform_pix.csv,,,,/home/bgeurten/cstart_experiments/rei/Homozygous/Male/movie63/rei_cstHmM47_11-2020.smr,/home/bgeurten/cstart_experiments/rei/Homozygous/Male/movie63/rei_cstHmM47_11-2020.S2R,,,/home/bgeurten/cstart_experiments/rei/Homozygous/Male/movie63/rei_cstHmM47_11_2020_result.mat,/home/bgeurten/cstart_experiments/rei/Homozygous/Male/movie63/rei_cstHmM47_11_2020_result_ana.mat,/home/bgeurten/cstart_experiments/rei/Homozygous/Male/movie63/rei_cstHmM47_11-2020.avi,,,,,,,/home/bgeurten/fishDataBase/cst_rei-HM_08-2019_M_47_ID#1141/trace_mm.csv
rei-HM,M,17,c-start,08-2019,923.0,4615,5.0,,,,,,/home/bgeurten/fishDataBase/cst_rei-HM_08-2019_M_17_ID#1142/midLineUniform_pix.csv,,,,/home/bgeurten/cstart_experiments/rei/Homozygous/Male/movie33/rei_cstHmM17_11-2020.smr,/home/bgeurten/cstart_experiments/rei/Homozygous/Male/movie33/rei_cstHmM17_11-2020.S2R,,,/home/bgeurten/cstart_experiments/rei/Homozygous/Male/movie33/rei_cstHmM17_11_2020_result.mat,/home/bgeurten/cstart_experiments/rei/Homozygous/Male/movie33/rei_cstHmM17_11_2020_result_ana.mat,/home/bgeurten/cstart_experiments/rei/Homozygous/Male/movie33/rei_cstHmM17_11-2020.avi,,,,,,,/home/bgeurten/fishDataBase/cst_rei-HM_08-2019_M_17_ID#1142/trace_mm.csv
rei-HM,M,51,c-start,08-2019,923.0,4615,5.0,,,,,,/home/bgeurten/fishDataBase/cst_rei-HM_08-2019_M_51_ID#1143/midLineUniform_pix.csv,,,,/home/bgeurten/cstart_experiments/rei/Homozygous/Male/movie21/rei_cstHmM5_11-2020.smr,/home/bgeurten/cstart_experiments/rei/Homozygous/Male/movie21/rei_cstHmM5_11-2020.S2R,,,/home/bgeurten/cstart_experiments/rei/Homozygous/Male/movie21/rei_cstHmM5_11_2020_result.mat,/home/bgeurten/cstart_experiments/rei/Homozygous/Male/movie21/rei_cstHmM5_11_2020_result_ana.mat,/home/bgeurten/cstart_experiments/rei/Homozygous/Male/movie21/rei_cstHmM5_11-2020.avi,1.1293919999999997,1.12446,45.0,442.67374944656865,736.0,/home/bgeurten/fishDataBase/cst_rei-HM_08-2019_M_51_ID#1143/spike_train_df.csv,/home/bgeurten/fishDataBase/cst_rei-HM_08-2019_M_51_ID#1143/trace_mm.csv
rei-HM,M,58,c-start,08-2019,923.0,4615,5.0,,,,,,/home/bgeurten/fishDataBase/cst_rei-HM_08-2019_M_58_ID#1144/midLineUniform_pix.csv,,,,/home/bgeurten/cstart_experiments/rei/Homozygous/Male/movie73/rei_cstHmM58_11-2020.smr,/home/bgeurten/cstart_experiments/rei/Homozygous/Male/movie73/rei_cstHmM58_11-2020.S2R,,,/home/bgeurten/cstart_experiments/rei/Homozygous/Male/movie73/rei_cstHmM58_11_2020_result.mat,/home/bgeurten/cstart_experiments/rei/Homozygous/Male/movie73/rei_cstHmM58_11_2020_result_ana.mat,/home/bgeurten/cstart_experiments/rei/Homozygous/Male/movie73/rei_cstHmM58_11-2020.avi,1.1363399999999997,1.126287,69.0,519.210799584606,958.0,/home/bgeurten/fishDataBase/cst_rei-HM_08-2019_M_58_ID#1144/spike_train_df.csv,/home/bgeurten/fishDataBase/cst_rei-HM_08-2019_M_58_ID#1144/trace_mm.csv
rei-HM,M,59,c-start,08-2019,923.0,4615,5.0,,,,,,/home/bgeurten/fishDataBase/cst_rei-HM_08-2019_M_59_ID#1145/midLineUniform_pix.csv,,,,/home/bgeurten/cstart_experiments/rei/Homozygous/Male/movie74/rei_cstHmM59_11-2020.smr,/home/bgeurten/cstart_experiments/rei/Homozygous/Male/movie74/rei_cstHmM59_11-2020.S2R,,,/home/bgeurten/cstart_experiments/rei/Homozygous/Male/movie74/rei_cstHmM59_11_2020_result.mat,/home/bgeurten/cstart_experiments/rei/Homozygous/Male/movie74/rei_cstHmM59_11_2020_result_ana.mat,/home/bgeurten/cstart_experiments/rei/Homozygous/Male/movie74/rei_cstHmM59_11-2020.avi,,,,,,,/home/bgeurten/fishDataBase/cst_rei-HM_08-2019_M_59_ID#1145/trace_mm.csv
rei-HM,M,38,c-start,08-2019,923.0,4614,4.998916576381365,,,,,,/home/bgeurten/fishDataBase/cst_rei-HM_08-2019_M_38_ID#1146/midLineUniform_pix.csv,,,,/home/bgeurten/cstart_experiments/rei/Homozygous/Male/movie54/rei_cstHmM38_11-2020.smr,/home/bgeurten/cstart_experiments/rei/Homozygous/Male/movie54/rei_cstHmM38_11-2020.S2R,,,/home/bgeurten/cstart_experiments/rei/Homozygous/Male/movie54/rei_cstHmM38_11_2020_result.mat,/home/bgeurten/cstart_experiments/rei/Homozygous/Male/movie54/rei_cstHmM38_11_2020_result_ana.mat,/home/bgeurten/cstart_experiments/rei/Homozygous/Male/movie54/rei_cstHmM38_11-2020.avi,1.130508,1.1240459999999997,54.0,531.632110579473,1375.0,/home/bgeurten/fishDataBase/cst_rei-HM_08-2019_M_38_ID#1146/spike_train_df.csv,/home/bgeurten/fishDataBase/cst_rei-HM_08-2019_M_38_ID#1146/trace_mm.csv
rei-HM,M,40,c-start,08-2019,923.0,4613,4.99783315276273,,,,,,/home/bgeurten/fishDataBase/cst_rei-HM_08-2019_M_40_ID#1147/midLineUniform_pix.csv,,,,/home/bgeurten/cstart_experiments/rei/Homozygous/Male/movie56/rei_cstHmM40_11-2020.smr,/home/bgeurten/cstart_experiments/rei/Homozygous/Male/movie56/rei_cstHmM40_11-2020.S2R,,,/home/bgeurten/cstart_experiments/rei/Homozygous/Male/movie56/rei_cstHmM40_11_2020_result.mat,/home/bgeurten/cstart_experiments/rei/Homozygous/Male/movie56/rei_cstHmM40_11_2020_result_ana.mat,/home/bgeurten/cstart_experiments/rei/Homozygous/Male/movie56/rei_cstHmM40_11-2020.avi,,,,,,,/home/bgeurten/fishDataBase/cst_rei-HM_08-2019_M_40_ID#1147/trace_mm.csv
rei-HM,M,29,c-start,08-2019,923.0,4615,5.0,,,,,,/home/bgeurten/fishDataBase/cst_rei-HM_08-2019_M_29_ID#1148/midLineUniform_pix.csv,,,,/home/bgeurten/cstart_experiments/rei/Homozygous/Male/movie45/rei_cstHmM29_11-2020.smr,/home/bgeurten/cstart_experiments/rei/Homozygous/Male/movie45/rei_cstHmM29_11-2020.S2R,,,/home/bgeurten/cstart_experiments/rei/Homozygous/Male/movie45/rei_cstHmM29_11_2020_result.mat,/home/bgeurten/cstart_experiments/rei/Homozygous/Male/movie45/rei_cstHmM29_11_2020_result_ana.mat,/home/bgeurten/cstart_experiments/rei/Homozygous/Male/movie45/rei_cstHmM29_11-2020.avi,,,,,,,/home/bgeurten/fishDataBase/cst_rei-HM_08-2019_M_29_ID#1148/trace_mm.csv
rei-HM,M,26,c-start,08-2019,923.0,4620,5.005417118093175,,,,,,/home/bgeurten/fishDataBase/cst_rei-HM_08-2019_M_26_ID#1149/midLineUniform_pix.csv,,,,/home/bgeurten/cstart_experiments/rei/Homozygous/Male/movie42/rei_cstHmM26_11-2020.smr,/home/bgeurten/cstart_experiments/rei/Homozygous/Male/movie42/rei_cstHmM26_11-2020.S2R,,,/home/bgeurten/cstart_experiments/rei/Homozygous/Male/movie42/rei_cstHmM26_11_2020_result.mat,/home/bgeurten/cstart_experiments/rei/Homozygous/Male/movie42/rei_cstHmM26_11_2020_result_ana.mat,/home/bgeurten/cstart_experiments/rei/Homozygous/Male/movie42/rei_cstHmM26_11-2020.avi,,,,,,,/home/bgeurten/fishDataBase/cst_rei-HM_08-2019_M_26_ID#1149/trace_mm.csv
rei-HM,M,19,c-start,08-2019,923.0,4615,5.0,,,,,,/home/bgeurten/fishDataBase/cst_rei-HM_08-2019_M_19_ID#1150/midLineUniform_pix.csv,,,,/home/bgeurten/cstart_experiments/rei/Homozygous/Male/movie35/rei_cstHmM19_11-2020.smr,/home/bgeurten/cstart_experiments/rei/Homozygous/Male/movie35/rei_cstHmM19_11-2020.S2R,,,/home/bgeurten/cstart_experiments/rei/Homozygous/Male/movie35/rei_cstHmM19_11_2020_result.mat,/home/bgeurten/cstart_experiments/rei/Homozygous/Male/movie35/rei_cstHmM19_11_2020_result_ana.mat,/home/bgeurten/cstart_experiments/rei/Homozygous/Male/movie35/rei_cstHmM19_11-2020.avi,,,,,,,/home/bgeurten/fishDataBase/cst_rei-HM_08-2019_M_19_ID#1150/trace_mm.csv
rei-HM,M,54,c-start,08-2019,923.0,4615,5.0,,,,,,/home/bgeurten/fishDataBase/cst_rei-HM_08-2019_M_54_ID#1151/midLineUniform_pix.csv,,,,/home/bgeurten/cstart_experiments/rei/Homozygous/Male/movie69/rei_cstHmM54_11-2020.smr,/home/bgeurten/cstart_experiments/rei/Homozygous/Male/movie69/rei_cstHmM54_11-2020.S2R,,,/home/bgeurten/cstart_experiments/rei/Homozygous/Male/movie69/rei_cstHmM54_11_2020_result.mat,/home/bgeurten/cstart_experiments/rei/Homozygous/Male/movie69/rei_cstHmM54_11_2020_result_ana.mat,/home/bgeurten/cstart_experiments/rei/Homozygous/Male/movie69/rei_cstHmM54_11-2020.avi,,,,,,,/home/bgeurten/fishDataBase/cst_rei-HM_08-2019_M_54_ID#1151/trace_mm.csv
rei-HM,M,45,c-start,08-2019,923.0,4615,5.0,,,,,,/home/bgeurten/fishDataBase/cst_rei-HM_08-2019_M_45_ID#1152/midLineUniform_pix.csv,,,,/home/bgeurten/cstart_experiments/rei/Homozygous/Male/movie61/rei_cstHmM45_11-2020.smr,/home/bgeurten/cstart_experiments/rei/Homozygous/Male/movie61/rei_cstHmM45_11-2020.S2R,,,/home/bgeurten/cstart_experiments/rei/Homozygous/Male/movie61/rei_cstHmM45_11_2020_result.mat,/home/bgeurten/cstart_experiments/rei/Homozygous/Male/movie61/rei_cstHmM45_11_2020_result_ana.mat,/home/bgeurten/cstart_experiments/rei/Homozygous/Male/movie61/rei_cstHmM45_11-2020.avi,,,,,,,/home/bgeurten/fishDataBase/cst_rei-HM_08-2019_M_45_ID#1152/trace_mm.csv
rei-HM,M,61,c-start,08-2019,923.0,4615,5.0,,,,,,/home/bgeurten/fishDataBase/cst_rei-HM_08-2019_M_61_ID#1153/midLineUniform_pix.csv,,,,/home/bgeurten/cstart_experiments/rei/Homozygous/Male/movie22/rei_cstHmM6_11-2020.smr,/home/bgeurten/cstart_experiments/rei/Homozygous/Male/movie22/rei_cstHmM6_11-2020.S2R,,,/home/bgeurten/cstart_experiments/rei/Homozygous/Male/movie22/rei_cstHmM6_11_2020_result.mat,/home/bgeurten/cstart_experiments/rei/Homozygous/Male/movie22/rei_cstHmM6_11_2020_result_ana.mat,/home/bgeurten/cstart_experiments/rei/Homozygous/Male/movie22/rei_cstHmM6_11-2020.avi,1.127358,0.0030240000000000267,43.0,464.90004648990566,1440.0,/home/bgeurten/fishDataBase/cst_rei-HM_08-2019_M_61_ID#1153/spike_train_df.csv,/home/bgeurten/fishDataBase/cst_rei-HM_08-2019_M_61_ID#1153/trace_mm.csv
rei-HM,M,71,c-start,08-2019,923.0,4615,5.0,,,,,,/home/bgeurten/fishDataBase/cst_rei-HM_08-2019_M_71_ID#1154/midLineUniform_pix.csv,,,,/home/bgeurten/cstart_experiments/rei/Homozygous/Male/movie23/rei_cstHmM7_11-2020.smr,/home/bgeurten/cstart_experiments/rei/Homozygous/Male/movie23/rei_cstHmM7_11-2020.S2R,,,/home/bgeurten/cstart_experiments/rei/Homozygous/Male/movie23/rei_cstHmM7_11_2020_result.mat,/home/bgeurten/cstart_experiments/rei/Homozygous/Male/movie23/rei_cstHmM7_11_2020_result_ana.mat,/home/bgeurten/cstart_experiments/rei/Homozygous/Male/movie23/rei_cstHmM7_11-2020.avi,2.03517,1.124622,28.0,634.9206349205034,739.0,/home/bgeurten/fishDataBase/cst_rei-HM_08-2019_M_71_ID#1154/spike_train_df.csv,/home/bgeurten/fishDataBase/cst_rei-HM_08-2019_M_71_ID#1154/trace_mm.csv
rei-HM,M,41,c-start,08-2019,923.0,4615,5.0,,,,,,/home/bgeurten/fishDataBase/cst_rei-HM_08-2019_M_41_ID#1155/midLineUniform_pix.csv,,,,/home/bgeurten/cstart_experiments/rei/Homozygous/Male/movie20/rei_cstHmM4_11-2020.smr,/home/bgeurten/cstart_experiments/rei/Homozygous/Male/movie20/rei_cstHmM4_11-2020.S2R,,,/home/bgeurten/cstart_experiments/rei/Homozygous/Male/movie20/rei_cstHmM4_11_2020_result.mat,/home/bgeurten/cstart_experiments/rei/Homozygous/Male/movie20/rei_cstHmM4_11_2020_result_ana.mat,/home/bgeurten/cstart_experiments/rei/Homozygous/Male/movie20/rei_cstHmM4_11-2020.avi,1.129509,0.0049320000000000475,30.0,584.7953216373926,2385.0,/home/bgeurten/fishDataBase/cst_rei-HM_08-2019_M_41_ID#1155/spike_train_df.csv,/home/bgeurten/fishDataBase/cst_rei-HM_08-2019_M_41_ID#1155/trace_mm.csv
rei-HM,M,56,c-start,08-2019,923.0,4615,5.0,,,,,,/home/bgeurten/fishDataBase/cst_rei-HM_08-2019_M_56_ID#1156/midLineUniform_pix.csv,,,,/home/bgeurten/cstart_experiments/rei/Homozygous/Male/movie71/rei_cstHmM56_11-2020.smr,/home/bgeurten/cstart_experiments/rei/Homozygous/Male/movie71/rei_cstHmM56_11-2020.S2R,,,/home/bgeurten/cstart_experiments/rei/Homozygous/Male/movie71/rei_cstHmM56_11_2020_result.mat,/home/bgeurten/cstart_experiments/rei/Homozygous/Male/movie71/rei_cstHmM56_11_2020_result_ana.mat,/home/bgeurten/cstart_experiments/rei/Homozygous/Male/movie71/rei_cstHmM56_11-2020.avi,,,,,,,/home/bgeurten/fishDataBase/cst_rei-HM_08-2019_M_56_ID#1156/trace_mm.csv
rei-HM,M,25,c-start,08-2019,923.0,4615,5.0,,,,,,,,,,/home/bgeurten/cstart_experiments/rei/Homozygous/Male/movie41/rei_cstHmM25_11-2020.smr,/home/bgeurten/cstart_experiments/rei/Homozygous/Male/movie41/rei_cstHmM25_11-2020.S2R,,,/home/bgeurten/cstart_experiments/rei/Homozygous/Male/movie41/rei_cstHmM25_11_2020_result.mat,/home/bgeurten/cstart_experiments/rei/Homozygous/Male/movie41/rei_cstHmM25_11_2020_result_ana.mat,/home/bgeurten/cstart_experiments/rei/Homozygous/Male/movie41/rei_cstHmM25_11-2020.avi,1.130319,0.3517739999999999,54.0,509.683995922523,796.0,/home/bgeurten/fishDataBase/cst_rei-HM_08-2019_M_25_ID#1157/spike_train_df.csv,/home/bgeurten/fishDataBase/cst_rei-HM_08-2019_M_25_ID#1157/trace_mm.csv
rei-HM,M,27,c-start,08-2019,923.0,4615,5.0,,,,,,/home/bgeurten/fishDataBase/cst_rei-HM_08-2019_M_27_ID#1158/midLineUniform_pix.csv,,,,/home/bgeurten/cstart_experiments/rei/Homozygous/Male/movie43/rei_cstHmM27_11-2020.smr,/home/bgeurten/cstart_experiments/rei/Homozygous/Male/movie43/rei_cstHmM27_11-2020.S2R,,,/home/bgeurten/cstart_experiments/rei/Homozygous/Male/movie43/rei_cstHmM27_11_2020_result.mat,/home/bgeurten/cstart_experiments/rei/Homozygous/Male/movie43/rei_cstHmM27_11_2020_result_ana.mat,/home/bgeurten/cstart_experiments/rei/Homozygous/Male/movie43/rei_cstHmM27_11-2020.avi,,,,,,,/home/bgeurten/fishDataBase/cst_rei-HM_08-2019_M_27_ID#1158/trace_mm.csv
rei-HM,M,20,c-start,08-2019,923.0,4615,5.0,,,,,,/home/bgeurten/fishDataBase/cst_rei-HM_08-2019_M_20_ID#1159/midLineUniform_pix.csv,,,,/home/bgeurten/cstart_experiments/rei/Homozygous/Male/movie36/rei_cstHmM20_11-2020.smr,/home/bgeurten/cstart_experiments/rei/Homozygous/Male/movie36/rei_cstHmM20_11-2020.S2R,,,/home/bgeurten/cstart_experiments/rei/Homozygous/Male/movie36/rei_cstHmM20_11_2020_result.mat,/home/bgeurten/cstart_experiments/rei/Homozygous/Male/movie36/rei_cstHmM20_11_2020_result_ana.mat,/home/bgeurten/cstart_experiments/rei/Homozygous/Male/movie36/rei_cstHmM20_11-2020.avi,1.12707,1.1247209999999999,44.0,521.6599071298557,794.0,/home/bgeurten/fishDataBase/cst_rei-HM_08-2019_M_20_ID#1159/spike_train_df.csv,/home/bgeurten/fishDataBase/cst_rei-HM_08-2019_M_20_ID#1159/trace_mm.csv
rei-HM,M,49,c-start,08-2019,923.0,4615,5.0,,,,,,/home/bgeurten/fishDataBase/cst_rei-HM_08-2019_M_49_ID#1160/midLineUniform_pix.csv,,,,/home/bgeurten/cstart_experiments/rei/Homozygous/Male/movie65/rei_cstHmM49_11-2020.smr,/home/bgeurten/cstart_experiments/rei/Homozygous/Male/movie65/rei_cstHmM49_11-2020.S2R,,,/home/bgeurten/cstart_experiments/rei/Homozygous/Male/movie65/rei_cstHmM49_11_2020_result.mat,/home/bgeurten/cstart_experiments/rei/Homozygous/Male/movie65/rei_cstHmM49_11_2020_result_ana.mat,/home/bgeurten/cstart_experiments/rei/Homozygous/Male/movie65/rei_cstHmM49_11-2020.avi,1.1259,1.1177370000000002,27.0,505.0505050504814,757.0,/home/bgeurten/fishDataBase/cst_rei-HM_08-2019_M_49_ID#1160/spike_train_df.csv,/home/bgeurten/fishDataBase/cst_rei-HM_08-2019_M_49_ID#1160/trace_mm.csv
rei-HM,M,43,c-start,08-2019,923.0,4615,5.0,,,,,,/home/bgeurten/fishDataBase/cst_rei-HM_08-2019_M_43_ID#1161/midLineUniform_pix.csv,,,,/home/bgeurten/cstart_experiments/rei/Homozygous/Male/movie59/rei_cstHmM43_11-2020.smr,/home/bgeurten/cstart_experiments/rei/Homozygous/Male/movie59/rei_cstHmM43_11-2020.S2R,,,/home/bgeurten/cstart_experiments/rei/Homozygous/Male/movie59/rei_cstHmM43_11_2020_result.mat,/home/bgeurten/cstart_experiments/rei/Homozygous/Male/movie59/rei_cstHmM43_11_2020_result_ana.mat,/home/bgeurten/cstart_experiments/rei/Homozygous/Male/movie59/rei_cstHmM43_11-2020.avi,,,,,,,/home/bgeurten/fishDataBase/cst_rei-HM_08-2019_M_43_ID#1161/trace_mm.csv
rei-HM,M,53,c-start,08-2019,923.0,4615,5.0,,,,,,/home/bgeurten/fishDataBase/cst_rei-HM_08-2019_M_53_ID#1162/midLineUniform_pix.csv,,,,/home/bgeurten/cstart_experiments/rei/Homozygous/Male/movie68/rei_cstHmM53_11-2020.smr,/home/bgeurten/cstart_experiments/rei/Homozygous/Male/movie68/rei_cstHmM53_11-2020.S2R,,,/home/bgeurten/cstart_experiments/rei/Homozygous/Male/movie68/rei_cstHmM53_11_2020_result.mat,/home/bgeurten/cstart_experiments/rei/Homozygous/Male/movie68/rei_cstHmM53_11_2020_result_ana.mat,/home/bgeurten/cstart_experiments/rei/Homozygous/Male/movie68/rei_cstHmM53_11-2020.avi,1.135314,1.1334060000000001,35.0,313.43112030623826,595.0,/home/bgeurten/fishDataBase/cst_rei-HM_08-2019_M_53_ID#1162/spike_train_df.csv,/home/bgeurten/fishDataBase/cst_rei-HM_08-2019_M_53_ID#1162/trace_mm.csv
rei-HM,M,15,c-start,08-2019,923.0,4615,5.0,,,,,,,,,,/home/bgeurten/cstart_experiments/rei/Homozygous/Male/movie31/rei_cstHmM15_11-2020.smr,/home/bgeurten/cstart_experiments/rei/Homozygous/Male/movie31/rei_cstHmM15_11-2020.S2R,,,/home/bgeurten/cstart_experiments/rei/Homozygous/Male/movie31/rei_cstHmM15_11_2020_result.mat,/home/bgeurten/cstart_experiments/rei/Homozygous/Male/movie31/rei_cstHmM15_11_2020_result_ana.mat,/home/bgeurten/cstart_experiments/rei/Homozygous/Male/movie31/rei_cstHmM15_11-2020.avi,1.1322990000000002,0.7548029999999999,33.0,367.3184900235138,631.0,/home/bgeurten/fishDataBase/cst_rei-HM_08-2019_M_15_ID#1163/spike_train_df.csv,/home/bgeurten/fishDataBase/cst_rei-HM_08-2019_M_15_ID#1163/trace_mm.csv
rei-HM,M,23,c-start,08-2019,923.0,4614,4.998916576381365,,,,,,/home/bgeurten/fishDataBase/cst_rei-HM_08-2019_M_23_ID#1164/midLineUniform_pix.csv,,,,/home/bgeurten/cstart_experiments/rei/Homozygous/Male/movie39/rei_cstHmM23_11-2020.smr,/home/bgeurten/cstart_experiments/rei/Homozygous/Male/movie39/rei_cstHmM23_11-2020.S2R,,,/home/bgeurten/cstart_experiments/rei/Homozygous/Male/movie39/rei_cstHmM23_11_2020_result.mat,/home/bgeurten/cstart_experiments/rei/Homozygous/Male/movie39/rei_cstHmM23_11_2020_result_ana.mat,/home/bgeurten/cstart_experiments/rei/Homozygous/Male/movie39/rei_cstHmM23_11-2020.avi,,,,,,,/home/bgeurten/fishDataBase/cst_rei-HM_08-2019_M_23_ID#1164/trace_mm.csv
rei-HM,M,8,c-start,08-2019,923.0,4615,5.0,,,,,,/home/bgeurten/fishDataBase/cst_rei-HM_08-2019_M_8_ID#1165/midLineUniform_pix.csv,,,,/home/bgeurten/cstart_experiments/rei/Homozygous/Male/movie11a/rei_cstHmM8I_06-2020.smr,/home/bgeurten/cstart_experiments/rei/Homozygous/Male/movie11a/rei_cstHmM8I_06-2020.S2R,,,/home/bgeurten/cstart_experiments/rei/Homozygous/Male/movie11a/rei_cstHmM8I_06_2020_result.mat,/home/bgeurten/cstart_experiments/rei/Homozygous/Male/movie11a/rei_cstHmM8I_06_2020_result_ana.mat,/home/bgeurten/cstart_experiments/rei/Homozygous/Male/movie11a/rei_cstHmM8I_06-2020.avi,1.122363,0.007091999999999876,11.0,383.1417624521071,2016.0,/home/bgeurten/fishDataBase/cst_rei-HM_08-2019_M_8_ID#1165/spike_train_df.csv,/home/bgeurten/fishDataBase/cst_rei-HM_08-2019_M_8_ID#1165/trace_mm.csv
rei-HM,M,2,c-start,08-2019,924.0,4620,5.0,,,,,,,/home/bgeurten/fishDataBase/cst_rei-HM_08-2019_M_2_ID#1166/head_mm.csv,/home/bgeurten/fishDataBase/cst_rei-HM_08-2019_M_2_ID#1166/tail_mm.csv,,/home/bgeurten/cstart_experiments/rei/Homozygous/Male/movie76/HmM2.smr,/home/bgeurten/cstart_experiments/rei/Homozygous/Male/movie76/HmM2.S2R,,/home/bgeurten/cstart_experiments/rei/Homozygous/Male/movie76/HmM2_box.csv,/home/bgeurten/cstart_experiments/rei/Homozygous/Male/movie76/C_START_rei_11_2018_HmM2_result.mat,/home/bgeurten/cstart_experiments/rei/Homozygous/Male/movie76/C_START_rei_11_2018_HmM2_result_ana.mat,/home/bgeurten/cstart_experiments/rei/Homozygous/Male/movie76/HmM2.avi,0.026441999999999966,0.006848999999999994,10.0,481.0004810004431,2368.0,/home/bgeurten/fishDataBase/cst_rei-HM_08-2019_M_2_ID#1166/spike_train_df.csv,/home/bgeurten/fishDataBase/cst_rei-HM_08-2019_M_2_ID#1166/trace_mm.csv
rei-HM,M,44,c-start,08-2019,923.0,4614,4.998916576381365,,,,,,/home/bgeurten/fishDataBase/cst_rei-HM_08-2019_M_44_ID#1167/midLineUniform_pix.csv,,,,/home/bgeurten/cstart_experiments/rei/Homozygous/Male/movie60/rei_cstHmM44_11-2020.smr,/home/bgeurten/cstart_experiments/rei/Homozygous/Male/movie60/rei_cstHmM44_11-2020.S2R,,,/home/bgeurten/cstart_experiments/rei/Homozygous/Male/movie60/rei_cstHmM44_11_2020_result.mat,/home/bgeurten/cstart_experiments/rei/Homozygous/Male/movie60/rei_cstHmM44_11_2020_result_ana.mat,/home/bgeurten/cstart_experiments/rei/Homozygous/Male/movie60/rei_cstHmM44_11-2020.avi,,,,,,,/home/bgeurten/fishDataBase/cst_rei-HM_08-2019_M_44_ID#1167/trace_mm.csv
rei-HM,M,9,c-start,08-2019,923.0,4615,5.0,,,,,,/home/bgeurten/fishDataBase/cst_rei-HM_08-2019_M_9_ID#1168/midLineUniform_pix.csv,,,,/home/bgeurten/cstart_experiments/rei/Homozygous/Male/movie12a/rei_cstHmM9I_06-2020.smr,/home/bgeurten/cstart_experiments/rei/Homozygous/Male/movie12a/rei_cstHmM9I_06-2020.S2R,,,/home/bgeurten/cstart_experiments/rei/Homozygous/Male/movie12a/rei_cstHmM9I_06_2020_result.mat,/home/bgeurten/cstart_experiments/rei/Homozygous/Male/movie12a/rei_cstHmM9I_06_2020_result_ana.mat,/home/bgeurten/cstart_experiments/rei/Homozygous/Male/movie12a/rei_cstHmM9I_06-2020.avi,1.1322180000000004,0.005319000000000074,17.0,377.9289493574679,2001.0,/home/bgeurten/fishDataBase/cst_rei-HM_08-2019_M_9_ID#1168/spike_train_df.csv,/home/bgeurten/fishDataBase/cst_rei-HM_08-2019_M_9_ID#1168/trace_mm.csv
rei-HM,M,46,c-start,08-2019,922.0,4614,5.004338394793926,,,,,,/home/bgeurten/fishDataBase/cst_rei-HM_08-2019_M_46_ID#1169/midLineUniform_pix.csv,,,,/home/bgeurten/cstart_experiments/rei/Homozygous/Male/movie62/rei_cstHmM46_11-2020.smr,/home/bgeurten/cstart_experiments/rei/Homozygous/Male/movie62/rei_cstHmM46_11-2020.S2R,,,/home/bgeurten/cstart_experiments/rei/Homozygous/Male/movie62/rei_cstHmM46_11_2020_result.mat,/home/bgeurten/cstart_experiments/rei/Homozygous/Male/movie62/rei_cstHmM46_11_2020_result_ana.mat,/home/bgeurten/cstart_experiments/rei/Homozygous/Male/movie62/rei_cstHmM46_11-2020.avi,,,,,,,/home/bgeurten/fishDataBase/cst_rei-HM_08-2019_M_46_ID#1169/trace_mm.csv
rei-HM,M,81,c-start,08-2019,923.0,4615,5.0,,,,,,/home/bgeurten/fishDataBase/cst_rei-HM_08-2019_M_81_ID#1170/midLineUniform_pix.csv,,,,/home/bgeurten/cstart_experiments/rei/Homozygous/Male/movie24/rei_cstHmM8_11-2020.smr,/home/bgeurten/cstart_experiments/rei/Homozygous/Male/movie24/rei_cstHmM8_11-2020.S2R,,,/home/bgeurten/cstart_experiments/rei/Homozygous/Male/movie24/rei_cstHmM8_11_2020_result.mat,/home/bgeurten/cstart_experiments/rei/Homozygous/Male/movie24/rei_cstHmM8_11_2020_result_ana.mat,/home/bgeurten/cstart_experiments/rei/Homozygous/Male/movie24/rei_cstHmM8_11-2020.avi,1.129878,0.3099510000000001,38.0,534.1880341880069,801.0,/home/bgeurten/fishDataBase/cst_rei-HM_08-2019_M_81_ID#1170/spike_train_df.csv,/home/bgeurten/fishDataBase/cst_rei-HM_08-2019_M_81_ID#1170/trace_mm.csv
rei-HM,M,16,c-start,08-2019,923.0,4615,5.0,,,,,,,,,,/home/bgeurten/cstart_experiments/rei/Homozygous/Male/movie32/rei_cstHmM16_11-2020.smr,/home/bgeurten/cstart_experiments/rei/Homozygous/Male/movie32/rei_cstHmM16_11-2020.S2R,,,/home/bgeurten/cstart_experiments/rei/Homozygous/Male/movie32/rei_cstHmM16_11_2020_result.mat,/home/bgeurten/cstart_experiments/rei/Homozygous/Male/movie32/rei_cstHmM16_11_2020_result_ana.mat,/home/bgeurten/cstart_experiments/rei/Homozygous/Male/movie32/rei_cstHmM16_11-2020.avi,1.1252970000000002,1.11672,40.0,565.4546082392864,938.0,/home/bgeurten/fishDataBase/cst_rei-HM_08-2019_M_16_ID#1171/spike_train_df.csv,/home/bgeurten/fishDataBase/cst_rei-HM_08-2019_M_16_ID#1171/trace_mm.csv
rei-HM,M,60,c-start,08-2019,923.0,4615,5.0,,,,,,/home/bgeurten/fishDataBase/cst_rei-HM_08-2019_M_60_ID#1172/midLineUniform_pix.csv,,,,/home/bgeurten/cstart_experiments/rei/Homozygous/Male/movie75/rei_cstHmM60_11-2020.smr,/home/bgeurten/cstart_experiments/rei/Homozygous/Male/movie75/rei_cstHmM60_11-2020.S2R,,,/home/bgeurten/cstart_experiments/rei/Homozygous/Male/movie75/rei_cstHmM60_11_2020_result.mat,/home/bgeurten/cstart_experiments/rei/Homozygous/Male/movie75/rei_cstHmM60_11_2020_result_ana.mat,/home/bgeurten/cstart_experiments/rei/Homozygous/Male/movie75/rei_cstHmM60_11-2020.avi,1.1258190000000001,1.1164500000000002,42.0,500.5005005005145,491.0,/home/bgeurten/fishDataBase/cst_rei-HM_08-2019_M_60_ID#1172/spike_train_df.csv,/home/bgeurten/fishDataBase/cst_rei-HM_08-2019_M_60_ID#1172/trace_mm.csv
rei-HM,M,42,c-start,08-2019,923.0,4614,4.998916576381365,,,,,,/home/bgeurten/fishDataBase/cst_rei-HM_08-2019_M_42_ID#1173/midLineUniform_pix.csv,,,,/home/bgeurten/cstart_experiments/rei/Homozygous/Male/movie58/rei_cstHmM42_11-2020.smr,/home/bgeurten/cstart_experiments/rei/Homozygous/Male/movie58/rei_cstHmM42_11-2020.S2R,,,/home/bgeurten/cstart_experiments/rei/Homozygous/Male/movie58/rei_cstHmM42_11_2020_result.mat,/home/bgeurten/cstart_experiments/rei/Homozygous/Male/movie58/rei_cstHmM42_11_2020_result_ana.mat,/home/bgeurten/cstart_experiments/rei/Homozygous/Male/movie58/rei_cstHmM42_11-2020.avi,1.136637,0.043227000000000015,61.0,529.1005291005439,1104.0,/home/bgeurten/fishDataBase/cst_rei-HM_08-2019_M_42_ID#1173/spike_train_df.csv,/home/bgeurten/fishDataBase/cst_rei-HM_08-2019_M_42_ID#1173/trace_mm.csv
rei-HM,M,30,c-start,08-2019,923.0,4615,5.0,,,,,,/home/bgeurten/fishDataBase/cst_rei-HM_08-2019_M_30_ID#1174/midLineUniform_pix.csv,,,,/home/bgeurten/cstart_experiments/rei/Homozygous/Male/movie46/rei_cstHmM30_11-2020.smr,/home/bgeurten/cstart_experiments/rei/Homozygous/Male/movie46/rei_cstHmM30_11-2020.S2R,,,/home/bgeurten/cstart_experiments/rei/Homozygous/Male/movie46/rei_cstHmM30_11_2020_result.mat,/home/bgeurten/cstart_experiments/rei/Homozygous/Male/movie46/rei_cstHmM30_11_2020_result_ana.mat,/home/bgeurten/cstart_experiments/rei/Homozygous/Male/movie46/rei_cstHmM30_11-2020.avi,1.133523,1.1198430000000001,34.0,501.6533043438916,422.0,/home/bgeurten/fishDataBase/cst_rei-HM_08-2019_M_30_ID#1174/spike_train_df.csv,/home/bgeurten/fishDataBase/cst_rei-HM_08-2019_M_30_ID#1174/trace_mm.csv
rei-HM,M,36,c-start,08-2019,923.0,4615,5.0,,,,,,,,,,/home/bgeurten/cstart_experiments/rei/Homozygous/Male/movie52/rei_cstHmM36_11-2020.smr,/home/bgeurten/cstart_experiments/rei/Homozygous/Male/movie52/rei_cstHmM36_11-2020.S2R,,,/home/bgeurten/cstart_experiments/rei/Homozygous/Male/movie52/rei_cstHmM36_11_2020_result.mat,/home/bgeurten/cstart_experiments/rei/Homozygous/Male/movie52/rei_cstHmM36_11_2020_result_ana.mat,/home/bgeurten/cstart_experiments/rei/Homozygous/Male/movie52/rei_cstHmM36_11-2020.avi,,,,,,,/home/bgeurten/fishDataBase/cst_rei-HM_08-2019_M_36_ID#1175/trace_mm.csv
rei-HM,M,37,c-start,08-2019,923.0,4615,5.0,,,,,,/home/bgeurten/fishDataBase/cst_rei-HM_08-2019_M_37_ID#1176/midLineUniform_pix.csv,,,,/home/bgeurten/cstart_experiments/rei/Homozygous/Male/movie53/rei_cstHmM37_11-2020.smr,/home/bgeurten/cstart_experiments/rei/Homozygous/Male/movie53/rei_cstHmM37_11-2020.S2R,,,/home/bgeurten/cstart_experiments/rei/Homozygous/Male/movie53/rei_cstHmM37_11_2020_result.mat,/home/bgeurten/cstart_experiments/rei/Homozygous/Male/movie53/rei_cstHmM37_11_2020_result_ana.mat,/home/bgeurten/cstart_experiments/rei/Homozygous/Male/movie53/rei_cstHmM37_11-2020.avi,,,,,,,/home/bgeurten/fishDataBase/cst_rei-HM_08-2019_M_37_ID#1176/trace_mm.csv
rei-HM,F,30,c-start,08-2019,923.0,4615,5.0,,,,,,/home/bgeurten/fishDataBase/cst_rei-HM_08-2019_F_30_ID#1177/midLineUniform_pix.csv,,,,/home/bgeurten/cstart_experiments/rei/Homozygous/Female/movie4/rei_cstHmF3_06-2020.smr,/home/bgeurten/cstart_experiments/rei/Homozygous/Female/movie4/rei_cstHmF3_06-2020.S2R,,,/home/bgeurten/cstart_experiments/rei/Homozygous/Female/movie4/rei_cstHmF3_06_2020_result.mat,/home/bgeurten/cstart_experiments/rei/Homozygous/Female/movie4/rei_cstHmF3_06_2020_result_ana.mat,/home/bgeurten/cstart_experiments/rei/Homozygous/Female/movie4/rei_cstHmF3_06-2020.avi,,,,,,,/home/bgeurten/fishDataBase/cst_rei-HM_08-2019_F_30_ID#1177/trace_mm.csv
rei-HM,F,18,c-start,08-2019,923.0,4615,5.0,,,,,,/home/bgeurten/fishDataBase/cst_rei-HM_08-2019_F_18_ID#1178/midLineUniform_pix.csv,,,,/home/bgeurten/cstart_experiments/rei/Homozygous/Female/movie19/rei_cstHmF18_06-2020.smr,/home/bgeurten/cstart_experiments/rei/Homozygous/Female/movie19/rei_cstHmF18_06-2020.S2R,,,/home/bgeurten/cstart_experiments/rei/Homozygous/Female/movie19/rei_cstHmF18_06_2020_result.mat,/home/bgeurten/cstart_experiments/rei/Homozygous/Female/movie19/rei_cstHmF18_06_2020_result_ana.mat,/home/bgeurten/cstart_experiments/rei/Homozygous/Female/movie19/rei_cstHmF18_06-2020.avi,,,,,,,/home/bgeurten/fishDataBase/cst_rei-HM_08-2019_F_18_ID#1178/trace_mm.csv
rei-HM,F,10,c-start,08-2019,923.0,4615,5.0,,,,,,/home/bgeurten/fishDataBase/cst_rei-HM_08-2019_F_10_ID#1179/midLineUniform_pix.csv,,,,/home/bgeurten/cstart_experiments/rei/Homozygous/Female/movie11/rei_cstHmF10_06-2020.smr,/home/bgeurten/cstart_experiments/rei/Homozygous/Female/movie11/rei_cstHmF10_06-2020.S2R,,,/home/bgeurten/cstart_experiments/rei/Homozygous/Female/movie11/rei_cstHmF10_06_2020_result.mat,/home/bgeurten/cstart_experiments/rei/Homozygous/Female/movie11/rei_cstHmF10_06_2020_result_ana.mat,/home/bgeurten/cstart_experiments/rei/Homozygous/Female/movie11/rei_cstHmF10_06-2020.avi,,,,,,,/home/bgeurten/fishDataBase/cst_rei-HM_08-2019_F_10_ID#1179/trace_mm.csv
rei-HM,F,14,c-start,08-2019,923.0,4615,5.0,,,,,,/home/bgeurten/fishDataBase/cst_rei-HM_08-2019_F_14_ID#1180/midLineUniform_pix.csv,,,,/home/bgeurten/cstart_experiments/rei/Homozygous/Female/movie15/rei_cstHmF14_06-2020.smr,/home/bgeurten/cstart_experiments/rei/Homozygous/Female/movie15/rei_cstHmF14_06-2020.S2R,,,/home/bgeurten/cstart_experiments/rei/Homozygous/Female/movie15/rei_cstHmF14_06_2020_result.mat,/home/bgeurten/cstart_experiments/rei/Homozygous/Female/movie15/rei_cstHmF14_06_2020_result_ana.mat,/home/bgeurten/cstart_experiments/rei/Homozygous/Female/movie15/rei_cstHmF14_06-2020.avi,1.324098,1.021311,44.0,359.00291146142933,1236.0,/home/bgeurten/fishDataBase/cst_rei-HM_08-2019_F_14_ID#1180/spike_train_df.csv,/home/bgeurten/fishDataBase/cst_rei-HM_08-2019_F_14_ID#1180/trace_mm.csv
rei-HM,F,17,c-start,08-2019,923.0,4614,4.998916576381365,,,,,,,,,,/home/bgeurten/cstart_experiments/rei/Homozygous/Female/movie37/rei_cstHmF17_11-2020.smr,/home/bgeurten/cstart_experiments/rei/Homozygous/Female/movie37/rei_cstHmF17_11-2020.S2R,,,/home/bgeurten/cstart_experiments/rei/Homozygous/Female/movie37/rei_cstHmF17_11_2020_result.mat,/home/bgeurten/cstart_experiments/rei/Homozygous/Female/movie37/rei_cstHmF17_11_2020_result_ana.mat,/home/bgeurten/cstart_experiments/rei/Homozygous/Female/movie37/rei_cstHmF17_11-2020.avi,,,,,,,/home/bgeurten/fishDataBase/cst_rei-HM_08-2019_F_17_ID#1181/trace_mm.csv
rei-HM,F,61,c-start,08-2019,923.0,4613,4.99783315276273,,,,,,,,,,/home/bgeurten/cstart_experiments/rei/Homozygous/Female/movie26/rei_cstHmF6_11-2020.smr,/home/bgeurten/cstart_experiments/rei/Homozygous/Female/movie26/rei_cstHmF6_11-2020.S2R,,,/home/bgeurten/cstart_experiments/rei/Homozygous/Female/movie26/rei_cstHmF6_11_2020_result.mat,/home/bgeurten/cstart_experiments/rei/Homozygous/Female/movie26/rei_cstHmF6_11_2020_result_ana.mat,/home/bgeurten/cstart_experiments/rei/Homozygous/Female/movie26/rei_cstHmF6_11-2020.avi,2.023182,1.1272769999999999,56.0,566.8934240362494,1078.0,/home/bgeurten/fishDataBase/cst_rei-HM_08-2019_F_61_ID#1182/spike_train_df.csv,/home/bgeurten/fishDataBase/cst_rei-HM_08-2019_F_61_ID#1182/trace_mm.csv
rei-HM,F,24,c-start,08-2019,923.0,4615,5.0,,,,,,/home/bgeurten/fishDataBase/cst_rei-HM_08-2019_F_24_ID#1183/midLineUniform_pix.csv,,,,/home/bgeurten/cstart_experiments/rei/Homozygous/Female/movie44/rei_cstHmF24_11-2020.smr,/home/bgeurten/cstart_experiments/rei/Homozygous/Female/movie44/rei_cstHmF24_11-2020.S2R,,,/home/bgeurten/cstart_experiments/rei/Homozygous/Female/movie44/rei_cstHmF24_11_2020_result.mat,/home/bgeurten/cstart_experiments/rei/Homozygous/Female/movie44/rei_cstHmF24_11_2020_result_ana.mat,/home/bgeurten/cstart_experiments/rei/Homozygous/Female/movie44/rei_cstHmF24_11-2020.avi,,,,,,,/home/bgeurten/fishDataBase/cst_rei-HM_08-2019_F_24_ID#1183/trace_mm.csv
rei-HM,F,90,c-start,08-2019,923.0,4615,5.0,,,,,,/home/bgeurten/fishDataBase/cst_rei-HM_08-2019_F_90_ID#1184/midLineUniform_pix.csv,,,,/home/bgeurten/cstart_experiments/rei/Homozygous/Female/movie10/rei_cstHmF9_06-2020.smr,/home/bgeurten/cstart_experiments/rei/Homozygous/Female/movie10/rei_cstHmF9_06-2020.S2R,,,/home/bgeurten/cstart_experiments/rei/Homozygous/Female/movie10/rei_cstHmF9_06_2020_result.mat,/home/bgeurten/cstart_experiments/rei/Homozygous/Female/movie10/rei_cstHmF9_06_2020_result_ana.mat,/home/bgeurten/cstart_experiments/rei/Homozygous/Female/movie10/rei_cstHmF9_06-2020.avi,,,,,,,/home/bgeurten/fishDataBase/cst_rei-HM_08-2019_F_90_ID#1184/trace_mm.csv
rei-HM,F,29,c-start,08-2019,923.0,4615,5.0,,,,,,/home/bgeurten/fishDataBase/cst_rei-HM_08-2019_F_29_ID#1185/midLineUniform_pix.csv,,,,/home/bgeurten/cstart_experiments/rei/Homozygous/Female/movie49/rei_cstHmF29_11-2020.smr,/home/bgeurten/cstart_experiments/rei/Homozygous/Female/movie49/rei_cstHmF29_11-2020.S2R,,,/home/bgeurten/cstart_experiments/rei/Homozygous/Female/movie49/rei_cstHmF29_11_2020_result.mat,/home/bgeurten/cstart_experiments/rei/Homozygous/Female/movie49/rei_cstHmF29_11_2020_result_ana.mat,/home/bgeurten/cstart_experiments/rei/Homozygous/Female/movie49/rei_cstHmF29_11-2020.avi,1.134963,0.09994500000000006,37.0,501.6328545740913,1339.0,/home/bgeurten/fishDataBase/cst_rei-HM_08-2019_F_29_ID#1185/spike_train_df.csv,/home/bgeurten/fishDataBase/cst_rei-HM_08-2019_F_29_ID#1185/trace_mm.csv
rei-HM,F,6,c-start,08-2019,923.0,4614,4.998916576381365,,,,,,/home/bgeurten/fishDataBase/cst_rei-HM_08-2019_F_6_ID#1186/midLineUniform_pix.csv,,,,/home/bgeurten/cstart_experiments/rei/Homozygous/Female/movie7b/rei_cstHmF6II_06-2020.smr,/home/bgeurten/cstart_experiments/rei/Homozygous/Female/movie7b/rei_cstHmF6II_06-2020.S2R,,,/home/bgeurten/cstart_experiments/rei/Homozygous/Female/movie7b/rei_cstHmF6II_06_2020_result.mat,/home/bgeurten/cstart_experiments/rei/Homozygous/Female/movie7b/rei_cstHmF6II_06_2020_result_ana.mat,/home/bgeurten/cstart_experiments/rei/Homozygous/Female/movie7b/rei_cstHmF6II_06-2020.avi,1.131516,0.0046079999999999455,23.0,375.3753753753441,1913.0,/home/bgeurten/fishDataBase/cst_rei-HM_08-2019_F_6_ID#1186/spike_train_df.csv,/home/bgeurten/fishDataBase/cst_rei-HM_08-2019_F_6_ID#1186/trace_mm.csv
rei-HM,F,11,c-start,08-2019,923.0,4613,4.99783315276273,,,,,,/home/bgeurten/fishDataBase/cst_rei-HM_08-2019_F_11_ID#1187/midLineUniform_pix.csv,,,,/home/bgeurten/cstart_experiments/rei/Homozygous/Female/movie21/rei_cstHmF1_11-2020.smr,/home/bgeurten/cstart_experiments/rei/Homozygous/Female/movie21/rei_cstHmF1_11-2020.S2R,,,/home/bgeurten/cstart_experiments/rei/Homozygous/Female/movie21/rei_cstHmF1_11_2020_result.mat,/home/bgeurten/cstart_experiments/rei/Homozygous/Female/movie21/rei_cstHmF1_11_2020_result_ana.mat,/home/bgeurten/cstart_experiments/rei/Homozygous/Female/movie21/rei_cstHmF1_11-2020.avi,1.1239919999999999,1.1233169999999997,24.0,376.6478342748479,613.0,/home/bgeurten/fishDataBase/cst_rei-HM_08-2019_F_11_ID#1187/spike_train_df.csv,/home/bgeurten/fishDataBase/cst_rei-HM_08-2019_F_11_ID#1187/trace_mm.csv
rei-HM,F,28,c-start,08-2019,923.0,4615,5.0,,,,,,/home/bgeurten/fishDataBase/cst_rei-HM_08-2019_F_28_ID#1188/midLineUniform_pix.csv,,,,/home/bgeurten/cstart_experiments/rei/Homozygous/Female/movie48/rei_cstHmF28_11-2020.smr,/home/bgeurten/cstart_experiments/rei/Homozygous/Female/movie48/rei_cstHmF28_11-2020.S2R,,,/home/bgeurten/cstart_experiments/rei/Homozygous/Female/movie48/rei_cstHmF28_11_2020_result.mat,/home/bgeurten/cstart_experiments/rei/Homozygous/Female/movie48/rei_cstHmF28_11_2020_result_ana.mat,/home/bgeurten/cstart_experiments/rei/Homozygous/Female/movie48/rei_cstHmF28_11-2020.avi,,,,,,,/home/bgeurten/fishDataBase/cst_rei-HM_08-2019_F_28_ID#1188/trace_mm.csv
rei-HM,F,81,c-start,08-2019,923.0,4615,5.0,,,,,,/home/bgeurten/fishDataBase/cst_rei-HM_08-2019_F_81_ID#1189/midLineUniform_pix.csv,,,,/home/bgeurten/cstart_experiments/rei/Homozygous/Female/movie28/rei_cstHmF8_11-2020.smr,/home/bgeurten/cstart_experiments/rei/Homozygous/Female/movie28/rei_cstHmF8_11-2020.S2R,,,/home/bgeurten/cstart_experiments/rei/Homozygous/Female/movie28/rei_cstHmF8_11_2020_result.mat,/home/bgeurten/cstart_experiments/rei/Homozygous/Female/movie28/rei_cstHmF8_11_2020_result_ana.mat,/home/bgeurten/cstart_experiments/rei/Homozygous/Female/movie28/rei_cstHmF8_11-2020.avi,2.152665,1.1319210000000002,50.0,489.48575963014287,658.0,/home/bgeurten/fishDataBase/cst_rei-HM_08-2019_F_81_ID#1189/spike_train_df.csv,/home/bgeurten/fishDataBase/cst_rei-HM_08-2019_F_81_ID#1189/trace_mm.csv
rei-HM,F,20,c-start,08-2019,923.0,4615,5.0,,,,,,/home/bgeurten/fishDataBase/cst_rei-HM_08-2019_F_20_ID#1190/midLineUniform_pix.csv,,,,/home/bgeurten/cstart_experiments/rei/Homozygous/Female/movie40/rei_cstHmF20_11-2020.smr,/home/bgeurten/cstart_experiments/rei/Homozygous/Female/movie40/rei_cstHmF20_11-2020.S2R,,,/home/bgeurten/cstart_experiments/rei/Homozygous/Female/movie40/rei_cstHmF20_11_2020_result.mat,/home/bgeurten/cstart_experiments/rei/Homozygous/Female/movie40/rei_cstHmF20_11_2020_result_ana.mat,/home/bgeurten/cstart_experiments/rei/Homozygous/Female/movie40/rei_cstHmF20_11-2020.avi,1.1272680000000002,0.30347999999999997,59.0,546.0038421498243,1091.0,/home/bgeurten/fishDataBase/cst_rei-HM_08-2019_F_20_ID#1190/spike_train_df.csv,/home/bgeurten/fishDataBase/cst_rei-HM_08-2019_F_20_ID#1190/trace_mm.csv
rei-HM,F,7,c-start,08-2019,923.0,4614,4.998916576381365,,,,,,/home/bgeurten/fishDataBase/cst_rei-HM_08-2019_F_7_ID#1191/midLineUniform_pix.csv,,,,/home/bgeurten/cstart_experiments/rei/Homozygous/Female/movie8a/rei_cstHmF7I_06-2020.smr,/home/bgeurten/cstart_experiments/rei/Homozygous/Female/movie8a/rei_cstHmF7I_06-2020.S2R,,,/home/bgeurten/cstart_experiments/rei/Homozygous/Female/movie8a/rei_cstHmF7I_06_2020_result.mat,/home/bgeurten/cstart_experiments/rei/Homozygous/Female/movie8a/rei_cstHmF7I_06_2020_result_ana.mat,/home/bgeurten/cstart_experiments/rei/Homozygous/Female/movie8a/rei_cstHmF7I_06-2020.avi,1.112859,0.004743000000000164,22.0,351.06283858429777,1920.0,/home/bgeurten/fishDataBase/cst_rei-HM_08-2019_F_7_ID#1191/spike_train_df.csv,/home/bgeurten/fishDataBase/cst_rei-HM_08-2019_F_7_ID#1191/trace_mm.csv
rei-HM,F,31,c-start,08-2019,923.0,4615,5.0,,,,,,,,,,/home/bgeurten/cstart_experiments/rei/Homozygous/Female/movie23/rei_cstHmF3_11-2020.smr,/home/bgeurten/cstart_experiments/rei/Homozygous/Female/movie23/rei_cstHmF3_11-2020.S2R,,,/home/bgeurten/cstart_experiments/rei/Homozygous/Female/movie23/rei_cstHmF3_11_2020_result.mat,/home/bgeurten/cstart_experiments/rei/Homozygous/Female/movie23/rei_cstHmF3_11_2020_result_ana.mat,/home/bgeurten/cstart_experiments/rei/Homozygous/Female/movie23/rei_cstHmF3_11-2020.avi,,,,,,,/home/bgeurten/fishDataBase/cst_rei-HM_08-2019_F_31_ID#1192/trace_mm.csv
rei-HM,F,27,c-start,08-2019,923.0,4613,4.99783315276273,,,,,,/home/bgeurten/fishDataBase/cst_rei-HM_08-2019_F_27_ID#1193/midLineUniform_pix.csv,,,,/home/bgeurten/cstart_experiments/rei/Homozygous/Female/movie47/rei_cstHmF27_11-2020.smr,/home/bgeurten/cstart_experiments/rei/Homozygous/Female/movie47/rei_cstHmF27_11-2020.S2R,,,/home/bgeurten/cstart_experiments/rei/Homozygous/Female/movie47/rei_cstHmF27_11_2020_result.mat,/home/bgeurten/cstart_experiments/rei/Homozygous/Female/movie47/rei_cstHmF27_11_2020_result_ana.mat,/home/bgeurten/cstart_experiments/rei/Homozygous/Female/movie47/rei_cstHmF27_11-2020.avi,1.135944,1.1338379999999997,75.0,544.6623093682069,835.0,/home/bgeurten/fishDataBase/cst_rei-HM_08-2019_F_27_ID#1193/spike_train_df.csv,/home/bgeurten/fishDataBase/cst_rei-HM_08-2019_F_27_ID#1193/trace_mm.csv
rei-HM,F,35,c-start,08-2019,923.0,4615,5.0,,,,,,/home/bgeurten/fishDataBase/cst_rei-HM_08-2019_F_35_ID#1194/midLineUniform_pix.csv,,,,/home/bgeurten/cstart_experiments/rei/Homozygous/Female/movie55/rei_cstHmF35_11-2020.smr,/home/bgeurten/cstart_experiments/rei/Homozygous/Female/movie55/rei_cstHmF35_11-2020.S2R,,,/home/bgeurten/cstart_experiments/rei/Homozygous/Female/movie55/rei_cstHmF35_11_2020_result.mat,/home/bgeurten/cstart_experiments/rei/Homozygous/Female/movie55/rei_cstHmF35_11_2020_result_ana.mat,/home/bgeurten/cstart_experiments/rei/Homozygous/Female/movie55/rei_cstHmF35_11-2020.avi,1.1224619999999996,0.005156999999999967,56.0,610.5006105006827,2251.0,/home/bgeurten/fishDataBase/cst_rei-HM_08-2019_F_35_ID#1194/spike_train_df.csv,/home/bgeurten/fishDataBase/cst_rei-HM_08-2019_F_35_ID#1194/trace_mm.csv
rei-HM,F,51,c-start,08-2019,923.0,4615,5.0,,,,,,,,,,/home/bgeurten/cstart_experiments/rei/Homozygous/Female/movie25/rei_cstHmF5_11-2020.smr,/home/bgeurten/cstart_experiments/rei/Homozygous/Female/movie25/rei_cstHmF5_11-2020.S2R,,,/home/bgeurten/cstart_experiments/rei/Homozygous/Female/movie25/rei_cstHmF5_11_2020_result.mat,/home/bgeurten/cstart_experiments/rei/Homozygous/Female/movie25/rei_cstHmF5_11_2020_result_ana.mat,/home/bgeurten/cstart_experiments/rei/Homozygous/Female/movie25/rei_cstHmF5_11-2020.avi,,,,,,,/home/bgeurten/fishDataBase/cst_rei-HM_08-2019_F_51_ID#1195/trace_mm.csv
rei-HM,F,12,c-start,08-2019,923.0,4615,5.0,,,,,,/home/bgeurten/fishDataBase/cst_rei-HM_08-2019_F_12_ID#1196/midLineUniform_pix.csv,,,,/home/bgeurten/cstart_experiments/rei/Homozygous/Female/movie32/rei_cstHmF12_11-2020.smr,/home/bgeurten/cstart_experiments/rei/Homozygous/Female/movie32/rei_cstHmF12_11-2020.S2R,,,/home/bgeurten/cstart_experiments/rei/Homozygous/Female/movie32/rei_cstHmF12_11_2020_result.mat,/home/bgeurten/cstart_experiments/rei/Homozygous/Female/movie32/rei_cstHmF12_11_2020_result_ana.mat,/home/bgeurten/cstart_experiments/rei/Homozygous/Female/movie32/rei_cstHmF12_11-2020.avi,,,,,,,/home/bgeurten/fishDataBase/cst_rei-HM_08-2019_F_12_ID#1196/trace_mm.csv
rei-HM,F,13,c-start,08-2019,923.0,4615,5.0,,,,,,/home/bgeurten/fishDataBase/cst_rei-HM_08-2019_F_13_ID#1197/midLineUniform_pix.csv,,,,/home/bgeurten/cstart_experiments/rei/Homozygous/Female/movie14/rei_cstHmF13_06-2020.smr,/home/bgeurten/cstart_experiments/rei/Homozygous/Female/movie14/rei_cstHmF13_06-2020.S2R,,,/home/bgeurten/cstart_experiments/rei/Homozygous/Female/movie14/rei_cstHmF13_06_2020_result.mat,/home/bgeurten/cstart_experiments/rei/Homozygous/Female/movie14/rei_cstHmF13_06_2020_result_ana.mat,/home/bgeurten/cstart_experiments/rei/Homozygous/Female/movie14/rei_cstHmF13_06-2020.avi,0.38054699999999997,0.003968999999999889,57.0,333.6670003336021,1536.0,/home/bgeurten/fishDataBase/cst_rei-HM_08-2019_F_13_ID#1197/spike_train_df.csv,/home/bgeurten/fishDataBase/cst_rei-HM_08-2019_F_13_ID#1197/trace_mm.csv
rei-HM,F,50,c-start,08-2019,923.0,4615,5.0,,,,,,/home/bgeurten/fishDataBase/cst_rei-HM_08-2019_F_50_ID#1198/midLineUniform_pix.csv,,,,/home/bgeurten/cstart_experiments/rei/Homozygous/Female/movie6/rei_cstHmF5_06-2020.smr,/home/bgeurten/cstart_experiments/rei/Homozygous/Female/movie6/rei_cstHmF5_06-2020.S2R,,,/home/bgeurten/cstart_experiments/rei/Homozygous/Female/movie6/rei_cstHmF5_06_2020_result.mat,/home/bgeurten/cstart_experiments/rei/Homozygous/Female/movie6/rei_cstHmF5_06_2020_result_ana.mat,/home/bgeurten/cstart_experiments/rei/Homozygous/Female/movie6/rei_cstHmF5_06-2020.avi,,,,,,,/home/bgeurten/fishDataBase/cst_rei-HM_08-2019_F_50_ID#1198/trace_mm.csv
rei-HM,F,8,c-start,08-2019,923.0,4615,5.0,,,,,,/home/bgeurten/fishDataBase/cst_rei-HM_08-2019_F_8_ID#1199/midLineUniform_pix.csv,,,,/home/bgeurten/cstart_experiments/rei/Homozygous/Female/movie9a/rei_cstHmF8I_06-2020.smr,/home/bgeurten/cstart_experiments/rei/Homozygous/Female/movie9a/rei_cstHmF8I_06-2020.S2R,,,/home/bgeurten/cstart_experiments/rei/Homozygous/Female/movie9a/rei_cstHmF8I_06_2020_result.mat,/home/bgeurten/cstart_experiments/rei/Homozygous/Female/movie9a/rei_cstHmF8I_06_2020_result_ana.mat,/home/bgeurten/cstart_experiments/rei/Homozygous/Female/movie9a/rei_cstHmF8I_06-2020.avi,3.2630939999999997,0.005588999999999955,61.0,347.2222222221962,1426.0,/home/bgeurten/fishDataBase/cst_rei-HM_08-2019_F_8_ID#1199/spike_train_df.csv,/home/bgeurten/fishDataBase/cst_rei-HM_08-2019_F_8_ID#1199/trace_mm.csv
rei-HM,F,34,c-start,08-2019,922.0,4613,5.003253796095445,,,,,,/home/bgeurten/fishDataBase/cst_rei-HM_08-2019_F_34_ID#1200/midLineUniform_pix.csv,,,,/home/bgeurten/cstart_experiments/rei/Homozygous/Female/movie54/rei_cstHmF34_11-2020.smr,/home/bgeurten/cstart_experiments/rei/Homozygous/Female/movie54/rei_cstHmF34_11-2020.S2R,,,/home/bgeurten/cstart_experiments/rei/Homozygous/Female/movie54/rei_cstHmF34_11_2020_result.mat,/home/bgeurten/cstart_experiments/rei/Homozygous/Female/movie54/rei_cstHmF34_11_2020_result_ana.mat,/home/bgeurten/cstart_experiments/rei/Homozygous/Female/movie54/rei_cstHmF34_11-2020.avi,,,,,,,/home/bgeurten/fishDataBase/cst_rei-HM_08-2019_F_34_ID#1200/trace_mm.csv
rei-HM,F,19,c-start,08-2019,923.0,4615,5.0,,,,,,/home/bgeurten/fishDataBase/cst_rei-HM_08-2019_F_19_ID#1201/midLineUniform_pix.csv,,,,/home/bgeurten/cstart_experiments/rei/Homozygous/Female/movie20a/rei_cstHmF19I_06-2020.smr,/home/bgeurten/cstart_experiments/rei/Homozygous/Female/movie20a/rei_cstHmF19I_06-2020.S2R,,,/home/bgeurten/cstart_experiments/rei/Homozygous/Female/movie20a/rei_cstHmF19I_06_2020_result.mat,/home/bgeurten/cstart_experiments/rei/Homozygous/Female/movie20a/rei_cstHmF19I_06_2020_result_ana.mat,/home/bgeurten/cstart_experiments/rei/Homozygous/Female/movie20a/rei_cstHmF19I_06-2020.avi,1.127556,0.0035640000000001226,30.0,375.37537537537537,1808.0,/home/bgeurten/fishDataBase/cst_rei-HM_08-2019_F_19_ID#1201/spike_train_df.csv,/home/bgeurten/fishDataBase/cst_rei-HM_08-2019_F_19_ID#1201/trace_mm.csv
rei-HM,F,25,c-start,08-2019,922.0,4613,5.003253796095445,,,,,,,,,,/home/bgeurten/cstart_experiments/rei/Homozygous/Female/movie45/rei_cstHmF25_11-2020.smr,/home/bgeurten/cstart_experiments/rei/Homozygous/Female/movie45/rei_cstHmF25_11-2020.S2R,,,/home/bgeurten/cstart_experiments/rei/Homozygous/Female/movie45/rei_cstHmF25_11_2020_result.mat,/home/bgeurten/cstart_experiments/rei/Homozygous/Female/movie45/rei_cstHmF25_11_2020_result_ana.mat,/home/bgeurten/cstart_experiments/rei/Homozygous/Female/movie45/rei_cstHmF25_11-2020.avi,1.1247930000000002,0.26415900000000003,49.0,555.5555555556167,937.0,/home/bgeurten/fishDataBase/cst_rei-HM_08-2019_F_25_ID#1202/spike_train_df.csv,/home/bgeurten/fishDataBase/cst_rei-HM_08-2019_F_25_ID#1202/trace_mm.csv
rei-HM,F,22,c-start,08-2019,923.0,4614,4.998916576381365,,,,,,/home/bgeurten/fishDataBase/cst_rei-HM_08-2019_F_22_ID#1203/midLineUniform_pix.csv,,,,/home/bgeurten/cstart_experiments/rei/Homozygous/Female/movie42/rei_cstHmF22_11-2020.smr,/home/bgeurten/cstart_experiments/rei/Homozygous/Female/movie42/rei_cstHmF22_11-2020.S2R,,,/home/bgeurten/cstart_experiments/rei/Homozygous/Female/movie42/rei_cstHmF22_11_2020_result.mat,/home/bgeurten/cstart_experiments/rei/Homozygous/Female/movie42/rei_cstHmF22_11_2020_result_ana.mat,/home/bgeurten/cstart_experiments/rei/Homozygous/Female/movie42/rei_cstHmF22_11-2020.avi,,,,,,,/home/bgeurten/fishDataBase/cst_rei-HM_08-2019_F_22_ID#1203/trace_mm.csv
rei-HM,F,15,c-start,08-2019,922.0,4615,5.005422993492408,,,,,,/home/bgeurten/fishDataBase/cst_rei-HM_08-2019_F_15_ID#1204/midLineUniform_pix.csv,,,,/home/bgeurten/cstart_experiments/rei/Homozygous/Female/movie16/rei_cstHmF15_06-2020.smr,/home/bgeurten/cstart_experiments/rei/Homozygous/Female/movie16/rei_cstHmF15_06-2020.S2R,,,/home/bgeurten/cstart_experiments/rei/Homozygous/Female/movie16/rei_cstHmF15_06_2020_result.mat,/home/bgeurten/cstart_experiments/rei/Homozygous/Female/movie16/rei_cstHmF15_06_2020_result_ana.mat,/home/bgeurten/cstart_experiments/rei/Homozygous/Female/movie16/rei_cstHmF15_06-2020.avi,,,,,,,/home/bgeurten/fishDataBase/cst_rei-HM_08-2019_F_15_ID#1204/trace_mm.csv
rei-HM,F,91,c-start,08-2019,923.0,4615,5.0,,,,,,/home/bgeurten/fishDataBase/cst_rei-HM_08-2019_F_91_ID#1205/midLineUniform_pix.csv,,,,/home/bgeurten/cstart_experiments/rei/Homozygous/Female/movie29/rei_cstHmF9_11-2020.smr,/home/bgeurten/cstart_experiments/rei/Homozygous/Female/movie29/rei_cstHmF9_11-2020.S2R,,,/home/bgeurten/cstart_experiments/rei/Homozygous/Female/movie29/rei_cstHmF9_11_2020_result.mat,/home/bgeurten/cstart_experiments/rei/Homozygous/Female/movie29/rei_cstHmF9_11_2020_result_ana.mat,/home/bgeurten/cstart_experiments/rei/Homozygous/Female/movie29/rei_cstHmF9_11-2020.avi,1.125036,1.118205,39.0,418.49907788345786,763.0,/home/bgeurten/fishDataBase/cst_rei-HM_08-2019_F_91_ID#1205/spike_train_df.csv,/home/bgeurten/fishDataBase/cst_rei-HM_08-2019_F_91_ID#1205/trace_mm.csv
rei-HM,F,21,c-start,08-2019,923.0,4614,4.998916576381365,,,,,,,,,,/home/bgeurten/cstart_experiments/rei/Homozygous/Female/movie41/rei_cstHmF21_11-2020.smr,/home/bgeurten/cstart_experiments/rei/Homozygous/Female/movie41/rei_cstHmF21_11-2020.S2R,,,/home/bgeurten/cstart_experiments/rei/Homozygous/Female/movie41/rei_cstHmF21_11_2020_result.mat,/home/bgeurten/cstart_experiments/rei/Homozygous/Female/movie41/rei_cstHmF21_11_2020_result_ana.mat,/home/bgeurten/cstart_experiments/rei/Homozygous/Female/movie41/rei_cstHmF21_11-2020.avi,1.1262329999999998,1.1196629999999999,60.0,396.8253968254545,674.0,/home/bgeurten/fishDataBase/cst_rei-HM_08-2019_F_21_ID#1206/spike_train_df.csv,/home/bgeurten/fishDataBase/cst_rei-HM_08-2019_F_21_ID#1206/trace_mm.csv
rei-HM,F,37,c-start,08-2019,923.0,4614,4.998916576381365,,,,,,,,,,/home/bgeurten/cstart_experiments/rei/Homozygous/Female/movie57/rei_cstHmF37_11-2020.smr,/home/bgeurten/cstart_experiments/rei/Homozygous/Female/movie57/rei_cstHmF37_11-2020.S2R,,,/home/bgeurten/cstart_experiments/rei/Homozygous/Female/movie57/rei_cstHmF37_11_2020_result.mat,/home/bgeurten/cstart_experiments/rei/Homozygous/Female/movie57/rei_cstHmF37_11_2020_result_ana.mat,/home/bgeurten/cstart_experiments/rei/Homozygous/Female/movie57/rei_cstHmF37_11-2020.avi,1.962018,0.011052000000000062,43.0,516.7958656331882,1780.0,/home/bgeurten/fishDataBase/cst_rei-HM_08-2019_F_37_ID#1207/spike_train_df.csv,/home/bgeurten/fishDataBase/cst_rei-HM_08-2019_F_37_ID#1207/trace_mm.csv
rei-HM,F,23,c-start,08-2019,923.0,4615,5.0,,,,,,/home/bgeurten/fishDataBase/cst_rei-HM_08-2019_F_23_ID#1208/midLineUniform_pix.csv,,,,/home/bgeurten/cstart_experiments/rei/Homozygous/Female/movie43/rei_cstHmF23_11-2020.smr,/home/bgeurten/cstart_experiments/rei/Homozygous/Female/movie43/rei_cstHmF23_11-2020.S2R,,,/home/bgeurten/cstart_experiments/rei/Homozygous/Female/movie43/rei_cstHmF23_11_2020_result.mat,/home/bgeurten/cstart_experiments/rei/Homozygous/Female/movie43/rei_cstHmF23_11_2020_result_ana.mat,/home/bgeurten/cstart_experiments/rei/Homozygous/Female/movie43/rei_cstHmF23_11-2020.avi,1.1218229999999998,0.47555100000000006,46.0,569.8005698006577,725.0,/home/bgeurten/fishDataBase/cst_rei-HM_08-2019_F_23_ID#1208/spike_train_df.csv,/home/bgeurten/fishDataBase/cst_rei-HM_08-2019_F_23_ID#1208/trace_mm.csv
rei-HM,F,40,c-start,08-2019,923.0,4615,5.0,,,,,,/home/bgeurten/fishDataBase/cst_rei-HM_08-2019_F_40_ID#1209/midLineUniform_pix.csv,,,,/home/bgeurten/cstart_experiments/rei/Homozygous/Female/movie5/rei_cstHmF4_06-2020.smr,/home/bgeurten/cstart_experiments/rei/Homozygous/Female/movie5/rei_cstHmF4_06-2020.S2R,,,/home/bgeurten/cstart_experiments/rei/Homozygous/Female/movie5/rei_cstHmF4_06_2020_result.mat,/home/bgeurten/cstart_experiments/rei/Homozygous/Female/movie5/rei_cstHmF4_06_2020_result_ana.mat,/home/bgeurten/cstart_experiments/rei/Homozygous/Female/movie5/rei_cstHmF4_06-2020.avi,1.125135,0.007776000000000005,51.0,370.3703703703807,1444.0,/home/bgeurten/fishDataBase/cst_rei-HM_08-2019_F_40_ID#1209/spike_train_df.csv,/home/bgeurten/fishDataBase/cst_rei-HM_08-2019_F_40_ID#1209/trace_mm.csv
rei-HM,F,71,c-start,08-2019,923.0,4615,5.0,,,,,,,,,,/home/bgeurten/cstart_experiments/rei/Homozygous/Female/movie27/rei_cstHmF7_11-2020.smr,/home/bgeurten/cstart_experiments/rei/Homozygous/Female/movie27/rei_cstHmF7_11-2020.S2R,,,/home/bgeurten/cstart_experiments/rei/Homozygous/Female/movie27/rei_cstHmF7_11_2020_result.mat,/home/bgeurten/cstart_experiments/rei/Homozygous/Female/movie27/rei_cstHmF7_11_2020_result_ana.mat,/home/bgeurten/cstart_experiments/rei/Homozygous/Female/movie27/rei_cstHmF7_11-2020.avi,1.127583,0.18298800000000004,35.0,401.8498171692502,785.0,/home/bgeurten/fishDataBase/cst_rei-HM_08-2019_F_71_ID#1210/spike_train_df.csv,/home/bgeurten/fishDataBase/cst_rei-HM_08-2019_F_71_ID#1210/trace_mm.csv
rei-HM,F,36,c-start,08-2019,923.0,4614,4.998916576381365,,,,,,/home/bgeurten/fishDataBase/cst_rei-HM_08-2019_F_36_ID#1211/midLineUniform_pix.csv,,,,/home/bgeurten/cstart_experiments/rei/Homozygous/Female/movie56/rei_cstHmF36_11-2020.smr,/home/bgeurten/cstart_experiments/rei/Homozygous/Female/movie56/rei_cstHmF36_11-2020.S2R,,,/home/bgeurten/cstart_experiments/rei/Homozygous/Female/movie56/rei_cstHmF36_11_2020_result.mat,/home/bgeurten/cstart_experiments/rei/Homozygous/Female/movie56/rei_cstHmF36_11_2020_result_ana.mat,/home/bgeurten/cstart_experiments/rei/Homozygous/Female/movie56/rei_cstHmF36_11-2020.avi,,,,,,,/home/bgeurten/fishDataBase/cst_rei-HM_08-2019_F_36_ID#1211/trace_mm.csv
rei-HM,F,16,c-start,08-2019,923.0,4615,5.0,,,,,,,,,,/home/bgeurten/cstart_experiments/rei/Homozygous/Female/movie36/rei_cstHmF16_11-2020.smr,/home/bgeurten/cstart_experiments/rei/Homozygous/Female/movie36/rei_cstHmF16_11-2020.S2R,,,/home/bgeurten/cstart_experiments/rei/Homozygous/Female/movie36/rei_cstHmF16_11_2020_result.mat,/home/bgeurten/cstart_experiments/rei/Homozygous/Female/movie36/rei_cstHmF16_11_2020_result_ana.mat,/home/bgeurten/cstart_experiments/rei/Homozygous/Female/movie36/rei_cstHmF16_11-2020.avi,,,,,,,/home/bgeurten/fishDataBase/cst_rei-HM_08-2019_F_16_ID#1212/trace_mm.csv
rei-HM,F,41,c-start,08-2019,923.0,4615,5.0,,,,,,/home/bgeurten/fishDataBase/cst_rei-HM_08-2019_F_41_ID#1213/midLineUniform_pix.csv,,,,/home/bgeurten/cstart_experiments/rei/Homozygous/Female/movie24/rei_cstHmF4_11-2020.smr,/home/bgeurten/cstart_experiments/rei/Homozygous/Female/movie24/rei_cstHmF4_11-2020.S2R,,,/home/bgeurten/cstart_experiments/rei/Homozygous/Female/movie24/rei_cstHmF4_11_2020_result.mat,/home/bgeurten/cstart_experiments/rei/Homozygous/Female/movie24/rei_cstHmF4_11_2020_result_ana.mat,/home/bgeurten/cstart_experiments/rei/Homozygous/Female/movie24/rei_cstHmF4_11-2020.avi,1.4261039999999998,1.122813,54.0,572.7376861395212,773.0,/home/bgeurten/fishDataBase/cst_rei-HM_08-2019_F_41_ID#1213/spike_train_df.csv,/home/bgeurten/fishDataBase/cst_rei-HM_08-2019_F_41_ID#1213/trace_mm.csv
rei-HM,F,38,c-start,08-2019,923.0,4614,4.998916576381365,,,,,,/home/bgeurten/fishDataBase/cst_rei-HM_08-2019_F_38_ID#1214/midLineUniform_pix.csv,,,,/home/bgeurten/cstart_experiments/rei/Homozygous/Female/movie58/rei_cstHmF38_11-2020.smr,/home/bgeurten/cstart_experiments/rei/Homozygous/Female/movie58/rei_cstHmF38_11-2020.S2R,,,/home/bgeurten/cstart_experiments/rei/Homozygous/Female/movie58/rei_cstHmF38_11_2020_result.mat,/home/bgeurten/cstart_experiments/rei/Homozygous/Female/movie58/rei_cstHmF38_11_2020_result_ana.mat,/home/bgeurten/cstart_experiments/rei/Homozygous/Female/movie58/rei_cstHmF38_11-2020.avi,1.1256840000000001,1.1220030000000003,61.0,527.8467363775048,811.0,/home/bgeurten/fishDataBase/cst_rei-HM_08-2019_F_38_ID#1214/spike_train_df.csv,/home/bgeurten/fishDataBase/cst_rei-HM_08-2019_F_38_ID#1214/trace_mm.csv
rei-HM,F,26,c-start,08-2019,923.0,4615,5.0,,,,,,/home/bgeurten/fishDataBase/cst_rei-HM_08-2019_F_26_ID#1215/midLineUniform_pix.csv,,,,/home/bgeurten/cstart_experiments/rei/Homozygous/Female/movie46/rei_cstHmF26_11-2020.smr,/home/bgeurten/cstart_experiments/rei/Homozygous/Female/movie46/rei_cstHmF26_11-2020.S2R,,,/home/bgeurten/cstart_experiments/rei/Homozygous/Female/movie46/rei_cstHmF26_11_2020_result.mat,/home/bgeurten/cstart_experiments/rei/Homozygous/Female/movie46/rei_cstHmF26_11_2020_result_ana.mat,/home/bgeurten/cstart_experiments/rei/Homozygous/Female/movie46/rei_cstHmF26_11-2020.avi,,,,,,,/home/bgeurten/fishDataBase/cst_rei-HM_08-2019_F_26_ID#1215/trace_mm.csv
rei-HM,F,32,c-start,08-2019,923.0,4615,5.0,,,,,,/home/bgeurten/fishDataBase/cst_rei-HM_08-2019_F_32_ID#1216/midLineUniform_pix.csv,,,,/home/bgeurten/cstart_experiments/rei/Homozygous/Female/movie52/rei_cstHmF32_11-2020.smr,/home/bgeurten/cstart_experiments/rei/Homozygous/Female/movie52/rei_cstHmF32_11-2020.S2R,,,/home/bgeurten/cstart_experiments/rei/Homozygous/Female/movie52/rei_cstHmF32_11_2020_result.mat,/home/bgeurten/cstart_experiments/rei/Homozygous/Female/movie52/rei_cstHmF32_11_2020_result_ana.mat,/home/bgeurten/cstart_experiments/rei/Homozygous/Female/movie52/rei_cstHmF32_11-2020.avi,1.1275560000000002,1.1267550000000002,83.0,592.5968066141496,729.0,/home/bgeurten/fishDataBase/cst_rei-HM_08-2019_F_32_ID#1216/spike_train_df.csv,/home/bgeurten/fishDataBase/cst_rei-HM_08-2019_F_32_ID#1216/trace_mm.csv
rei-HM,F,33,c-start,08-2019,923.0,4615,5.0,,,,,,,,,,/home/bgeurten/cstart_experiments/rei/Homozygous/Female/movie53/rei_cstHmF33_11-2020.smr,/home/bgeurten/cstart_experiments/rei/Homozygous/Female/movie53/rei_cstHmF33_11-2020.S2R,,,/home/bgeurten/cstart_experiments/rei/Homozygous/Female/movie53/rei_cstHmF33_11_2020_result.mat,/home/bgeurten/cstart_experiments/rei/Homozygous/Female/movie53/rei_cstHmF33_11_2020_result_ana.mat,/home/bgeurten/cstart_experiments/rei/Homozygous/Female/movie53/rei_cstHmF33_11-2020.avi,1.1304000000000003,1.127088,63.0,494.9294532627374,717.0,/home/bgeurten/fishDataBase/cst_rei-HM_08-2019_F_33_ID#1217/spike_train_df.csv,/home/bgeurten/fishDataBase/cst_rei-HM_08-2019_F_33_ID#1217/trace_mm.csv
rei-INT,M,8,c-start,08-2019,924.0,4620,5.0,,,,,,/home/bgeurten/fishDataBase/cst_rei-INT_08-2019_M_8_ID#1218/midLineUniform_pix.csv,/home/bgeurten/fishDataBase/cst_rei-INT_08-2019_M_8_ID#1218/head_mm.csv,/home/bgeurten/fishDataBase/cst_rei-INT_08-2019_M_8_ID#1218/tail_mm.csv,,/home/bgeurten/cstart_experiments/rei/IntWild/Male/movie38/IntM8.smr,/home/bgeurten/cstart_experiments/rei/IntWild/Male/movie38/IntM8.S2R,,/home/bgeurten/cstart_experiments/rei/IntWild/Male/movie38/IntM8_box.csv,/home/bgeurten/cstart_experiments/rei/IntWild/Male/movie38/C_START_rei_11_2018_IntM8_result.mat,/home/bgeurten/cstart_experiments/rei/IntWild/Male/movie38/C_START_rei_11_2018_IntM8_result_ana.mat,/home/bgeurten/cstart_experiments/rei/IntWild/Male/movie38/IntM8.avi,0.028799999999999937,0.038375999999999966,46.0,701.0234500085124,746.0,/home/bgeurten/fishDataBase/cst_rei-INT_08-2019_M_8_ID#1218/spike_train_df.csv,/home/bgeurten/fishDataBase/cst_rei-INT_08-2019_M_8_ID#1218/trace_mm.csv
rei-INT,M,30,c-start,08-2019,923.0,4615,5.0,,,,,,/home/bgeurten/fishDataBase/cst_rei-INT_08-2019_M_30_ID#1219/midLineUniform_pix.csv,,,,/home/bgeurten/cstart_experiments/rei/IntWild/Male/movie3/rei_cstIntWM3_06-2020.smr,/home/bgeurten/cstart_experiments/rei/IntWild/Male/movie3/rei_cstIntWM3_06-2020.S2R,,,/home/bgeurten/cstart_experiments/rei/IntWild/Male/movie3/rei_cstIntWM3_06_2020_result.mat,/home/bgeurten/cstart_experiments/rei/IntWild/Male/movie3/rei_cstIntWM3_06_2020_result_ana.mat,/home/bgeurten/cstart_experiments/rei/IntWild/Male/movie3/rei_cstIntWM3_06-2020.avi,,,,,,,/home/bgeurten/fishDataBase/cst_rei-INT_08-2019_M_30_ID#1219/trace_mm.csv
rei-INT,M,34,c-start,08-2019,923.0,4615,5.0,,,,,,/home/bgeurten/fishDataBase/cst_rei-INT_08-2019_M_34_ID#1220/midLineUniform_pix.csv,,,,/home/bgeurten/cstart_experiments/rei/IntWild/Male/movie34/rei_cstIntWM34_06-2020.smr,/home/bgeurten/cstart_experiments/rei/IntWild/Male/movie34/rei_cstIntWM34_06-2020.S2R,,,/home/bgeurten/cstart_experiments/rei/IntWild/Male/movie34/rei_cstIntWM34_06_2020_result.mat,/home/bgeurten/cstart_experiments/rei/IntWild/Male/movie34/rei_cstIntWM34_06_2020_result_ana.mat,/home/bgeurten/cstart_experiments/rei/IntWild/Male/movie34/rei_cstIntWM34_06-2020.avi,,,,,,,/home/bgeurten/fishDataBase/cst_rei-INT_08-2019_M_34_ID#1220/trace_mm.csv
rei-INT,M,18,c-start,08-2019,922.0,4613,5.003253796095445,,,,,,/home/bgeurten/fishDataBase/cst_rei-INT_08-2019_M_18_ID#1221/midLineUniform_pix.csv,,,,/home/bgeurten/cstart_experiments/rei/IntWild/Male/movie18/rei_cstIntWM18_06-2020.smr,/home/bgeurten/cstart_experiments/rei/IntWild/Male/movie18/rei_cstIntWM18_06-2020.S2R,,,/home/bgeurten/cstart_experiments/rei/IntWild/Male/movie18/rei_cstIntWM18_06_2020_result.mat,/home/bgeurten/cstart_experiments/rei/IntWild/Male/movie18/rei_cstIntWM18_06_2020_result_ana.mat,/home/bgeurten/cstart_experiments/rei/IntWild/Male/movie18/rei_cstIntWM18_06-2020.avi,,,,,,,/home/bgeurten/fishDataBase/cst_rei-INT_08-2019_M_18_ID#1221/trace_mm.csv
rei-INT,M,26,c-start,08-2019,923.0,4615,5.0,,,,,,/home/bgeurten/fishDataBase/cst_rei-INT_08-2019_M_26_ID#1222/midLineUniform_pix.csv,,,,/home/bgeurten/cstart_experiments/rei/IntWild/Male/movie26/rei_cstIntWM26_06-2020.smr,/home/bgeurten/cstart_experiments/rei/IntWild/Male/movie26/rei_cstIntWM26_06-2020.S2R,,,/home/bgeurten/cstart_experiments/rei/IntWild/Male/movie26/rei_cstIntWM26_06_2020_result.mat,/home/bgeurten/cstart_experiments/rei/IntWild/Male/movie26/rei_cstIntWM26_06_2020_result_ana.mat,/home/bgeurten/cstart_experiments/rei/IntWild/Male/movie26/rei_cstIntWM26_06-2020.avi,,,,,,,/home/bgeurten/fishDataBase/cst_rei-INT_08-2019_M_26_ID#1222/trace_mm.csv
rei-INT,M,4,c-start,08-2019,924.0,4619,4.998917748917749,,,,,,/home/bgeurten/fishDataBase/cst_rei-INT_08-2019_M_4_ID#1223/midLineUniform_pix.csv,/home/bgeurten/fishDataBase/cst_rei-INT_08-2019_M_4_ID#1223/head_mm.csv,/home/bgeurten/fishDataBase/cst_rei-INT_08-2019_M_4_ID#1223/tail_mm.csv,,/home/bgeurten/cstart_experiments/rei/IntWild/Male/movie36a/IntM4I.smr,/home/bgeurten/cstart_experiments/rei/IntWild/Male/movie36a/IntM4I.S2R,,/home/bgeurten/cstart_experiments/rei/IntWild/Male/movie36a/IntM4I_box.csv,/home/bgeurten/cstart_experiments/rei/IntWild/Male/movie36a/C_START_rei_11_2018_IntM4_I_result.mat,/home/bgeurten/cstart_experiments/rei/IntWild/Male/movie36a/C_START_rei_11_2018_IntM4_I_result_ana.mat,/home/bgeurten/cstart_experiments/rei/IntWild/Male/movie36a/IntM4I.avi,0.01585800000000015,0.004563000000000095,92.0,848.176420695475,3400.0,/home/bgeurten/fishDataBase/cst_rei-INT_08-2019_M_4_ID#1223/spike_train_df.csv,/home/bgeurten/fishDataBase/cst_rei-INT_08-2019_M_4_ID#1223/trace_mm.csv
rei-INT,M,10,c-start,08-2019,923.0,4615,5.0,,,,,,/home/bgeurten/fishDataBase/cst_rei-INT_08-2019_M_10_ID#1224/midLineUniform_pix.csv,,,,/home/bgeurten/cstart_experiments/rei/IntWild/Male/movie10a/rei_cstIntWM10I_06-2020.smr,/home/bgeurten/cstart_experiments/rei/IntWild/Male/movie10a/rei_cstIntWM10I_06-2020.S2R,,,/home/bgeurten/cstart_experiments/rei/IntWild/Male/movie10a/rei_cstIntWM10I_06_2020_result.mat,/home/bgeurten/cstart_experiments/rei/IntWild/Male/movie10a/rei_cstIntWM10I_06_2020_result_ana.mat,/home/bgeurten/cstart_experiments/rei/IntWild/Male/movie10a/rei_cstIntWM10I_06-2020.avi,1.1217149999999998,0.00873899999999983,35.0,416.14648356218703,1914.0,/home/bgeurten/fishDataBase/cst_rei-INT_08-2019_M_10_ID#1224/spike_train_df.csv,/home/bgeurten/fishDataBase/cst_rei-INT_08-2019_M_10_ID#1224/trace_mm.csv
rei-INT,M,6,c-start,08-2019,924.0,4620,5.0,,,,,,/home/bgeurten/fishDataBase/cst_rei-INT_08-2019_M_6_ID#1225/midLineUniform_pix.csv,/home/bgeurten/fishDataBase/cst_rei-INT_08-2019_M_6_ID#1225/head_mm.csv,/home/bgeurten/fishDataBase/cst_rei-INT_08-2019_M_6_ID#1225/tail_mm.csv,,/home/bgeurten/cstart_experiments/rei/IntWild/Male/movie37b/IntM6II.smr,/home/bgeurten/cstart_experiments/rei/IntWild/Male/movie37b/IntM6II.S2R,,/home/bgeurten/cstart_experiments/rei/IntWild/Male/movie37b/IntM6II_box.csv,/home/bgeurten/cstart_experiments/rei/IntWild/Male/movie37b/C_START_rei_11_2018_IntM6_II_result.mat,/home/bgeurten/cstart_experiments/rei/IntWild/Male/movie37b/C_START_rei_11_2018_IntM6_II_result_ana.mat,/home/bgeurten/cstart_experiments/rei/IntWild/Male/movie37b/IntM6II.avi,0.018540000000000223,0.020456999999999947,38.0,607.1645415907062,925.0,/home/bgeurten/fishDataBase/cst_rei-INT_08-2019_M_6_ID#1225/spike_train_df.csv,/home/bgeurten/fishDataBase/cst_rei-INT_08-2019_M_6_ID#1225/trace_mm.csv
rei-INT,M,20,c-start,08-2019,923.0,4615,5.0,,,,,,/home/bgeurten/fishDataBase/cst_rei-INT_08-2019_M_20_ID#1226/midLineUniform_pix.csv,,,,/home/bgeurten/cstart_experiments/rei/IntWild/Male/movie20/rei_cstIntWM20_06-2020.smr,/home/bgeurten/cstart_experiments/rei/IntWild/Male/movie20/rei_cstIntWM20_06-2020.S2R,,,/home/bgeurten/cstart_experiments/rei/IntWild/Male/movie20/rei_cstIntWM20_06_2020_result.mat,/home/bgeurten/cstart_experiments/rei/IntWild/Male/movie20/rei_cstIntWM20_06_2020_result_ana.mat,/home/bgeurten/cstart_experiments/rei/IntWild/Male/movie20/rei_cstIntWM20_06-2020.avi,,,,,,,/home/bgeurten/fishDataBase/cst_rei-INT_08-2019_M_20_ID#1226/trace_mm.csv
rei-INT,M,28,c-start,08-2019,922.0,4614,5.004338394793926,,,,,,/home/bgeurten/fishDataBase/cst_rei-INT_08-2019_M_28_ID#1227/midLineUniform_pix.csv,,,,/home/bgeurten/cstart_experiments/rei/IntWild/Male/movie28a/rei_cstIntWM28I_06-2020.smr,/home/bgeurten/cstart_experiments/rei/IntWild/Male/movie28a/rei_cstIntWM28I_06-2020.S2R,,,/home/bgeurten/cstart_experiments/rei/IntWild/Male/movie28a/rei_cstIntWM28I_06_2020_result.mat,/home/bgeurten/cstart_experiments/rei/IntWild/Male/movie28a/rei_cstIntWM28I_06_2020_result_ana.mat,/home/bgeurten/cstart_experiments/rei/IntWild/Male/movie28a/rei_cstIntWM28I_06-2020.avi,1.12554,0.004220999999999919,50.0,444.4444444444276,1714.0,/home/bgeurten/fishDataBase/cst_rei-INT_08-2019_M_28_ID#1227/spike_train_df.csv,/home/bgeurten/fishDataBase/cst_rei-INT_08-2019_M_28_ID#1227/trace_mm.csv
rei-INT,M,25,c-start,08-2019,922.0,4613,5.003253796095445,,,,,,/home/bgeurten/fishDataBase/cst_rei-INT_08-2019_M_25_ID#1228/midLineUniform_pix.csv,,,,/home/bgeurten/cstart_experiments/rei/IntWild/Male/movie25/rei_cstIntWM25_06-2020.smr,/home/bgeurten/cstart_experiments/rei/IntWild/Male/movie25/rei_cstIntWM25_06-2020.S2R,,,/home/bgeurten/cstart_experiments/rei/IntWild/Male/movie25/rei_cstIntWM25_06_2020_result.mat,/home/bgeurten/cstart_experiments/rei/IntWild/Male/movie25/rei_cstIntWM25_06_2020_result_ana.mat,/home/bgeurten/cstart_experiments/rei/IntWild/Male/movie25/rei_cstIntWM25_06-2020.avi,1.4038110000000001,0.18692999999999993,53.0,487.366936001039,575.0,/home/bgeurten/fishDataBase/cst_rei-INT_08-2019_M_25_ID#1228/spike_train_df.csv,/home/bgeurten/fishDataBase/cst_rei-INT_08-2019_M_25_ID#1228/trace_mm.csv
rei-INT,M,13,c-start,08-2019,924.0,4620,5.0,,,,,,,/home/bgeurten/fishDataBase/cst_rei-INT_08-2019_M_13_ID#1229/head_mm.csv,/home/bgeurten/fishDataBase/cst_rei-INT_08-2019_M_13_ID#1229/tail_mm.csv,,/home/bgeurten/cstart_experiments/rei/IntWild/Male/movie41/IntM13I.smr,/home/bgeurten/cstart_experiments/rei/IntWild/Male/movie41/IntM13I.S2R,,/home/bgeurten/cstart_experiments/rei/IntWild/Male/movie41/IntM13I_box.csv,/home/bgeurten/cstart_experiments/rei/IntWild/Male/movie41/C_START_rei_11_2018_IntM13_I_result.mat,/home/bgeurten/cstart_experiments/rei/IntWild/Male/movie41/C_START_rei_11_2018_IntM13_I_result_ana.mat,/home/bgeurten/cstart_experiments/rei/IntWild/Male/movie41/IntM13I.avi,0.031022999999999912,0.03356100000000006,5.0,44.49784185467012,46.0,/home/bgeurten/fishDataBase/cst_rei-INT_08-2019_M_13_ID#1229/spike_train_df.csv,/home/bgeurten/fishDataBase/cst_rei-INT_08-2019_M_13_ID#1229/trace_mm.csv
rei-INT,M,90,c-start,08-2019,923.0,4615,5.0,,,,,,/home/bgeurten/fishDataBase/cst_rei-INT_08-2019_M_90_ID#1230/midLineUniform_pix.csv,,,,/home/bgeurten/cstart_experiments/rei/IntWild/Male/movie9/rei_cstIntWM9_06-2020.smr,/home/bgeurten/cstart_experiments/rei/IntWild/Male/movie9/rei_cstIntWM9_06-2020.S2R,,,/home/bgeurten/cstart_experiments/rei/IntWild/Male/movie9/rei_cstIntWM9_06_2020_result.mat,/home/bgeurten/cstart_experiments/rei/IntWild/Male/movie9/rei_cstIntWM9_06_2020_result_ana.mat,/home/bgeurten/cstart_experiments/rei/IntWild/Male/movie9/rei_cstIntWM9_06-2020.avi,1.124172,0.012897000000000158,87.0,416.14648356218703,854.0,/home/bgeurten/fishDataBase/cst_rei-INT_08-2019_M_90_ID#1230/spike_train_df.csv,/home/bgeurten/fishDataBase/cst_rei-INT_08-2019_M_90_ID#1230/trace_mm.csv
rei-INT,M,33,c-start,08-2019,922.0,4615,5.005422993492408,,,,,,/home/bgeurten/fishDataBase/cst_rei-INT_08-2019_M_33_ID#1231/midLineUniform_pix.csv,,,,/home/bgeurten/cstart_experiments/rei/IntWild/Male/movie33/rei_cstIntWM33_06-2020.smr,/home/bgeurten/cstart_experiments/rei/IntWild/Male/movie33/rei_cstIntWM33_06-2020.S2R,,,/home/bgeurten/cstart_experiments/rei/IntWild/Male/movie33/rei_cstIntWM33_06_2020_result.mat,/home/bgeurten/cstart_experiments/rei/IntWild/Male/movie33/rei_cstIntWM33_06_2020_result_ana.mat,/home/bgeurten/cstart_experiments/rei/IntWild/Male/movie33/rei_cstIntWM33_06-2020.avi,,,,,,,/home/bgeurten/fishDataBase/cst_rei-INT_08-2019_M_33_ID#1231/trace_mm.csv
rei-INT,M,60,c-start,08-2019,923.0,4614,4.998916576381365,,,,,,/home/bgeurten/fishDataBase/cst_rei-INT_08-2019_M_60_ID#1232/midLineUniform_pix.csv,,,,/home/bgeurten/cstart_experiments/rei/IntWild/Male/movie6/rei_cstIntWM6_06-2020.smr,/home/bgeurten/cstart_experiments/rei/IntWild/Male/movie6/rei_cstIntWM6_06-2020.S2R,,,/home/bgeurten/cstart_experiments/rei/IntWild/Male/movie6/rei_cstIntWM6_06_2020_result.mat,/home/bgeurten/cstart_experiments/rei/IntWild/Male/movie6/rei_cstIntWM6_06_2020_result_ana.mat,/home/bgeurten/cstart_experiments/rei/IntWild/Male/movie6/rei_cstIntWM6_06-2020.avi,1.1244690000000002,0.13850099999999999,62.0,469.8165232385408,788.0,/home/bgeurten/fishDataBase/cst_rei-INT_08-2019_M_60_ID#1232/spike_train_df.csv,/home/bgeurten/fishDataBase/cst_rei-INT_08-2019_M_60_ID#1232/trace_mm.csv
rei-INT,M,12,c-start,08-2019,923.0,4615,5.0,,,,,,/home/bgeurten/fishDataBase/cst_rei-INT_08-2019_M_12_ID#1233/midLineUniform_pix.csv,/home/bgeurten/fishDataBase/cst_rei-INT_08-2019_M_12_ID#1233/head_mm.csv,/home/bgeurten/fishDataBase/cst_rei-INT_08-2019_M_12_ID#1233/tail_mm.csv,,/home/bgeurten/cstart_experiments/rei/IntWild/Male/movie12/rei_cstIntWM12_06-2020.smr,/home/bgeurten/cstart_experiments/rei/IntWild/Male/movie12/rei_cstIntWM12_06-2020.S2R,,/home/bgeurten/cstart_experiments/rei/IntWild/Male/movie40/IntM12_box.csv,/home/bgeurten/cstart_experiments/rei/IntWild/Male/movie12/rei_cstIntWM12_06_2020_result.mat,/home/bgeurten/cstart_experiments/rei/IntWild/Male/movie12/rei_cstIntWM12_06_2020_result_ana.mat,/home/bgeurten/cstart_experiments/rei/IntWild/Male/movie12/rei_cstIntWM12_06-2020.avi,,,,,,,/home/bgeurten/fishDataBase/cst_rei-INT_08-2019_M_12_ID#1233/trace_mm.csv
rei-INT,M,17,c-start,08-2019,923.0,4614,4.998916576381365,,,,,,/home/bgeurten/fishDataBase/cst_rei-INT_08-2019_M_17_ID#1234/midLineUniform_pix.csv,/home/bgeurten/fishDataBase/cst_rei-INT_08-2019_M_17_ID#1234/head_mm.csv,/home/bgeurten/fishDataBase/cst_rei-INT_08-2019_M_17_ID#1234/tail_mm.csv,,/home/bgeurten/cstart_experiments/rei/IntWild/Male/movie17/rei_cstIntWM17_06-2020.smr,/home/bgeurten/cstart_experiments/rei/IntWild/Male/movie17/rei_cstIntWM17_06-2020.S2R,,/home/bgeurten/cstart_experiments/rei/IntWild/Male/movie42a/IntM17I_box.csv,/home/bgeurten/cstart_experiments/rei/IntWild/Male/movie17/rei_cstIntWM17_06_2020_result.mat,/home/bgeurten/cstart_experiments/rei/IntWild/Male/movie17/rei_cstIntWM17_06_2020_result_ana.mat,/home/bgeurten/cstart_experiments/rei/IntWild/Male/movie17/rei_cstIntWM17_06-2020.avi,1.1217689999999998,0.13629599999999997,76.0,351.61744022502666,601.0,/home/bgeurten/fishDataBase/cst_rei-INT_08-2019_M_17_ID#1234/spike_train_df.csv,/home/bgeurten/fishDataBase/cst_rei-INT_08-2019_M_17_ID#1234/trace_mm.csv
rei-INT,M,11,c-start,08-2019,923.0,4615,5.0,,,,,,/home/bgeurten/fishDataBase/cst_rei-INT_08-2019_M_11_ID#1235/midLineUniform_pix.csv,,,,/home/bgeurten/cstart_experiments/rei/IntWild/Male/movie11/rei_cstIntWM11_06-2020.smr,/home/bgeurten/cstart_experiments/rei/IntWild/Male/movie11/rei_cstIntWM11_06-2020.S2R,,,/home/bgeurten/cstart_experiments/rei/IntWild/Male/movie11/rei_cstIntWM11_06_2020_result.mat,/home/bgeurten/cstart_experiments/rei/IntWild/Male/movie11/rei_cstIntWM11_06_2020_result_ana.mat,/home/bgeurten/cstart_experiments/rei/IntWild/Male/movie11/rei_cstIntWM11_06-2020.avi,1.130535,0.012402000000000024,52.0,384.4675124951502,545.0,/home/bgeurten/fishDataBase/cst_rei-INT_08-2019_M_11_ID#1235/spike_train_df.csv,/home/bgeurten/fishDataBase/cst_rei-INT_08-2019_M_11_ID#1235/trace_mm.csv
rei-INT,M,70,c-start,08-2019,922.0,4615,5.005422993492408,,,,,,/home/bgeurten/fishDataBase/cst_rei-INT_08-2019_M_70_ID#1236/midLineUniform_pix.csv,,,,/home/bgeurten/cstart_experiments/rei/IntWild/Male/movie7/rei_cstIntWM7_06-2020.smr,/home/bgeurten/cstart_experiments/rei/IntWild/Male/movie7/rei_cstIntWM7_06-2020.S2R,,,/home/bgeurten/cstart_experiments/rei/IntWild/Male/movie7/rei_cstIntWM7_06_2020_result.mat,/home/bgeurten/cstart_experiments/rei/IntWild/Male/movie7/rei_cstIntWM7_06_2020_result_ana.mat,/home/bgeurten/cstart_experiments/rei/IntWild/Male/movie7/rei_cstIntWM7_06-2020.avi,,,,,,,/home/bgeurten/fishDataBase/cst_rei-INT_08-2019_M_70_ID#1236/trace_mm.csv
rei-INT,M,40,c-start,08-2019,923.0,4615,5.0,,,,,,/home/bgeurten/fishDataBase/cst_rei-INT_08-2019_M_40_ID#1237/midLineUniform_pix.csv,,,,/home/bgeurten/cstart_experiments/rei/IntWild/Male/movie4/rei_cstIntWM4_06-2020.smr,/home/bgeurten/cstart_experiments/rei/IntWild/Male/movie4/rei_cstIntWM4_06-2020.S2R,,,/home/bgeurten/cstart_experiments/rei/IntWild/Male/movie4/rei_cstIntWM4_06_2020_result.mat,/home/bgeurten/cstart_experiments/rei/IntWild/Male/movie4/rei_cstIntWM4_06_2020_result_ana.mat,/home/bgeurten/cstart_experiments/rei/IntWild/Male/movie4/rei_cstIntWM4_06-2020.avi,,,,,,,/home/bgeurten/fishDataBase/cst_rei-INT_08-2019_M_40_ID#1237/trace_mm.csv
rei-INT,M,35,c-start,08-2019,923.0,4615,5.0,,,,,,/home/bgeurten/fishDataBase/cst_rei-INT_08-2019_M_35_ID#1238/midLineUniform_pix.csv,,,,/home/bgeurten/cstart_experiments/rei/IntWild/Male/movie35/rei_cstIntWM35_06-2020.smr,/home/bgeurten/cstart_experiments/rei/IntWild/Male/movie35/rei_cstIntWM35_06-2020.S2R,,,/home/bgeurten/cstart_experiments/rei/IntWild/Male/movie35/rei_cstIntWM35_06_2020_result.mat,/home/bgeurten/cstart_experiments/rei/IntWild/Male/movie35/rei_cstIntWM35_06_2020_result_ana.mat,/home/bgeurten/cstart_experiments/rei/IntWild/Male/movie35/rei_cstIntWM35_06-2020.avi,,,,,,,/home/bgeurten/fishDataBase/cst_rei-INT_08-2019_M_35_ID#1238/trace_mm.csv
rei-INT,M,29,c-start,08-2019,923.0,4615,5.0,,,,,,/home/bgeurten/fishDataBase/cst_rei-INT_08-2019_M_29_ID#1239/midLineUniform_pix.csv,,,,/home/bgeurten/cstart_experiments/rei/IntWild/Male/movie29/rei_cstIntWM29_06-2020.smr,/home/bgeurten/cstart_experiments/rei/IntWild/Male/movie29/rei_cstIntWM29_06-2020.S2R,,,/home/bgeurten/cstart_experiments/rei/IntWild/Male/movie29/rei_cstIntWM29_06_2020_result.mat,/home/bgeurten/cstart_experiments/rei/IntWild/Male/movie29/rei_cstIntWM29_06_2020_result_ana.mat,/home/bgeurten/cstart_experiments/rei/IntWild/Male/movie29/rei_cstIntWM29_06-2020.avi,,,,,,,/home/bgeurten/fishDataBase/cst_rei-INT_08-2019_M_29_ID#1239/trace_mm.csv
rei-INT,M,15,c-start,08-2019,923.0,4615,5.0,,,,,,/home/bgeurten/fishDataBase/cst_rei-INT_08-2019_M_15_ID#1240/midLineUniform_pix.csv,,,,/home/bgeurten/cstart_experiments/rei/IntWild/Male/movie15/rei_cstIntWM15_06-2020.smr,/home/bgeurten/cstart_experiments/rei/IntWild/Male/movie15/rei_cstIntWM15_06-2020.S2R,,,/home/bgeurten/cstart_experiments/rei/IntWild/Male/movie15/rei_cstIntWM15_06_2020_result.mat,/home/bgeurten/cstart_experiments/rei/IntWild/Male/movie15/rei_cstIntWM15_06_2020_result_ana.mat,/home/bgeurten/cstart_experiments/rei/IntWild/Male/movie15/rei_cstIntWM15_06-2020.avi,1.118376,0.004040999999999961,52.0,408.4967320261058,1366.0,/home/bgeurten/fishDataBase/cst_rei-INT_08-2019_M_15_ID#1240/spike_train_df.csv,/home/bgeurten/fishDataBase/cst_rei-INT_08-2019_M_15_ID#1240/trace_mm.csv
rei-INT,M,22,c-start,08-2019,923.0,4615,5.0,,,,,,/home/bgeurten/fishDataBase/cst_rei-INT_08-2019_M_22_ID#1241/midLineUniform_pix.csv,,,,/home/bgeurten/cstart_experiments/rei/IntWild/Male/movie22/rei_cstIntWM22_06-2020.smr,/home/bgeurten/cstart_experiments/rei/IntWild/Male/movie22/rei_cstIntWM22_06-2020.S2R,,,/home/bgeurten/cstart_experiments/rei/IntWild/Male/movie22/rei_cstIntWM22_06_2020_result.mat,/home/bgeurten/cstart_experiments/rei/IntWild/Male/movie22/rei_cstIntWM22_06_2020_result_ana.mat,/home/bgeurten/cstart_experiments/rei/IntWild/Male/movie22/rei_cstIntWM22_06-2020.avi,1.1224710000000002,0.44955900000000004,37.0,498.2561036373018,608.0,/home/bgeurten/fishDataBase/cst_rei-INT_08-2019_M_22_ID#1241/spike_train_df.csv,/home/bgeurten/fishDataBase/cst_rei-INT_08-2019_M_22_ID#1241/trace_mm.csv
rei-INT,M,23,c-start,08-2019,923.0,4615,5.0,,,,,,/home/bgeurten/fishDataBase/cst_rei-INT_08-2019_M_23_ID#1242/midLineUniform_pix.csv,,,,/home/bgeurten/cstart_experiments/rei/IntWild/Male/movie23/rei_cstIntWM23_06-2020.smr,/home/bgeurten/cstart_experiments/rei/IntWild/Male/movie23/rei_cstIntWM23_06-2020.S2R,,,/home/bgeurten/cstart_experiments/rei/IntWild/Male/movie23/rei_cstIntWM23_06_2020_result.mat,/home/bgeurten/cstart_experiments/rei/IntWild/Male/movie23/rei_cstIntWM23_06_2020_result_ana.mat,/home/bgeurten/cstart_experiments/rei/IntWild/Male/movie23/rei_cstIntWM23_06-2020.avi,,,,,,,/home/bgeurten/fishDataBase/cst_rei-INT_08-2019_M_23_ID#1242/trace_mm.csv
rei-INT,M,16,c-start,08-2019,923.0,4615,5.0,,,,,,/home/bgeurten/fishDataBase/cst_rei-INT_08-2019_M_16_ID#1243/midLineUniform_pix.csv,,,,/home/bgeurten/cstart_experiments/rei/IntWild/Male/movie16/rei_cstIntWM16_06-2020.smr,/home/bgeurten/cstart_experiments/rei/IntWild/Male/movie16/rei_cstIntWM16_06-2020.S2R,,,/home/bgeurten/cstart_experiments/rei/IntWild/Male/movie16/rei_cstIntWM16_06_2020_result.mat,/home/bgeurten/cstart_experiments/rei/IntWild/Male/movie16/rei_cstIntWM16_06_2020_result_ana.mat,/home/bgeurten/cstart_experiments/rei/IntWild/Male/movie16/rei_cstIntWM16_06-2020.avi,1.152846,0.005642999999999843,82.0,555.5555555554797,1265.0,/home/bgeurten/fishDataBase/cst_rei-INT_08-2019_M_16_ID#1243/spike_train_df.csv,/home/bgeurten/fishDataBase/cst_rei-INT_08-2019_M_16_ID#1243/trace_mm.csv
rei-INT,M,50,c-start,08-2019,923.0,4615,5.0,,,,,,/home/bgeurten/fishDataBase/cst_rei-INT_08-2019_M_50_ID#1244/midLineUniform_pix.csv,,,,/home/bgeurten/cstart_experiments/rei/IntWild/Male/movie5/rei_cstIntWM5_06-2020.smr,/home/bgeurten/cstart_experiments/rei/IntWild/Male/movie5/rei_cstIntWM5_06-2020.S2R,,,/home/bgeurten/cstart_experiments/rei/IntWild/Male/movie5/rei_cstIntWM5_06_2020_result.mat,/home/bgeurten/cstart_experiments/rei/IntWild/Male/movie5/rei_cstIntWM5_06_2020_result_ana.mat,/home/bgeurten/cstart_experiments/rei/IntWild/Male/movie5/rei_cstIntWM5_06-2020.avi,,,,,,,/home/bgeurten/fishDataBase/cst_rei-INT_08-2019_M_50_ID#1244/trace_mm.csv
rei-INT,M,27,c-start,08-2019,923.0,4615,5.0,,,,,,/home/bgeurten/fishDataBase/cst_rei-INT_08-2019_M_27_ID#1245/midLineUniform_pix.csv,,,,/home/bgeurten/cstart_experiments/rei/IntWild/Male/movie27/rei_cstIntWM27_06-2020.smr,/home/bgeurten/cstart_experiments/rei/IntWild/Male/movie27/rei_cstIntWM27_06-2020.S2R,,,/home/bgeurten/cstart_experiments/rei/IntWild/Male/movie27/rei_cstIntWM27_06_2020_result.mat,/home/bgeurten/cstart_experiments/rei/IntWild/Male/movie27/rei_cstIntWM27_06_2020_result_ana.mat,/home/bgeurten/cstart_experiments/rei/IntWild/Male/movie27/rei_cstIntWM27_06-2020.avi,,,,,,,/home/bgeurten/fishDataBase/cst_rei-INT_08-2019_M_27_ID#1245/trace_mm.csv
rei-INT,M,19,c-start,08-2019,923.0,4615,5.0,,,,,,/home/bgeurten/fishDataBase/cst_rei-INT_08-2019_M_19_ID#1246/midLineUniform_pix.csv,,,,/home/bgeurten/cstart_experiments/rei/IntWild/Male/movie19/rei_cstIntWM19_06-2020.smr,/home/bgeurten/cstart_experiments/rei/IntWild/Male/movie19/rei_cstIntWM19_06-2020.S2R,,,/home/bgeurten/cstart_experiments/rei/IntWild/Male/movie19/rei_cstIntWM19_06_2020_result.mat,/home/bgeurten/cstart_experiments/rei/IntWild/Male/movie19/rei_cstIntWM19_06_2020_result_ana.mat,/home/bgeurten/cstart_experiments/rei/IntWild/Male/movie19/rei_cstIntWM19_06-2020.avi,1.1305259999999997,0.00469799999999998,36.0,356.6979049294214,1772.0,/home/bgeurten/fishDataBase/cst_rei-INT_08-2019_M_19_ID#1246/spike_train_df.csv,/home/bgeurten/fishDataBase/cst_rei-INT_08-2019_M_19_ID#1246/trace_mm.csv
rei-INT,M,31,c-start,08-2019,923.0,4615,5.0,,,,,,/home/bgeurten/fishDataBase/cst_rei-INT_08-2019_M_31_ID#1247/midLineUniform_pix.csv,,,,/home/bgeurten/cstart_experiments/rei/IntWild/Male/movie31/rei_cstIntWM31_06-2020.smr,/home/bgeurten/cstart_experiments/rei/IntWild/Male/movie31/rei_cstIntWM31_06-2020.S2R,,,/home/bgeurten/cstart_experiments/rei/IntWild/Male/movie31/rei_cstIntWM31_06_2020_result.mat,/home/bgeurten/cstart_experiments/rei/IntWild/Male/movie31/rei_cstIntWM31_06_2020_result_ana.mat,/home/bgeurten/cstart_experiments/rei/IntWild/Male/movie31/rei_cstIntWM31_06-2020.avi,1.1399309999999998,0.0036450000000001204,42.0,384.4675124951502,1611.0,/home/bgeurten/fishDataBase/cst_rei-INT_08-2019_M_31_ID#1247/spike_train_df.csv,/home/bgeurten/fishDataBase/cst_rei-INT_08-2019_M_31_ID#1247/trace_mm.csv
rei-INT,M,9,c-start,08-2019,924.0,4619,4.998917748917749,,,,,,/home/bgeurten/fishDataBase/cst_rei-INT_08-2019_M_9_ID#1248/midLineUniform_pix.csv,/home/bgeurten/fishDataBase/cst_rei-INT_08-2019_M_9_ID#1248/head_mm.csv,/home/bgeurten/fishDataBase/cst_rei-INT_08-2019_M_9_ID#1248/tail_mm.csv,,/home/bgeurten/cstart_experiments/rei/IntWild/Male/movie39/IntM9.smr,/home/bgeurten/cstart_experiments/rei/IntWild/Male/movie39/IntM9.S2R,,/home/bgeurten/cstart_experiments/rei/IntWild/Male/movie39/IntM9_box.csv,/home/bgeurten/cstart_experiments/rei/IntWild/Male/movie39/C_START_rei_11_2018_IntM9_result.mat,/home/bgeurten/cstart_experiments/rei/IntWild/Male/movie39/C_START_rei_11_2018_IntM9_result_ana.mat,/home/bgeurten/cstart_experiments/rei/IntWild/Male/movie39/IntM9.avi,0.02421899999999999,0.023930999999999925,15.0,544.6623093682069,430.0,/home/bgeurten/fishDataBase/cst_rei-INT_08-2019_M_9_ID#1248/spike_train_df.csv,/home/bgeurten/fishDataBase/cst_rei-INT_08-2019_M_9_ID#1248/trace_mm.csv
rei-INT,M,21,c-start,08-2019,923.0,4615,5.0,,,,,,/home/bgeurten/fishDataBase/cst_rei-INT_08-2019_M_21_ID#1249/midLineUniform_pix.csv,,,,/home/bgeurten/cstart_experiments/rei/IntWild/Male/movie21/rei_cstIntWM21_06-2020.smr,/home/bgeurten/cstart_experiments/rei/IntWild/Male/movie21/rei_cstIntWM21_06-2020.S2R,,,/home/bgeurten/cstart_experiments/rei/IntWild/Male/movie21/rei_cstIntWM21_06_2020_result.mat,/home/bgeurten/cstart_experiments/rei/IntWild/Male/movie21/rei_cstIntWM21_06_2020_result_ana.mat,/home/bgeurten/cstart_experiments/rei/IntWild/Male/movie21/rei_cstIntWM21_06-2020.avi,1.1285910000000003,0.005157000000000078,33.0,443.5590969455851,2135.0,/home/bgeurten/fishDataBase/cst_rei-INT_08-2019_M_21_ID#1249/spike_train_df.csv,/home/bgeurten/fishDataBase/cst_rei-INT_08-2019_M_21_ID#1249/trace_mm.csv
rei-INT,M,80,c-start,08-2019,922.0,4613,5.003253796095445,,,,,,/home/bgeurten/fishDataBase/cst_rei-INT_08-2019_M_80_ID#1250/midLineUniform_pix.csv,,,,/home/bgeurten/cstart_experiments/rei/IntWild/Male/movie8/rei_cstIntWM8_06-2020.smr,/home/bgeurten/cstart_experiments/rei/IntWild/Male/movie8/rei_cstIntWM8_06-2020.S2R,,,/home/bgeurten/cstart_experiments/rei/IntWild/Male/movie8/rei_cstIntWM8_06_2020_result.mat,/home/bgeurten/cstart_experiments/rei/IntWild/Male/movie8/rei_cstIntWM8_06_2020_result_ana.mat,/home/bgeurten/cstart_experiments/rei/IntWild/Male/movie8/rei_cstIntWM8_06-2020.avi,,,,,,,/home/bgeurten/fishDataBase/cst_rei-INT_08-2019_M_80_ID#1250/trace_mm.csv
rei-INT,M,24,c-start,08-2019,923.0,4615,5.0,,,,,,/home/bgeurten/fishDataBase/cst_rei-INT_08-2019_M_24_ID#1251/midLineUniform_pix.csv,,,,/home/bgeurten/cstart_experiments/rei/IntWild/Male/movie24/rei_cstIntWM24_06-2020.smr,/home/bgeurten/cstart_experiments/rei/IntWild/Male/movie24/rei_cstIntWM24_06-2020.S2R,,,/home/bgeurten/cstart_experiments/rei/IntWild/Male/movie24/rei_cstIntWM24_06_2020_result.mat,/home/bgeurten/cstart_experiments/rei/IntWild/Male/movie24/rei_cstIntWM24_06_2020_result_ana.mat,/home/bgeurten/cstart_experiments/rei/IntWild/Male/movie24/rei_cstIntWM24_06-2020.avi,,,,,,,/home/bgeurten/fishDataBase/cst_rei-INT_08-2019_M_24_ID#1251/trace_mm.csv
rei-INT,M,32,c-start,08-2019,923.0,4615,5.0,,,,,,/home/bgeurten/fishDataBase/cst_rei-INT_08-2019_M_32_ID#1252/midLineUniform_pix.csv,,,,/home/bgeurten/cstart_experiments/rei/IntWild/Male/movie32/rei_cstIntWM32_06-2020.smr,/home/bgeurten/cstart_experiments/rei/IntWild/Male/movie32/rei_cstIntWM32_06-2020.S2R,,,/home/bgeurten/cstart_experiments/rei/IntWild/Male/movie32/rei_cstIntWM32_06_2020_result.mat,/home/bgeurten/cstart_experiments/rei/IntWild/Male/movie32/rei_cstIntWM32_06_2020_result_ana.mat,/home/bgeurten/cstart_experiments/rei/IntWild/Male/movie32/rei_cstIntWM32_06-2020.avi,,,,,,,/home/bgeurten/fishDataBase/cst_rei-INT_08-2019_M_32_ID#1252/trace_mm.csv
rei-INT,M,14,c-start,08-2019,923.0,4615,5.0,,,,,,/home/bgeurten/fishDataBase/cst_rei-INT_08-2019_M_14_ID#1253/midLineUniform_pix.csv,,,,/home/bgeurten/cstart_experiments/rei/IntWild/Male/movie14/rei_cstIntWM14_06-2020.smr,/home/bgeurten/cstart_experiments/rei/IntWild/Male/movie14/rei_cstIntWM14_06-2020.S2R,,,/home/bgeurten/cstart_experiments/rei/IntWild/Male/movie14/rei_cstIntWM14_06_2020_result.mat,/home/bgeurten/cstart_experiments/rei/IntWild/Male/movie14/rei_cstIntWM14_06_2020_result_ana.mat,/home/bgeurten/cstart_experiments/rei/IntWild/Male/movie14/rei_cstIntWM14_06-2020.avi,1.1252969999999998,0.17810100000000006,50.0,597.3715651133588,1169.0,/home/bgeurten/fishDataBase/cst_rei-INT_08-2019_M_14_ID#1253/spike_train_df.csv,/home/bgeurten/fishDataBase/cst_rei-INT_08-2019_M_14_ID#1253/trace_mm.csv
rei-INT,F,33,c-start,08-2019,923.0,4615,5.0,,,,,,/home/bgeurten/fishDataBase/cst_rei-INT_08-2019_F_33_ID#1254/midLineUniform_pix.csv,,,,/home/bgeurten/cstart_experiments/rei/IntWild/Female/movie33b/rei_cstIntWF33II_06-2020.smr,/home/bgeurten/cstart_experiments/rei/IntWild/Female/movie33b/rei_cstIntWF33II_06-2020.S2R,,,/home/bgeurten/cstart_experiments/rei/IntWild/Female/movie33b/rei_cstIntWF33II_06_2020_result.mat,/home/bgeurten/cstart_experiments/rei/IntWild/Female/movie33b/rei_cstIntWF33II_06_2020_result_ana.mat,/home/bgeurten/cstart_experiments/rei/IntWild/Female/movie33b/rei_cstIntWF33II_06-2020.avi,1.1189790000000002,0.008658000000000055,75.0,284.1716396703748,1028.0,/home/bgeurten/fishDataBase/cst_rei-INT_08-2019_F_33_ID#1254/spike_train_df.csv,/home/bgeurten/fishDataBase/cst_rei-INT_08-2019_F_33_ID#1254/trace_mm.csv
rei-INT,F,2,c-start,08-2019,923.0,4615,5.0,,,,,,/home/bgeurten/fishDataBase/cst_rei-INT_08-2019_F_2_ID#1255/midLineUniform_pix.csv,/home/bgeurten/fishDataBase/cst_rei-INT_08-2019_F_2_ID#1255/head_mm.csv,/home/bgeurten/fishDataBase/cst_rei-INT_08-2019_F_2_ID#1255/tail_mm.csv,,/home/bgeurten/cstart_experiments/rei/IntWild/Female/movie2a/rei_cstIntWF2I_06-2020.smr,/home/bgeurten/cstart_experiments/rei/IntWild/Female/movie2a/rei_cstIntWF2I_06-2020.S2R,,/home/bgeurten/cstart_experiments/rei/IntWild/Female/movie38/IntF2_box.csv,/home/bgeurten/cstart_experiments/rei/IntWild/Female/movie2a/rei_cstIntWF2I_06_2020_result.mat,/home/bgeurten/cstart_experiments/rei/IntWild/Female/movie2a/rei_cstIntWF2I_06_2020_result_ana.mat,/home/bgeurten/cstart_experiments/rei/IntWild/Female/movie2a/rei_cstIntWF2I_06-2020.avi,1.093311,0.003483000000000014,13.0,1122.3344556675406,5358.0,/home/bgeurten/fishDataBase/cst_rei-INT_08-2019_F_2_ID#1255/spike_train_df.csv,/home/bgeurten/fishDataBase/cst_rei-INT_08-2019_F_2_ID#1255/trace_mm.csv
rei-INT,F,34,c-start,08-2019,923.0,4615,5.0,,,,,,,,,,/home/bgeurten/cstart_experiments/rei/IntWild/Female/movie34/rei_cstIntWF34_06-2020.smr,/home/bgeurten/cstart_experiments/rei/IntWild/Female/movie34/rei_cstIntWF34_06-2020.S2R,,,/home/bgeurten/cstart_experiments/rei/IntWild/Female/movie34/rei_cstIntWF34_06_2020_result.mat,/home/bgeurten/cstart_experiments/rei/IntWild/Female/movie34/rei_cstIntWF34_06_2020_result_ana.mat,/home/bgeurten/cstart_experiments/rei/IntWild/Female/movie34/rei_cstIntWF34_06-2020.avi,1.131525,0.007586999999999899,33.0,315.65656565655974,1020.0,/home/bgeurten/fishDataBase/cst_rei-INT_08-2019_F_34_ID#1256/spike_train_df.csv,/home/bgeurten/fishDataBase/cst_rei-INT_08-2019_F_34_ID#1256/trace_mm.csv
rei-INT,F,18,c-start,08-2019,923.0,4615,5.0,,,,,,/home/bgeurten/fishDataBase/cst_rei-INT_08-2019_F_18_ID#1257/midLineUniform_pix.csv,,,,/home/bgeurten/cstart_experiments/rei/IntWild/Female/movie18a/rei_cstIntWF18I_06-2020.smr,/home/bgeurten/cstart_experiments/rei/IntWild/Female/movie18a/rei_cstIntWF18I_06-2020.S2R,,,/home/bgeurten/cstart_experiments/rei/IntWild/Female/movie18a/rei_cstIntWF18I_06_2020_result.mat,/home/bgeurten/cstart_experiments/rei/IntWild/Female/movie18a/rei_cstIntWF18I_06_2020_result_ana.mat,/home/bgeurten/cstart_experiments/rei/IntWild/Female/movie18a/rei_cstIntWF18I_06-2020.avi,0.718569,0.004886999999999864,28.0,340.8316291752142,1966.0,/home/bgeurten/fishDataBase/cst_rei-INT_08-2019_F_18_ID#1257/spike_train_df.csv,/home/bgeurten/fishDataBase/cst_rei-INT_08-2019_F_18_ID#1257/trace_mm.csv
rei-INT,F,26,c-start,08-2019,923.0,4615,5.0,,,,,,/home/bgeurten/fishDataBase/cst_rei-INT_08-2019_F_26_ID#1258/midLineUniform_pix.csv,,,,/home/bgeurten/cstart_experiments/rei/IntWild/Female/movie26a/rei_cstIntWF26I_06-2020.smr,/home/bgeurten/cstart_experiments/rei/IntWild/Female/movie26a/rei_cstIntWF26I_06-2020.S2R,,,/home/bgeurten/cstart_experiments/rei/IntWild/Female/movie26a/rei_cstIntWF26I_06_2020_result.mat,/home/bgeurten/cstart_experiments/rei/IntWild/Female/movie26a/rei_cstIntWF26I_06_2020_result_ana.mat,/home/bgeurten/cstart_experiments/rei/IntWild/Female/movie26a/rei_cstIntWF26I_06-2020.avi,1.147428,0.005913000000000057,20.0,332.6679973386735,1797.0,/home/bgeurten/fishDataBase/cst_rei-INT_08-2019_F_26_ID#1258/spike_train_df.csv,/home/bgeurten/fishDataBase/cst_rei-INT_08-2019_F_26_ID#1258/trace_mm.csv
rei-INT,F,15,c-start,08-2019,923.0,4613,4.99783315276273,,,,,,/home/bgeurten/fishDataBase/cst_rei-INT_08-2019_F_15_ID#1259/midLineUniform_pix.csv,/home/bgeurten/fishDataBase/cst_rei-INT_08-2019_F_15_ID#1259/head_mm.csv,/home/bgeurten/fishDataBase/cst_rei-INT_08-2019_F_15_ID#1259/tail_mm.csv,,/home/bgeurten/cstart_experiments/rei/IntWild/Female/movie15b/rei_cstIntWF15II_06-2020.smr,/home/bgeurten/cstart_experiments/rei/IntWild/Female/movie15b/rei_cstIntWF15II_06-2020.S2R,,/home/bgeurten/cstart_experiments/rei/IntWild/Female/movie49/IntF15II_box.csv,/home/bgeurten/cstart_experiments/rei/IntWild/Female/movie15b/rei_cstIntWF15II_06_2020_result.mat,/home/bgeurten/cstart_experiments/rei/IntWild/Female/movie15b/rei_cstIntWF15II_06_2020_result_ana.mat,/home/bgeurten/cstart_experiments/rei/IntWild/Female/movie15b/rei_cstIntWF15II_06-2020.avi,1.1181150000000002,0.00454499999999991,55.0,427.3504273503852,1527.0,/home/bgeurten/fishDataBase/cst_rei-INT_08-2019_F_15_ID#1259/spike_train_df.csv,/home/bgeurten/fishDataBase/cst_rei-INT_08-2019_F_15_ID#1259/trace_mm.csv
rei-INT,F,1,c-start,08-2019,924.0,4620,5.0,,,,,,,/home/bgeurten/fishDataBase/cst_rei-INT_08-2019_F_1_ID#1260/head_mm.csv,/home/bgeurten/fishDataBase/cst_rei-INT_08-2019_F_1_ID#1260/tail_mm.csv,,/home/bgeurten/cstart_experiments/rei/IntWild/Female/movie37/IntF1.smr,/home/bgeurten/cstart_experiments/rei/IntWild/Female/movie37/IntF1.S2R,,/home/bgeurten/cstart_experiments/rei/IntWild/Female/movie37/IntF1_box.csv,/home/bgeurten/cstart_experiments/rei/IntWild/Female/movie37/C_START_rei_11_2018_IntF1_result.mat,/home/bgeurten/cstart_experiments/rei/IntWild/Female/movie37/C_START_rei_11_2018_IntF1_result_ana.mat,/home/bgeurten/cstart_experiments/rei/IntWild/Female/movie37/IntF1.avi,0.02535299999999996,0.0041040000000001076,4.0,509.6839959225807,3063.0,/home/bgeurten/fishDataBase/cst_rei-INT_08-2019_F_1_ID#1260/spike_train_df.csv,/home/bgeurten/fishDataBase/cst_rei-INT_08-2019_F_1_ID#1260/trace_mm.csv
rei-INT,F,10,c-start,08-2019,924.0,4620,5.0,,,,,,/home/bgeurten/fishDataBase/cst_rei-INT_08-2019_F_10_ID#1261/midLineUniform_pix.csv,/home/bgeurten/fishDataBase/cst_rei-INT_08-2019_F_10_ID#1261/head_mm.csv,/home/bgeurten/fishDataBase/cst_rei-INT_08-2019_F_10_ID#1261/tail_mm.csv,,/home/bgeurten/cstart_experiments/rei/IntWild/Female/movie44I/IntF10I.smr,/home/bgeurten/cstart_experiments/rei/IntWild/Female/movie44I/IntF10I.S2R,,/home/bgeurten/cstart_experiments/rei/IntWild/Female/movie44I/IntF10I_box.csv,/home/bgeurten/cstart_experiments/rei/IntWild/Female/movie44I/C_START_rei_11_2018_IntF10_I_result.mat,/home/bgeurten/cstart_experiments/rei/IntWild/Female/movie44I/C_START_rei_11_2018_IntF10_I_result_ana.mat,/home/bgeurten/cstart_experiments/rei/IntWild/Female/movie44I/IntF10I.avi,0.017441999999999958,0.0030599999999999516,104.0,1683.5016835017304,6822.0,/home/bgeurten/fishDataBase/cst_rei-INT_08-2019_F_10_ID#1261/spike_train_df.csv,/home/bgeurten/fishDataBase/cst_rei-INT_08-2019_F_10_ID#1261/trace_mm.csv
rei-INT,F,13,c-start,08-2019,920.0,4610,5.010869565217392,,,,,,/home/bgeurten/fishDataBase/cst_rei-INT_08-2019_F_13_ID#1262/midLineUniform_pix.csv,/home/bgeurten/fishDataBase/cst_rei-INT_08-2019_F_13_ID#1262/head_mm.csv,/home/bgeurten/fishDataBase/cst_rei-INT_08-2019_F_13_ID#1262/tail_mm.csv,,/home/bgeurten/cstart_experiments/rei/IntWild/Female/movie13b/rei_cstIntWF13II_06-2020.smr,/home/bgeurten/cstart_experiments/rei/IntWild/Female/movie13b/rei_cstIntWF13II_06-2020.S2R,,/home/bgeurten/cstart_experiments/rei/IntWild/Female/movie47/IntF13_box.csv,/home/bgeurten/cstart_experiments/rei/IntWild/Female/movie13b/rei_cstIntWF13II_06_2020_result.mat,/home/bgeurten/cstart_experiments/rei/IntWild/Female/movie13b/rei_cstIntWF13II_06_2020_result_ana.mat,/home/bgeurten/cstart_experiments/rei/IntWild/Female/movie13b/rei_cstIntWF13II_06-2020.avi,0.01801800000000009,0.005597999999999992,48.0,149.3428912783793,829.0,/home/bgeurten/fishDataBase/cst_rei-INT_08-2019_F_13_ID#1262/spike_train_df.csv,/home/bgeurten/fishDataBase/cst_rei-INT_08-2019_F_13_ID#1262/trace_mm.csv
rei-INT,F,14,c-start,08-2019,922.0,4614,5.004338394793926,,,,,,,/home/bgeurten/fishDataBase/cst_rei-INT_08-2019_F_14_ID#1263/head_mm.csv,/home/bgeurten/fishDataBase/cst_rei-INT_08-2019_F_14_ID#1263/tail_mm.csv,,/home/bgeurten/cstart_experiments/rei/IntWild/Female/movie14/rei_cstIntWF14_06-2020.smr,/home/bgeurten/cstart_experiments/rei/IntWild/Female/movie14/rei_cstIntWF14_06-2020.S2R,,/home/bgeurten/cstart_experiments/rei/IntWild/Female/movie48/IntF14_box.csv,/home/bgeurten/cstart_experiments/rei/IntWild/Female/movie14/rei_cstIntWF14_06_2020_result.mat,/home/bgeurten/cstart_experiments/rei/IntWild/Female/movie14/rei_cstIntWF14_06_2020_result_ana.mat,/home/bgeurten/cstart_experiments/rei/IntWild/Female/movie14/rei_cstIntWF14_06-2020.avi,,,,,,,/home/bgeurten/fishDataBase/cst_rei-INT_08-2019_F_14_ID#1263/trace_mm.csv
rei-INT,F,30,c-start,08-2019,923.0,4615,5.0,,,,,,/home/bgeurten/fishDataBase/cst_rei-INT_08-2019_F_30_ID#1264/midLineUniform_pix.csv,,,,/home/bgeurten/cstart_experiments/rei/IntWild/Female/movie30b/rei_cstIntWF30II_06-2020.smr,/home/bgeurten/cstart_experiments/rei/IntWild/Female/movie30b/rei_cstIntWF30II_06-2020.S2R,,,/home/bgeurten/cstart_experiments/rei/IntWild/Female/movie30b/rei_cstIntWF30II_06_2020_result.mat,/home/bgeurten/cstart_experiments/rei/IntWild/Female/movie30b/rei_cstIntWF30II_06_2020_result_ana.mat,/home/bgeurten/cstart_experiments/rei/IntWild/Female/movie30b/rei_cstIntWF30II_06-2020.avi,1.1370419999999999,0.003843000000000041,58.0,375.3753753753441,1925.0,/home/bgeurten/fishDataBase/cst_rei-INT_08-2019_F_30_ID#1264/spike_train_df.csv,/home/bgeurten/fishDataBase/cst_rei-INT_08-2019_F_30_ID#1264/trace_mm.csv
rei-INT,F,24,c-start,08-2019,923.0,4613,4.99783315276273,,,,,,/home/bgeurten/fishDataBase/cst_rei-INT_08-2019_F_24_ID#1265/midLineUniform_pix.csv,,,,/home/bgeurten/cstart_experiments/rei/IntWild/Female/movie24a/rei_cstIntWF24I_06-2020.smr,/home/bgeurten/cstart_experiments/rei/IntWild/Female/movie24a/rei_cstIntWF24I_06-2020.S2R,,,/home/bgeurten/cstart_experiments/rei/IntWild/Female/movie24a/rei_cstIntWF24I_06_2020_result.mat,/home/bgeurten/cstart_experiments/rei/IntWild/Female/movie24a/rei_cstIntWF24I_06_2020_result_ana.mat,/home/bgeurten/cstart_experiments/rei/IntWild/Female/movie24a/rei_cstIntWF24I_06-2020.avi,1.127286,0.004005000000000036,50.0,351.61744022502666,1824.0,/home/bgeurten/fishDataBase/cst_rei-INT_08-2019_F_24_ID#1265/spike_train_df.csv,/home/bgeurten/fishDataBase/cst_rei-INT_08-2019_F_24_ID#1265/trace_mm.csv
rei-INT,F,28,c-start,08-2019,923.0,4613,4.99783315276273,,,,,,/home/bgeurten/fishDataBase/cst_rei-INT_08-2019_F_28_ID#1266/midLineUniform_pix.csv,,,,/home/bgeurten/cstart_experiments/rei/IntWild/Female/movie28a/rei_cstIntWF28I_06-2020.smr,/home/bgeurten/cstart_experiments/rei/IntWild/Female/movie28a/rei_cstIntWF28I_06-2020.S2R,,,/home/bgeurten/cstart_experiments/rei/IntWild/Female/movie28a/rei_cstIntWF28I_06_2020_result.mat,/home/bgeurten/cstart_experiments/rei/IntWild/Female/movie28a/rei_cstIntWF28I_06_2020_result_ana.mat,/home/bgeurten/cstart_experiments/rei/IntWild/Female/movie28a/rei_cstIntWF28I_06-2020.avi,1.1375639999999998,0.012275999999999954,42.0,210.4377104377163,916.0,/home/bgeurten/fishDataBase/cst_rei-INT_08-2019_F_28_ID#1266/spike_train_df.csv,/home/bgeurten/fishDataBase/cst_rei-INT_08-2019_F_28_ID#1266/trace_mm.csv
rei-INT,F,25,c-start,08-2019,923.0,4615,5.0,,,,,,/home/bgeurten/fishDataBase/cst_rei-INT_08-2019_F_25_ID#1267/midLineUniform_pix.csv,,,,/home/bgeurten/cstart_experiments/rei/IntWild/Female/movie25/rei_cstIntWF25_06-2020.smr,/home/bgeurten/cstart_experiments/rei/IntWild/Female/movie25/rei_cstIntWF25_06-2020.S2R,,,/home/bgeurten/cstart_experiments/rei/IntWild/Female/movie25/rei_cstIntWF25_06_2020_result.mat,/home/bgeurten/cstart_experiments/rei/IntWild/Female/movie25/rei_cstIntWF25_06_2020_result_ana.mat,/home/bgeurten/cstart_experiments/rei/IntWild/Female/movie25/rei_cstIntWF25_06-2020.avi,,,,,,,/home/bgeurten/fishDataBase/cst_rei-INT_08-2019_F_25_ID#1267/trace_mm.csv
rei-INT,F,90,c-start,08-2019,922.0,4615,5.005422993492408,,,,,,/home/bgeurten/fishDataBase/cst_rei-INT_08-2019_F_90_ID#1268/midLineUniform_pix.csv,,,,/home/bgeurten/cstart_experiments/rei/IntWild/Female/movie9/rei_cstIntWF9_06-2020.smr,/home/bgeurten/cstart_experiments/rei/IntWild/Female/movie9/rei_cstIntWF9_06-2020.S2R,,,/home/bgeurten/cstart_experiments/rei/IntWild/Female/movie9/rei_cstIntWF9_06_2020_result.mat,/home/bgeurten/cstart_experiments/rei/IntWild/Female/movie9/rei_cstIntWF9_06_2020_result_ana.mat,/home/bgeurten/cstart_experiments/rei/IntWild/Female/movie9/rei_cstIntWF9_06-2020.avi,1.8965789999999996,0.008280000000000065,39.0,419.28721173998855,1971.0,/home/bgeurten/fishDataBase/cst_rei-INT_08-2019_F_90_ID#1268/spike_train_df.csv,/home/bgeurten/fishDataBase/cst_rei-INT_08-2019_F_90_ID#1268/trace_mm.csv
rei-INT,F,60,c-start,08-2019,923.0,4615,5.0,,,,,,/home/bgeurten/fishDataBase/cst_rei-INT_08-2019_F_60_ID#1269/midLineUniform_pix.csv,,,,/home/bgeurten/cstart_experiments/rei/IntWild/Female/movie6/rei_cstIntWF6_06-2020.smr,/home/bgeurten/cstart_experiments/rei/IntWild/Female/movie6/rei_cstIntWF6_06-2020.S2R,,,/home/bgeurten/cstart_experiments/rei/IntWild/Female/movie6/rei_cstIntWF6_06_2020_result.mat,/home/bgeurten/cstart_experiments/rei/IntWild/Female/movie6/rei_cstIntWF6_06_2020_result_ana.mat,/home/bgeurten/cstart_experiments/rei/IntWild/Female/movie6/rei_cstIntWF6_06-2020.avi,1.1341710000000003,1.1324969999999999,58.0,440.92405083217,708.0,/home/bgeurten/fishDataBase/cst_rei-INT_08-2019_F_60_ID#1269/spike_train_df.csv,/home/bgeurten/fishDataBase/cst_rei-INT_08-2019_F_60_ID#1269/trace_mm.csv
rei-INT,F,5,c-start,08-2019,924.0,4619,4.998917748917749,,,,,,/home/bgeurten/fishDataBase/cst_rei-INT_08-2019_F_5_ID#1270/midLineUniform_pix.csv,/home/bgeurten/fishDataBase/cst_rei-INT_08-2019_F_5_ID#1270/head_mm.csv,/home/bgeurten/fishDataBase/cst_rei-INT_08-2019_F_5_ID#1270/tail_mm.csv,,/home/bgeurten/cstart_experiments/rei/IntWild/Female/movie40/IntF5.smr,/home/bgeurten/cstart_experiments/rei/IntWild/Female/movie40/IntF5.S2R,,/home/bgeurten/cstart_experiments/rei/IntWild/Female/movie40/IntF5_box.csv,/home/bgeurten/cstart_experiments/rei/IntWild/Female/movie40/C_START_rei_11_2018_IntF5_result.mat,/home/bgeurten/cstart_experiments/rei/IntWild/Female/movie40/C_START_rei_11_2018_IntF5_result_ana.mat,/home/bgeurten/cstart_experiments/rei/IntWild/Female/movie40/IntF5.avi,0.02170800000000006,0.003078000000000025,3.0,1063.2885632885482,4015.0,/home/bgeurten/fishDataBase/cst_rei-INT_08-2019_F_5_ID#1270/spike_train_df.csv,/home/bgeurten/fishDataBase/cst_rei-INT_08-2019_F_5_ID#1270/trace_mm.csv
rei-INT,F,11,c-start,08-2019,924.0,4620,5.0,,,,,,/home/bgeurten/fishDataBase/cst_rei-INT_08-2019_F_11_ID#1271/midLineUniform_pix.csv,/home/bgeurten/fishDataBase/cst_rei-INT_08-2019_F_11_ID#1271/head_mm.csv,/home/bgeurten/fishDataBase/cst_rei-INT_08-2019_F_11_ID#1271/tail_mm.csv,,/home/bgeurten/cstart_experiments/rei/IntWild/Female/movie45/IntF11.smr,/home/bgeurten/cstart_experiments/rei/IntWild/Female/movie45/IntF11.S2R,,/home/bgeurten/cstart_experiments/rei/IntWild/Female/movie45/IntF11_box.csv,/home/bgeurten/cstart_experiments/rei/IntWild/Female/movie45/C_START_rei_11_2018_IntF11_result.mat,/home/bgeurten/cstart_experiments/rei/IntWild/Female/movie45/C_START_rei_11_2018_IntF11_result_ana.mat,/home/bgeurten/cstart_experiments/rei/IntWild/Female/movie45/IntF11.avi,,,,,,,/home/bgeurten/fishDataBase/cst_rei-INT_08-2019_F_11_ID#1271/trace_mm.csv
rei-INT,F,70,c-start,08-2019,923.0,4614,4.998916576381365,,,,,,/home/bgeurten/fishDataBase/cst_rei-INT_08-2019_F_70_ID#1272/midLineUniform_pix.csv,,,,/home/bgeurten/cstart_experiments/rei/IntWild/Female/movie7/rei_cstIntWF7_06-2020.smr,/home/bgeurten/cstart_experiments/rei/IntWild/Female/movie7/rei_cstIntWF7_06-2020.S2R,,,/home/bgeurten/cstart_experiments/rei/IntWild/Female/movie7/rei_cstIntWF7_06_2020_result.mat,/home/bgeurten/cstart_experiments/rei/IntWild/Female/movie7/rei_cstIntWF7_06_2020_result_ana.mat,/home/bgeurten/cstart_experiments/rei/IntWild/Female/movie7/rei_cstIntWF7_06-2020.avi,1.618092,0.00723600000000002,31.0,297.107649092036,1071.0,/home/bgeurten/fishDataBase/cst_rei-INT_08-2019_F_70_ID#1272/spike_train_df.csv,/home/bgeurten/fishDataBase/cst_rei-INT_08-2019_F_70_ID#1272/trace_mm.csv
rei-INT,F,40,c-start,08-2019,923.0,4615,5.0,,,,,,/home/bgeurten/fishDataBase/cst_rei-INT_08-2019_F_40_ID#1273/midLineUniform_pix.csv,,,,/home/bgeurten/cstart_experiments/rei/IntWild/Female/movie4/rei_cstIntWF4_06-2020.smr,/home/bgeurten/cstart_experiments/rei/IntWild/Female/movie4/rei_cstIntWF4_06-2020.S2R,,,/home/bgeurten/cstart_experiments/rei/IntWild/Female/movie4/rei_cstIntWF4_06_2020_result.mat,/home/bgeurten/cstart_experiments/rei/IntWild/Female/movie4/rei_cstIntWF4_06_2020_result_ana.mat,/home/bgeurten/cstart_experiments/rei/IntWild/Female/movie4/rei_cstIntWF4_06-2020.avi,1.1137500000000002,0.2636369999999999,68.0,526.5929436545903,679.0,/home/bgeurten/fishDataBase/cst_rei-INT_08-2019_F_40_ID#1273/spike_train_df.csv,/home/bgeurten/fishDataBase/cst_rei-INT_08-2019_F_40_ID#1273/trace_mm.csv
rei-INT,F,8,c-start,08-2019,924.0,4620,5.0,,,,,,,/home/bgeurten/fishDataBase/cst_rei-INT_08-2019_F_8_ID#1274/head_mm.csv,/home/bgeurten/fishDataBase/cst_rei-INT_08-2019_F_8_ID#1274/tail_mm.csv,,/home/bgeurten/cstart_experiments/rei/IntWild/Female/movie42/IntF8.smr,/home/bgeurten/cstart_experiments/rei/IntWild/Female/movie42/IntF8.S2R,,/home/bgeurten/cstart_experiments/rei/IntWild/Female/movie42/IntF8_box.csv,/home/bgeurten/cstart_experiments/rei/IntWild/Female/movie42/C_START_rei_11_2018_IntF8_result.mat,/home/bgeurten/cstart_experiments/rei/IntWild/Female/movie42/C_START_rei_11_2018_IntF8_result_ana.mat,/home/bgeurten/cstart_experiments/rei/IntWild/Female/movie42/IntF8.avi,0.02894400000000008,0.003996000000000111,13.0,949.6676163345097,4151.0,/home/bgeurten/fishDataBase/cst_rei-INT_08-2019_F_8_ID#1274/spike_train_df.csv,/home/bgeurten/fishDataBase/cst_rei-INT_08-2019_F_8_ID#1274/trace_mm.csv
rei-INT,F,35,c-start,08-2019,923.0,4614,4.998916576381365,,,,,,/home/bgeurten/fishDataBase/cst_rei-INT_08-2019_F_35_ID#1275/midLineUniform_pix.csv,,,,/home/bgeurten/cstart_experiments/rei/IntWild/Female/movie35/rei_cstIntWF35_06-2020.smr,/home/bgeurten/cstart_experiments/rei/IntWild/Female/movie35/rei_cstIntWF35_06-2020.S2R,,,/home/bgeurten/cstart_experiments/rei/IntWild/Female/movie35/rei_cstIntWF35_06_2020_result.mat,/home/bgeurten/cstart_experiments/rei/IntWild/Female/movie35/rei_cstIntWF35_06_2020_result_ana.mat,/home/bgeurten/cstart_experiments/rei/IntWild/Female/movie35/rei_cstIntWF35_06-2020.avi,1.132524,1.130643,28.0,223.34094712725613,358.0,/home/bgeurten/fishDataBase/cst_rei-INT_08-2019_F_35_ID#1275/spike_train_df.csv,/home/bgeurten/fishDataBase/cst_rei-INT_08-2019_F_35_ID#1275/trace_mm.csv
rei-INT,F,29,c-start,08-2019,923.0,4614,4.998916576381365,,,,,,/home/bgeurten/fishDataBase/cst_rei-INT_08-2019_F_29_ID#1276/midLineUniform_pix.csv,,,,/home/bgeurten/cstart_experiments/rei/IntWild/Female/movie29/rei_cstIntWF29_06-2020.smr,/home/bgeurten/cstart_experiments/rei/IntWild/Female/movie29/rei_cstIntWF29_06-2020.S2R,,,/home/bgeurten/cstart_experiments/rei/IntWild/Female/movie29/rei_cstIntWF29_06_2020_result.mat,/home/bgeurten/cstart_experiments/rei/IntWild/Female/movie29/rei_cstIntWF29_06_2020_result_ana.mat,/home/bgeurten/cstart_experiments/rei/IntWild/Female/movie29/rei_cstIntWF29_06-2020.avi,1.1377530000000002,0.005967000000000056,52.0,332.66799733864895,1771.0,/home/bgeurten/fishDataBase/cst_rei-INT_08-2019_F_29_ID#1276/spike_train_df.csv,/home/bgeurten/fishDataBase/cst_rei-INT_08-2019_F_29_ID#1276/trace_mm.csv
rei-INT,F,22,c-start,08-2019,922.0,4615,5.005422993492408,,,,,,/home/bgeurten/fishDataBase/cst_rei-INT_08-2019_F_22_ID#1277/midLineUniform_pix.csv,,,,/home/bgeurten/cstart_experiments/rei/IntWild/Female/movie22/rei_cstIntWF22_06-2020.smr,/home/bgeurten/cstart_experiments/rei/IntWild/Female/movie22/rei_cstIntWF22_06-2020.S2R,,,/home/bgeurten/cstart_experiments/rei/IntWild/Female/movie22/rei_cstIntWF22_06_2020_result.mat,/home/bgeurten/cstart_experiments/rei/IntWild/Female/movie22/rei_cstIntWF22_06_2020_result_ana.mat,/home/bgeurten/cstart_experiments/rei/IntWild/Female/movie22/rei_cstIntWF22_06-2020.avi,1.1324070000000002,0.2971800000000001,46.0,152.41579027586135,311.0,/home/bgeurten/fishDataBase/cst_rei-INT_08-2019_F_22_ID#1277/spike_train_df.csv,/home/bgeurten/fishDataBase/cst_rei-INT_08-2019_F_22_ID#1277/trace_mm.csv
rei-INT,F,32,c-start,08-2019,923.0,4615,5.0,,,,,,/home/bgeurten/fishDataBase/cst_rei-INT_08-2019_F_32_ID#1278/midLineUniform_pix.csv,,,,/home/bgeurten/cstart_experiments/rei/IntWild/Female/movie32b/rei_cstIntWF32II_06-2020.smr,/home/bgeurten/cstart_experiments/rei/IntWild/Female/movie32b/rei_cstIntWF32II_06-2020.S2R,,,/home/bgeurten/cstart_experiments/rei/IntWild/Female/movie32b/rei_cstIntWF32II_06_2020_result.mat,/home/bgeurten/cstart_experiments/rei/IntWild/Female/movie32b/rei_cstIntWF32II_06_2020_result_ana.mat,/home/bgeurten/cstart_experiments/rei/IntWild/Female/movie32b/rei_cstIntWF32II_06-2020.avi,1.1304990000000001,0.003222000000000058,27.0,308.64197530865056,1790.0,/home/bgeurten/fishDataBase/cst_rei-INT_08-2019_F_32_ID#1278/spike_train_df.csv,/home/bgeurten/fishDataBase/cst_rei-INT_08-2019_F_32_ID#1278/trace_mm.csv
rei-INT,F,23,c-start,08-2019,923.0,4615,5.0,,,,,,/home/bgeurten/fishDataBase/cst_rei-INT_08-2019_F_23_ID#1279/midLineUniform_pix.csv,,,,/home/bgeurten/cstart_experiments/rei/IntWild/Female/movie23/rei_cstIntWF23_06-2020.smr,/home/bgeurten/cstart_experiments/rei/IntWild/Female/movie23/rei_cstIntWF23_06-2020.S2R,,,/home/bgeurten/cstart_experiments/rei/IntWild/Female/movie23/rei_cstIntWF23_06_2020_result.mat,/home/bgeurten/cstart_experiments/rei/IntWild/Female/movie23/rei_cstIntWF23_06_2020_result_ana.mat,/home/bgeurten/cstart_experiments/rei/IntWild/Female/movie23/rei_cstIntWF23_06-2020.avi,1.127421,0.020087999999999884,96.0,248.8568746920687,770.0,/home/bgeurten/fishDataBase/cst_rei-INT_08-2019_F_23_ID#1279/spike_train_df.csv,/home/bgeurten/fishDataBase/cst_rei-INT_08-2019_F_23_ID#1279/trace_mm.csv
rei-INT,F,16,c-start,08-2019,923.0,4615,5.0,,,,,,/home/bgeurten/fishDataBase/cst_rei-INT_08-2019_F_16_ID#1280/midLineUniform_pix.csv,,,,/home/bgeurten/cstart_experiments/rei/IntWild/Female/movie16/rei_cstIntWF16_06-2020.smr,/home/bgeurten/cstart_experiments/rei/IntWild/Female/movie16/rei_cstIntWF16_06-2020.S2R,,,/home/bgeurten/cstart_experiments/rei/IntWild/Female/movie16/rei_cstIntWF16_06_2020_result.mat,/home/bgeurten/cstart_experiments/rei/IntWild/Female/movie16/rei_cstIntWF16_06_2020_result_ana.mat,/home/bgeurten/cstart_experiments/rei/IntWild/Female/movie16/rei_cstIntWF16_06-2020.avi,,,,,,,/home/bgeurten/fishDataBase/cst_rei-INT_08-2019_F_16_ID#1280/trace_mm.csv
rei-INT,F,12,c-start,08-2019,924.0,4620,5.0,,,,,,/home/bgeurten/fishDataBase/cst_rei-INT_08-2019_F_12_ID#1281/midLineUniform_pix.csv,/home/bgeurten/fishDataBase/cst_rei-INT_08-2019_F_12_ID#1281/head_mm.csv,/home/bgeurten/fishDataBase/cst_rei-INT_08-2019_F_12_ID#1281/tail_mm.csv,,/home/bgeurten/cstart_experiments/rei/IntWild/Female/movie46/IntF12.smr,/home/bgeurten/cstart_experiments/rei/IntWild/Female/movie46/IntF12.S2R,,/home/bgeurten/cstart_experiments/rei/IntWild/Female/movie46/IntF12_box.csv,/home/bgeurten/cstart_experiments/rei/IntWild/Female/movie46/C_START_rei_11_2018_IntF12_result.mat,/home/bgeurten/cstart_experiments/rei/IntWild/Female/movie46/C_START_rei_11_2018_IntF12_result_ana.mat,/home/bgeurten/cstart_experiments/rei/IntWild/Female/movie46/IntF12.avi,0.03374100000000002,0.004383000000000248,4.0,1984.126984125874,5040.0,/home/bgeurten/fishDataBase/cst_rei-INT_08-2019_F_12_ID#1281/spike_train_df.csv,/home/bgeurten/fishDataBase/cst_rei-INT_08-2019_F_12_ID#1281/trace_mm.csv
rei-INT,F,6,c-start,08-2019,924.0,4618,4.9978354978354975,,,,,,,/home/bgeurten/fishDataBase/cst_rei-INT_08-2019_F_6_ID#1282/head_mm.csv,/home/bgeurten/fishDataBase/cst_rei-INT_08-2019_F_6_ID#1282/tail_mm.csv,,/home/bgeurten/cstart_experiments/rei/IntWild/Female/movie41/IntF6.smr,/home/bgeurten/cstart_experiments/rei/IntWild/Female/movie41/IntF6.S2R,,/home/bgeurten/cstart_experiments/rei/IntWild/Female/movie41/IntF6_box.csv,/home/bgeurten/cstart_experiments/rei/IntWild/Female/movie41/C_START_rei_11_2018_IntF6_result.mat,/home/bgeurten/cstart_experiments/rei/IntWild/Female/movie41/C_START_rei_11_2018_IntF6_result_ana.mat,/home/bgeurten/cstart_experiments/rei/IntWild/Female/movie41/IntF6.avi,0.021258,0.00412200000000007,11.0,683.7671572958326,2833.0,/home/bgeurten/fishDataBase/cst_rei-INT_08-2019_F_6_ID#1282/spike_train_df.csv,/home/bgeurten/fishDataBase/cst_rei-INT_08-2019_F_6_ID#1282/trace_mm.csv
rei-INT,F,9,c-start,08-2019,924.0,4620,5.0,,,,,,/home/bgeurten/fishDataBase/cst_rei-INT_08-2019_F_9_ID#1283/midLineUniform_pix.csv,/home/bgeurten/fishDataBase/cst_rei-INT_08-2019_F_9_ID#1283/head_mm.csv,/home/bgeurten/fishDataBase/cst_rei-INT_08-2019_F_9_ID#1283/tail_mm.csv,,/home/bgeurten/cstart_experiments/rei/IntWild/Female/movie43/IntF9.smr,/home/bgeurten/cstart_experiments/rei/IntWild/Female/movie43/IntF9.S2R,,/home/bgeurten/cstart_experiments/rei/IntWild/Female/movie43/IntF9_box.csv,/home/bgeurten/cstart_experiments/rei/IntWild/Female/movie43/C_START_rei_11_2018_IntF9_result.mat,/home/bgeurten/cstart_experiments/rei/IntWild/Female/movie43/C_START_rei_11_2018_IntF9_result_ana.mat,/home/bgeurten/cstart_experiments/rei/IntWild/Female/movie43/IntF9.avi,0.01637999999999995,0.0030689999999999884,26.0,712.2507122507321,2925.0,/home/bgeurten/fishDataBase/cst_rei-INT_08-2019_F_9_ID#1283/spike_train_df.csv,/home/bgeurten/fishDataBase/cst_rei-INT_08-2019_F_9_ID#1283/trace_mm.csv
rei-INT,F,50,c-start,08-2019,923.0,4614,4.998916576381365,,,,,,/home/bgeurten/fishDataBase/cst_rei-INT_08-2019_F_50_ID#1284/midLineUniform_pix.csv,,,,/home/bgeurten/cstart_experiments/rei/IntWild/Female/movie5/rei_cstIntWF5_06-2020.smr,/home/bgeurten/cstart_experiments/rei/IntWild/Female/movie5/rei_cstIntWF5_06-2020.S2R,,,/home/bgeurten/cstart_experiments/rei/IntWild/Female/movie5/rei_cstIntWF5_06_2020_result.mat,/home/bgeurten/cstart_experiments/rei/IntWild/Female/movie5/rei_cstIntWF5_06_2020_result_ana.mat,/home/bgeurten/cstart_experiments/rei/IntWild/Female/movie5/rei_cstIntWF5_06-2020.avi,,,,,,,/home/bgeurten/fishDataBase/cst_rei-INT_08-2019_F_50_ID#1284/trace_mm.csv
rei-INT,F,27,c-start,08-2019,923.0,4615,5.0,,,,,,/home/bgeurten/fishDataBase/cst_rei-INT_08-2019_F_27_ID#1285/midLineUniform_pix.csv,,,,/home/bgeurten/cstart_experiments/rei/IntWild/Female/movie27/rei_cstIntWF27_06-2020.smr,/home/bgeurten/cstart_experiments/rei/IntWild/Female/movie27/rei_cstIntWF27_06-2020.S2R,,,/home/bgeurten/cstart_experiments/rei/IntWild/Female/movie27/rei_cstIntWF27_06_2020_result.mat,/home/bgeurten/cstart_experiments/rei/IntWild/Female/movie27/rei_cstIntWF27_06_2020_result_ana.mat,/home/bgeurten/cstart_experiments/rei/IntWild/Female/movie27/rei_cstIntWF27_06-2020.avi,1.1218050000000004,0.0032400000000001317,22.0,352.7336860670016,1983.0,/home/bgeurten/fishDataBase/cst_rei-INT_08-2019_F_27_ID#1285/spike_train_df.csv,/home/bgeurten/fishDataBase/cst_rei-INT_08-2019_F_27_ID#1285/trace_mm.csv
rei-INT,F,19,c-start,08-2019,923.0,4615,5.0,,,,,,/home/bgeurten/fishDataBase/cst_rei-INT_08-2019_F_19_ID#1286/midLineUniform_pix.csv,,,,/home/bgeurten/cstart_experiments/rei/IntWild/Female/movie19/rei_cstIntWF19_06-2020.smr,/home/bgeurten/cstart_experiments/rei/IntWild/Female/movie19/rei_cstIntWF19_06-2020.S2R,,,/home/bgeurten/cstart_experiments/rei/IntWild/Female/movie19/rei_cstIntWF19_06_2020_result.mat,/home/bgeurten/cstart_experiments/rei/IntWild/Female/movie19/rei_cstIntWF19_06_2020_result_ana.mat,/home/bgeurten/cstart_experiments/rei/IntWild/Female/movie19/rei_cstIntWF19_06-2020.avi,,,,,,,/home/bgeurten/fishDataBase/cst_rei-INT_08-2019_F_19_ID#1286/trace_mm.csv
rei-INT,F,31,c-start,08-2019,923.0,4615,5.0,,,,,,/home/bgeurten/fishDataBase/cst_rei-INT_08-2019_F_31_ID#1287/midLineUniform_pix.csv,,,,/home/bgeurten/cstart_experiments/rei/IntWild/Female/movie31/rei_cstIntWF31_06-2020.smr,/home/bgeurten/cstart_experiments/rei/IntWild/Female/movie31/rei_cstIntWF31_06-2020.S2R,,,/home/bgeurten/cstart_experiments/rei/IntWild/Female/movie31/rei_cstIntWF31_06_2020_result.mat,/home/bgeurten/cstart_experiments/rei/IntWild/Female/movie31/rei_cstIntWF31_06_2020_result_ana.mat,/home/bgeurten/cstart_experiments/rei/IntWild/Female/movie31/rei_cstIntWF31_06-2020.avi,1.134684,0.003662999999999972,29.0,314.7623544224125,1897.0,/home/bgeurten/fishDataBase/cst_rei-INT_08-2019_F_31_ID#1287/spike_train_df.csv,/home/bgeurten/fishDataBase/cst_rei-INT_08-2019_F_31_ID#1287/trace_mm.csv
rei-INT,F,4,c-start,08-2019,924.0,4620,5.0,,,,,,,/home/bgeurten/fishDataBase/cst_rei-INT_08-2019_F_4_ID#1288/head_mm.csv,/home/bgeurten/fishDataBase/cst_rei-INT_08-2019_F_4_ID#1288/tail_mm.csv,,/home/bgeurten/cstart_experiments/rei/IntWild/Female/movie39/IntF4.smr,/home/bgeurten/cstart_experiments/rei/IntWild/Female/movie39/IntF4.S2R,,/home/bgeurten/cstart_experiments/rei/IntWild/Female/movie39/IntF4_box.csv,/home/bgeurten/cstart_experiments/rei/IntWild/Female/movie39/C_START_rei_11_2018_IntF4_result.mat,/home/bgeurten/cstart_experiments/rei/IntWild/Female/movie39/C_START_rei_11_2018_IntF4_result_ana.mat,/home/bgeurten/cstart_experiments/rei/IntWild/Female/movie39/IntF4.avi,,,,,,,/home/bgeurten/fishDataBase/cst_rei-INT_08-2019_F_4_ID#1288/trace_mm.csv
rei-INT,F,21,c-start,08-2019,923.0,4615,5.0,,,,,,/home/bgeurten/fishDataBase/cst_rei-INT_08-2019_F_21_ID#1289/midLineUniform_pix.csv,,,,/home/bgeurten/cstart_experiments/rei/IntWild/Female/movie21/rei_cstIntWF21_06-2020.smr,/home/bgeurten/cstart_experiments/rei/IntWild/Female/movie21/rei_cstIntWF21_06-2020.S2R,,,/home/bgeurten/cstart_experiments/rei/IntWild/Female/movie21/rei_cstIntWF21_06_2020_result.mat,/home/bgeurten/cstart_experiments/rei/IntWild/Female/movie21/rei_cstIntWF21_06_2020_result_ana.mat,/home/bgeurten/cstart_experiments/rei/IntWild/Female/movie21/rei_cstIntWF21_06-2020.avi,,,,,,,/home/bgeurten/fishDataBase/cst_rei-INT_08-2019_F_21_ID#1289/trace_mm.csv
rei-INT,F,80,c-start,08-2019,923.0,4614,4.998916576381365,,,,,,,,,,/home/bgeurten/cstart_experiments/rei/IntWild/Female/movie8/rei_cstIntWF8_06-2020.smr,/home/bgeurten/cstart_experiments/rei/IntWild/Female/movie8/rei_cstIntWF8_06-2020.S2R,,,/home/bgeurten/cstart_experiments/rei/IntWild/Female/movie8/rei_cstIntWF8_06_2020_result.mat,/home/bgeurten/cstart_experiments/rei/IntWild/Female/movie8/rei_cstIntWF8_06_2020_result_ana.mat,/home/bgeurten/cstart_experiments/rei/IntWild/Female/movie8/rei_cstIntWF8_06-2020.avi,1.1255670000000004,0.35604000000000013,30.0,333.1674988362241,626.0,/home/bgeurten/fishDataBase/cst_rei-INT_08-2019_F_80_ID#1290/spike_train_df.csv,/home/bgeurten/fishDataBase/cst_rei-INT_08-2019_F_80_ID#1290/trace_mm.csv
rei-INT,F,17,c-start,08-2019,923.0,4615,5.0,,,,,,,,,,/home/bgeurten/cstart_experiments/rei/IntWild/Female/movie17/rei_cstIntWF17_06-2020.smr,/home/bgeurten/cstart_experiments/rei/IntWild/Female/movie17/rei_cstIntWF17_06-2020.S2R,,,/home/bgeurten/cstart_experiments/rei/IntWild/Female/movie17/rei_cstIntWF17_06_2020_result.mat,/home/bgeurten/cstart_experiments/rei/IntWild/Female/movie17/rei_cstIntWF17_06_2020_result_ana.mat,/home/bgeurten/cstart_experiments/rei/IntWild/Female/movie17/rei_cstIntWF17_06-2020.avi,,,,,,,/home/bgeurten/fishDataBase/cst_rei-INT_08-2019_F_17_ID#1291/trace_mm.csv
rei-INT,F,20,c-start,08-2019,923.0,4613,4.99783315276273,,,,,,/home/bgeurten/fishDataBase/cst_rei-INT_08-2019_F_20_ID#1292/midLineUniform_pix.csv,,,,/home/bgeurten/cstart_experiments/rei/IntWild/Female/movie20/rei_cstIntWF20_06-2020.smr,/home/bgeurten/cstart_experiments/rei/IntWild/Female/movie20/rei_cstIntWF20_06-2020.S2R,,,/home/bgeurten/cstart_experiments/rei/IntWild/Female/movie20/rei_cstIntWF20_06_2020_result.mat,/home/bgeurten/cstart_experiments/rei/IntWild/Female/movie20/rei_cstIntWF20_06_2020_result_ana.mat,/home/bgeurten/cstart_experiments/rei/IntWild/Female/movie20/rei_cstIntWF20_06-2020.avi,1.1444939999999997,0.012680999999999942,46.0,348.31069313825765,1508.0,/home/bgeurten/fishDataBase/cst_rei-INT_08-2019_F_20_ID#1292/spike_train_df.csv,/home/bgeurten/fishDataBase/cst_rei-INT_08-2019_F_20_ID#1292/trace_mm.csv
rei-INT,F,36,c-start,08-2019,923.0,4615,5.0,,,,,,/home/bgeurten/fishDataBase/cst_rei-INT_08-2019_F_36_ID#1293/midLineUniform_pix.csv,,,,/home/bgeurten/cstart_experiments/rei/IntWild/Female/movie36/rei_cstIntWF36_06-2020.smr,/home/bgeurten/cstart_experiments/rei/IntWild/Female/movie36/rei_cstIntWF36_06-2020.S2R,,,/home/bgeurten/cstart_experiments/rei/IntWild/Female/movie36/rei_cstIntWF36_06_2020_result.mat,/home/bgeurten/cstart_experiments/rei/IntWild/Female/movie36/rei_cstIntWF36_06_2020_result_ana.mat,/home/bgeurten/cstart_experiments/rei/IntWild/Female/movie36/rei_cstIntWF36_06-2020.avi,1.122084,0.05957099999999993,56.0,435.72984749452337,722.0,/home/bgeurten/fishDataBase/cst_rei-INT_08-2019_F_36_ID#1293/spike_train_df.csv,/home/bgeurten/fishDataBase/cst_rei-INT_08-2019_F_36_ID#1293/trace_mm.csv
sufge1-HT,M,37,c-start,08-2019,924.0,4620,5.0,,,,,,/home/bgeurten/fishDataBase/cst_sufge1-HT_08-2019_M_37_ID#1294/midLineUniform_pix.csv,/home/bgeurten/fishDataBase/cst_sufge1-HT_08-2019_M_37_ID#1294/head_mm.csv,/home/bgeurten/fishDataBase/cst_sufge1-HT_08-2019_M_37_ID#1294/tail_mm.csv,,/home/bgeurten/cstart_experiments/sufge1/Heterozygous/male/movie30/HtM37.smr,/home/bgeurten/cstart_experiments/sufge1/Heterozygous/male/movie30/HtM37.S2R,,/home/bgeurten/cstart_experiments/sufge1/Heterozygous/male/movie30/HtM37_box.csv,/home/bgeurten/cstart_experiments/sufge1/Heterozygous/male/movie30/C_START_sufge1_08_2019_HtM37_result.mat,/home/bgeurten/cstart_experiments/sufge1/Heterozygous/male/movie30/C_START_sufge1_08_2019_HtM37_result_ana.mat,/home/bgeurten/cstart_experiments/sufge1/Heterozygous/male/movie30/HtM37.avi,0.024984000000000006,0.0048599999999999755,2.0,1792.1146953410273,4041.0,/home/bgeurten/fishDataBase/cst_sufge1-HT_08-2019_M_37_ID#1294/spike_train_df.csv,/home/bgeurten/fishDataBase/cst_sufge1-HT_08-2019_M_37_ID#1294/trace_mm.csv
sufge1-HT,M,42,c-start,08-2019,924.0,4620,5.0,,,,,,/home/bgeurten/fishDataBase/cst_sufge1-HT_08-2019_M_42_ID#1295/midLineUniform_pix.csv,/home/bgeurten/fishDataBase/cst_sufge1-HT_08-2019_M_42_ID#1295/head_mm.csv,/home/bgeurten/fishDataBase/cst_sufge1-HT_08-2019_M_42_ID#1295/tail_mm.csv,,/home/bgeurten/cstart_experiments/sufge1/Heterozygous/male/movie34/HtM42.smr,/home/bgeurten/cstart_experiments/sufge1/Heterozygous/male/movie34/HtM42.S2R,,/home/bgeurten/cstart_experiments/sufge1/Heterozygous/male/movie34/HtM42_box.csv,/home/bgeurten/cstart_experiments/sufge1/Heterozygous/male/movie34/C_START_sufge1_08_2019_HtM42_result.mat,/home/bgeurten/cstart_experiments/sufge1/Heterozygous/male/movie34/C_START_sufge1_08_2019_HtM42_result_ana.mat,/home/bgeurten/cstart_experiments/sufge1/Heterozygous/male/movie34/HtM42.avi,0.030014999999999903,0.004049999999999998,40.0,617.2839506173011,2969.0,/home/bgeurten/fishDataBase/cst_sufge1-HT_08-2019_M_42_ID#1295/spike_train_df.csv,/home/bgeurten/fishDataBase/cst_sufge1-HT_08-2019_M_42_ID#1295/trace_mm.csv
sufge1-HT,M,6,c-start,08-2019,924.0,4618,4.9978354978354975,,,,,,/home/bgeurten/fishDataBase/cst_sufge1-HT_08-2019_M_6_ID#1296/midLineUniform_pix.csv,/home/bgeurten/fishDataBase/cst_sufge1-HT_08-2019_M_6_ID#1296/head_mm.csv,/home/bgeurten/fishDataBase/cst_sufge1-HT_08-2019_M_6_ID#1296/tail_mm.csv,,/home/bgeurten/cstart_experiments/sufge1/Heterozygous/male/movie5a/HtM6 I.smr,/home/bgeurten/cstart_experiments/sufge1/Heterozygous/male/movie5a/HtM6 I.S2R,,/home/bgeurten/cstart_experiments/sufge1/Heterozygous/male/movie5a/HtM6 I_box.csv,/home/bgeurten/cstart_experiments/sufge1/Heterozygous/male/movie5a/C_START_sufge1_08_2019_HtM6_I_result.mat,/home/bgeurten/cstart_experiments/sufge1/Heterozygous/male/movie5a/C_START_sufge1_08_2019_HtM6_I_result_ana.mat,/home/bgeurten/cstart_experiments/sufge1/Heterozygous/male/movie5a/HtM6 I.avi,0.030968999999999913,0.014786999999999995,40.0,427.3757158543224,472.0,/home/bgeurten/fishDataBase/cst_sufge1-HT_08-2019_M_6_ID#1296/spike_train_df.csv,/home/bgeurten/fishDataBase/cst_sufge1-HT_08-2019_M_6_ID#1296/trace_mm.csv
sufge1-HT,M,5,c-start,08-2019,924.0,4620,5.0,,,,,,/home/bgeurten/fishDataBase/cst_sufge1-HT_08-2019_M_5_ID#1297/midLineUniform_pix.csv,/home/bgeurten/fishDataBase/cst_sufge1-HT_08-2019_M_5_ID#1297/head_mm.csv,/home/bgeurten/fishDataBase/cst_sufge1-HT_08-2019_M_5_ID#1297/tail_mm.csv,,/home/bgeurten/cstart_experiments/sufge1/Heterozygous/male/movie4a/HtM5 II.smr,/home/bgeurten/cstart_experiments/sufge1/Heterozygous/male/movie4a/HtM5 II.S2R,,/home/bgeurten/cstart_experiments/sufge1/Heterozygous/male/movie4a/HtM5 II_box.csv,/home/bgeurten/cstart_experiments/sufge1/Heterozygous/male/movie4a/C_START_sufge1_08_2019_HtM5_II_result.mat,/home/bgeurten/cstart_experiments/sufge1/Heterozygous/male/movie4a/C_START_sufge1_08_2019_HtM5_II_result_ana.mat,/home/bgeurten/cstart_experiments/sufge1/Heterozygous/male/movie4a/HtM5 II.avi,0.029411999999999994,0.005229000000000039,2.0,896.0573476705136,3550.0,/home/bgeurten/fishDataBase/cst_sufge1-HT_08-2019_M_5_ID#1297/spike_train_df.csv,/home/bgeurten/fishDataBase/cst_sufge1-HT_08-2019_M_5_ID#1297/trace_mm.csv
sufge1-HT,M,22,c-start,08-2019,924.0,4620,5.0,,,,,,/home/bgeurten/fishDataBase/cst_sufge1-HT_08-2019_M_22_ID#1298/midLineUniform_pix.csv,/home/bgeurten/fishDataBase/cst_sufge1-HT_08-2019_M_22_ID#1298/head_mm.csv,/home/bgeurten/fishDataBase/cst_sufge1-HT_08-2019_M_22_ID#1298/tail_mm.csv,,/home/bgeurten/cstart_experiments/sufge1/Heterozygous/male/movie18/HtM22.smr,/home/bgeurten/cstart_experiments/sufge1/Heterozygous/male/movie18/HtM22.S2R,,/home/bgeurten/cstart_experiments/sufge1/Heterozygous/male/movie18/HtM22_box.csv,/home/bgeurten/cstart_experiments/sufge1/Heterozygous/male/movie18/C_START_sufge1_08_2019_HtM22_result.mat,/home/bgeurten/cstart_experiments/sufge1/Heterozygous/male/movie18/C_START_sufge1_08_2019_HtM22_result_ana.mat,/home/bgeurten/cstart_experiments/sufge1/Heterozygous/male/movie18/HtM22.avi,,,,,,,/home/bgeurten/fishDataBase/cst_sufge1-HT_08-2019_M_22_ID#1298/trace_mm.csv
sufge1-HT,M,31,c-start,08-2019,924.0,4619,4.998917748917749,,,,,,/home/bgeurten/fishDataBase/cst_sufge1-HT_08-2019_M_31_ID#1299/midLineUniform_pix.csv,/home/bgeurten/fishDataBase/cst_sufge1-HT_08-2019_M_31_ID#1299/head_mm.csv,/home/bgeurten/fishDataBase/cst_sufge1-HT_08-2019_M_31_ID#1299/tail_mm.csv,,/home/bgeurten/cstart_experiments/sufge1/Heterozygous/male/movie26/HtM31 II.smr,/home/bgeurten/cstart_experiments/sufge1/Heterozygous/male/movie26/HtM31 II.S2R,,/home/bgeurten/cstart_experiments/sufge1/Heterozygous/male/movie26/HtM31 II_box.csv,/home/bgeurten/cstart_experiments/sufge1/Heterozygous/male/movie26/C_START_sufge1_08_2019_HtM31_II_result.mat,/home/bgeurten/cstart_experiments/sufge1/Heterozygous/male/movie26/C_START_sufge1_08_2019_HtM31_II_result_ana.mat,/home/bgeurten/cstart_experiments/sufge1/Heterozygous/male/movie26/HtM31 II.avi,0.03421800000000008,0.03208499999999992,38.0,575.7052389176412,625.0,/home/bgeurten/fishDataBase/cst_sufge1-HT_08-2019_M_31_ID#1299/spike_train_df.csv,/home/bgeurten/fishDataBase/cst_sufge1-HT_08-2019_M_31_ID#1299/trace_mm.csv
sufge1-HT,M,44,c-start,08-2019,924.0,4620,5.0,,,,,,,/home/bgeurten/fishDataBase/cst_sufge1-HT_08-2019_M_44_ID#1300/head_mm.csv,/home/bgeurten/fishDataBase/cst_sufge1-HT_08-2019_M_44_ID#1300/tail_mm.csv,,/home/bgeurten/cstart_experiments/sufge1/Heterozygous/male/movie36a/HtM44 I.smr,/home/bgeurten/cstart_experiments/sufge1/Heterozygous/male/movie36a/HtM44 I.S2R,,/home/bgeurten/cstart_experiments/sufge1/Heterozygous/male/movie36a/HtM44 I_box.csv,/home/bgeurten/cstart_experiments/sufge1/Heterozygous/male/movie36a/C_START_sufge1_08_2019_HtM44_I_result.mat,/home/bgeurten/cstart_experiments/sufge1/Heterozygous/male/movie36a/C_START_sufge1_08_2019_HtM44_I_result_ana.mat,/home/bgeurten/cstart_experiments/sufge1/Heterozygous/male/movie36a/HtM44 I.avi,0.02414699999999992,0.0034649999999999403,11.0,207.14355974471715,529.0,/home/bgeurten/fishDataBase/cst_sufge1-HT_08-2019_M_44_ID#1300/spike_train_df.csv,/home/bgeurten/fishDataBase/cst_sufge1-HT_08-2019_M_44_ID#1300/trace_mm.csv
sufge1-HT,M,13,c-start,08-2019,924.0,4617,4.996753246753247,,,,,,/home/bgeurten/fishDataBase/cst_sufge1-HT_08-2019_M_13_ID#1301/midLineUniform_pix.csv,/home/bgeurten/fishDataBase/cst_sufge1-HT_08-2019_M_13_ID#1301/head_mm.csv,/home/bgeurten/fishDataBase/cst_sufge1-HT_08-2019_M_13_ID#1301/tail_mm.csv,,/home/bgeurten/cstart_experiments/sufge1/Heterozygous/male/movie10/HtM13.smr,/home/bgeurten/cstart_experiments/sufge1/Heterozygous/male/movie10/HtM13.S2R,,/home/bgeurten/cstart_experiments/sufge1/Heterozygous/male/movie10/HtM13_box.csv,/home/bgeurten/cstart_experiments/sufge1/Heterozygous/male/movie10/C_START_sufge1_08_2019_HtM13_result.mat,/home/bgeurten/cstart_experiments/sufge1/Heterozygous/male/movie10/C_START_sufge1_08_2019_HtM13_result_ana.mat,/home/bgeurten/cstart_experiments/sufge1/Heterozygous/male/movie10/HtM13.avi,0.033326999999999996,0.003303000000000056,1.0,799.360511590797,3363.0,/home/bgeurten/fishDataBase/cst_sufge1-HT_08-2019_M_13_ID#1301/spike_train_df.csv,/home/bgeurten/fishDataBase/cst_sufge1-HT_08-2019_M_13_ID#1301/trace_mm.csv
sufge1-HT,M,1,c-start,08-2019,924.0,4620,5.0,,,,,,/home/bgeurten/fishDataBase/cst_sufge1-HT_08-2019_M_1_ID#1302/midLineUniform_pix.csv,/home/bgeurten/fishDataBase/cst_sufge1-HT_08-2019_M_1_ID#1302/head_mm.csv,/home/bgeurten/fishDataBase/cst_sufge1-HT_08-2019_M_1_ID#1302/tail_mm.csv,,/home/bgeurten/cstart_experiments/sufge1/Heterozygous/male/movie1/HtM1.smr,/home/bgeurten/cstart_experiments/sufge1/Heterozygous/male/movie1/HtM1.S2R,,/home/bgeurten/cstart_experiments/sufge1/Heterozygous/male/movie1/HtM1_box.csv,/home/bgeurten/cstart_experiments/sufge1/Heterozygous/male/movie1/C_START_sufge1_08_2019_HtM1_result.mat,/home/bgeurten/cstart_experiments/sufge1/Heterozygous/male/movie1/C_START_sufge1_08_2019_HtM1_result_ana.mat,/home/bgeurten/cstart_experiments/sufge1/Heterozygous/male/movie1/HtM1.avi,1.215234,0.00336599999999998,1.0,657.4621959237847,3218.0,/home/bgeurten/fishDataBase/cst_sufge1-HT_08-2019_M_1_ID#1302/spike_train_df.csv,/home/bgeurten/fishDataBase/cst_sufge1-HT_08-2019_M_1_ID#1302/trace_mm.csv
sufge1-HT,M,35,c-start,08-2019,924.0,4620,5.0,,,,,,/home/bgeurten/fishDataBase/cst_sufge1-HT_08-2019_M_35_ID#1303/midLineUniform_pix.csv,/home/bgeurten/fishDataBase/cst_sufge1-HT_08-2019_M_35_ID#1303/head_mm.csv,/home/bgeurten/fishDataBase/cst_sufge1-HT_08-2019_M_35_ID#1303/tail_mm.csv,,/home/bgeurten/cstart_experiments/sufge1/Heterozygous/male/movie28/HtM35.smr,/home/bgeurten/cstart_experiments/sufge1/Heterozygous/male/movie28/HtM35.S2R,,/home/bgeurten/cstart_experiments/sufge1/Heterozygous/male/movie28/HtM35_box.csv,/home/bgeurten/cstart_experiments/sufge1/Heterozygous/male/movie28/C_START_sufge1_08_2019_HtM35_result.mat,/home/bgeurten/cstart_experiments/sufge1/Heterozygous/male/movie28/C_START_sufge1_08_2019_HtM35_result_ana.mat,/home/bgeurten/cstart_experiments/sufge1/Heterozygous/male/movie28/HtM35.avi,0.029357999999999995,0.0033480000000000176,29.0,422.4757076468138,651.0,/home/bgeurten/fishDataBase/cst_sufge1-HT_08-2019_M_35_ID#1303/spike_train_df.csv,/home/bgeurten/fishDataBase/cst_sufge1-HT_08-2019_M_35_ID#1303/trace_mm.csv
sufge1-HT,M,4,c-start,08-2019,924.0,4620,5.0,,,,,,/home/bgeurten/fishDataBase/cst_sufge1-HT_08-2019_M_4_ID#1304/midLineUniform_pix.csv,/home/bgeurten/fishDataBase/cst_sufge1-HT_08-2019_M_4_ID#1304/head_mm.csv,/home/bgeurten/fishDataBase/cst_sufge1-HT_08-2019_M_4_ID#1304/tail_mm.csv,,/home/bgeurten/cstart_experiments/sufge1/Heterozygous/male/movie3/HtM4.smr,/home/bgeurten/cstart_experiments/sufge1/Heterozygous/male/movie3/HtM4.S2R,,/home/bgeurten/cstart_experiments/sufge1/Heterozygous/male/movie3/HtM4_box.csv,/home/bgeurten/cstart_experiments/sufge1/Heterozygous/male/movie3/C_START_sufge1_08_2019_HtM4_result.mat,/home/bgeurten/cstart_experiments/sufge1/Heterozygous/male/movie3/C_START_sufge1_08_2019_HtM4_result_ana.mat,/home/bgeurten/cstart_experiments/sufge1/Heterozygous/male/movie3/HtM4.avi,0.02999699999999994,0.007514999999999938,18.0,464.9000464900016,571.0,/home/bgeurten/fishDataBase/cst_sufge1-HT_08-2019_M_4_ID#1304/spike_train_df.csv,/home/bgeurten/fishDataBase/cst_sufge1-HT_08-2019_M_4_ID#1304/trace_mm.csv
sufge1-HT,M,2,c-start,08-2019,924.0,4620,5.0,,,,,,/home/bgeurten/fishDataBase/cst_sufge1-HT_08-2019_M_2_ID#1305/midLineUniform_pix.csv,/home/bgeurten/fishDataBase/cst_sufge1-HT_08-2019_M_2_ID#1305/head_mm.csv,/home/bgeurten/fishDataBase/cst_sufge1-HT_08-2019_M_2_ID#1305/tail_mm.csv,,/home/bgeurten/cstart_experiments/sufge1/Heterozygous/male/movie2/HtM2.smr,/home/bgeurten/cstart_experiments/sufge1/Heterozygous/male/movie2/HtM2.S2R,,/home/bgeurten/cstart_experiments/sufge1/Heterozygous/male/movie2/HtM2_box.csv,/home/bgeurten/cstart_experiments/sufge1/Heterozygous/male/movie2/C_START_sufge1_08_2019_HtM2_result.mat,/home/bgeurten/cstart_experiments/sufge1/Heterozygous/male/movie2/C_START_sufge1_08_2019_HtM2_result_ana.mat,/home/bgeurten/cstart_experiments/sufge1/Heterozygous/male/movie2/HtM2.avi,0.022869000000000028,0.007317000000000018,82.0,690.1311249137176,2729.0,/home/bgeurten/fishDataBase/cst_sufge1-HT_08-2019_M_2_ID#1305/spike_train_df.csv,/home/bgeurten/fishDataBase/cst_sufge1-HT_08-2019_M_2_ID#1305/trace_mm.csv
sufge1-HT,M,30,c-start,08-2019,924.0,4620,5.0,,,,,,,/home/bgeurten/fishDataBase/cst_sufge1-HT_08-2019_M_30_ID#1306/head_mm.csv,/home/bgeurten/fishDataBase/cst_sufge1-HT_08-2019_M_30_ID#1306/tail_mm.csv,,/home/bgeurten/cstart_experiments/sufge1/Heterozygous/male/movie25/HtM30 II.smr,/home/bgeurten/cstart_experiments/sufge1/Heterozygous/male/movie25/HtM30 II.S2R,,/home/bgeurten/cstart_experiments/sufge1/Heterozygous/male/movie25/HtM30 II_box.csv,/home/bgeurten/cstart_experiments/sufge1/Heterozygous/male/movie25/C_START_sufge1_08_2019_HtM30_II_result.mat,/home/bgeurten/cstart_experiments/sufge1/Heterozygous/male/movie25/C_START_sufge1_08_2019_HtM30_II_result_ana.mat,/home/bgeurten/cstart_experiments/sufge1/Heterozygous/male/movie25/HtM30 II.avi,0.030329999999999968,0.02294099999999999,55.0,464.9000464900016,1630.0,/home/bgeurten/fishDataBase/cst_sufge1-HT_08-2019_M_30_ID#1306/spike_train_df.csv,/home/bgeurten/fishDataBase/cst_sufge1-HT_08-2019_M_30_ID#1306/trace_mm.csv
sufge1-HT,M,17,c-start,08-2019,924.0,4620,5.0,,,,,,/home/bgeurten/fishDataBase/cst_sufge1-HT_08-2019_M_17_ID#1307/midLineUniform_pix.csv,/home/bgeurten/fishDataBase/cst_sufge1-HT_08-2019_M_17_ID#1307/head_mm.csv,/home/bgeurten/fishDataBase/cst_sufge1-HT_08-2019_M_17_ID#1307/tail_mm.csv,,/home/bgeurten/cstart_experiments/sufge1/Heterozygous/male/movie13/HtM17.smr,/home/bgeurten/cstart_experiments/sufge1/Heterozygous/male/movie13/HtM17.S2R,,/home/bgeurten/cstart_experiments/sufge1/Heterozygous/male/movie13/HtM17_box.csv,/home/bgeurten/cstart_experiments/sufge1/Heterozygous/male/movie13/C_START_sufge1_08_2019_HtM17_result.mat,/home/bgeurten/cstart_experiments/sufge1/Heterozygous/male/movie13/C_START_sufge1_08_2019_HtM17_result_ana.mat,/home/bgeurten/cstart_experiments/sufge1/Heterozygous/male/movie13/HtM17.avi,0.02152799999999999,0.0038880000000001136,11.0,1984.126984125874,6100.0,/home/bgeurten/fishDataBase/cst_sufge1-HT_08-2019_M_17_ID#1307/spike_train_df.csv,/home/bgeurten/fishDataBase/cst_sufge1-HT_08-2019_M_17_ID#1307/trace_mm.csv
sufge1-HT,M,12,c-start,08-2019,924.0,4620,5.0,,,,,,/home/bgeurten/fishDataBase/cst_sufge1-HT_08-2019_M_12_ID#1308/midLineUniform_pix.csv,/home/bgeurten/fishDataBase/cst_sufge1-HT_08-2019_M_12_ID#1308/head_mm.csv,/home/bgeurten/fishDataBase/cst_sufge1-HT_08-2019_M_12_ID#1308/tail_mm.csv,,/home/bgeurten/cstart_experiments/sufge1/Heterozygous/male/movie9/HtM12.smr,/home/bgeurten/cstart_experiments/sufge1/Heterozygous/male/movie9/HtM12.S2R,,/home/bgeurten/cstart_experiments/sufge1/Heterozygous/male/movie9/HtM12_box.csv,/home/bgeurten/cstart_experiments/sufge1/Heterozygous/male/movie9/C_START_sufge1_08_2019_HtM12_result.mat,/home/bgeurten/cstart_experiments/sufge1/Heterozygous/male/movie9/C_START_sufge1_08_2019_HtM12_result_ana.mat,/home/bgeurten/cstart_experiments/sufge1/Heterozygous/male/movie9/HtM12.avi,0.030383999999999967,0.02608199999999994,32.0,701.0234500081858,718.0,/home/bgeurten/fishDataBase/cst_sufge1-HT_08-2019_M_12_ID#1308/spike_train_df.csv,/home/bgeurten/fishDataBase/cst_sufge1-HT_08-2019_M_12_ID#1308/trace_mm.csv
sufge1-HT,M,41,c-start,08-2019,924.0,4620,5.0,,,,,,/home/bgeurten/fishDataBase/cst_sufge1-HT_08-2019_M_41_ID#1309/midLineUniform_pix.csv,/home/bgeurten/fishDataBase/cst_sufge1-HT_08-2019_M_41_ID#1309/head_mm.csv,/home/bgeurten/fishDataBase/cst_sufge1-HT_08-2019_M_41_ID#1309/tail_mm.csv,,/home/bgeurten/cstart_experiments/sufge1/Heterozygous/male/movie33/HtM41.smr,/home/bgeurten/cstart_experiments/sufge1/Heterozygous/male/movie33/HtM41.S2R,,/home/bgeurten/cstart_experiments/sufge1/Heterozygous/male/movie33/HtM41_box.csv,/home/bgeurten/cstart_experiments/sufge1/Heterozygous/male/movie33/C_START_sufge1_08_2019_HtM41_result.mat,/home/bgeurten/cstart_experiments/sufge1/Heterozygous/male/movie33/C_START_sufge1_08_2019_HtM41_result_ana.mat,/home/bgeurten/cstart_experiments/sufge1/Heterozygous/male/movie33/HtM41.avi,,,,,,,/home/bgeurten/fishDataBase/cst_sufge1-HT_08-2019_M_41_ID#1309/trace_mm.csv
sufge1-HT,M,7,c-start,08-2019,924.0,4619,4.998917748917749,,,,,,/home/bgeurten/fishDataBase/cst_sufge1-HT_08-2019_M_7_ID#1310/midLineUniform_pix.csv,/home/bgeurten/fishDataBase/cst_sufge1-HT_08-2019_M_7_ID#1310/head_mm.csv,/home/bgeurten/fishDataBase/cst_sufge1-HT_08-2019_M_7_ID#1310/tail_mm.csv,,/home/bgeurten/cstart_experiments/sufge1/Heterozygous/male/movie6/HtM7.smr,/home/bgeurten/cstart_experiments/sufge1/Heterozygous/male/movie6/HtM7.S2R,,/home/bgeurten/cstart_experiments/sufge1/Heterozygous/male/movie6/HtM7_box.csv,/home/bgeurten/cstart_experiments/sufge1/Heterozygous/male/movie6/C_START_sufge1_08_2019_HtM7_result.mat,/home/bgeurten/cstart_experiments/sufge1/Heterozygous/male/movie6/C_START_sufge1_08_2019_HtM7_result_ana.mat,/home/bgeurten/cstart_experiments/sufge1/Heterozygous/male/movie6/HtM7.avi,,,,,,,/home/bgeurten/fishDataBase/cst_sufge1-HT_08-2019_M_7_ID#1310/trace_mm.csv
sufge1-HT,M,14,c-start,08-2019,920.0,4620,5.021739130434782,,,,,,/home/bgeurten/fishDataBase/cst_sufge1-HT_08-2019_M_14_ID#1311/midLineUniform_pix.csv,/home/bgeurten/fishDataBase/cst_sufge1-HT_08-2019_M_14_ID#1311/head_mm.csv,/home/bgeurten/fishDataBase/cst_sufge1-HT_08-2019_M_14_ID#1311/tail_mm.csv,,/home/bgeurten/cstart_experiments/sufge1/Heterozygous/male/movie11/HtM14 III.smr,/home/bgeurten/cstart_experiments/sufge1/Heterozygous/male/movie11/HtM14 III.S2R,,/home/bgeurten/cstart_experiments/sufge1/Heterozygous/male/movie11/HtM14 III_box.csv,/home/bgeurten/cstart_experiments/sufge1/Heterozygous/male/movie11/C_START_sufge1_08_2019_HtM14_III_result.mat,/home/bgeurten/cstart_experiments/sufge1/Heterozygous/male/movie11/C_START_sufge1_08_2019_HtM14_III_result_ana.mat,/home/bgeurten/cstart_experiments/sufge1/Heterozygous/male/movie11/HtM14 III.avi,0.023102999999999985,0.003375000000000017,4.0,1851.8518518519036,4299.0,/home/bgeurten/fishDataBase/cst_sufge1-HT_08-2019_M_14_ID#1311/spike_train_df.csv,/home/bgeurten/fishDataBase/cst_sufge1-HT_08-2019_M_14_ID#1311/trace_mm.csv
sufge1-HT,M,8,c-start,08-2019,924.0,4619,4.998917748917749,,,,,,/home/bgeurten/fishDataBase/cst_sufge1-HT_08-2019_M_8_ID#1312/midLineUniform_pix.csv,/home/bgeurten/fishDataBase/cst_sufge1-HT_08-2019_M_8_ID#1312/head_mm.csv,/home/bgeurten/fishDataBase/cst_sufge1-HT_08-2019_M_8_ID#1312/tail_mm.csv,,/home/bgeurten/cstart_experiments/sufge1/Heterozygous/male/movie7/HtM8.smr,/home/bgeurten/cstart_experiments/sufge1/Heterozygous/male/movie7/HtM8.S2R,,/home/bgeurten/cstart_experiments/sufge1/Heterozygous/male/movie7/HtM8_box.csv,/home/bgeurten/cstart_experiments/sufge1/Heterozygous/male/movie7/C_START_sufge1_08_2019_HtM8_result.mat,/home/bgeurten/cstart_experiments/sufge1/Heterozygous/male/movie7/C_START_sufge1_08_2019_HtM8_result_ana.mat,/home/bgeurten/cstart_experiments/sufge1/Heterozygous/male/movie7/HtM8.avi,0.03037500000000004,0.004734000000000016,6.0,1851.8518518519036,4400.0,/home/bgeurten/fishDataBase/cst_sufge1-HT_08-2019_M_8_ID#1312/spike_train_df.csv,/home/bgeurten/fishDataBase/cst_sufge1-HT_08-2019_M_8_ID#1312/trace_mm.csv
sufge1-HT,M,43,c-start,08-2019,924.0,4620,5.0,,,,,,/home/bgeurten/fishDataBase/cst_sufge1-HT_08-2019_M_43_ID#1313/midLineUniform_pix.csv,/home/bgeurten/fishDataBase/cst_sufge1-HT_08-2019_M_43_ID#1313/head_mm.csv,/home/bgeurten/fishDataBase/cst_sufge1-HT_08-2019_M_43_ID#1313/tail_mm.csv,,/home/bgeurten/cstart_experiments/sufge1/Heterozygous/male/movie35/HtM43.smr,/home/bgeurten/cstart_experiments/sufge1/Heterozygous/male/movie35/HtM43.S2R,,/home/bgeurten/cstart_experiments/sufge1/Heterozygous/male/movie35/HtM43_box.csv,/home/bgeurten/cstart_experiments/sufge1/Heterozygous/male/movie35/C_START_sufge1_08_2019_HtM43_result.mat,/home/bgeurten/cstart_experiments/sufge1/Heterozygous/male/movie35/C_START_sufge1_08_2019_HtM43_result_ana.mat,/home/bgeurten/cstart_experiments/sufge1/Heterozygous/male/movie35/HtM43.avi,0.03110400000000002,0.025514999999999954,35.0,509.68399592235,584.0,/home/bgeurten/fishDataBase/cst_sufge1-HT_08-2019_M_43_ID#1313/spike_train_df.csv,/home/bgeurten/fishDataBase/cst_sufge1-HT_08-2019_M_43_ID#1313/trace_mm.csv
sufge1-HT,M,36,c-start,08-2019,924.0,4620,5.0,,,,,,,/home/bgeurten/fishDataBase/cst_sufge1-HT_08-2019_M_36_ID#1314/head_mm.csv,/home/bgeurten/fishDataBase/cst_sufge1-HT_08-2019_M_36_ID#1314/tail_mm.csv,,/home/bgeurten/cstart_experiments/sufge1/Heterozygous/male/movie29/HtM36.smr,/home/bgeurten/cstart_experiments/sufge1/Heterozygous/male/movie29/HtM36.S2R,,/home/bgeurten/cstart_experiments/sufge1/Heterozygous/male/movie29/HtM36_box.csv,/home/bgeurten/cstart_experiments/sufge1/Heterozygous/male/movie29/C_START_sufge1_08_2019_HtM36_result.mat,/home/bgeurten/cstart_experiments/sufge1/Heterozygous/male/movie29/C_START_sufge1_08_2019_HtM36_result_ana.mat,/home/bgeurten/cstart_experiments/sufge1/Heterozygous/male/movie29/HtM36.avi,0.025290000000000035,0.023931000000000036,32.0,694.4444444441783,639.0,/home/bgeurten/fishDataBase/cst_sufge1-HT_08-2019_M_36_ID#1314/spike_train_df.csv,/home/bgeurten/fishDataBase/cst_sufge1-HT_08-2019_M_36_ID#1314/trace_mm.csv
sufge1-HT,M,19,c-start,08-2019,924.0,4621,5.001082251082251,,,,,,/home/bgeurten/fishDataBase/cst_sufge1-HT_08-2019_M_19_ID#1315/midLineUniform_pix.csv,/home/bgeurten/fishDataBase/cst_sufge1-HT_08-2019_M_19_ID#1315/head_mm.csv,/home/bgeurten/fishDataBase/cst_sufge1-HT_08-2019_M_19_ID#1315/tail_mm.csv,,/home/bgeurten/cstart_experiments/sufge1/Heterozygous/male/movie15/HtM19.smr,/home/bgeurten/cstart_experiments/sufge1/Heterozygous/male/movie15/HtM19.S2R,,/home/bgeurten/cstart_experiments/sufge1/Heterozygous/male/movie15/HtM19_box.csv,/home/bgeurten/cstart_experiments/sufge1/Heterozygous/male/movie15/C_START_sufge1_08_2019_HtM19_result.mat,/home/bgeurten/cstart_experiments/sufge1/Heterozygous/male/movie15/C_START_sufge1_08_2019_HtM19_result_ana.mat,/home/bgeurten/cstart_experiments/sufge1/Heterozygous/male/movie15/HtM19.avi,0.07316100000000003,0.003159000000000023,12.0,782.4726134587321,3409.0,/home/bgeurten/fishDataBase/cst_sufge1-HT_08-2019_M_19_ID#1315/spike_train_df.csv,/home/bgeurten/fishDataBase/cst_sufge1-HT_08-2019_M_19_ID#1315/trace_mm.csv
sufge1-HT,M,27,c-start,08-2019,924.0,4618,4.9978354978354975,,,,,,/home/bgeurten/fishDataBase/cst_sufge1-HT_08-2019_M_27_ID#1316/midLineUniform_pix.csv,/home/bgeurten/fishDataBase/cst_sufge1-HT_08-2019_M_27_ID#1316/head_mm.csv,/home/bgeurten/fishDataBase/cst_sufge1-HT_08-2019_M_27_ID#1316/tail_mm.csv,,/home/bgeurten/cstart_experiments/sufge1/Heterozygous/male/movie22/HtM27.smr,/home/bgeurten/cstart_experiments/sufge1/Heterozygous/male/movie22/HtM27.S2R,,/home/bgeurten/cstart_experiments/sufge1/Heterozygous/male/movie22/HtM27_box.csv,/home/bgeurten/cstart_experiments/sufge1/Heterozygous/male/movie22/C_START_sufge1_08_2019_HtM27_result.mat,/home/bgeurten/cstart_experiments/sufge1/Heterozygous/male/movie22/C_START_sufge1_08_2019_HtM27_result_ana.mat,/home/bgeurten/cstart_experiments/sufge1/Heterozygous/male/movie22/HtM27.avi,0.024380999999999986,0.0030329999999999524,8.0,1709.401709401703,3978.0,/home/bgeurten/fishDataBase/cst_sufge1-HT_08-2019_M_27_ID#1316/spike_train_df.csv,/home/bgeurten/fishDataBase/cst_sufge1-HT_08-2019_M_27_ID#1316/trace_mm.csv
sufge1-HT,M,28,c-start,08-2019,924.0,4618,4.9978354978354975,,,,,,/home/bgeurten/fishDataBase/cst_sufge1-HT_08-2019_M_28_ID#1317/midLineUniform_pix.csv,/home/bgeurten/fishDataBase/cst_sufge1-HT_08-2019_M_28_ID#1317/head_mm.csv,/home/bgeurten/fishDataBase/cst_sufge1-HT_08-2019_M_28_ID#1317/tail_mm.csv,,/home/bgeurten/cstart_experiments/sufge1/Heterozygous/male/movie23/HtM28 III.smr,/home/bgeurten/cstart_experiments/sufge1/Heterozygous/male/movie23/HtM28 III.S2R,,/home/bgeurten/cstart_experiments/sufge1/Heterozygous/male/movie23/HtM28 III_box.csv,/home/bgeurten/cstart_experiments/sufge1/Heterozygous/male/movie23/C_START_sufge1_08_2019_HtM28_III_result.mat,/home/bgeurten/cstart_experiments/sufge1/Heterozygous/male/movie23/C_START_sufge1_08_2019_HtM28_III_result_ana.mat,/home/bgeurten/cstart_experiments/sufge1/Heterozygous/male/movie23/HtM28 III.avi,0.037800000000000056,0.003303000000000056,9.0,974.6588693957386,3939.0,/home/bgeurten/fishDataBase/cst_sufge1-HT_08-2019_M_28_ID#1317/spike_train_df.csv,/home/bgeurten/fishDataBase/cst_sufge1-HT_08-2019_M_28_ID#1317/trace_mm.csv
sufge1-HT,M,20,c-start,08-2019,924.0,4620,5.0,,,,,,,/home/bgeurten/fishDataBase/cst_sufge1-HT_08-2019_M_20_ID#1318/head_mm.csv,/home/bgeurten/fishDataBase/cst_sufge1-HT_08-2019_M_20_ID#1318/tail_mm.csv,,/home/bgeurten/cstart_experiments/sufge1/Heterozygous/male/movie16/HtM20.smr,/home/bgeurten/cstart_experiments/sufge1/Heterozygous/male/movie16/HtM20.S2R,,/home/bgeurten/cstart_experiments/sufge1/Heterozygous/male/movie16/HtM20_box.csv,/home/bgeurten/cstart_experiments/sufge1/Heterozygous/male/movie16/C_START_sufge1_08_2019_HtM20_result.mat,/home/bgeurten/cstart_experiments/sufge1/Heterozygous/male/movie16/C_START_sufge1_08_2019_HtM20_result_ana.mat,/home/bgeurten/cstart_experiments/sufge1/Heterozygous/male/movie16/HtM20.avi,0.02881800000000001,0.003933000000000075,47.0,483.09178743960973,2510.0,/home/bgeurten/fishDataBase/cst_sufge1-HT_08-2019_M_20_ID#1318/spike_train_df.csv,/home/bgeurten/fishDataBase/cst_sufge1-HT_08-2019_M_20_ID#1318/trace_mm.csv
sufge1-HT,M,16,c-start,08-2019,924.0,4620,5.0,,,,,,/home/bgeurten/fishDataBase/cst_sufge1-HT_08-2019_M_16_ID#1319/midLineUniform_pix.csv,/home/bgeurten/fishDataBase/cst_sufge1-HT_08-2019_M_16_ID#1319/head_mm.csv,/home/bgeurten/fishDataBase/cst_sufge1-HT_08-2019_M_16_ID#1319/tail_mm.csv,,/home/bgeurten/cstart_experiments/sufge1/Heterozygous/male/movie12/HtM16.smr,/home/bgeurten/cstart_experiments/sufge1/Heterozygous/male/movie12/HtM16.S2R,,/home/bgeurten/cstart_experiments/sufge1/Heterozygous/male/movie12/HtM16_box.csv,/home/bgeurten/cstart_experiments/sufge1/Heterozygous/male/movie12/C_START_sufge1_08_2019_HtM16_result.mat,/home/bgeurten/cstart_experiments/sufge1/Heterozygous/male/movie12/C_START_sufge1_08_2019_HtM16_result_ana.mat,/home/bgeurten/cstart_experiments/sufge1/Heterozygous/male/movie12/HtM16.avi,0.01982700000000004,0.003230999999999984,7.0,1883.2391713745546,4280.0,/home/bgeurten/fishDataBase/cst_sufge1-HT_08-2019_M_16_ID#1319/spike_train_df.csv,/home/bgeurten/fishDataBase/cst_sufge1-HT_08-2019_M_16_ID#1319/trace_mm.csv
sufge1-HT,M,33,c-start,08-2019,924.0,4619,4.998917748917749,,,,,,,/home/bgeurten/fishDataBase/cst_sufge1-HT_08-2019_M_33_ID#1320/head_mm.csv,/home/bgeurten/fishDataBase/cst_sufge1-HT_08-2019_M_33_ID#1320/tail_mm.csv,,/home/bgeurten/cstart_experiments/sufge1/Heterozygous/male/movie27/HtM33 II.smr,/home/bgeurten/cstart_experiments/sufge1/Heterozygous/male/movie27/HtM33 II.S2R,,/home/bgeurten/cstart_experiments/sufge1/Heterozygous/male/movie27/HtM33 II_box.csv,/home/bgeurten/cstart_experiments/sufge1/Heterozygous/male/movie27/C_START_sufge1_08_2019_HtM33_II_result.mat,/home/bgeurten/cstart_experiments/sufge1/Heterozygous/male/movie27/C_START_sufge1_08_2019_HtM33_II_result_ana.mat,/home/bgeurten/cstart_experiments/sufge1/Heterozygous/male/movie27/HtM33 II.avi,0.028376999999999986,0.018782999999999994,49.0,673.4006734003901,554.0,/home/bgeurten/fishDataBase/cst_sufge1-HT_08-2019_M_33_ID#1320/spike_train_df.csv,/home/bgeurten/fishDataBase/cst_sufge1-HT_08-2019_M_33_ID#1320/trace_mm.csv
sufge1-HT,M,23,c-start,08-2019,924.0,4620,5.0,,,,,,/home/bgeurten/fishDataBase/cst_sufge1-HT_08-2019_M_23_ID#1321/midLineUniform_pix.csv,/home/bgeurten/fishDataBase/cst_sufge1-HT_08-2019_M_23_ID#1321/head_mm.csv,/home/bgeurten/fishDataBase/cst_sufge1-HT_08-2019_M_23_ID#1321/tail_mm.csv,,/home/bgeurten/cstart_experiments/sufge1/Heterozygous/male/movie19/HtM23.smr,/home/bgeurten/cstart_experiments/sufge1/Heterozygous/male/movie19/HtM23.S2R,,/home/bgeurten/cstart_experiments/sufge1/Heterozygous/male/movie19/HtM23_box.csv,/home/bgeurten/cstart_experiments/sufge1/Heterozygous/male/movie19/C_START_sufge1_08_2019_HtM23_result.mat,/home/bgeurten/cstart_experiments/sufge1/Heterozygous/male/movie19/C_START_sufge1_08_2019_HtM23_result_ana.mat,/home/bgeurten/cstart_experiments/sufge1/Heterozygous/male/movie19/HtM23.avi,,,,,,,/home/bgeurten/fishDataBase/cst_sufge1-HT_08-2019_M_23_ID#1321/trace_mm.csv
sufge1-HT,M,39,c-start,08-2019,924.0,4620,5.0,,,,,,,/home/bgeurten/fishDataBase/cst_sufge1-HT_08-2019_M_39_ID#1322/head_mm.csv,/home/bgeurten/fishDataBase/cst_sufge1-HT_08-2019_M_39_ID#1322/tail_mm.csv,,/home/bgeurten/cstart_experiments/sufge1/Heterozygous/male/movie31/HtM39.smr,/home/bgeurten/cstart_experiments/sufge1/Heterozygous/male/movie31/HtM39.S2R,,/home/bgeurten/cstart_experiments/sufge1/Heterozygous/male/movie31/HtM39_box.csv,/home/bgeurten/cstart_experiments/sufge1/Heterozygous/male/movie31/C_START_sufge1_08_2019_HtM39_result.mat,/home/bgeurten/cstart_experiments/sufge1/Heterozygous/male/movie31/C_START_sufge1_08_2019_HtM39_result_ana.mat,/home/bgeurten/cstart_experiments/sufge1/Heterozygous/male/movie31/HtM39.avi,0.027693000000000023,0.03600900000000001,33.0,577.2356260833387,523.0,/home/bgeurten/fishDataBase/cst_sufge1-HT_08-2019_M_39_ID#1322/spike_train_df.csv,/home/bgeurten/fishDataBase/cst_sufge1-HT_08-2019_M_39_ID#1322/trace_mm.csv
sufge1-HT,M,26,c-start,08-2019,924.0,4620,5.0,,,,,,/home/bgeurten/fishDataBase/cst_sufge1-HT_08-2019_M_26_ID#1323/midLineUniform_pix.csv,/home/bgeurten/fishDataBase/cst_sufge1-HT_08-2019_M_26_ID#1323/head_mm.csv,/home/bgeurten/fishDataBase/cst_sufge1-HT_08-2019_M_26_ID#1323/tail_mm.csv,,/home/bgeurten/cstart_experiments/sufge1/Heterozygous/male/movie21/HtM26.smr,/home/bgeurten/cstart_experiments/sufge1/Heterozygous/male/movie21/HtM26.S2R,,/home/bgeurten/cstart_experiments/sufge1/Heterozygous/male/movie21/HtM26_box.csv,/home/bgeurten/cstart_experiments/sufge1/Heterozygous/male/movie21/C_START_sufge1_08_2019_HtM26_result.mat,/home/bgeurten/cstart_experiments/sufge1/Heterozygous/male/movie21/C_START_sufge1_08_2019_HtM26_result_ana.mat,/home/bgeurten/cstart_experiments/sufge1/Heterozygous/male/movie21/HtM26.avi,0.023328000000000015,0.0037530000000000063,2.0,493.8271604938003,3352.0,/home/bgeurten/fishDataBase/cst_sufge1-HT_08-2019_M_26_ID#1323/spike_train_df.csv,/home/bgeurten/fishDataBase/cst_sufge1-HT_08-2019_M_26_ID#1323/trace_mm.csv
sufge1-HT,M,9,c-start,08-2019,924.0,4620,5.0,,,,,,/home/bgeurten/fishDataBase/cst_sufge1-HT_08-2019_M_9_ID#1324/midLineUniform_pix.csv,/home/bgeurten/fishDataBase/cst_sufge1-HT_08-2019_M_9_ID#1324/head_mm.csv,/home/bgeurten/fishDataBase/cst_sufge1-HT_08-2019_M_9_ID#1324/tail_mm.csv,,/home/bgeurten/cstart_experiments/sufge1/Heterozygous/male/movie8/HtM9.smr,/home/bgeurten/cstart_experiments/sufge1/Heterozygous/male/movie8/HtM9.S2R,,/home/bgeurten/cstart_experiments/sufge1/Heterozygous/male/movie8/HtM9_box.csv,/home/bgeurten/cstart_experiments/sufge1/Heterozygous/male/movie8/C_START_sufge1_08_2019_HtM9_result.mat,/home/bgeurten/cstart_experiments/sufge1/Heterozygous/male/movie8/C_START_sufge1_08_2019_HtM9_result_ana.mat,/home/bgeurten/cstart_experiments/sufge1/Heterozygous/male/movie8/HtM9.avi,0.027873000000000037,0.003969,8.0,1821.4936247726096,4191.0,/home/bgeurten/fishDataBase/cst_sufge1-HT_08-2019_M_9_ID#1324/spike_train_df.csv,/home/bgeurten/fishDataBase/cst_sufge1-HT_08-2019_M_9_ID#1324/trace_mm.csv
sufge1-HT,M,21,c-start,08-2019,924.0,4620,5.0,,,,,,,/home/bgeurten/fishDataBase/cst_sufge1-HT_08-2019_M_21_ID#1325/head_mm.csv,/home/bgeurten/fishDataBase/cst_sufge1-HT_08-2019_M_21_ID#1325/tail_mm.csv,,/home/bgeurten/cstart_experiments/sufge1/Heterozygous/male/movie17/HtM21.smr,/home/bgeurten/cstart_experiments/sufge1/Heterozygous/male/movie17/HtM21.S2R,,/home/bgeurten/cstart_experiments/sufge1/Heterozygous/male/movie17/HtM21_box.csv,/home/bgeurten/cstart_experiments/sufge1/Heterozygous/male/movie17/C_START_sufge1_08_2019_HtM21_result.mat,/home/bgeurten/cstart_experiments/sufge1/Heterozygous/male/movie17/C_START_sufge1_08_2019_HtM21_result_ana.mat,/home/bgeurten/cstart_experiments/sufge1/Heterozygous/male/movie17/HtM21.avi,0.024156000000000066,0.022851000000000066,36.0,638.5696040868633,573.0,/home/bgeurten/fishDataBase/cst_sufge1-HT_08-2019_M_21_ID#1325/spike_train_df.csv,/home/bgeurten/fishDataBase/cst_sufge1-HT_08-2019_M_21_ID#1325/trace_mm.csv
sufge1-HT,M,29,c-start,08-2019,924.0,4619,4.998917748917749,,,,,,,/home/bgeurten/fishDataBase/cst_sufge1-HT_08-2019_M_29_ID#1326/head_mm.csv,/home/bgeurten/fishDataBase/cst_sufge1-HT_08-2019_M_29_ID#1326/tail_mm.csv,,/home/bgeurten/cstart_experiments/sufge1/Heterozygous/male/movie24/HtM29 III.smr,/home/bgeurten/cstart_experiments/sufge1/Heterozygous/male/movie24/HtM29 III.S2R,,/home/bgeurten/cstart_experiments/sufge1/Heterozygous/male/movie24/HtM29 III_box.csv,/home/bgeurten/cstart_experiments/sufge1/Heterozygous/male/movie24/C_START_sufge1_08_2019_HtM29_III_result.mat,/home/bgeurten/cstart_experiments/sufge1/Heterozygous/male/movie24/C_START_sufge1_08_2019_HtM29_III_result_ana.mat,/home/bgeurten/cstart_experiments/sufge1/Heterozygous/male/movie24/HtM29 III.avi,0.027405000000000013,0.0033479999999999066,61.0,427.35674919585574,1357.0,/home/bgeurten/fishDataBase/cst_sufge1-HT_08-2019_M_29_ID#1326/spike_train_df.csv,/home/bgeurten/fishDataBase/cst_sufge1-HT_08-2019_M_29_ID#1326/trace_mm.csv
sufge1-HT,M,24,c-start,08-2019,924.0,4620,5.0,,,,,,/home/bgeurten/fishDataBase/cst_sufge1-HT_08-2019_M_24_ID#1327/midLineUniform_pix.csv,/home/bgeurten/fishDataBase/cst_sufge1-HT_08-2019_M_24_ID#1327/head_mm.csv,/home/bgeurten/fishDataBase/cst_sufge1-HT_08-2019_M_24_ID#1327/tail_mm.csv,,/home/bgeurten/cstart_experiments/sufge1/Heterozygous/male/movie20/HtM24.smr,/home/bgeurten/cstart_experiments/sufge1/Heterozygous/male/movie20/HtM24.S2R,,/home/bgeurten/cstart_experiments/sufge1/Heterozygous/male/movie20/HtM24_box.csv,/home/bgeurten/cstart_experiments/sufge1/Heterozygous/male/movie20/C_START_sufge1_08_2019_HtM24_result.mat,/home/bgeurten/cstart_experiments/sufge1/Heterozygous/male/movie20/C_START_sufge1_08_2019_HtM24_result_ana.mat,/home/bgeurten/cstart_experiments/sufge1/Heterozygous/male/movie20/HtM24.avi,,,,,,,/home/bgeurten/fishDataBase/cst_sufge1-HT_08-2019_M_24_ID#1327/trace_mm.csv
sufge1-HT,M,40,c-start,08-2019,924.0,4620,5.0,,,,,,,/home/bgeurten/fishDataBase/cst_sufge1-HT_08-2019_M_40_ID#1328/head_mm.csv,/home/bgeurten/fishDataBase/cst_sufge1-HT_08-2019_M_40_ID#1328/tail_mm.csv,,/home/bgeurten/cstart_experiments/sufge1/Heterozygous/male/movie32/HtM40.smr,/home/bgeurten/cstart_experiments/sufge1/Heterozygous/male/movie32/HtM40.S2R,,/home/bgeurten/cstart_experiments/sufge1/Heterozygous/male/movie32/HtM40_box.csv,/home/bgeurten/cstart_experiments/sufge1/Heterozygous/male/movie32/C_START_sufge1_08_2019_HtM40_result.mat,/home/bgeurten/cstart_experiments/sufge1/Heterozygous/male/movie32/C_START_sufge1_08_2019_HtM40_result_ana.mat,/home/bgeurten/cstart_experiments/sufge1/Heterozygous/male/movie32/HtM40.avi,0.10458900000000004,0.026441999999999966,38.0,640.415180977363,758.0,/home/bgeurten/fishDataBase/cst_sufge1-HT_08-2019_M_40_ID#1328/spike_train_df.csv,/home/bgeurten/fishDataBase/cst_sufge1-HT_08-2019_M_40_ID#1328/trace_mm.csv
sufge1-HT,M,18,c-start,08-2019,924.0,4620,5.0,,,,,,/home/bgeurten/fishDataBase/cst_sufge1-HT_08-2019_M_18_ID#1329/midLineUniform_pix.csv,/home/bgeurten/fishDataBase/cst_sufge1-HT_08-2019_M_18_ID#1329/head_mm.csv,/home/bgeurten/fishDataBase/cst_sufge1-HT_08-2019_M_18_ID#1329/tail_mm.csv,,/home/bgeurten/cstart_experiments/sufge1/Heterozygous/male/movie14/HtM18.smr,/home/bgeurten/cstart_experiments/sufge1/Heterozygous/male/movie14/HtM18.S2R,,/home/bgeurten/cstart_experiments/sufge1/Heterozygous/male/movie14/HtM18_box.csv,/home/bgeurten/cstart_experiments/sufge1/Heterozygous/male/movie14/C_START_sufge1_08_2019_HtM18_result.mat,/home/bgeurten/cstart_experiments/sufge1/Heterozygous/male/movie14/C_START_sufge1_08_2019_HtM18_result_ana.mat,/home/bgeurten/cstart_experiments/sufge1/Heterozygous/male/movie14/HtM18.avi,0.028008000000000033,0.026990999999999987,29.0,569.8005698006577,580.0,/home/bgeurten/fishDataBase/cst_sufge1-HT_08-2019_M_18_ID#1329/spike_train_df.csv,/home/bgeurten/fishDataBase/cst_sufge1-HT_08-2019_M_18_ID#1329/trace_mm.csv
sufge1-HT,F,18,c-start,08-2019,924.0,4619,4.998917748917749,,,,,,/home/bgeurten/fishDataBase/cst_sufge1-HT_08-2019_F_18_ID#1330/midLineUniform_pix.csv,/home/bgeurten/fishDataBase/cst_sufge1-HT_08-2019_F_18_ID#1330/head_mm.csv,/home/bgeurten/fishDataBase/cst_sufge1-HT_08-2019_F_18_ID#1330/tail_mm.csv,,/home/bgeurten/cstart_experiments/sufge1/Heterozygous/female/movie16b/HtF18 II.smr,/home/bgeurten/cstart_experiments/sufge1/Heterozygous/female/movie16b/HtF18 II.S2R,,/home/bgeurten/cstart_experiments/sufge1/Heterozygous/female/movie16b/HtF18 II_box.csv,/home/bgeurten/cstart_experiments/sufge1/Heterozygous/female/movie16b/C_START_sufge1_08_2019_HtF18_II_result.mat,/home/bgeurten/cstart_experiments/sufge1/Heterozygous/female/movie16b/C_START_sufge1_08_2019_HtF18_II_result_ana.mat,/home/bgeurten/cstart_experiments/sufge1/Heterozygous/female/movie16b/HtF18 II.avi,0.02361599999999997,0.021924000000000055,11.0,435.7599448776333,59.0,/home/bgeurten/fishDataBase/cst_sufge1-HT_08-2019_F_18_ID#1330/spike_train_df.csv,/home/bgeurten/fishDataBase/cst_sufge1-HT_08-2019_F_18_ID#1330/trace_mm.csv
sufge1-HT,F,5,c-start,08-2019,924.0,4619,4.998917748917749,,,,,,/home/bgeurten/fishDataBase/cst_sufge1-HT_08-2019_F_5_ID#1331/midLineUniform_pix.csv,/home/bgeurten/fishDataBase/cst_sufge1-HT_08-2019_F_5_ID#1331/head_mm.csv,/home/bgeurten/fishDataBase/cst_sufge1-HT_08-2019_F_5_ID#1331/tail_mm.csv,,/home/bgeurten/cstart_experiments/sufge1/Heterozygous/female/movie4a/HtF5 IU.smr,/home/bgeurten/cstart_experiments/sufge1/Heterozygous/female/movie4a/HtF5 IU.S2R,,/home/bgeurten/cstart_experiments/sufge1/Heterozygous/female/movie4a/HtF5 I_box.csv,/home/bgeurten/cstart_experiments/sufge1/Heterozygous/female/movie4a/C_START_sufge1_08_2019_HtF5_I_result.mat,/home/bgeurten/cstart_experiments/sufge1/Heterozygous/female/movie4a/C_START_sufge1_08_2019_HtF5_I_result_ana.mat,/home/bgeurten/cstart_experiments/sufge1/Heterozygous/female/movie4a/HtF5 I.avi,0.028106999999999882,0.025955999999999868,8.0,884.5643520566304,72.0,/home/bgeurten/fishDataBase/cst_sufge1-HT_08-2019_F_5_ID#1331/spike_train_df.csv,/home/bgeurten/fishDataBase/cst_sufge1-HT_08-2019_F_5_ID#1331/trace_mm.csv
sufge1-HT,F,20,c-start,08-2019,924.0,4620,5.0,,,,,,/home/bgeurten/fishDataBase/cst_sufge1-HT_08-2019_F_20_ID#1332/midLineUniform_pix.csv,/home/bgeurten/fishDataBase/cst_sufge1-HT_08-2019_F_20_ID#1332/head_mm.csv,/home/bgeurten/fishDataBase/cst_sufge1-HT_08-2019_F_20_ID#1332/tail_mm.csv,,/home/bgeurten/cstart_experiments/sufge1/Heterozygous/female/movie18/HtF20.smr,/home/bgeurten/cstart_experiments/sufge1/Heterozygous/female/movie18/HtF20.S2R,,/home/bgeurten/cstart_experiments/sufge1/Heterozygous/female/movie18/HtF20_box.csv,/home/bgeurten/cstart_experiments/sufge1/Heterozygous/female/movie18/C_START_sufge1_08_2019_HtF20_result.mat,/home/bgeurten/cstart_experiments/sufge1/Heterozygous/female/movie18/C_START_sufge1_08_2019_HtF20_result_ana.mat,/home/bgeurten/cstart_experiments/sufge1/Heterozygous/female/movie18/HtF20.avi,1.0312109999999999,0.024002999999999997,27.0,642.2607578676817,730.0,/home/bgeurten/fishDataBase/cst_sufge1-HT_08-2019_F_20_ID#1332/spike_train_df.csv,/home/bgeurten/fishDataBase/cst_sufge1-HT_08-2019_F_20_ID#1332/trace_mm.csv
sufge1-HT,F,11,c-start,08-2019,924.0,4620,5.0,,,,,,/home/bgeurten/fishDataBase/cst_sufge1-HT_08-2019_F_11_ID#1333/midLineUniform_pix.csv,/home/bgeurten/fishDataBase/cst_sufge1-HT_08-2019_F_11_ID#1333/head_mm.csv,/home/bgeurten/fishDataBase/cst_sufge1-HT_08-2019_F_11_ID#1333/tail_mm.csv,,/home/bgeurten/cstart_experiments/sufge1/Heterozygous/female/movie10/HtF11.smr,/home/bgeurten/cstart_experiments/sufge1/Heterozygous/female/movie10/HtF11.S2R,,/home/bgeurten/cstart_experiments/sufge1/Heterozygous/female/movie10/HtF11_box.csv,/home/bgeurten/cstart_experiments/sufge1/Heterozygous/female/movie10/C_START_sufge1_08_2019_HtF11_result.mat,/home/bgeurten/cstart_experiments/sufge1/Heterozygous/female/movie10/C_START_sufge1_08_2019_HtF11_result_ana.mat,/home/bgeurten/cstart_experiments/sufge1/Heterozygous/female/movie10/HtF11.avi,0.03197699999999992,0.03421800000000008,24.0,252.23894271512376,728.0,/home/bgeurten/fishDataBase/cst_sufge1-HT_08-2019_F_11_ID#1333/spike_train_df.csv,/home/bgeurten/fishDataBase/cst_sufge1-HT_08-2019_F_11_ID#1333/trace_mm.csv
sufge1-HT,F,1,c-start,08-2019,924.0,4619,4.998917748917749,,,,,,/home/bgeurten/fishDataBase/cst_sufge1-HT_08-2019_F_1_ID#1334/midLineUniform_pix.csv,/home/bgeurten/fishDataBase/cst_sufge1-HT_08-2019_F_1_ID#1334/head_mm.csv,/home/bgeurten/fishDataBase/cst_sufge1-HT_08-2019_F_1_ID#1334/tail_mm.csv,,/home/bgeurten/cstart_experiments/sufge1/Heterozygous/female/movie1/HtF1.smr,/home/bgeurten/cstart_experiments/sufge1/Heterozygous/female/movie1/HtF1.S2R,,/home/bgeurten/cstart_experiments/sufge1/Heterozygous/female/movie1/HtF1_box.csv,/home/bgeurten/cstart_experiments/sufge1/Heterozygous/female/movie1/C_START_sufge1_08_2019_HtF1_result.mat,/home/bgeurten/cstart_experiments/sufge1/Heterozygous/female/movie1/C_START_sufge1_08_2019_HtF1_result_ana.mat,/home/bgeurten/cstart_experiments/sufge1/Heterozygous/female/movie1/HtF1.avi,0.030213000000000045,0.027270000000000016,39.0,432.3389537397302,604.0,/home/bgeurten/fishDataBase/cst_sufge1-HT_08-2019_F_1_ID#1334/spike_train_df.csv,/home/bgeurten/fishDataBase/cst_sufge1-HT_08-2019_F_1_ID#1334/trace_mm.csv
sufge1-HT,F,3,c-start,08-2019,924.0,4618,4.9978354978354975,,,,,,/home/bgeurten/fishDataBase/cst_sufge1-HT_08-2019_F_3_ID#1335/midLineUniform_pix.csv,/home/bgeurten/fishDataBase/cst_sufge1-HT_08-2019_F_3_ID#1335/head_mm.csv,/home/bgeurten/fishDataBase/cst_sufge1-HT_08-2019_F_3_ID#1335/tail_mm.csv,,/home/bgeurten/cstart_experiments/sufge1/Heterozygous/female/movie3/HtF3.smr,/home/bgeurten/cstart_experiments/sufge1/Heterozygous/female/movie3/HtF3.S2R,,/home/bgeurten/cstart_experiments/sufge1/Heterozygous/female/movie3/HtF3_box.csv,/home/bgeurten/cstart_experiments/sufge1/Heterozygous/female/movie3/C_START_sufge1_08_2019_HtF3_result.mat,/home/bgeurten/cstart_experiments/sufge1/Heterozygous/female/movie3/C_START_sufge1_08_2019_HtF3_result_ana.mat,/home/bgeurten/cstart_experiments/sufge1/Heterozygous/female/movie3/HtF3.avi,0.21074400000000004,0.004113000000000033,42.0,903.3423667568449,4133.0,/home/bgeurten/fishDataBase/cst_sufge1-HT_08-2019_F_3_ID#1335/spike_train_df.csv,/home/bgeurten/fishDataBase/cst_sufge1-HT_08-2019_F_3_ID#1335/trace_mm.csv
sufge1-HT,F,2,c-start,08-2019,924.0,4620,5.0,,,,,,/home/bgeurten/fishDataBase/cst_sufge1-HT_08-2019_F_2_ID#1336/midLineUniform_pix.csv,/home/bgeurten/fishDataBase/cst_sufge1-HT_08-2019_F_2_ID#1336/head_mm.csv,/home/bgeurten/fishDataBase/cst_sufge1-HT_08-2019_F_2_ID#1336/tail_mm.csv,,/home/bgeurten/cstart_experiments/sufge1/Heterozygous/female/movie2/HtF2.smr,/home/bgeurten/cstart_experiments/sufge1/Heterozygous/female/movie2/HtF2.S2R,,/home/bgeurten/cstart_experiments/sufge1/Heterozygous/female/movie2/HtF2_box.csv,/home/bgeurten/cstart_experiments/sufge1/Heterozygous/female/movie2/C_START_sufge1_08_2019_HtF2_result.mat,/home/bgeurten/cstart_experiments/sufge1/Heterozygous/female/movie2/C_START_sufge1_08_2019_HtF2_result_ana.mat,/home/bgeurten/cstart_experiments/sufge1/Heterozygous/female/movie2/HtF2.avi,0.031320000000000014,0.030734999999999957,7.0,629.5701801319785,99.0,/home/bgeurten/fishDataBase/cst_sufge1-HT_08-2019_F_2_ID#1336/spike_train_df.csv,/home/bgeurten/fishDataBase/cst_sufge1-HT_08-2019_F_2_ID#1336/trace_mm.csv
sufge1-HT,F,15,c-start,08-2019,924.0,4618,4.9978354978354975,,,,,,,/home/bgeurten/fishDataBase/cst_sufge1-HT_08-2019_F_15_ID#1337/head_mm.csv,/home/bgeurten/fishDataBase/cst_sufge1-HT_08-2019_F_15_ID#1337/tail_mm.csv,,/home/bgeurten/cstart_experiments/sufge1/Heterozygous/female/movie13/HtF15.smr,/home/bgeurten/cstart_experiments/sufge1/Heterozygous/female/movie13/HtF15.S2R,,/home/bgeurten/cstart_experiments/sufge1/Heterozygous/female/movie13/HtF15_box.csv,/home/bgeurten/cstart_experiments/sufge1/Heterozygous/female/movie13/C_START_sufge1_08_2019_HtF15_result.mat,/home/bgeurten/cstart_experiments/sufge1/Heterozygous/female/movie13/C_START_sufge1_08_2019_HtF15_result_ana.mat,/home/bgeurten/cstart_experiments/sufge1/Heterozygous/female/movie13/HtF15.avi,0.028880999999999712,0.030338999999999672,31.0,487.3294346978693,498.0,/home/bgeurten/fishDataBase/cst_sufge1-HT_08-2019_F_15_ID#1337/spike_train_df.csv,/home/bgeurten/fishDataBase/cst_sufge1-HT_08-2019_F_15_ID#1337/trace_mm.csv
sufge1-HT,F,10,c-start,08-2019,924.0,4620,5.0,,,,,,/home/bgeurten/fishDataBase/cst_sufge1-HT_08-2019_F_10_ID#1338/midLineUniform_pix.csv,/home/bgeurten/fishDataBase/cst_sufge1-HT_08-2019_F_10_ID#1338/head_mm.csv,/home/bgeurten/fishDataBase/cst_sufge1-HT_08-2019_F_10_ID#1338/tail_mm.csv,,/home/bgeurten/cstart_experiments/sufge1/Heterozygous/female/movie9/HtF10 II.smr,/home/bgeurten/cstart_experiments/sufge1/Heterozygous/female/movie9/HtF10 II.S2R,,/home/bgeurten/cstart_experiments/sufge1/Heterozygous/female/movie9/HtF10 II_box.csv,/home/bgeurten/cstart_experiments/sufge1/Heterozygous/female/movie9/C_START_sufge1_08_2019_HtF10_II_result.mat,/home/bgeurten/cstart_experiments/sufge1/Heterozygous/female/movie9/C_START_sufge1_08_2019_HtF10_II_result_ana.mat,/home/bgeurten/cstart_experiments/sufge1/Heterozygous/female/movie9/HtF10 II.avi,0.03494699999999995,0.03248099999999998,30.0,638.5696040870444,633.0,/home/bgeurten/fishDataBase/cst_sufge1-HT_08-2019_F_10_ID#1338/spike_train_df.csv,/home/bgeurten/fishDataBase/cst_sufge1-HT_08-2019_F_10_ID#1338/trace_mm.csv
sufge1-HT,F,7,c-start,08-2019,924.0,4620,5.0,,,,,,/home/bgeurten/fishDataBase/cst_sufge1-HT_08-2019_F_7_ID#1339/midLineUniform_pix.csv,/home/bgeurten/fishDataBase/cst_sufge1-HT_08-2019_F_7_ID#1339/head_mm.csv,/home/bgeurten/fishDataBase/cst_sufge1-HT_08-2019_F_7_ID#1339/tail_mm.csv,,/home/bgeurten/cstart_experiments/sufge1/Heterozygous/female/movie6/HtF7.smr,/home/bgeurten/cstart_experiments/sufge1/Heterozygous/female/movie6/HtF7.S2R,,/home/bgeurten/cstart_experiments/sufge1/Heterozygous/female/movie6/HtF7_box.csv,/home/bgeurten/cstart_experiments/sufge1/Heterozygous/female/movie6/C_START_sufge1_08_2019_HtF7_result.mat,/home/bgeurten/cstart_experiments/sufge1/Heterozygous/female/movie6/C_START_sufge1_08_2019_HtF7_result_ana.mat,/home/bgeurten/cstart_experiments/sufge1/Heterozygous/female/movie6/HtF7.avi,0.03864599999999996,0.046485,37.0,589.4530126208845,365.0,/home/bgeurten/fishDataBase/cst_sufge1-HT_08-2019_F_7_ID#1339/spike_train_df.csv,/home/bgeurten/fishDataBase/cst_sufge1-HT_08-2019_F_7_ID#1339/trace_mm.csv
sufge1-HT,F,13,c-start,08-2019,924.0,4620,5.0,,,,,,,/home/bgeurten/fishDataBase/cst_sufge1-HT_08-2019_F_13_ID#1340/head_mm.csv,/home/bgeurten/fishDataBase/cst_sufge1-HT_08-2019_F_13_ID#1340/tail_mm.csv,,/home/bgeurten/cstart_experiments/sufge1/Heterozygous/female/movie11/HtF13 II.smr,/home/bgeurten/cstart_experiments/sufge1/Heterozygous/female/movie11/HtF13 II.S2R,,/home/bgeurten/cstart_experiments/sufge1/Heterozygous/female/movie11/HtF13 II_box.csv,/home/bgeurten/cstart_experiments/sufge1/Heterozygous/female/movie11/C_START_sufge1_08_2019_HtF13_II_result.mat,/home/bgeurten/cstart_experiments/sufge1/Heterozygous/female/movie11/C_START_sufge1_08_2019_HtF13_II_result_ana.mat,/home/bgeurten/cstart_experiments/sufge1/Heterozygous/female/movie11/HtF13 II.avi,0.031013999999999986,0.03458699999999992,11.0,957.8544061302271,136.0,/home/bgeurten/fishDataBase/cst_sufge1-HT_08-2019_F_13_ID#1340/spike_train_df.csv,/home/bgeurten/fishDataBase/cst_sufge1-HT_08-2019_F_13_ID#1340/trace_mm.csv
sufge1-HT,F,8,c-start,08-2019,924.0,4620,5.0,,,,,,/home/bgeurten/fishDataBase/cst_sufge1-HT_08-2019_F_8_ID#1341/midLineUniform_pix.csv,/home/bgeurten/fishDataBase/cst_sufge1-HT_08-2019_F_8_ID#1341/head_mm.csv,/home/bgeurten/fishDataBase/cst_sufge1-HT_08-2019_F_8_ID#1341/tail_mm.csv,,/home/bgeurten/cstart_experiments/sufge1/Heterozygous/female/movie7/HtF8.smr,/home/bgeurten/cstart_experiments/sufge1/Heterozygous/female/movie7/HtF8.S2R,,/home/bgeurten/cstart_experiments/sufge1/Heterozygous/female/movie7/HtF8_box.csv,/home/bgeurten/cstart_experiments/sufge1/Heterozygous/female/movie7/C_START_sufge1_08_2019_HtF8_result.mat,/home/bgeurten/cstart_experiments/sufge1/Heterozygous/female/movie7/C_START_sufge1_08_2019_HtF8_result_ana.mat,/home/bgeurten/cstart_experiments/sufge1/Heterozygous/female/movie7/HtF8.avi,0.045414000000000065,0.03466800000000014,21.0,602.2326674500757,155.0,/home/bgeurten/fishDataBase/cst_sufge1-HT_08-2019_F_8_ID#1341/spike_train_df.csv,/home/bgeurten/fishDataBase/cst_sufge1-HT_08-2019_F_8_ID#1341/trace_mm.csv
sufge1-HT,F,17,c-start,08-2019,924.0,4620,5.0,,,,,,,/home/bgeurten/fishDataBase/cst_sufge1-HT_08-2019_F_17_ID#1342/head_mm.csv,/home/bgeurten/fishDataBase/cst_sufge1-HT_08-2019_F_17_ID#1342/tail_mm.csv,,/home/bgeurten/cstart_experiments/sufge1/Heterozygous/female/movie15/HtF17.smr,/home/bgeurten/cstart_experiments/sufge1/Heterozygous/female/movie15/HtF17.S2R,,/home/bgeurten/cstart_experiments/sufge1/Heterozygous/female/movie15/HtF17_box.csv,/home/bgeurten/cstart_experiments/sufge1/Heterozygous/female/movie15/C_START_sufge1_08_2019_HtF17_result.mat,/home/bgeurten/cstart_experiments/sufge1/Heterozygous/female/movie15/C_START_sufge1_08_2019_HtF17_result_ana.mat,/home/bgeurten/cstart_experiments/sufge1/Heterozygous/female/movie15/HtF17.avi,0.021969000000000016,0.020583000000000018,39.0,468.8232536334421,454.0,/home/bgeurten/fishDataBase/cst_sufge1-HT_08-2019_F_17_ID#1342/spike_train_df.csv,/home/bgeurten/fishDataBase/cst_sufge1-HT_08-2019_F_17_ID#1342/trace_mm.csv
sufge1-HT,F,26,c-start,08-2019,924.0,4620,5.0,,,,,,/home/bgeurten/fishDataBase/cst_sufge1-HT_08-2019_F_26_ID#1343/midLineUniform_pix.csv,/home/bgeurten/fishDataBase/cst_sufge1-HT_08-2019_F_26_ID#1343/head_mm.csv,/home/bgeurten/fishDataBase/cst_sufge1-HT_08-2019_F_26_ID#1343/tail_mm.csv,,/home/bgeurten/cstart_experiments/sufge1/Heterozygous/female/movie22/HtF26.smr,/home/bgeurten/cstart_experiments/sufge1/Heterozygous/female/movie22/HtF26.S2R,,/home/bgeurten/cstart_experiments/sufge1/Heterozygous/female/movie22/HtF26_box.csv,/home/bgeurten/cstart_experiments/sufge1/Heterozygous/female/movie22/C_START_sufge1_08_2019_HtF26_result.mat,/home/bgeurten/cstart_experiments/sufge1/Heterozygous/female/movie22/C_START_sufge1_08_2019_HtF26_result_ana.mat,/home/bgeurten/cstart_experiments/sufge1/Heterozygous/female/movie22/HtF26.avi,0.19410300000000003,0.02323799999999998,31.0,671.3723581193317,587.0,/home/bgeurten/fishDataBase/cst_sufge1-HT_08-2019_F_26_ID#1343/spike_train_df.csv,/home/bgeurten/fishDataBase/cst_sufge1-HT_08-2019_F_26_ID#1343/trace_mm.csv
sufge1-HT,F,14,c-start,08-2019,924.0,4620,5.0,,,,,,/home/bgeurten/fishDataBase/cst_sufge1-HT_08-2019_F_14_ID#1344/midLineUniform_pix.csv,/home/bgeurten/fishDataBase/cst_sufge1-HT_08-2019_F_14_ID#1344/head_mm.csv,/home/bgeurten/fishDataBase/cst_sufge1-HT_08-2019_F_14_ID#1344/tail_mm.csv,,/home/bgeurten/cstart_experiments/sufge1/Heterozygous/female/movie12/HtF14.smr,/home/bgeurten/cstart_experiments/sufge1/Heterozygous/female/movie12/HtF14.S2R,,/home/bgeurten/cstart_experiments/sufge1/Heterozygous/female/movie12/HtF14_box.csv,/home/bgeurten/cstart_experiments/sufge1/Heterozygous/female/movie12/C_START_sufge1_08_2019_HtF14_result.mat,/home/bgeurten/cstart_experiments/sufge1/Heterozygous/female/movie12/C_START_sufge1_08_2019_HtF14_result_ana.mat,/home/bgeurten/cstart_experiments/sufge1/Heterozygous/female/movie12/HtF14.avi,0.02535299999999996,0.03212999999999999,19.0,425.71306939120194,280.0,/home/bgeurten/fishDataBase/cst_sufge1-HT_08-2019_F_14_ID#1344/spike_train_df.csv,/home/bgeurten/fishDataBase/cst_sufge1-HT_08-2019_F_14_ID#1344/trace_mm.csv
sufge1-HT,F,6,c-start,08-2019,924.0,4620,5.0,,,,,,/home/bgeurten/fishDataBase/cst_sufge1-HT_08-2019_F_6_ID#1345/midLineUniform_pix.csv,/home/bgeurten/fishDataBase/cst_sufge1-HT_08-2019_F_6_ID#1345/head_mm.csv,/home/bgeurten/fishDataBase/cst_sufge1-HT_08-2019_F_6_ID#1345/tail_mm.csv,,/home/bgeurten/cstart_experiments/sufge1/Heterozygous/female/movie5/HtF6.smr,/home/bgeurten/cstart_experiments/sufge1/Heterozygous/female/movie5/HtF6.S2R,,/home/bgeurten/cstart_experiments/sufge1/Heterozygous/female/movie5/HtF6_box.csv,/home/bgeurten/cstart_experiments/sufge1/Heterozygous/female/movie5/C_START_sufge1_08_2019_HtF6_result.mat,/home/bgeurten/cstart_experiments/sufge1/Heterozygous/female/movie5/C_START_sufge1_08_2019_HtF6_result_ana.mat,/home/bgeurten/cstart_experiments/sufge1/Heterozygous/female/movie5/HtF6.avi,0.07587900000000003,0.03466800000000003,20.0,673.4006734006418,265.0,/home/bgeurten/fishDataBase/cst_sufge1-HT_08-2019_F_6_ID#1345/spike_train_df.csv,/home/bgeurten/fishDataBase/cst_sufge1-HT_08-2019_F_6_ID#1345/trace_mm.csv
sufge1-HT,F,21,c-start,08-2019,924.0,4619,4.998917748917749,,,,,,/home/bgeurten/fishDataBase/cst_sufge1-HT_08-2019_F_21_ID#1346/midLineUniform_pix.csv,/home/bgeurten/fishDataBase/cst_sufge1-HT_08-2019_F_21_ID#1346/head_mm.csv,/home/bgeurten/fishDataBase/cst_sufge1-HT_08-2019_F_21_ID#1346/tail_mm.csv,,/home/bgeurten/cstart_experiments/sufge1/Heterozygous/female/movie19/HtF21.smr,/home/bgeurten/cstart_experiments/sufge1/Heterozygous/female/movie19/HtF21.S2R,,/home/bgeurten/cstart_experiments/sufge1/Heterozygous/female/movie19/HtF21_box.csv,/home/bgeurten/cstart_experiments/sufge1/Heterozygous/female/movie19/C_START_sufge1_08_2019_HtF21_result.mat,/home/bgeurten/cstart_experiments/sufge1/Heterozygous/female/movie19/C_START_sufge1_08_2019_HtF21_result_ana.mat,/home/bgeurten/cstart_experiments/sufge1/Heterozygous/female/movie19/HtF21.avi,0.028502999999999945,0.004625999999999908,33.0,442.6737494466122,1229.0,/home/bgeurten/fishDataBase/cst_sufge1-HT_08-2019_F_21_ID#1346/spike_train_df.csv,/home/bgeurten/fishDataBase/cst_sufge1-HT_08-2019_F_21_ID#1346/trace_mm.csv
sufge1-HT,F,23,c-start,08-2019,924.0,4619,4.998917748917749,,,,,,,/home/bgeurten/fishDataBase/cst_sufge1-HT_08-2019_F_23_ID#1347/head_mm.csv,/home/bgeurten/fishDataBase/cst_sufge1-HT_08-2019_F_23_ID#1347/tail_mm.csv,,/home/bgeurten/cstart_experiments/sufge1/Heterozygous/female/movie21/HtF23.smr,/home/bgeurten/cstart_experiments/sufge1/Heterozygous/female/movie21/HtF23.S2R,,/home/bgeurten/cstart_experiments/sufge1/Heterozygous/female/movie21/HtF23_box.csv,/home/bgeurten/cstart_experiments/sufge1/Heterozygous/female/movie21/C_START_sufge1_08_2019_HtF23_result.mat,/home/bgeurten/cstart_experiments/sufge1/Heterozygous/female/movie21/C_START_sufge1_08_2019_HtF23_result_ana.mat,/home/bgeurten/cstart_experiments/sufge1/Heterozygous/female/movie21/HtF23.avi,0.02754000000000001,0.03417300000000001,39.0,597.3715651135172,742.0,/home/bgeurten/fishDataBase/cst_sufge1-HT_08-2019_F_23_ID#1347/spike_train_df.csv,/home/bgeurten/fishDataBase/cst_sufge1-HT_08-2019_F_23_ID#1347/trace_mm.csv
sufge1-HT,F,9,c-start,08-2019,924.0,4620,5.0,,,,,,/home/bgeurten/fishDataBase/cst_sufge1-HT_08-2019_F_9_ID#1348/midLineUniform_pix.csv,/home/bgeurten/fishDataBase/cst_sufge1-HT_08-2019_F_9_ID#1348/head_mm.csv,/home/bgeurten/fishDataBase/cst_sufge1-HT_08-2019_F_9_ID#1348/tail_mm.csv,,/home/bgeurten/cstart_experiments/sufge1/Heterozygous/female/movie8/HtF9.smr,/home/bgeurten/cstart_experiments/sufge1/Heterozygous/female/movie8/HtF9.S2R,,/home/bgeurten/cstart_experiments/sufge1/Heterozygous/female/movie8/HtF9_box.csv,/home/bgeurten/cstart_experiments/sufge1/Heterozygous/female/movie8/C_START_sufge1_08_2019_HtF9_result.mat,/home/bgeurten/cstart_experiments/sufge1/Heterozygous/female/movie8/C_START_sufge1_08_2019_HtF9_result_ana.mat,/home/bgeurten/cstart_experiments/sufge1/Heterozygous/female/movie8/HtF9.avi,0.027918,0.031895999999999924,17.0,349.9571233634463,317.0,/home/bgeurten/fishDataBase/cst_sufge1-HT_08-2019_F_9_ID#1348/spike_train_df.csv,/home/bgeurten/fishDataBase/cst_sufge1-HT_08-2019_F_9_ID#1348/trace_mm.csv
sufge1-HT,F,19,c-start,08-2019,924.0,4620,5.0,,,,,,,/home/bgeurten/fishDataBase/cst_sufge1-HT_08-2019_F_19_ID#1349/head_mm.csv,/home/bgeurten/fishDataBase/cst_sufge1-HT_08-2019_F_19_ID#1349/tail_mm.csv,,/home/bgeurten/cstart_experiments/sufge1/Heterozygous/female/movie17/HtF19.smr,/home/bgeurten/cstart_experiments/sufge1/Heterozygous/female/movie17/HtF19.S2R,,/home/bgeurten/cstart_experiments/sufge1/Heterozygous/female/movie17/HtF19_box.csv,/home/bgeurten/cstart_experiments/sufge1/Heterozygous/female/movie17/C_START_sufge1_08_2019_HtF19_result.mat,/home/bgeurten/cstart_experiments/sufge1/Heterozygous/female/movie17/C_START_sufge1_08_2019_HtF19_result_ana.mat,/home/bgeurten/cstart_experiments/sufge1/Heterozygous/female/movie17/HtF19.avi,0.026117999999999975,0.02441699999999991,41.0,422.48181561158503,579.0,/home/bgeurten/fishDataBase/cst_sufge1-HT_08-2019_F_19_ID#1349/spike_train_df.csv,/home/bgeurten/fishDataBase/cst_sufge1-HT_08-2019_F_19_ID#1349/trace_mm.csv
sufge1-HT,F,22,c-start,08-2019,924.0,4620,5.0,,,,,,,/home/bgeurten/fishDataBase/cst_sufge1-HT_08-2019_F_22_ID#1350/head_mm.csv,/home/bgeurten/fishDataBase/cst_sufge1-HT_08-2019_F_22_ID#1350/tail_mm.csv,,/home/bgeurten/cstart_experiments/sufge1/Heterozygous/female/movie20/HtF22.smr,/home/bgeurten/cstart_experiments/sufge1/Heterozygous/female/movie20/HtF22.S2R,,/home/bgeurten/cstart_experiments/sufge1/Heterozygous/female/movie20/HtF22_box.csv,/home/bgeurten/cstart_experiments/sufge1/Heterozygous/female/movie20/C_START_sufge1_08_2019_HtF22_result.mat,/home/bgeurten/cstart_experiments/sufge1/Heterozygous/female/movie20/C_START_sufge1_08_2019_HtF22_result_ana.mat,/home/bgeurten/cstart_experiments/sufge1/Heterozygous/female/movie20/HtF22.avi,0.022895999999999916,0.02723399999999998,32.0,494.92945326284564,680.0,/home/bgeurten/fishDataBase/cst_sufge1-HT_08-2019_F_22_ID#1350/spike_train_df.csv,/home/bgeurten/fishDataBase/cst_sufge1-HT_08-2019_F_22_ID#1350/trace_mm.csv
sufge1-HT,F,16,c-start,08-2019,924.0,4619,4.998917748917749,,,,,,/home/bgeurten/fishDataBase/cst_sufge1-HT_08-2019_F_16_ID#1351/midLineUniform_pix.csv,/home/bgeurten/fishDataBase/cst_sufge1-HT_08-2019_F_16_ID#1351/head_mm.csv,/home/bgeurten/fishDataBase/cst_sufge1-HT_08-2019_F_16_ID#1351/tail_mm.csv,,/home/bgeurten/cstart_experiments/sufge1/Heterozygous/female/movie14/HtF16.smr,/home/bgeurten/cstart_experiments/sufge1/Heterozygous/female/movie14/HtF16.S2R,,/home/bgeurten/cstart_experiments/sufge1/Heterozygous/female/movie14/HtF16_box.csv,/home/bgeurten/cstart_experiments/sufge1/Heterozygous/female/movie14/C_START_sufge1_08_2019_HtF16_result.mat,/home/bgeurten/cstart_experiments/sufge1/Heterozygous/female/movie14/C_START_sufge1_08_2019_HtF16_result_ana.mat,/home/bgeurten/cstart_experiments/sufge1/Heterozygous/female/movie14/HtF16.avi,0.02504700000000004,0.007164000000000059,17.0,745.7121551083549,140.0,/home/bgeurten/fishDataBase/cst_sufge1-HT_08-2019_F_16_ID#1351/spike_train_df.csv,/home/bgeurten/fishDataBase/cst_sufge1-HT_08-2019_F_16_ID#1351/trace_mm.csv
sufge1-HM,M,1,c-start,08-2019,924.0,4620,5.0,,,,,,,/home/bgeurten/fishDataBase/cst_sufge1-HM_08-2019_M_1_ID#1352/head_mm.csv,/home/bgeurten/fishDataBase/cst_sufge1-HM_08-2019_M_1_ID#1352/tail_mm.csv,,/home/bgeurten/cstart_experiments/sufge1/Homozygous/male/movie1/HmM1.smr,/home/bgeurten/cstart_experiments/sufge1/Homozygous/male/movie1/HmM1.S2R,,/home/bgeurten/cstart_experiments/sufge1/Homozygous/male/movie1/HmM1_box.csv,/home/bgeurten/cstart_experiments/sufge1/Homozygous/male/movie1/C_START_sufge1_08_2019_HmM1_result.mat,/home/bgeurten/cstart_experiments/sufge1/Homozygous/male/movie1/C_START_sufge1_08_2019_HmM1_result_ana.mat,/home/bgeurten/cstart_experiments/sufge1/Homozygous/male/movie1/HmM1.avi,0.10124999999999995,0.025227,26.0,461.0419548179524,408.0,/home/bgeurten/fishDataBase/cst_sufge1-HM_08-2019_M_1_ID#1352/spike_train_df.csv,/home/bgeurten/fishDataBase/cst_sufge1-HM_08-2019_M_1_ID#1352/trace_mm.csv
sufge1-HM,M,3,c-start,08-2019,924.0,4620,5.0,,,,,,/home/bgeurten/fishDataBase/cst_sufge1-HM_08-2019_M_3_ID#1353/midLineUniform_pix.csv,/home/bgeurten/fishDataBase/cst_sufge1-HM_08-2019_M_3_ID#1353/head_mm.csv,/home/bgeurten/fishDataBase/cst_sufge1-HM_08-2019_M_3_ID#1353/tail_mm.csv,,/home/bgeurten/cstart_experiments/sufge1/Homozygous/male/movie3/HmM3 II.smr,/home/bgeurten/cstart_experiments/sufge1/Homozygous/male/movie3/HmM3 II.S2R,,/home/bgeurten/cstart_experiments/sufge1/Homozygous/male/movie3/HmM3 II_box.csv,/home/bgeurten/cstart_experiments/sufge1/Homozygous/male/movie3/C_START_sufge1_08_2019_HmM3_II_result.mat,/home/bgeurten/cstart_experiments/sufge1/Homozygous/male/movie3/C_START_sufge1_08_2019_HmM3_II_result_ana.mat,/home/bgeurten/cstart_experiments/sufge1/Homozygous/male/movie3/HmM3 II.avi,0.019638000000000044,0.025236000000000036,46.0,526.5929436545903,503.0,/home/bgeurten/fishDataBase/cst_sufge1-HM_08-2019_M_3_ID#1353/spike_train_df.csv,/home/bgeurten/fishDataBase/cst_sufge1-HM_08-2019_M_3_ID#1353/trace_mm.csv
sufge1-HM,M,2,c-start,08-2019,924.0,4618,4.9978354978354975,,,,,,,/home/bgeurten/fishDataBase/cst_sufge1-HM_08-2019_M_2_ID#1354/head_mm.csv,/home/bgeurten/fishDataBase/cst_sufge1-HM_08-2019_M_2_ID#1354/tail_mm.csv,,/home/bgeurten/cstart_experiments/sufge1/Homozygous/male/movie2/HmM2.smr,/home/bgeurten/cstart_experiments/sufge1/Homozygous/male/movie2/HmM2.S2R,,/home/bgeurten/cstart_experiments/sufge1/Homozygous/male/movie2/HmM2_box.csv,/home/bgeurten/cstart_experiments/sufge1/Homozygous/male/movie2/C_START_sufge1_08_2019_HmM2_result.mat,/home/bgeurten/cstart_experiments/sufge1/Homozygous/male/movie2/C_START_sufge1_08_2019_HmM2_result_ana.mat,/home/bgeurten/cstart_experiments/sufge1/Homozygous/male/movie2/HmM2.avi,0.025388999999999995,0.024984000000000006,35.0,605.5146379452149,637.0,/home/bgeurten/fishDataBase/cst_sufge1-HM_08-2019_M_2_ID#1354/spike_train_df.csv,/home/bgeurten/fishDataBase/cst_sufge1-HM_08-2019_M_2_ID#1354/trace_mm.csv
sufge1-HM,M,10,c-start,08-2019,924.0,4620,5.0,,,,,,,/home/bgeurten/fishDataBase/cst_sufge1-HM_08-2019_M_10_ID#1355/head_mm.csv,/home/bgeurten/fishDataBase/cst_sufge1-HM_08-2019_M_10_ID#1355/tail_mm.csv,,/home/bgeurten/cstart_experiments/sufge1/Homozygous/male/movie9/HmM10 II.smr,/home/bgeurten/cstart_experiments/sufge1/Homozygous/male/movie9/HmM10 II.S2R,,/home/bgeurten/cstart_experiments/sufge1/Homozygous/male/movie9/HmM10 II_box.csv,/home/bgeurten/cstart_experiments/sufge1/Homozygous/male/movie9/C_START_sufge1_08_2019_HmM10_II_result.mat,/home/bgeurten/cstart_experiments/sufge1/Homozygous/male/movie9/C_START_sufge1_08_2019_HmM10_II_result_ana.mat,/home/bgeurten/cstart_experiments/sufge1/Homozygous/male/movie9/HmM10 II.avi,0.025658999999999987,0.012716999999999978,12.0,487.3388094825484,280.0,/home/bgeurten/fishDataBase/cst_sufge1-HM_08-2019_M_10_ID#1355/spike_train_df.csv,/home/bgeurten/fishDataBase/cst_sufge1-HM_08-2019_M_10_ID#1355/trace_mm.csv
sufge1-HM,M,7,c-start,08-2019,924.0,4620,5.0,,,,,,/home/bgeurten/fishDataBase/cst_sufge1-HM_08-2019_M_7_ID#1356/midLineUniform_pix.csv,/home/bgeurten/fishDataBase/cst_sufge1-HM_08-2019_M_7_ID#1356/head_mm.csv,/home/bgeurten/fishDataBase/cst_sufge1-HM_08-2019_M_7_ID#1356/tail_mm.csv,,/home/bgeurten/cstart_experiments/sufge1/Homozygous/male/movie6/HmM7.smr,/home/bgeurten/cstart_experiments/sufge1/Homozygous/male/movie6/HmM7.S2R,,/home/bgeurten/cstart_experiments/sufge1/Homozygous/male/movie6/HmM7_box.csv,/home/bgeurten/cstart_experiments/sufge1/Homozygous/male/movie6/C_START_sufge1_08_2019_HmM7_result.mat,/home/bgeurten/cstart_experiments/sufge1/Homozygous/male/movie6/C_START_sufge1_08_2019_HmM7_result_ana.mat,/home/bgeurten/cstart_experiments/sufge1/Homozygous/male/movie6/HmM7.avi,0.025290000000000035,0.028665000000000163,34.0,569.8005698005136,939.0,/home/bgeurten/fishDataBase/cst_sufge1-HM_08-2019_M_7_ID#1356/spike_train_df.csv,/home/bgeurten/fishDataBase/cst_sufge1-HM_08-2019_M_7_ID#1356/trace_mm.csv
sufge1-HM,M,8,c-start,08-2019,924.0,4620,5.0,,,,,,/home/bgeurten/fishDataBase/cst_sufge1-HM_08-2019_M_8_ID#1357/midLineUniform_pix.csv,/home/bgeurten/fishDataBase/cst_sufge1-HM_08-2019_M_8_ID#1357/head_mm.csv,/home/bgeurten/fishDataBase/cst_sufge1-HM_08-2019_M_8_ID#1357/tail_mm.csv,,/home/bgeurten/cstart_experiments/sufge1/Homozygous/male/movie7/HmM8.smr,/home/bgeurten/cstart_experiments/sufge1/Homozygous/male/movie7/HmM8.S2R,,/home/bgeurten/cstart_experiments/sufge1/Homozygous/male/movie7/HmM8_box.csv,/home/bgeurten/cstart_experiments/sufge1/Homozygous/male/movie7/C_START_sufge1_08_2019_HmM8_result.mat,/home/bgeurten/cstart_experiments/sufge1/Homozygous/male/movie7/C_START_sufge1_08_2019_HmM8_result_ana.mat,/home/bgeurten/cstart_experiments/sufge1/Homozygous/male/movie7/HmM8.avi,0.023093999999999948,0.024255000000000027,37.0,653.5947712418167,310.0,/home/bgeurten/fishDataBase/cst_sufge1-HM_08-2019_M_8_ID#1357/spike_train_df.csv,/home/bgeurten/fishDataBase/cst_sufge1-HM_08-2019_M_8_ID#1357/trace_mm.csv
sufge1-HM,M,4,c-start,08-2019,924.0,4620,5.0,,,,,,/home/bgeurten/fishDataBase/cst_sufge1-HM_08-2019_M_4_ID#1358/midLineUniform_pix.csv,/home/bgeurten/fishDataBase/cst_sufge1-HM_08-2019_M_4_ID#1358/head_mm.csv,/home/bgeurten/fishDataBase/cst_sufge1-HM_08-2019_M_4_ID#1358/tail_mm.csv,,/home/bgeurten/cstart_experiments/sufge1/Homozygous/male/movie4/HmM4.smr,/home/bgeurten/cstart_experiments/sufge1/Homozygous/male/movie4/HmM4.S2R,,/home/bgeurten/cstart_experiments/sufge1/Homozygous/male/movie4/HmM4_box.csv,/home/bgeurten/cstart_experiments/sufge1/Homozygous/male/movie4/C_START_sufge1_08_2019_HmM4_result.mat,/home/bgeurten/cstart_experiments/sufge1/Homozygous/male/movie4/C_START_sufge1_08_2019_HmM4_result_ana.mat,/home/bgeurten/cstart_experiments/sufge1/Homozygous/male/movie4/HmM4.avi,0.022805999999999993,0.021015000000000006,26.0,769.0178923055412,260.0,/home/bgeurten/fishDataBase/cst_sufge1-HM_08-2019_M_4_ID#1358/spike_train_df.csv,/home/bgeurten/fishDataBase/cst_sufge1-HM_08-2019_M_4_ID#1358/trace_mm.csv
sufge1-HM,M,6,c-start,08-2019,924.0,4620,5.0,,,,,,,/home/bgeurten/fishDataBase/cst_sufge1-HM_08-2019_M_6_ID#1359/head_mm.csv,/home/bgeurten/fishDataBase/cst_sufge1-HM_08-2019_M_6_ID#1359/tail_mm.csv,,/home/bgeurten/cstart_experiments/sufge1/Homozygous/male/movie5/HmM6.smr,/home/bgeurten/cstart_experiments/sufge1/Homozygous/male/movie5/HmM6.S2R,,/home/bgeurten/cstart_experiments/sufge1/Homozygous/male/movie5/HmM6_box.csv,/home/bgeurten/cstart_experiments/sufge1/Homozygous/male/movie5/C_START_sufge1_08_2019_HmM6_result.mat,/home/bgeurten/cstart_experiments/sufge1/Homozygous/male/movie5/C_START_sufge1_08_2019_HmM6_result_ana.mat,/home/bgeurten/cstart_experiments/sufge1/Homozygous/male/movie5/HmM6.avi,0.02608200000000005,0.03103200000000006,50.0,631.3131313131195,547.0,/home/bgeurten/fishDataBase/cst_sufge1-HM_08-2019_M_6_ID#1359/spike_train_df.csv,/home/bgeurten/fishDataBase/cst_sufge1-HM_08-2019_M_6_ID#1359/trace_mm.csv
sufge1-HM,M,9,c-start,08-2019,924.0,4620,5.0,,,,,,/home/bgeurten/fishDataBase/cst_sufge1-HM_08-2019_M_9_ID#1360/midLineUniform_pix.csv,/home/bgeurten/fishDataBase/cst_sufge1-HM_08-2019_M_9_ID#1360/head_mm.csv,/home/bgeurten/fishDataBase/cst_sufge1-HM_08-2019_M_9_ID#1360/tail_mm.csv,,/home/bgeurten/cstart_experiments/sufge1/Homozygous/male/movie8/HmM9.smr,/home/bgeurten/cstart_experiments/sufge1/Homozygous/male/movie8/HmM9.S2R,,/home/bgeurten/cstart_experiments/sufge1/Homozygous/male/movie8/HmM9_box.csv,/home/bgeurten/cstart_experiments/sufge1/Homozygous/male/movie8/C_START_sufge1_08_2019_HmM9_result.mat,/home/bgeurten/cstart_experiments/sufge1/Homozygous/male/movie8/C_START_sufge1_08_2019_HmM9_result_ana.mat,/home/bgeurten/cstart_experiments/sufge1/Homozygous/male/movie8/HmM9.avi,0.17522100000000007,0.02770199999999967,19.0,782.4726134584602,679.0,/home/bgeurten/fishDataBase/cst_sufge1-HM_08-2019_M_9_ID#1360/spike_train_df.csv,/home/bgeurten/fishDataBase/cst_sufge1-HM_08-2019_M_9_ID#1360/trace_mm.csv
sufge1-HM,F,1,c-start,08-2019,924.0,4618,4.9978354978354975,,,,,,/home/bgeurten/fishDataBase/cst_sufge1-HM_08-2019_F_1_ID#1361/midLineUniform_pix.csv,/home/bgeurten/fishDataBase/cst_sufge1-HM_08-2019_F_1_ID#1361/head_mm.csv,/home/bgeurten/fishDataBase/cst_sufge1-HM_08-2019_F_1_ID#1361/tail_mm.csv,,/home/bgeurten/cstart_experiments/sufge1/Homozygous/female/movie1/HmF1.smr,/home/bgeurten/cstart_experiments/sufge1/Homozygous/female/movie1/HmF1.S2R,,/home/bgeurten/cstart_experiments/sufge1/Homozygous/female/movie1/HmF1_box.csv,/home/bgeurten/cstart_experiments/sufge1/Homozygous/female/movie1/C_START_sufge1_08_2019_HmF1_result.mat,/home/bgeurten/cstart_experiments/sufge1/Homozygous/female/movie1/C_START_sufge1_08_2019_HmF1_result_ana.mat,/home/bgeurten/cstart_experiments/sufge1/Homozygous/female/movie1/HmF1.avi,0.02365200000000023,0.0060389999999999056,13.0,249.68789013732606,826.0,/home/bgeurten/fishDataBase/cst_sufge1-HM_08-2019_F_1_ID#1361/spike_train_df.csv,/home/bgeurten/fishDataBase/cst_sufge1-HM_08-2019_F_1_ID#1361/trace_mm.csv
sufge1-HM,F,3,c-start,08-2019,924.0,4615,4.994588744588745,,,,,,/home/bgeurten/fishDataBase/cst_sufge1-HM_08-2019_F_3_ID#1362/midLineUniform_pix.csv,/home/bgeurten/fishDataBase/cst_sufge1-HM_08-2019_F_3_ID#1362/head_mm.csv,/home/bgeurten/fishDataBase/cst_sufge1-HM_08-2019_F_3_ID#1362/tail_mm.csv,,/home/bgeurten/cstart_experiments/sufge1/Homozygous/female/movie3/HmF3.smr,/home/bgeurten/cstart_experiments/sufge1/Homozygous/female/movie3/HmF3.S2R,,/home/bgeurten/cstart_experiments/sufge1/Homozygous/female/movie3/HmF3_box.csv,/home/bgeurten/cstart_experiments/sufge1/Homozygous/female/movie3/C_START_sufge1_08_2019_HmF3_result.mat,/home/bgeurten/cstart_experiments/sufge1/Homozygous/female/movie3/C_START_sufge1_08_2019_HmF3_result_ana.mat,/home/bgeurten/cstart_experiments/sufge1/Homozygous/female/movie3/HmF3.avi,0.027692999999999968,0.005391000000000035,47.0,888.8888888888551,3957.0,/home/bgeurten/fishDataBase/cst_sufge1-HM_08-2019_F_3_ID#1362/spike_train_df.csv,/home/bgeurten/fishDataBase/cst_sufge1-HM_08-2019_F_3_ID#1362/trace_mm.csv
sufge1-HM,F,2,c-start,08-2019,924.0,4621,5.001082251082251,,,,,,/home/bgeurten/fishDataBase/cst_sufge1-HM_08-2019_F_2_ID#1363/midLineUniform_pix.csv,/home/bgeurten/fishDataBase/cst_sufge1-HM_08-2019_F_2_ID#1363/head_mm.csv,/home/bgeurten/fishDataBase/cst_sufge1-HM_08-2019_F_2_ID#1363/tail_mm.csv,,/home/bgeurten/cstart_experiments/sufge1/Homozygous/female/movie2/HmF2 III.smr,/home/bgeurten/cstart_experiments/sufge1/Homozygous/female/movie2/HmF2 III.S2R,,/home/bgeurten/cstart_experiments/sufge1/Homozygous/female/movie2/HmF2 III_box.csv,/home/bgeurten/cstart_experiments/sufge1/Homozygous/female/movie2/C_START_sufge1_08_2019_HmF2_III_result.mat,/home/bgeurten/cstart_experiments/sufge1/Homozygous/female/movie2/C_START_sufge1_08_2019_HmF2_III_result_ana.mat,/home/bgeurten/cstart_experiments/sufge1/Homozygous/female/movie2/HmF2 III.avi,0.031068000000000318,0.03535200000000005,42.0,451.67118337860364,437.0,/home/bgeurten/fishDataBase/cst_sufge1-HM_08-2019_F_2_ID#1363/spike_train_df.csv,/home/bgeurten/fishDataBase/cst_sufge1-HM_08-2019_F_2_ID#1363/trace_mm.csv
sufge1-HM,F,6,c-start,08-2019,924.0,4620,5.0,,,,,,/home/bgeurten/fishDataBase/cst_sufge1-HM_08-2019_F_6_ID#1364/midLineUniform_pix.csv,/home/bgeurten/fishDataBase/cst_sufge1-HM_08-2019_F_6_ID#1364/head_mm.csv,/home/bgeurten/fishDataBase/cst_sufge1-HM_08-2019_F_6_ID#1364/tail_mm.csv,,/home/bgeurten/cstart_experiments/sufge1/Homozygous/female/movie6/HmF6 II.smr,/home/bgeurten/cstart_experiments/sufge1/Homozygous/female/movie6/HmF6 II.S2R,,/home/bgeurten/cstart_experiments/sufge1/Homozygous/female/movie6/HmF6 II_box.csv,/home/bgeurten/cstart_experiments/sufge1/Homozygous/female/movie6/C_START_sufge1_08_2019_HmF6_II_result.mat,/home/bgeurten/cstart_experiments/sufge1/Homozygous/female/movie6/C_START_sufge1_08_2019_HmF6_II_result_ana.mat,/home/bgeurten/cstart_experiments/sufge1/Homozygous/female/movie6/HmF6 II.avi,0.036341999999999985,0.04006799999999999,31.0,427.3504273505474,458.0,/home/bgeurten/fishDataBase/cst_sufge1-HM_08-2019_F_6_ID#1364/spike_train_df.csv,/home/bgeurten/fishDataBase/cst_sufge1-HM_08-2019_F_6_ID#1364/trace_mm.csv
sufge1-HM,F,4,c-start,08-2019,924.0,4619,4.998917748917749,,,,,,/home/bgeurten/fishDataBase/cst_sufge1-HM_08-2019_F_4_ID#1365/midLineUniform_pix.csv,/home/bgeurten/fishDataBase/cst_sufge1-HM_08-2019_F_4_ID#1365/head_mm.csv,/home/bgeurten/fishDataBase/cst_sufge1-HM_08-2019_F_4_ID#1365/tail_mm.csv,,/home/bgeurten/cstart_experiments/sufge1/Homozygous/female/movie4/HmF4.smr,/home/bgeurten/cstart_experiments/sufge1/Homozygous/female/movie4/HmF4.S2R,,/home/bgeurten/cstart_experiments/sufge1/Homozygous/female/movie4/HmF4_box.csv,/home/bgeurten/cstart_experiments/sufge1/Homozygous/female/movie4/C_START_sufge1_08_2019_HmF4_result.mat,/home/bgeurten/cstart_experiments/sufge1/Homozygous/female/movie4/C_START_sufge1_08_2019_HmF4_result_ana.mat,/home/bgeurten/cstart_experiments/sufge1/Homozygous/female/movie4/HmF4.avi,0.03150900000000001,0.003834000000000004,11.0,243.1315341599917,394.0,/home/bgeurten/fishDataBase/cst_sufge1-HM_08-2019_F_4_ID#1365/spike_train_df.csv,/home/bgeurten/fishDataBase/cst_sufge1-HM_08-2019_F_4_ID#1365/trace_mm.csv
sufge1-HM,F,5,c-start,08-2019,924.0,4620,5.0,,,,,,/home/bgeurten/fishDataBase/cst_sufge1-HM_08-2019_F_5_ID#1366/midLineUniform_pix.csv,/home/bgeurten/fishDataBase/cst_sufge1-HM_08-2019_F_5_ID#1366/head_mm.csv,/home/bgeurten/fishDataBase/cst_sufge1-HM_08-2019_F_5_ID#1366/tail_mm.csv,,/home/bgeurten/cstart_experiments/sufge1/Homozygous/female/movie5/HmF5 II.smr,/home/bgeurten/cstart_experiments/sufge1/Homozygous/female/movie5/HmF5 II.S2R,,/home/bgeurten/cstart_experiments/sufge1/Homozygous/female/movie5/HmF5 II_box.csv,/home/bgeurten/cstart_experiments/sufge1/Homozygous/female/movie5/C_START_sufge1_08_2019_HmF5_II_result.mat,/home/bgeurten/cstart_experiments/sufge1/Homozygous/female/movie5/C_START_sufge1_08_2019_HmF5_II_result_ana.mat,/home/bgeurten/cstart_experiments/sufge1/Homozygous/female/movie5/HmF5 II.avi,0.10943100000000006,0.0030959999999999877,76.0,881.8342151675731,3861.0,/home/bgeurten/fishDataBase/cst_sufge1-HM_08-2019_F_5_ID#1366/spike_train_df.csv,/home/bgeurten/fishDataBase/cst_sufge1-HM_08-2019_F_5_ID#1366/trace_mm.csv
sufge1-INT,M,24,c-start,08-2019,924.0,4620,5.0,,,,,,/home/bgeurten/fishDataBase/cst_sufge1-INT_08-2019_M_24_ID#1367/midLineUniform_pix.csv,/home/bgeurten/fishDataBase/cst_sufge1-INT_08-2019_M_24_ID#1367/head_mm.csv,/home/bgeurten/fishDataBase/cst_sufge1-INT_08-2019_M_24_ID#1367/tail_mm.csv,,/home/bgeurten/cstart_experiments/sufge1/IntWild/male/movie18/IntM24.smr,/home/bgeurten/cstart_experiments/sufge1/IntWild/male/movie18/IntM24.S2R,,/home/bgeurten/cstart_experiments/sufge1/IntWild/male/movie18/IntM24_box.csv,/home/bgeurten/cstart_experiments/sufge1/IntWild/male/movie18/C_START_sufge1_08_2019_IntM24_result.mat,/home/bgeurten/cstart_experiments/sufge1/IntWild/male/movie18/C_START_sufge1_08_2019_IntM24_result_ana.mat,/home/bgeurten/cstart_experiments/sufge1/IntWild/male/movie18/IntM24.avi,0.02995199999999998,0.02801699999999996,30.0,489.5142595288127,276.0,/home/bgeurten/fishDataBase/cst_sufge1-INT_08-2019_M_24_ID#1367/spike_train_df.csv,/home/bgeurten/fishDataBase/cst_sufge1-INT_08-2019_M_24_ID#1367/trace_mm.csv
sufge1-INT,M,12,c-start,08-2019,924.0,4620,5.0,,,,,,/home/bgeurten/fishDataBase/cst_sufge1-INT_08-2019_M_12_ID#1368/midLineUniform_pix.csv,/home/bgeurten/fishDataBase/cst_sufge1-INT_08-2019_M_12_ID#1368/head_mm.csv,/home/bgeurten/fishDataBase/cst_sufge1-INT_08-2019_M_12_ID#1368/tail_mm.csv,,/home/bgeurten/cstart_experiments/sufge1/IntWild/male/movie10/IntM12.smr,/home/bgeurten/cstart_experiments/sufge1/IntWild/male/movie10/IntM12.S2R,,/home/bgeurten/cstart_experiments/sufge1/IntWild/male/movie10/IntM12_box.csv,/home/bgeurten/cstart_experiments/sufge1/IntWild/male/movie10/C_START_sufge1_08_2019_IntM12_result.mat,/home/bgeurten/cstart_experiments/sufge1/IntWild/male/movie10/C_START_sufge1_08_2019_IntM12_result_ana.mat,/home/bgeurten/cstart_experiments/sufge1/IntWild/male/movie10/IntM12.avi,0.03127499999999994,0.034685999999999995,55.0,534.1880341880069,1663.0,/home/bgeurten/fishDataBase/cst_sufge1-INT_08-2019_M_12_ID#1368/spike_train_df.csv,/home/bgeurten/fishDataBase/cst_sufge1-INT_08-2019_M_12_ID#1368/trace_mm.csv
sufge1-INT,M,2,c-start,08-2019,924.0,4620,5.0,,,,,,/home/bgeurten/fishDataBase/cst_sufge1-INT_08-2019_M_2_ID#1369/midLineUniform_pix.csv,/home/bgeurten/fishDataBase/cst_sufge1-INT_08-2019_M_2_ID#1369/head_mm.csv,/home/bgeurten/fishDataBase/cst_sufge1-INT_08-2019_M_2_ID#1369/tail_mm.csv,,/home/bgeurten/cstart_experiments/sufge1/IntWild/male/movie1/IntM2.smr,/home/bgeurten/cstart_experiments/sufge1/IntWild/male/movie1/IntM2.S2R,,/home/bgeurten/cstart_experiments/sufge1/IntWild/male/movie1/IntM2_box.csv,/home/bgeurten/cstart_experiments/sufge1/IntWild/male/movie1/C_START_sufge1_08_2019_IntM2_result.mat,/home/bgeurten/cstart_experiments/sufge1/IntWild/male/movie1/C_START_sufge1_08_2019_IntM2_result_ana.mat,/home/bgeurten/cstart_experiments/sufge1/IntWild/male/movie1/IntM2.avi,0.35941500000000004,0.030329999999999968,34.0,493.82716049389506,567.0,/home/bgeurten/fishDataBase/cst_sufge1-INT_08-2019_M_2_ID#1369/spike_train_df.csv,/home/bgeurten/fishDataBase/cst_sufge1-INT_08-2019_M_2_ID#1369/trace_mm.csv
sufge1-INT,M,4,c-start,08-2019,924.0,4620,5.0,,,,,,/home/bgeurten/fishDataBase/cst_sufge1-INT_08-2019_M_4_ID#1370/midLineUniform_pix.csv,/home/bgeurten/fishDataBase/cst_sufge1-INT_08-2019_M_4_ID#1370/head_mm.csv,/home/bgeurten/fishDataBase/cst_sufge1-INT_08-2019_M_4_ID#1370/tail_mm.csv,,/home/bgeurten/cstart_experiments/sufge1/IntWild/male/movie3/IntM4 II.smr,/home/bgeurten/cstart_experiments/sufge1/IntWild/male/movie3/IntM4 II.S2R,,/home/bgeurten/cstart_experiments/sufge1/IntWild/male/movie3/IntM4 II_box.csv,/home/bgeurten/cstart_experiments/sufge1/IntWild/male/movie3/C_START_sufge1_08_2019_IntM4_II_result.mat,/home/bgeurten/cstart_experiments/sufge1/IntWild/male/movie3/C_START_sufge1_08_2019_IntM4_II_result_ana.mat,/home/bgeurten/cstart_experiments/sufge1/IntWild/male/movie3/IntM4 II.avi,0.031320000000000014,0.039428999999999936,14.0,151.58405335758505,374.0,/home/bgeurten/fishDataBase/cst_sufge1-INT_08-2019_M_4_ID#1370/spike_train_df.csv,/home/bgeurten/fishDataBase/cst_sufge1-INT_08-2019_M_4_ID#1370/trace_mm.csv
sufge1-INT,M,3,c-start,08-2019,924.0,4619,4.998917748917749,,,,,,/home/bgeurten/fishDataBase/cst_sufge1-INT_08-2019_M_3_ID#1371/midLineUniform_pix.csv,/home/bgeurten/fishDataBase/cst_sufge1-INT_08-2019_M_3_ID#1371/head_mm.csv,/home/bgeurten/fishDataBase/cst_sufge1-INT_08-2019_M_3_ID#1371/tail_mm.csv,,/home/bgeurten/cstart_experiments/sufge1/IntWild/male/movie2/IntM3.smr,/home/bgeurten/cstart_experiments/sufge1/IntWild/male/movie2/IntM3.S2R,,/home/bgeurten/cstart_experiments/sufge1/IntWild/male/movie2/IntM3_box.csv,/home/bgeurten/cstart_experiments/sufge1/IntWild/male/movie2/C_START_sufge1_08_2019_IntM3_result.mat,/home/bgeurten/cstart_experiments/sufge1/IntWild/male/movie2/C_START_sufge1_08_2019_IntM3_result_ana.mat,/home/bgeurten/cstart_experiments/sufge1/IntWild/male/movie2/IntM3.avi,0.03132900000000005,0.04105800000000004,39.0,805.152979066045,644.0,/home/bgeurten/fishDataBase/cst_sufge1-INT_08-2019_M_3_ID#1371/spike_train_df.csv,/home/bgeurten/fishDataBase/cst_sufge1-INT_08-2019_M_3_ID#1371/trace_mm.csv
sufge1-INT,M,34,c-start,08-2019,924.0,4616,4.995670995670996,,,,,,/home/bgeurten/fishDataBase/cst_sufge1-INT_08-2019_M_34_ID#1372/midLineUniform_pix.csv,/home/bgeurten/fishDataBase/cst_sufge1-INT_08-2019_M_34_ID#1372/head_mm.csv,/home/bgeurten/fishDataBase/cst_sufge1-INT_08-2019_M_34_ID#1372/tail_mm.csv,,/home/bgeurten/cstart_experiments/sufge1/IntWild/male/movie25/IntM34.smr,/home/bgeurten/cstart_experiments/sufge1/IntWild/male/movie25/IntM34.S2R,,/home/bgeurten/cstart_experiments/sufge1/IntWild/male/movie25/IntM34_box.csv,/home/bgeurten/cstart_experiments/sufge1/IntWild/male/movie25/C_START_sufge1_08_2019_IntM34_result.mat,/home/bgeurten/cstart_experiments/sufge1/IntWild/male/movie25/C_START_sufge1_08_2019_IntM34_result_ana.mat,/home/bgeurten/cstart_experiments/sufge1/IntWild/male/movie25/IntM34.avi,0.028962000000000043,0.02831399999999995,52.0,478.92720306511353,749.0,/home/bgeurten/fishDataBase/cst_sufge1-INT_08-2019_M_34_ID#1372/spike_train_df.csv,/home/bgeurten/fishDataBase/cst_sufge1-INT_08-2019_M_34_ID#1372/trace_mm.csv
sufge1-INT,M,15,c-start,08-2019,924.0,4620,5.0,,,,,,/home/bgeurten/fishDataBase/cst_sufge1-INT_08-2019_M_15_ID#1373/midLineUniform_pix.csv,/home/bgeurten/fishDataBase/cst_sufge1-INT_08-2019_M_15_ID#1373/head_mm.csv,/home/bgeurten/fishDataBase/cst_sufge1-INT_08-2019_M_15_ID#1373/tail_mm.csv,,/home/bgeurten/cstart_experiments/sufge1/IntWild/male/movie13/IntM15 II.smr,/home/bgeurten/cstart_experiments/sufge1/IntWild/male/movie13/IntM15 II.S2R,,/home/bgeurten/cstart_experiments/sufge1/IntWild/male/movie13/IntM15 II_box.csv,/home/bgeurten/cstart_experiments/sufge1/IntWild/male/movie13/C_START_sufge1_08_2019_IntM15_II_result.mat,/home/bgeurten/cstart_experiments/sufge1/IntWild/male/movie13/C_START_sufge1_08_2019_IntM15_II_result_ana.mat,/home/bgeurten/cstart_experiments/sufge1/IntWild/male/movie13/IntM15 II.avi,0.032301000000000024,0.0042119999999999935,19.0,1038.4215991696908,4652.0,/home/bgeurten/fishDataBase/cst_sufge1-INT_08-2019_M_15_ID#1373/spike_train_df.csv,/home/bgeurten/fishDataBase/cst_sufge1-INT_08-2019_M_15_ID#1373/trace_mm.csv
sufge1-INT,M,11,c-start,08-2019,924.0,4619,4.998917748917749,,,,,,,/home/bgeurten/fishDataBase/cst_sufge1-INT_08-2019_M_11_ID#1374/head_mm.csv,/home/bgeurten/fishDataBase/cst_sufge1-INT_08-2019_M_11_ID#1374/tail_mm.csv,,/home/bgeurten/cstart_experiments/sufge1/IntWild/male/movie9/IntM11.smr,/home/bgeurten/cstart_experiments/sufge1/IntWild/male/movie9/IntM11.S2R,,/home/bgeurten/cstart_experiments/sufge1/IntWild/male/movie9/IntM11_box.csv,/home/bgeurten/cstart_experiments/sufge1/IntWild/male/movie9/C_START_sufge1_08_2019_IntM11_result.mat,/home/bgeurten/cstart_experiments/sufge1/IntWild/male/movie9/C_START_sufge1_08_2019_IntM11_result_ana.mat,/home/bgeurten/cstart_experiments/sufge1/IntWild/male/movie9/IntM11.avi,0.029888999999999943,0.028997999999999968,29.0,745.745745745603,371.0,/home/bgeurten/fishDataBase/cst_sufge1-INT_08-2019_M_11_ID#1374/spike_train_df.csv,/home/bgeurten/fishDataBase/cst_sufge1-INT_08-2019_M_11_ID#1374/trace_mm.csv
sufge1-INT,M,7,c-start,08-2019,924.0,4621,5.001082251082251,,,,,,/home/bgeurten/fishDataBase/cst_sufge1-INT_08-2019_M_7_ID#1375/midLineUniform_pix.csv,/home/bgeurten/fishDataBase/cst_sufge1-INT_08-2019_M_7_ID#1375/head_mm.csv,/home/bgeurten/fishDataBase/cst_sufge1-INT_08-2019_M_7_ID#1375/tail_mm.csv,,/home/bgeurten/cstart_experiments/sufge1/IntWild/male/movie6/IntM7.smr,/home/bgeurten/cstart_experiments/sufge1/IntWild/male/movie6/IntM7.S2R,,/home/bgeurten/cstart_experiments/sufge1/IntWild/male/movie6/IntM7_box.csv,/home/bgeurten/cstart_experiments/sufge1/IntWild/male/movie6/C_START_sufge1_08_2019_IntM7_result.mat,/home/bgeurten/cstart_experiments/sufge1/IntWild/male/movie6/C_START_sufge1_08_2019_IntM7_result_ana.mat,/home/bgeurten/cstart_experiments/sufge1/IntWild/male/movie6/IntM7.avi,0.49718700000000005,0.02728800000000009,31.0,450.75686924212675,627.0,/home/bgeurten/fishDataBase/cst_sufge1-INT_08-2019_M_7_ID#1375/spike_train_df.csv,/home/bgeurten/fishDataBase/cst_sufge1-INT_08-2019_M_7_ID#1375/trace_mm.csv
sufge1-INT,M,8,c-start,08-2019,924.0,4620,5.0,,,,,,/home/bgeurten/fishDataBase/cst_sufge1-INT_08-2019_M_8_ID#1376/midLineUniform_pix.csv,/home/bgeurten/fishDataBase/cst_sufge1-INT_08-2019_M_8_ID#1376/head_mm.csv,/home/bgeurten/fishDataBase/cst_sufge1-INT_08-2019_M_8_ID#1376/tail_mm.csv,,/home/bgeurten/cstart_experiments/sufge1/IntWild/male/movie7/IntM8.smr,/home/bgeurten/cstart_experiments/sufge1/IntWild/male/movie7/IntM8.S2R,,/home/bgeurten/cstart_experiments/sufge1/IntWild/male/movie7/IntM8_box.csv,/home/bgeurten/cstart_experiments/sufge1/IntWild/male/movie7/C_START_sufge1_08_2019_IntM8_result.mat,/home/bgeurten/cstart_experiments/sufge1/IntWild/male/movie7/C_START_sufge1_08_2019_IntM8_result_ana.mat,/home/bgeurten/cstart_experiments/sufge1/IntWild/male/movie7/IntM8.avi,0.022616999999999887,0.024236999999999842,35.0,564.0157924421806,646.0,/home/bgeurten/fishDataBase/cst_sufge1-INT_08-2019_M_8_ID#1376/spike_train_df.csv,/home/bgeurten/fishDataBase/cst_sufge1-INT_08-2019_M_8_ID#1376/trace_mm.csv
sufge1-INT,M,5,c-start,08-2019,924.0,4620,5.0,,,,,,,/home/bgeurten/fishDataBase/cst_sufge1-INT_08-2019_M_5_ID#1377/head_mm.csv,/home/bgeurten/fishDataBase/cst_sufge1-INT_08-2019_M_5_ID#1377/tail_mm.csv,,/home/bgeurten/cstart_experiments/sufge1/IntWild/male/movie4/IntM5 II.smr,/home/bgeurten/cstart_experiments/sufge1/IntWild/male/movie4/IntM5 II.S2R,,/home/bgeurten/cstart_experiments/sufge1/IntWild/male/movie4/IntM5 II_box.csv,/home/bgeurten/cstart_experiments/sufge1/IntWild/male/movie4/C_START_sufge1_08_2019_IntM5_II_result.mat,/home/bgeurten/cstart_experiments/sufge1/IntWild/male/movie4/C_START_sufge1_08_2019_IntM5_II_result_ana.mat,/home/bgeurten/cstart_experiments/sufge1/IntWild/male/movie4/IntM5 II.avi,0.022374000000000005,0.008001000000000036,20.0,793.6507936507692,3376.0,/home/bgeurten/fishDataBase/cst_sufge1-INT_08-2019_M_5_ID#1377/spike_train_df.csv,/home/bgeurten/fishDataBase/cst_sufge1-INT_08-2019_M_5_ID#1377/trace_mm.csv
sufge1-INT,M,17,c-start,08-2019,924.0,4618,4.9978354978354975,,,,,,/home/bgeurten/fishDataBase/cst_sufge1-INT_08-2019_M_17_ID#1378/midLineUniform_pix.csv,/home/bgeurten/fishDataBase/cst_sufge1-INT_08-2019_M_17_ID#1378/head_mm.csv,/home/bgeurten/fishDataBase/cst_sufge1-INT_08-2019_M_17_ID#1378/tail_mm.csv,,/home/bgeurten/cstart_experiments/sufge1/IntWild/male/movie15/IntM17.smr,/home/bgeurten/cstart_experiments/sufge1/IntWild/male/movie15/IntM17.S2R,,/home/bgeurten/cstart_experiments/sufge1/IntWild/male/movie15/IntM17_box.csv,/home/bgeurten/cstart_experiments/sufge1/IntWild/male/movie15/C_START_sufge1_08_2019_IntM17_result.mat,/home/bgeurten/cstart_experiments/sufge1/IntWild/male/movie15/C_START_sufge1_08_2019_IntM17_result_ana.mat,/home/bgeurten/cstart_experiments/sufge1/IntWild/male/movie15/IntM17.avi,0.032247000000000026,0.009999000000000091,39.0,835.4218880535419,3450.0,/home/bgeurten/fishDataBase/cst_sufge1-INT_08-2019_M_17_ID#1378/spike_train_df.csv,/home/bgeurten/fishDataBase/cst_sufge1-INT_08-2019_M_17_ID#1378/trace_mm.csv
sufge1-INT,M,29,c-start,08-2019,924.0,4618,4.9978354978354975,,,,,,/home/bgeurten/fishDataBase/cst_sufge1-INT_08-2019_M_29_ID#1379/midLineUniform_pix.csv,/home/bgeurten/fishDataBase/cst_sufge1-INT_08-2019_M_29_ID#1379/head_mm.csv,/home/bgeurten/fishDataBase/cst_sufge1-INT_08-2019_M_29_ID#1379/tail_mm.csv,,/home/bgeurten/cstart_experiments/sufge1/IntWild/male/movie22/IntM29.smr,/home/bgeurten/cstart_experiments/sufge1/IntWild/male/movie22/IntM29.S2R,,/home/bgeurten/cstart_experiments/sufge1/IntWild/male/movie22/IntM29_box.csv,/home/bgeurten/cstart_experiments/sufge1/IntWild/male/movie22/C_START_sufge1_08_2019_IntM29_result.mat,/home/bgeurten/cstart_experiments/sufge1/IntWild/male/movie22/C_START_sufge1_08_2019_IntM29_result_ana.mat,/home/bgeurten/cstart_experiments/sufge1/IntWild/male/movie22/IntM29.avi,0.04446899999999998,0.024210000000000065,10.0,651.338376933084,42.0,/home/bgeurten/fishDataBase/cst_sufge1-INT_08-2019_M_29_ID#1379/spike_train_df.csv,/home/bgeurten/fishDataBase/cst_sufge1-INT_08-2019_M_29_ID#1379/trace_mm.csv
sufge1-INT,M,30,c-start,08-2019,924.0,4620,5.0,,,,,,/home/bgeurten/fishDataBase/cst_sufge1-INT_08-2019_M_30_ID#1380/midLineUniform_pix.csv,/home/bgeurten/fishDataBase/cst_sufge1-INT_08-2019_M_30_ID#1380/head_mm.csv,/home/bgeurten/fishDataBase/cst_sufge1-INT_08-2019_M_30_ID#1380/tail_mm.csv,,/home/bgeurten/cstart_experiments/sufge1/IntWild/male/movie23/IntM30.smr,/home/bgeurten/cstart_experiments/sufge1/IntWild/male/movie23/IntM30.S2R,,/home/bgeurten/cstart_experiments/sufge1/IntWild/male/movie23/IntM30_box.csv,/home/bgeurten/cstart_experiments/sufge1/IntWild/male/movie23/C_START_sufge1_08_2019_IntM30_result.mat,/home/bgeurten/cstart_experiments/sufge1/IntWild/male/movie23/C_START_sufge1_08_2019_IntM30_result_ana.mat,/home/bgeurten/cstart_experiments/sufge1/IntWild/male/movie23/IntM30.avi,0.033831000000000055,0.03205800000000003,19.0,816.993464052508,493.0,/home/bgeurten/fishDataBase/cst_sufge1-INT_08-2019_M_30_ID#1380/spike_train_df.csv,/home/bgeurten/fishDataBase/cst_sufge1-INT_08-2019_M_30_ID#1380/trace_mm.csv
sufge1-INT,M,20,c-start,08-2019,924.0,4619,4.998917748917749,,,,,,/home/bgeurten/fishDataBase/cst_sufge1-INT_08-2019_M_20_ID#1381/midLineUniform_pix.csv,/home/bgeurten/fishDataBase/cst_sufge1-INT_08-2019_M_20_ID#1381/head_mm.csv,/home/bgeurten/fishDataBase/cst_sufge1-INT_08-2019_M_20_ID#1381/tail_mm.csv,,/home/bgeurten/cstart_experiments/sufge1/IntWild/male/movie16/IntM20.smr,/home/bgeurten/cstart_experiments/sufge1/IntWild/male/movie16/IntM20.S2R,,/home/bgeurten/cstart_experiments/sufge1/IntWild/male/movie16/IntM20_box.csv,/home/bgeurten/cstart_experiments/sufge1/IntWild/male/movie16/C_START_sufge1_08_2019_IntM20_result.mat,/home/bgeurten/cstart_experiments/sufge1/IntWild/male/movie16/C_START_sufge1_08_2019_IntM20_result_ana.mat,/home/bgeurten/cstart_experiments/sufge1/IntWild/male/movie16/IntM20.avi,0.03103200000000006,0.03564900000000004,35.0,716.8458781362967,633.0,/home/bgeurten/fishDataBase/cst_sufge1-INT_08-2019_M_20_ID#1381/spike_train_df.csv,/home/bgeurten/fishDataBase/cst_sufge1-INT_08-2019_M_20_ID#1381/trace_mm.csv
sufge1-INT,M,14,c-start,08-2019,924.0,4620,5.0,,,,,,/home/bgeurten/fishDataBase/cst_sufge1-INT_08-2019_M_14_ID#1382/midLineUniform_pix.csv,/home/bgeurten/fishDataBase/cst_sufge1-INT_08-2019_M_14_ID#1382/head_mm.csv,/home/bgeurten/fishDataBase/cst_sufge1-INT_08-2019_M_14_ID#1382/tail_mm.csv,,/home/bgeurten/cstart_experiments/sufge1/IntWild/male/movie12/IntM14.smr,/home/bgeurten/cstart_experiments/sufge1/IntWild/male/movie12/IntM14.S2R,,/home/bgeurten/cstart_experiments/sufge1/IntWild/male/movie12/IntM14_box.csv,/home/bgeurten/cstart_experiments/sufge1/IntWild/male/movie12/C_START_sufge1_08_2019_IntM14_result.mat,/home/bgeurten/cstart_experiments/sufge1/IntWild/male/movie12/C_START_sufge1_08_2019_IntM14_result_ana.mat,/home/bgeurten/cstart_experiments/sufge1/IntWild/male/movie12/IntM14.avi,0.06119999999999992,0.021726000000000023,18.0,677.5067750677865,167.0,/home/bgeurten/fishDataBase/cst_sufge1-INT_08-2019_M_14_ID#1382/spike_train_df.csv,/home/bgeurten/fishDataBase/cst_sufge1-INT_08-2019_M_14_ID#1382/trace_mm.csv
sufge1-INT,M,6,c-start,08-2019,924.0,4618,4.9978354978354975,,,,,,/home/bgeurten/fishDataBase/cst_sufge1-INT_08-2019_M_6_ID#1383/midLineUniform_pix.csv,/home/bgeurten/fishDataBase/cst_sufge1-INT_08-2019_M_6_ID#1383/head_mm.csv,/home/bgeurten/fishDataBase/cst_sufge1-INT_08-2019_M_6_ID#1383/tail_mm.csv,,/home/bgeurten/cstart_experiments/sufge1/IntWild/male/movie5/IntM6.smr,/home/bgeurten/cstart_experiments/sufge1/IntWild/male/movie5/IntM6.S2R,,/home/bgeurten/cstart_experiments/sufge1/IntWild/male/movie5/IntM6_box.csv,/home/bgeurten/cstart_experiments/sufge1/IntWild/male/movie5/C_START_sufge1_08_2019_IntM6_result.mat,/home/bgeurten/cstart_experiments/sufge1/IntWild/male/movie5/C_START_sufge1_08_2019_IntM6_result_ana.mat,/home/bgeurten/cstart_experiments/sufge1/IntWild/male/movie5/IntM6.avi,0.18107099999999998,0.024785999999999975,30.0,487.3294346978693,944.0,/home/bgeurten/fishDataBase/cst_sufge1-INT_08-2019_M_6_ID#1383/spike_train_df.csv,/home/bgeurten/fishDataBase/cst_sufge1-INT_08-2019_M_6_ID#1383/trace_mm.csv
sufge1-INT,M,25,c-start,08-2019,924.0,4620,5.0,,,,,,/home/bgeurten/fishDataBase/cst_sufge1-INT_08-2019_M_25_ID#1384/midLineUniform_pix.csv,/home/bgeurten/fishDataBase/cst_sufge1-INT_08-2019_M_25_ID#1384/head_mm.csv,/home/bgeurten/fishDataBase/cst_sufge1-INT_08-2019_M_25_ID#1384/tail_mm.csv,,/home/bgeurten/cstart_experiments/sufge1/IntWild/male/movie19/IntM25.smr,/home/bgeurten/cstart_experiments/sufge1/IntWild/male/movie19/IntM25.S2R,,/home/bgeurten/cstart_experiments/sufge1/IntWild/male/movie19/IntM25_box.csv,/home/bgeurten/cstart_experiments/sufge1/IntWild/male/movie19/C_START_sufge1_08_2019_IntM25_result.mat,/home/bgeurten/cstart_experiments/sufge1/IntWild/male/movie19/C_START_sufge1_08_2019_IntM25_result_ana.mat,/home/bgeurten/cstart_experiments/sufge1/IntWild/male/movie19/IntM25.avi,0.024804000000000048,0.023508000000000084,25.0,471.8115158072262,427.0,/home/bgeurten/fishDataBase/cst_sufge1-INT_08-2019_M_25_ID#1384/spike_train_df.csv,/home/bgeurten/fishDataBase/cst_sufge1-INT_08-2019_M_25_ID#1384/trace_mm.csv
sufge1-INT,M,13,c-start,08-2019,924.0,4618,4.9978354978354975,,,,,,,/home/bgeurten/fishDataBase/cst_sufge1-INT_08-2019_M_13_ID#1385/head_mm.csv,/home/bgeurten/fishDataBase/cst_sufge1-INT_08-2019_M_13_ID#1385/tail_mm.csv,,/home/bgeurten/cstart_experiments/sufge1/IntWild/male/movie11a/IntM13 I.smr,/home/bgeurten/cstart_experiments/sufge1/IntWild/male/movie11a/IntM13 I.S2R,,/home/bgeurten/cstart_experiments/sufge1/IntWild/male/movie11a/IntM13 I_box.csv,/home/bgeurten/cstart_experiments/sufge1/IntWild/male/movie11a/C_START_sufge1_08_2019_IntM13_I_result.mat,/home/bgeurten/cstart_experiments/sufge1/IntWild/male/movie11a/C_START_sufge1_08_2019_IntM13_I_result_ana.mat,/home/bgeurten/cstart_experiments/sufge1/IntWild/male/movie11a/IntM13 I.avi,5.894631,0.003338999999999981,1.0,1182.03309692654,4988.0,/home/bgeurten/fishDataBase/cst_sufge1-INT_08-2019_M_13_ID#1385/spike_train_df.csv,/home/bgeurten/fishDataBase/cst_sufge1-INT_08-2019_M_13_ID#1385/trace_mm.csv
sufge1-INT,M,28,c-start,08-2019,924.0,4620,5.0,,,,,,/home/bgeurten/fishDataBase/cst_sufge1-INT_08-2019_M_28_ID#1386/midLineUniform_pix.csv,/home/bgeurten/fishDataBase/cst_sufge1-INT_08-2019_M_28_ID#1386/head_mm.csv,/home/bgeurten/fishDataBase/cst_sufge1-INT_08-2019_M_28_ID#1386/tail_mm.csv,,/home/bgeurten/cstart_experiments/sufge1/IntWild/male/movie21/IntM28.smr,/home/bgeurten/cstart_experiments/sufge1/IntWild/male/movie21/IntM28.S2R,,/home/bgeurten/cstart_experiments/sufge1/IntWild/male/movie21/IntM28_box.csv,/home/bgeurten/cstart_experiments/sufge1/IntWild/male/movie21/C_START_sufge1_08_2019_IntM28_result.mat,/home/bgeurten/cstart_experiments/sufge1/IntWild/male/movie21/C_START_sufge1_08_2019_IntM28_result_ana.mat,/home/bgeurten/cstart_experiments/sufge1/IntWild/male/movie21/IntM28.avi,0.028188000000000102,0.0031769999999999854,25.0,788.0220646178312,3225.0,/home/bgeurten/fishDataBase/cst_sufge1-INT_08-2019_M_28_ID#1386/spike_train_df.csv,/home/bgeurten/fishDataBase/cst_sufge1-INT_08-2019_M_28_ID#1386/trace_mm.csv
sufge1-INT,M,10,c-start,08-2019,924.0,4619,4.998917748917749,,,,,,,/home/bgeurten/fishDataBase/cst_sufge1-INT_08-2019_M_10_ID#1387/head_mm.csv,/home/bgeurten/fishDataBase/cst_sufge1-INT_08-2019_M_10_ID#1387/tail_mm.csv,,/home/bgeurten/cstart_experiments/sufge1/IntWild/male/movie8/IntM10.smr,/home/bgeurten/cstart_experiments/sufge1/IntWild/male/movie8/IntM10.S2R,,/home/bgeurten/cstart_experiments/sufge1/IntWild/male/movie8/IntM10_box.csv,/home/bgeurten/cstart_experiments/sufge1/IntWild/male/movie8/C_START_sufge1_08_2019_IntM10_result.mat,/home/bgeurten/cstart_experiments/sufge1/IntWild/male/movie8/C_START_sufge1_08_2019_IntM10_result_ana.mat,/home/bgeurten/cstart_experiments/sufge1/IntWild/male/movie8/IntM10.avi,0.02429999999999999,0.025883999999999907,30.0,647.9277645547493,422.0,/home/bgeurten/fishDataBase/cst_sufge1-INT_08-2019_M_10_ID#1387/spike_train_df.csv,/home/bgeurten/fishDataBase/cst_sufge1-INT_08-2019_M_10_ID#1387/trace_mm.csv
sufge1-INT,M,23,c-start,08-2019,924.0,4620,5.0,,,,,,/home/bgeurten/fishDataBase/cst_sufge1-INT_08-2019_M_23_ID#1388/midLineUniform_pix.csv,/home/bgeurten/fishDataBase/cst_sufge1-INT_08-2019_M_23_ID#1388/head_mm.csv,/home/bgeurten/fishDataBase/cst_sufge1-INT_08-2019_M_23_ID#1388/tail_mm.csv,,/home/bgeurten/cstart_experiments/sufge1/IntWild/male/movie17/IntM23 I.smr,/home/bgeurten/cstart_experiments/sufge1/IntWild/male/movie17/IntM23 I.S2R,,/home/bgeurten/cstart_experiments/sufge1/IntWild/male/movie17/IntM23 I_box.csv,/home/bgeurten/cstart_experiments/sufge1/IntWild/male/movie17/C_START_sufge1_08_2019_IntM23_I_result.mat,/home/bgeurten/cstart_experiments/sufge1/IntWild/male/movie17/C_START_sufge1_08_2019_IntM23_I_result_ana.mat,/home/bgeurten/cstart_experiments/sufge1/IntWild/male/movie17/IntM23 I.avi,0.025146,0.029781000000000057,18.0,566.8934240363029,144.0,/home/bgeurten/fishDataBase/cst_sufge1-INT_08-2019_M_23_ID#1388/spike_train_df.csv,/home/bgeurten/fishDataBase/cst_sufge1-INT_08-2019_M_23_ID#1388/trace_mm.csv
sufge1-INT,M,31,c-start,08-2019,924.0,4618,4.9978354978354975,,,,,,/home/bgeurten/fishDataBase/cst_sufge1-INT_08-2019_M_31_ID#1389/midLineUniform_pix.csv,/home/bgeurten/fishDataBase/cst_sufge1-INT_08-2019_M_31_ID#1389/head_mm.csv,/home/bgeurten/fishDataBase/cst_sufge1-INT_08-2019_M_31_ID#1389/tail_mm.csv,,/home/bgeurten/cstart_experiments/sufge1/IntWild/male/movie24/IntM31.smr,/home/bgeurten/cstart_experiments/sufge1/IntWild/male/movie24/IntM31.S2R,,/home/bgeurten/cstart_experiments/sufge1/IntWild/male/movie24/IntM31_box.csv,/home/bgeurten/cstart_experiments/sufge1/IntWild/male/movie24/C_START_sufge1_08_2019_IntM31_result.mat,/home/bgeurten/cstart_experiments/sufge1/IntWild/male/movie24/C_START_sufge1_08_2019_IntM31_result_ana.mat,/home/bgeurten/cstart_experiments/sufge1/IntWild/male/movie24/IntM31.avi,0.03703500000000004,0.00628200000000001,30.0,365.49707602338225,691.0,/home/bgeurten/fishDataBase/cst_sufge1-INT_08-2019_M_31_ID#1389/spike_train_df.csv,/home/bgeurten/fishDataBase/cst_sufge1-INT_08-2019_M_31_ID#1389/trace_mm.csv
sufge1-INT,M,26,c-start,08-2019,924.0,4620,5.0,,,,,,/home/bgeurten/fishDataBase/cst_sufge1-INT_08-2019_M_26_ID#1390/midLineUniform_pix.csv,/home/bgeurten/fishDataBase/cst_sufge1-INT_08-2019_M_26_ID#1390/head_mm.csv,/home/bgeurten/fishDataBase/cst_sufge1-INT_08-2019_M_26_ID#1390/tail_mm.csv,,/home/bgeurten/cstart_experiments/sufge1/IntWild/male/movie20/IntM26.smr,/home/bgeurten/cstart_experiments/sufge1/IntWild/male/movie20/IntM26.S2R,,/home/bgeurten/cstart_experiments/sufge1/IntWild/male/movie20/IntM26_box.csv,/home/bgeurten/cstart_experiments/sufge1/IntWild/male/movie20/C_START_sufge1_08_2019_IntM26_result.mat,/home/bgeurten/cstart_experiments/sufge1/IntWild/male/movie20/C_START_sufge1_08_2019_IntM26_result_ana.mat,/home/bgeurten/cstart_experiments/sufge1/IntWild/male/movie20/IntM26.avi,0.02507400000000004,0.030501,36.0,513.2180311391434,434.0,/home/bgeurten/fishDataBase/cst_sufge1-INT_08-2019_M_26_ID#1390/spike_train_df.csv,/home/bgeurten/fishDataBase/cst_sufge1-INT_08-2019_M_26_ID#1390/trace_mm.csv
sufge1-INT,M,16,c-start,08-2019,924.0,4619,4.998917748917749,,,,,,/home/bgeurten/fishDataBase/cst_sufge1-INT_08-2019_M_16_ID#1391/midLineUniform_pix.csv,/home/bgeurten/fishDataBase/cst_sufge1-INT_08-2019_M_16_ID#1391/head_mm.csv,/home/bgeurten/fishDataBase/cst_sufge1-INT_08-2019_M_16_ID#1391/tail_mm.csv,,/home/bgeurten/cstart_experiments/sufge1/IntWild/male/movie14/IntM16.smr,/home/bgeurten/cstart_experiments/sufge1/IntWild/male/movie14/IntM16.S2R,,/home/bgeurten/cstart_experiments/sufge1/IntWild/male/movie14/IntM16_box.csv,/home/bgeurten/cstart_experiments/sufge1/IntWild/male/movie14/C_START_sufge1_08_2019_IntM16_result.mat,/home/bgeurten/cstart_experiments/sufge1/IntWild/male/movie14/C_START_sufge1_08_2019_IntM16_result_ana.mat,/home/bgeurten/cstart_experiments/sufge1/IntWild/male/movie14/IntM16.avi,0.033650999999999986,0.011466000000000087,29.0,434.1934094189288,1005.0,/home/bgeurten/fishDataBase/cst_sufge1-INT_08-2019_M_16_ID#1391/spike_train_df.csv,/home/bgeurten/fishDataBase/cst_sufge1-INT_08-2019_M_16_ID#1391/trace_mm.csv
sufge1-INT,F,3,c-start,08-2019,924.0,4620,5.0,,,,,,/home/bgeurten/fishDataBase/cst_sufge1-INT_08-2019_F_3_ID#1392/midLineUniform_pix.csv,/home/bgeurten/fishDataBase/cst_sufge1-INT_08-2019_F_3_ID#1392/head_mm.csv,/home/bgeurten/fishDataBase/cst_sufge1-INT_08-2019_F_3_ID#1392/tail_mm.csv,,/home/bgeurten/cstart_experiments/sufge1/IntWild/female/movie10/IntF3.smr,/home/bgeurten/cstart_experiments/sufge1/IntWild/female/movie10/IntF3.S2R,,/home/bgeurten/cstart_experiments/sufge1/IntWild/female/movie10/IntF3_box.csv,,/home/bgeurten/cstart_experiments/sufge1/IntWild/female/movie10/C_START_sufge1_08_2019_IntF3_result_ana.mat,/home/bgeurten/cstart_experiments/sufge1/IntWild/female/movie10/IntF3.avi,4.703444999999999,0.0035730000000000484,1.0,1481.4814814810354,9530.0,/home/bgeurten/fishDataBase/cst_sufge1-INT_08-2019_F_3_ID#1392/spike_train_df.csv,/home/bgeurten/fishDataBase/cst_sufge1-INT_08-2019_F_3_ID#1392/trace_mm.csv
sufge1-INT,F,1,c-start,08-2019,924.0,4620,5.0,,,,,,/home/bgeurten/fishDataBase/cst_sufge1-INT_08-2019_F_1_ID#1393/midLineUniform_pix.csv,,,,/home/bgeurten/cstart_experiments/sufge1/IntWild/female/movie1/IntF1.smr,/home/bgeurten/cstart_experiments/sufge1/IntWild/female/movie1/IntF1.S2R,,,/home/bgeurten/cstart_experiments/sufge1/IntWild/female/movie1/C_START_sufge1_08_2019_IntF1_result.mat,/home/bgeurten/cstart_experiments/sufge1/IntWild/female/movie1/C_START_sufge1_08_2019_IntF1_result_ana.mat,/home/bgeurten/cstart_experiments/sufge1/IntWild/female/movie1/IntF1.avi,0.03775499999999998,0.003257999999999983,24.0,1388.8888888888919,8248.0,/home/bgeurten/fishDataBase/cst_sufge1-INT_08-2019_F_1_ID#1393/spike_train_df.csv,/home/bgeurten/fishDataBase/cst_sufge1-INT_08-2019_F_1_ID#1393/trace_mm.csv
sufge1-INT,F,11,c-start,08-2019,924.0,4619,4.998917748917749,,,,,,/home/bgeurten/fishDataBase/cst_sufge1-INT_08-2019_F_11_ID#1394/midLineUniform_pix.csv,/home/bgeurten/fishDataBase/cst_sufge1-INT_08-2019_F_11_ID#1394/head_mm.csv,/home/bgeurten/fishDataBase/cst_sufge1-INT_08-2019_F_11_ID#1394/tail_mm.csv,,/home/bgeurten/cstart_experiments/sufge1/IntWild/female/movie8a/IntF11 II.smr,/home/bgeurten/cstart_experiments/sufge1/IntWild/female/movie8a/IntF11 II.S2R,,/home/bgeurten/cstart_experiments/sufge1/IntWild/female/movie8a/IntF11 II_box.csv,/home/bgeurten/cstart_experiments/sufge1/IntWild/female/movie8a/C_START_sufge1_08_2019_IntF11_II_result.mat,/home/bgeurten/cstart_experiments/sufge1/IntWild/female/movie8a/C_START_sufge1_08_2019_IntF11_II_result_ana.mat,/home/bgeurten/cstart_experiments/sufge1/IntWild/female/movie8a/IntF11 II.avi,,,,,,,/home/bgeurten/fishDataBase/cst_sufge1-INT_08-2019_F_11_ID#1394/trace_mm.csv
sufge1-INT,F,5,c-start,08-2019,924.0,4620,5.0,,,,,,/home/bgeurten/fishDataBase/cst_sufge1-INT_08-2019_F_5_ID#1395/midLineUniform_pix.csv,/home/bgeurten/fishDataBase/cst_sufge1-INT_08-2019_F_5_ID#1395/head_mm.csv,/home/bgeurten/fishDataBase/cst_sufge1-INT_08-2019_F_5_ID#1395/tail_mm.csv,,/home/bgeurten/cstart_experiments/sufge1/IntWild/female/movie2/IntF5 I.smr,/home/bgeurten/cstart_experiments/sufge1/IntWild/female/movie2/IntF5 I.S2R,,/home/bgeurten/cstart_experiments/sufge1/IntWild/female/movie2/IntF5 I_box.csv,/home/bgeurten/cstart_experiments/sufge1/IntWild/female/movie2/C_START_sufge1_08_2019_IntF5_I_result.mat,/home/bgeurten/cstart_experiments/sufge1/IntWild/female/movie2/C_START_sufge1_08_2019_IntF5_I_result_ana.mat,/home/bgeurten/cstart_experiments/sufge1/IntWild/female/movie2/IntF5 I.avi,0.026090999999999975,0.026495999999999964,24.0,628.2477212710145,196.0,/home/bgeurten/fishDataBase/cst_sufge1-INT_08-2019_F_5_ID#1395/spike_train_df.csv,/home/bgeurten/fishDataBase/cst_sufge1-INT_08-2019_F_5_ID#1395/trace_mm.csv
sufge1-INT,F,9,c-start,08-2019,924.0,4618,4.9978354978354975,,,,,,,/home/bgeurten/fishDataBase/cst_sufge1-INT_08-2019_F_9_ID#1396/head_mm.csv,/home/bgeurten/fishDataBase/cst_sufge1-INT_08-2019_F_9_ID#1396/tail_mm.csv,,/home/bgeurten/cstart_experiments/sufge1/IntWild/female/movie6/IntF9 II.smr,/home/bgeurten/cstart_experiments/sufge1/IntWild/female/movie6/IntF9 II.S2R,,/home/bgeurten/cstart_experiments/sufge1/IntWild/female/movie6/IntF9 II_box.csv,/home/bgeurten/cstart_experiments/sufge1/IntWild/female/movie6/C_START_sufge1_08_2019_IntF9_II_result.mat,/home/bgeurten/cstart_experiments/sufge1/IntWild/female/movie6/C_START_sufge1_08_2019_IntF9_II_result_ana.mat,/home/bgeurten/cstart_experiments/sufge1/IntWild/female/movie6/IntF9 II.avi,0.028035000000000032,0.03698999999999997,34.0,543.3338647112222,328.0,/home/bgeurten/fishDataBase/cst_sufge1-INT_08-2019_F_9_ID#1396/spike_train_df.csv,/home/bgeurten/fishDataBase/cst_sufge1-INT_08-2019_F_9_ID#1396/trace_mm.csv
sufge1-INT,F,13,c-start,08-2019,924.0,4620,5.0,,,,,,/home/bgeurten/fishDataBase/cst_sufge1-INT_08-2019_F_13_ID#1397/midLineUniform_pix.csv,/home/bgeurten/fishDataBase/cst_sufge1-INT_08-2019_F_13_ID#1397/head_mm.csv,/home/bgeurten/fishDataBase/cst_sufge1-INT_08-2019_F_13_ID#1397/tail_mm.csv,,/home/bgeurten/cstart_experiments/sufge1/IntWild/female/movie9a/IntF13 I.smr,/home/bgeurten/cstart_experiments/sufge1/IntWild/female/movie9a/IntF13 I.S2R,,/home/bgeurten/cstart_experiments/sufge1/IntWild/female/movie9a/IntF13 I_box.csv,/home/bgeurten/cstart_experiments/sufge1/IntWild/female/movie9a/C_START_sufge1_08_2019_IntF13_I_result.mat,/home/bgeurten/cstart_experiments/sufge1/IntWild/female/movie9a/C_START_sufge1_08_2019_IntF13_I_result_ana.mat,/home/bgeurten/cstart_experiments/sufge1/IntWild/female/movie9a/IntF13 I.avi,1.5792569999999997,0.03376799999999991,20.0,1658.3747927034008,3562.0,/home/bgeurten/fishDataBase/cst_sufge1-INT_08-2019_F_13_ID#1397/spike_train_df.csv,/home/bgeurten/fishDataBase/cst_sufge1-INT_08-2019_F_13_ID#1397/trace_mm.csv
sufge1-INT,F,10,c-start,08-2019,924.0,4619,4.998917748917749,,,,,,,/home/bgeurten/fishDataBase/cst_sufge1-INT_08-2019_F_10_ID#1398/head_mm.csv,/home/bgeurten/fishDataBase/cst_sufge1-INT_08-2019_F_10_ID#1398/tail_mm.csv,,/home/bgeurten/cstart_experiments/sufge1/IntWild/female/movie7/IntF10.smr,/home/bgeurten/cstart_experiments/sufge1/IntWild/female/movie7/IntF10.S2R,,/home/bgeurten/cstart_experiments/sufge1/IntWild/female/movie7/IntF10_box.csv,/home/bgeurten/cstart_experiments/sufge1/IntWild/female/movie7/C_START_sufge1_08_2019_IntF10_result.mat,/home/bgeurten/cstart_experiments/sufge1/IntWild/female/movie7/C_START_sufge1_08_2019_IntF10_result_ana.mat,/home/bgeurten/cstart_experiments/sufge1/IntWild/female/movie7/IntF10.avi,0.44741699999999995,0.02592900000000009,19.0,347.22222222222297,323.0,/home/bgeurten/fishDataBase/cst_sufge1-INT_08-2019_F_10_ID#1398/spike_train_df.csv,/home/bgeurten/fishDataBase/cst_sufge1-INT_08-2019_F_10_ID#1398/trace_mm.csv
sufge1-INT,F,7,c-start,08-2019,924.0,4620,5.0,,,,,,/home/bgeurten/fishDataBase/cst_sufge1-INT_08-2019_F_7_ID#1399/midLineUniform_pix.csv,/home/bgeurten/fishDataBase/cst_sufge1-INT_08-2019_F_7_ID#1399/head_mm.csv,/home/bgeurten/fishDataBase/cst_sufge1-INT_08-2019_F_7_ID#1399/tail_mm.csv,,/home/bgeurten/cstart_experiments/sufge1/IntWild/female/movie4/IntF7.smr,/home/bgeurten/cstart_experiments/sufge1/IntWild/female/movie4/IntF7.S2R,,/home/bgeurten/cstart_experiments/sufge1/IntWild/female/movie4/IntF7_box.csv,/home/bgeurten/cstart_experiments/sufge1/IntWild/female/movie4/C_START_sufge1_08_2019_IntF7_result.mat,/home/bgeurten/cstart_experiments/sufge1/IntWild/female/movie4/C_START_sufge1_08_2019_IntF7_result_ana.mat,/home/bgeurten/cstart_experiments/sufge1/IntWild/female/movie4/IntF7.avi,0.0204209999999998,0.003185999999999911,45.0,1355.0135501352675,7679.0,/home/bgeurten/fishDataBase/cst_sufge1-INT_08-2019_F_7_ID#1399/spike_train_df.csv,/home/bgeurten/fishDataBase/cst_sufge1-INT_08-2019_F_7_ID#1399/trace_mm.csv
sufge1-INT,F,6,c-start,08-2019,924.0,4620,5.0,,,,,,/home/bgeurten/fishDataBase/cst_sufge1-INT_08-2019_F_6_ID#1400/midLineUniform_pix.csv,/home/bgeurten/fishDataBase/cst_sufge1-INT_08-2019_F_6_ID#1400/head_mm.csv,/home/bgeurten/fishDataBase/cst_sufge1-INT_08-2019_F_6_ID#1400/tail_mm.csv,,/home/bgeurten/cstart_experiments/sufge1/IntWild/female/movie3a/IntF6 II.smr,/home/bgeurten/cstart_experiments/sufge1/IntWild/female/movie3a/IntF6 II.S2R,,/home/bgeurten/cstart_experiments/sufge1/IntWild/female/movie3a/IntF6 II_box.csv,/home/bgeurten/cstart_experiments/sufge1/IntWild/female/movie3a/C_START_sufge1_08_2019_IntF6_II_result.mat,/home/bgeurten/cstart_experiments/sufge1/IntWild/female/movie3a/C_START_sufge1_08_2019_IntF6_II_result_ana.mat,/home/bgeurten/cstart_experiments/sufge1/IntWild/female/movie3a/IntF6 II.avi,0.02447099999999991,0.0031769999999999854,21.0,1543.2098765431867,9458.0,/home/bgeurten/fishDataBase/cst_sufge1-INT_08-2019_F_6_ID#1400/spike_train_df.csv,/home/bgeurten/fishDataBase/cst_sufge1-INT_08-2019_F_6_ID#1400/trace_mm.csv
sufge1-INT,F,8,c-start,08-2019,924.0,4620,5.0,,,,,,/home/bgeurten/fishDataBase/cst_sufge1-INT_08-2019_F_8_ID#1401/midLineUniform_pix.csv,/home/bgeurten/fishDataBase/cst_sufge1-INT_08-2019_F_8_ID#1401/head_mm.csv,/home/bgeurten/fishDataBase/cst_sufge1-INT_08-2019_F_8_ID#1401/tail_mm.csv,,/home/bgeurten/cstart_experiments/sufge1/IntWild/female/movie5/IntF8.smr,/home/bgeurten/cstart_experiments/sufge1/IntWild/female/movie5/IntF8.S2R,,/home/bgeurten/cstart_experiments/sufge1/IntWild/female/movie5/IntF8_box.csv,,/home/bgeurten/cstart_experiments/sufge1/IntWild/female/movie5/C_START_sufge1_08_2019_IntF8_result_ana.mat,/home/bgeurten/cstart_experiments/sufge1/IntWild/female/movie5/IntF8.avi,0.02306699999999995,0.027783000000000113,45.0,521.6484089724277,626.0,/home/bgeurten/fishDataBase/cst_sufge1-INT_08-2019_F_8_ID#1401/spike_train_df.csv,/home/bgeurten/fishDataBase/cst_sufge1-INT_08-2019_F_8_ID#1401/trace_mm.csv
