,genotype,light_condition,activity_norm_sum,activity_freq,activity_bout_dur_sec,distance_walked_mm,max_speed_mmPs,avg_speed_mmPs,sex
0,3V,dark,0.0,0.0,,201.00657867667522,,,female
1,3V,dark,0.02663842672714512,0.006414381543241887,8.305844155844156,1816.4824197582143,1.4182796643369397,0.8006090848216099,female
2,3V,dark,0.0,0.0,,201.00657867667522,,,female
3,3V,dark,0.0,0.0,,201.00657867667522,,,female
4,3V,dark,0.0,0.0,,201.00657867667522,,,female
5,3V,dark,0.0,0.0,,201.00657867667522,,,female
6,3V,dark,0.02663842672714512,0.006414381543241887,8.305844155844156,1816.4824197582143,1.4182796643369397,0.8006090848216099,female
7,3V,dark,0.0435157475149478,0.010288001566108741,8.459514170040485,3852.049945949678,1.3815701579682715,0.8215400934380093,female
8,3V,dark,0.14781400792634292,0.04100622486572492,7.206808943089431,8793.533825323006,1.4777733664853379,0.8156793452512713,male
9,3V,dark,0.051837782789881104,0.015307046864554502,6.771934604904633,4281.9522990859705,1.4082403075964804,0.7598190204552244,male
10,3V,dark,0.0,0.0,,329.18533106255694,,,male
11,3V,dark,0.014369880729989942,0.003373798084432421,8.518518518518519,2098.8031339093773,1.198993530518112,0.7401293133097389,female
12,3V,dark,0.1639020265697012,0.04487984488859177,7.302878365831012,9715.835835088099,1.5250692146592295,0.8440005228545403,female
13,3V,dark,0.09562218459673741,0.026032392626793372,7.3464,7154.135542334921,1.727748431004844,0.800370240429609,female
14,3V,dark,0.16609916050740256,0.042318257454115306,7.85,9739.836341179293,1.5204833090321876,0.8326695715525538,male
15,3V,dark,0.03402329586751387,0.008496972953385357,8.008333333333335,2644.2340106032398,1.4545247775512935,0.7987035527192992,male
16,3V,dark,0.08171255656838917,0.02140903969627487,7.633463035019455,4996.366538996214,1.190115586117653,0.7353017924700768,male
17,3V,dark,0.014301155213455206,0.0038319681946639844,7.464130434782609,1835.1504204318442,1.2970933117077632,0.7247476322420601,female
18,3V,dark,0.053324753056723545,0.011579208240397692,9.21043165467626,4192.760625535753,1.554999047034007,0.8881785876198597,female
19,3V,dark,0.049117918408233735,0.01334941093901964,7.3696875,5806.177030122851,1.30150213494333,0.7084799867934802,female
20,3V,dark,0.07923010760749816,0.01990957388097157,7.958995815899581,5668.721657534157,1.5617265709223807,0.7999589523924462,male
21,3V,dark,0.06726145477340364,0.02074261044502896,6.485341365461847,4706.3659172564385,1.3760749936204837,0.7467840029318042,male
22,3V,dark,0.028868882127408776,0.006622640684256234,8.71823899371069,3103.1557494744247,1.0009855857491505,0.6559690196319401,male
23,3V,dark,0.052275126986011236,0.012849589000585209,8.118506493506494,3732.5403998510424,1.2859402022062925,0.7501493931867346,female
24,3V,dark,0.11821205362256362,0.023241720137201122,10.172401433691757,7169.502016457991,1.5560813734534886,0.8596490433444696,female
25,3V,dark,0.06596400032488425,0.016077605686307585,8.205699481865285,4998.523197608683,1.5703959509458163,0.8661289617929445,female
26,3V,dark,0.11532766451951493,0.028031680380531103,8.228380386329867,7488.544656284125,1.6781474111839623,0.8205227436534134,male
27,3V,dark,0.07500869481913736,0.018722496777189793,8.021158129175946,4664.942509438892,1.5440714201520243,0.8076331645223344,male
28,3V,dark,0.03267794181656118,0.010079742425094395,6.483884297520661,2867.991132849182,1.1699239538951003,0.7028428413760688,male
29,3V,dark,0.02409974779818023,0.006122818745821801,7.872108843537414,3618.5292915973573,1.1272236842221541,0.726738409809821,female
30,3V,dark,0.0,0.0,,284.0448972195621,,,female
31,3V,dark,0.0,0.0,,378.2771730208259,,,female
32,3V,dark,0.111177059839099,0.027906724895922497,7.96776119402985,6737.85656012757,1.6704263876101328,0.8381571125061904,male
33,3V,dark,0.07567095888756298,0.01982627022456583,7.633403361344539,5055.784364643279,1.4893386836510758,0.8036000407341349,male
34,3V,dark,0.05020503112432863,0.015244569122250199,6.586612021857924,3581.2813003538354,1.1386743955820218,0.6929623235399335,male
35,3V,dark,0.04004198504282849,0.008372017468776749,9.565671641791043,2931.7653579957855,1.173758359902878,0.735333297506641,female
36,3V,dark,0.19724014986327787,0.048566031684545714,8.122555746140653,11931.325583711701,1.5858398313853697,0.8593671068154702,female
37,3V,dark,0.05697761839011519,0.01520291729404733,7.495616438356165,4321.418344924234,1.5123032367617335,0.786053444971993,female
38,3V,dark,0.00019784618396362962,4.1651828202869395e-05,9.5,334.5131792606126,0.7606434579446657,0.6697738075798928,male
39,3V,dark,0.04832445108096907,0.01449483621459855,6.667816091954023,3342.784093308206,1.3880555257127245,0.7538128700075954,male
40,3V,dark,0.08373891801045877,0.02811498403693684,5.956888888888888,5917.6618104613235,1.2383659352613132,0.6774557168060062,male
41,3V,dark,,,,,,,female
42,3V,dark,0.0,0.0,,201.00657867667522,,,female
43,3V,dark,0.02663842672714512,0.006414381543241887,8.305844155844156,1816.4824197582143,1.4182796643369397,0.8006090848216099,female
44,3V,dark,0.0435157475149478,0.010288001566108741,8.459514170040485,3852.049945949678,1.3815701579682715,0.8215400934380093,female
45,3V,dark,0.14781400792634292,0.04100622486572492,7.206808943089431,8793.533825323006,1.4777733664853379,0.8156793452512713,male
46,3V,dark,0.051837782789881104,0.015307046864554502,6.771934604904633,4281.9522990859705,1.4082403075964804,0.7598190204552244,male
47,3V,dark,0.0,0.0,,329.18533106255694,,,male
48,3V,dark,0.014369880729989942,0.003373798084432421,8.518518518518519,2098.8031339093773,1.198993530518112,0.7401293133097389,female
49,3V,dark,0.1639020265697012,0.04487984488859177,7.302878365831012,9715.835835088099,1.5250692146592295,0.8440005228545403,female
50,3V,dark,0.09562218459673741,0.026032392626793372,7.3464,7154.135542334921,1.727748431004844,0.800370240429609,female
51,3V,dark,0.16609916050740256,0.042318257454115306,7.85,9739.836341179293,1.5204833090321876,0.8326695715525538,male
52,3V,dark,0.03402329586751387,0.008496972953385357,8.008333333333335,2644.2340106032398,1.4545247775512935,0.7987035527192992,male
53,3V,dark,0.08171255656838917,0.02140903969627487,7.633463035019455,4996.366538996214,1.190115586117653,0.7353017924700768,male
54,3V,dark,0.014301155213455206,0.0038319681946639844,7.464130434782609,1835.1504204318442,1.2970933117077632,0.7247476322420601,female
55,3V,dark,0.053324753056723545,0.011579208240397692,9.21043165467626,4192.760625535753,1.554999047034007,0.8881785876198597,female
56,3V,dark,0.049117918408233735,0.01334941093901964,7.3696875,5806.177030122851,1.30150213494333,0.7084799867934802,female
57,3V,dark,0.07923010760749816,0.01990957388097157,7.958995815899581,5668.721657534157,1.5617265709223807,0.7999589523924462,male
58,3V,dark,0.06726145477340364,0.02074261044502896,6.485341365461847,4706.3659172564385,1.3760749936204837,0.7467840029318042,male
59,3V,dark,0.028868882127408776,0.006622640684256234,8.71823899371069,3103.1557494744247,1.0009855857491505,0.6559690196319401,male
60,3V,dark,0.052275126986011236,0.012849589000585209,8.118506493506494,3732.5403998510424,1.2859402022062925,0.7501493931867346,female
61,3V,dark,0.11821205362256362,0.023241720137201122,10.172401433691757,7169.502016457991,1.5560813734534886,0.8596490433444696,female
62,3V,dark,0.06596400032488425,0.016077605686307585,8.205699481865285,4998.523197608683,1.5703959509458163,0.8661289617929445,female
63,3V,dark,0.11532766451951493,0.028031680380531103,8.228380386329867,7488.544656284125,1.6781474111839623,0.8205227436534134,male
64,3V,dark,0.07500869481913736,0.018722496777189793,8.021158129175946,4664.942509438892,1.5440714201520243,0.8076331645223344,male
65,3V,dark,0.03267794181656118,0.010079742425094395,6.483884297520661,2867.991132849182,1.1699239538951003,0.7028428413760688,male
66,3V,dark,0.02409974779818023,0.006122818745821801,7.872108843537414,3618.5292915973573,1.1272236842221541,0.726738409809821,female
67,3V,dark,0.0,0.0,,284.0448972195621,,,female
68,3V,dark,0.0,0.0,,378.2771730208259,,,female
69,3V,dark,0.111177059839099,0.027906724895922497,7.96776119402985,6737.85656012757,1.6704263876101328,0.8381571125061904,male
70,3V,dark,0.07567095888756298,0.01982627022456583,7.633403361344539,5055.784364643279,1.4893386836510758,0.8036000407341349,male
71,3V,dark,0.05020503112432863,0.015244569122250199,6.586612021857924,3581.2813003538354,1.1386743955820218,0.6929623235399335,male
72,3V,dark,0.04004198504282849,0.008372017468776749,9.565671641791043,2931.7653579957855,1.173758359902878,0.735333297506641,female
73,3V,dark,0.19724014986327787,0.048566031684545714,8.122555746140653,11931.325583711701,1.5858398313853697,0.8593671068154702,female
74,3V,dark,0.05697761839011519,0.01520291729404733,7.495616438356165,4321.418344924234,1.5123032367617335,0.786053444971993,female
75,3V,dark,0.00019784618396362962,4.1651828202869395e-05,9.5,334.5131792606126,0.7606434579446657,0.6697738075798928,male
76,3V,dark,0.04832445108096907,0.01449483621459855,6.667816091954023,3342.784093308206,1.3880555257127245,0.7538128700075954,male
77,3V,dark,0.08373891801045877,0.02811498403693684,5.956888888888888,5917.6618104613235,1.2383659352613132,0.6774557168060062,male
78,3V,dark,,,,,,,female
79,3V,dark,0.08991171895012402,0.023137590566693948,7.7682882882882875,6071.3925121935745,1.5438501876420667,0.8139724659612539,female
80,3V,dark,0.1669197015229991,0.03825720420433554,8.730392156862745,11807.625551520245,1.7060180964768952,0.8970345585346735,female
81,3V,dark,0.06311918045862829,0.014744747183815765,8.561581920903956,4810.856322688937,1.268262688934441,0.7562787770420072,male
82,3V,dark,0.07704546921825767,0.019493055598942877,7.90491452991453,4934.411710625432,1.4474068645944547,0.8058145691622133,male
83,3V,dark,0.008490725179154926,0.0019576359255348615,8.674468085106382,777.143330966578,1.0745579845254984,0.7472548823182831,male
84,3V,dark,0.0012332029256676305,0.00035019961377985456,7.042857142857143,643.4298522303744,1.117831906810929,0.7010623293381056,female
85,3V,dark,0.16648652250968926,0.04529636317062047,7.352161913523459,10286.51496453509,1.5916065717774543,0.8203512578646842,female
86,3V,dark,0.0674801268714687,0.016202561170916195,8.329562982005141,4685.8048858741495,1.5024006519366804,0.8315138656252092,female
87,3V,dark,0.09391862482324005,0.021929687548810736,8.552851711026616,5671.425406212587,1.5965788772437266,0.8811496182453004,male
88,3V,dark,0.10906322955780337,0.028156635865139713,7.7468934911242595,7708.283842780969,1.4451938251871053,0.7849787508695054,male
89,3V,dark,0.05470967634446895,0.012932892656990947,8.447096774193549,3661.0573128151896,1.1856720557989757,0.7267647296002773,male
90,3V,dark,0.0,0.0,,492.260360830076,,,female
91,3V,dark,0.0996790726636969,0.021159128727057653,9.421850393700788,5704.772730031246,1.5365329329813073,0.8855004578924852,female
92,3V,dark,0.09598247291069223,0.02070095861682609,9.273239436619718,7058.1757259350325,1.5249709439297257,0.8167576330119337,female
93,3V,dark,0.2034025378458924,0.048295294801227066,8.425280414150128,12047.489688933083,1.5756097482926994,0.8556648253122913,male
94,3V,dark,0.0,0.0,,180.96766917333744,,,male
95,3V,dark,0.07235130817979428,0.02065930678862322,7.004233870967742,4907.137928168237,1.2628008972549392,0.7057435370033152,male
96,15V,dark,0.0148575690343401,0.005534942844679184,5.36864406779661,1318.5373698716726,0.9281412162578055,0.6067940831520774,female
97,15V,dark,0.06465595420715606,0.018813923533082685,6.8732026143790845,5583.395679654432,1.3883712325765576,0.7630279622660543,female
98,15V,dark,0.0873049054538859,0.031786923093476305,5.493133462282398,10705.20548481032,1.3991382364917708,0.6958591439164782,female
99,15V,dark,0.14374206479736604,0.03910344891189735,7.351886792452831,10966.7436307187,1.5011522389364345,0.8197061422131151,male
100,15V,dark,0.08761385959033603,0.021795868929666055,8.039492242595205,6614.358320022849,1.3343633941788389,0.7972149580131956,male
101,15V,dark,0.017699115044247787,0.009882754593234806,3.5818181818181816,512.5374091305014,0.8445337312058064,0.5737739463592989,male
102,15V,dark,0.026479069351735558,0.008373200114778698,6.324719101123594,1190.832054252279,1.0268705916983238,0.6640945096539822,female
103,15V,dark,0.002823625615218374,0.0007685426279854039,7.348,1623.8860988065314,0.9176900602074272,0.6550735486763375,female
104,15V,dark,0.04320439237482746,0.014018217534453767,6.164035087719298,4102.825273238515,1.3810760352037712,0.7416199323879569,female
105,15V,dark,0.046676667968065515,0.012819291034796537,7.282254196642686,4380.0915877241205,1.306293552323029,0.7444073963494366,male
106,15V,dark,0.06761945458066777,0.020289525378814663,6.665454545454545,6390.063715170202,1.324059740405097,0.7336135408592637,male
107,15V,dark,0.017833089648979405,0.007751848739173316,4.600990099009901,1886.9194708015739,0.8610399194678313,0.599576886299616,male
108,15V,dark,,,,,,,female
109,15V,dark,0.07282863651315284,0.021734385519427222,6.701697312588401,6952.544793230645,1.4337755415491824,0.7701923541058685,female
110,15V,dark,0.3126323814676705,0.07468697258762155,8.367970358172087,23732.464352113,1.5775600702340231,0.8636535412100288,female
111,15V,dark,0.17611461737336723,0.0456668029548927,7.7112457912457915,14984.391598455086,1.5752552650366745,0.7869305508957118,male
112,15V,dark,0.10540869559871008,0.029358328389042426,7.180837696335077,8907.025996290575,1.6226021002499533,0.7948069569318978,male
113,15V,dark,0.08264753712829435,0.024193721928980515,6.832147395171537,8008.962124594153,1.0168570872490366,0.6647873967954595,male
114,15V,dark,0.015695607045460823,0.004025526574395283,7.798039215686274,948.1006399894852,1.1246664107724016,0.6735471740181072,female
115,15V,dark,0.14913415987531164,0.047864834870930954,6.231470777135517,12917.993372939169,1.4193763122512182,0.7238364615025505,female
116,15V,dark,0.17090543544088216,0.04207002345592101,8.126535087719299,13242.64889426961,1.4970163583770009,0.8148321888266974,female
117,15V,dark,0.12140206768708633,0.027682905460034248,8.766444444444444,9761.303887678336,1.5534344778746048,0.8745516267882602,male
118,15V,dark,0.07550931319956593,0.022349219621815544,6.757221458046767,6939.32987021464,1.5303404046219813,0.7553668159163591,male
119,15V,dark,0.0839725046189412,0.025377277576078036,6.614303030303029,8666.034547447016,1.1693179245783223,0.6779094516903144,male
120,15V,dark,0.028084129675431183,0.007967741879730306,7.020869565217391,2897.8618645537586,1.221019911914409,0.7051717826567324,female
121,15V,dark,0.15565754970165174,0.04835670215284161,6.437889383343928,13065.715354974633,1.4879622151245924,0.7675688691617543,female
122,15V,dark,0.05635108256914578,0.015478448527626034,7.284493041749503,4618.591430045292,1.580226646466222,0.7870724412017072,female
123,15V,dark,0.03973672803735732,0.012511873983602375,6.351842751842751,3792.7678675650427,1.4048180633027443,0.7517130645143815,male
124,15V,dark,0.10893784334641905,0.023963159140584892,9.094993581514762,8484.350271409883,1.4744550394055325,0.8543502743806727,male
125,15V,dark,0.016500610222846622,0.005349056690778411,6.169540229885057,2496.0177447673123,1.118399606811023,0.6715110843304065,male
126,15V,dark,0.011680341391522403,0.003959437759838104,5.9,621.8576178948786,0.9311919328303868,0.6316545555440207,female
127,15V,dark,0.07099028254701176,0.016769600142641512,8.468256880733946,5988.489492868116,1.5423679698875117,0.8774767670583795,female
128,15V,dark,0.1227992781847638,0.03071096341429674,7.997097097097097,9293.988145238636,1.4927406668274215,0.8222662296280555,female
129,15V,dark,0.12360932211466041,0.03086467193989382,8.009760956175299,9721.978777764178,1.401113602771464,0.8219907505047511,male
130,15V,dark,0.09506411182602655,0.027237150735802712,6.980474040632054,7516.50954466097,1.3934814771466086,0.7674204229531659,male
131,15V,dark,0.05157074742307657,0.017215354866873048,5.991250000000001,5691.579997909583,1.0294225741756549,0.6411192402782697,male
132,15V,dark,,,,,,,female
133,15V,dark,0.10326753583714274,0.02566932377471249,8.045988023952095,9975.756010062194,1.5997393447318027,0.8164995552085617,female
134,15V,dark,0.08910944354439564,0.019444128488030718,9.168987341772151,7191.111111476798,1.504851518271406,0.8468900332830888,female
135,15V,dark,0.047568177416528586,0.013895250713976102,6.846681415929203,4029.3982756443743,1.383006619741784,0.7717508944796667,male
136,15V,dark,0.04254805697052793,0.011574251977460183,7.343882978723404,3599.918337351725,1.3870192766224696,0.8020867922379404,male
137,15V,dark,0.03937243883169224,0.012819291034796537,6.142685851318944,6312.313849320909,1.191605153597072,0.6875229348484173,male
138,15V,dark,0.0,0.0,,29.00481965067447,,,female
139,15V,dark,0.07876178560120016,0.022241623653897587,7.081604426002766,7205.469920646129,1.531674208335989,0.7695520816804974,female
140,15V,dark,0.09708999019339606,0.03129505581156564,6.204813359528488,8856.068174045402,1.614289962194314,0.7584080457975475,female
141,15V,dark,0.05100202587836737,0.014679164194521213,6.938574423480084,4673.97219073483,1.471645071286454,0.7824106319014582,male
142,15V,dark,0.10206707225222954,0.023056278839562117,8.853733333333334,7662.717653172136,1.4148140275776484,0.8368116250245133,male
143,15V,dark,0.015115696407216923,0.005057010492143957,5.954878048780487,2624.682613854881,1.0275405636452022,0.6447079979053963,male
144,15V,dark,0.007296543710093424,0.0018598731597246774,7.7700000000000005,1311.007020167181,1.1877218884188578,0.6922026173662258,female
145,15V,dark,0.06866774672523986,0.013142078938550406,10.446370023419204,6083.17580180095,1.5671562176239642,0.8979820566900396,female
146,15V,dark,0.26122917633749476,0.05990021242518238,8.722638603696097,19512.21422883552,1.7001613588665618,0.9255524938477834,female
147,15V,dark,0.13573077644324621,0.03169469797811805,8.564888457807955,11330.922983190136,1.6264418243686543,0.8393932979587999,male
148,15V,dark,0.13801488513361881,0.037135979784254716,7.43294701986755,11119.496320969289,1.629436918873954,0.8216315143871673,male
149,15V,dark,0.019571706564276294,0.005871665677808485,6.666492146596858,2932.990861100566,1.0760406947581098,0.6636079683389627,male
150,3V,dark,0.0091314335382132,0.0022350530825107095,8.171111111111111,1811.0419513389852,1.0502127626223012,0.6613717186330137,female
151,3V,dark,0.02685047903932024,0.005098192222655742,10.533333333333333,4166.880559890711,1.465076939000293,0.7429790443159445,female
152,3V,dark,0.029067851169152007,0.0052674217664653135,11.036842105263158,4568.8107934001855,1.5498372792988415,0.8111657382005871,female
153,3V,dark,0.04422478029306579,0.006776799933464146,13.05181818181818,4272.651178145523,1.5835497236611096,0.8958719953285639,male
154,3V,dark,0.08249675791730456,0.015925479843640743,10.360348162475821,7361.295669802011,1.4602634071498848,0.8285754719220939,male
155,3V,dark,0.019601893807545043,0.004127687232200889,9.49776119402985,2403.739708157163,1.288059767726426,0.780822123250814,male
156,3V,dark,0.05555505785740948,0.012064203060843598,9.20990099009901,3415.1669671865666,1.287082114480068,0.7405213459587,female
157,3V,dark,0.04242584794709167,0.009518323542911005,8.914563106796116,7780.757860108272,1.5253620806317763,0.7541341717645912,female
158,3V,dark,0.09274358745306296,0.013384179868591688,13.858294930875577,8795.784613824171,1.7297812641814256,0.9192941870748202,female
159,3V,dark,0.027079476461401505,0.00649956720891334,8.332701421800948,3609.104823184626,1.4690015805071561,0.7953477687289898,male
160,3V,dark,0.07299691655603027,0.01256788351296987,11.616421568627452,6352.525980443545,1.637798050454784,0.9071247570416211,male
161,3V,dark,0.12290650788419065,0.023379959770451302,10.513833992094861,9311.666562385746,1.3704983132461832,0.7953985199421763,male
162,3V,dark,0.027808619068823908,0.005739448815001731,9.690344827586205,3607.168954348175,1.2415194392165296,0.7353857085108557,female
163,3V,dark,0.0743060710886313,0.01210582897205186,12.276081424936386,7732.368922715938,1.6469128890355955,0.8472196124537864,female
164,3V,dark,0.0843372751719613,0.016033292569854946,10.50596153846154,7674.326130115982,1.634854236586154,0.8900336411834808,female
165,3V,dark,0.1455872251160527,0.021516339788748663,13.526934097421202,11619.271706332951,1.760951356912674,0.9969974129209269,male
166,3V,dark,0.053698438563688056,0.012783508965398276,8.401204819277108,5278.084255068738,1.6801730640590338,0.8552814174184541,male
167,3V,dark,0.050750530592631155,0.01164377443113385,8.717195767195768,5492.311076723319,1.5901384301078414,0.7653528896281006,male
168,3V,dark,0.03411966670853745,0.008508143868023281,8.020472440944882,4140.397885244182,1.3402063099805521,0.7265289347108906,female
169,3V,dark,0.07731866669541673,0.016972803469721565,9.110889292196008,8384.222633989364,1.557786065811598,0.8312958662934963,female
170,3V,dark,0.14360809149912054,0.03647150509646158,7.87508445945946,12987.115824760642,1.5290655942952114,0.7911057934189901,female
171,3V,dark,0.09802641103755887,0.018851825269454805,10.39967320261438,8247.81942560918,1.6949579685120677,0.9424446449478188,male
172,3V,dark,0.06751386933713656,0.012721901693275873,10.613801452784504,6509.938558773837,1.7009115390457885,0.8485368897809664,male
173,3V,dark,0.02918952553159375,0.0074544799268105606,7.831404958677685,3301.863350626969,1.3074105592124812,0.7352181792125753,male
174,3V,dark,0.034452232949786186,0.00927566900321827,7.42851711026616,4438.434683819541,1.2918020047200902,0.7114144063678393,female
175,3V,dark,0.3173760230657627,0.07064813930636372,8.9849978194505,23847.919812217493,1.655280417737043,0.8299692100028391,female
176,3V,dark,0.17553914064016116,0.03810409780770522,9.213662085691189,13632.789124288724,1.6323403217163965,0.8897642105328749,female
177,3V,dark,0.09856855503223601,0.024242461580164923,8.131893265565438,8276.101523689942,1.6084982343021605,0.8441564955852319,male
178,3V,dark,0.056339850355936014,0.010565647168991828,10.66472303206997,5427.077307797701,1.6413925002319616,0.8541927230960329,male
179,3V,dark,0.043319153392866495,0.010781272621420233,8.036,4773.311523684024,1.2610278858671096,0.7341902066007469,male
180,3V,dark,0.12353798242344527,0.026275501560204167,9.403282532239157,11950.594865851037,1.4111789159588775,0.7522286930417026,female
181,3V,dark,0.09447783216330856,0.01992995253159683,9.480989180834621,9767.955012249517,1.5310213231367367,0.7609051190235729,female
182,3V,dark,0.1243496582336579,0.03217439786592409,7.727298850574712,10729.546065136059,1.5371210175742687,0.809680261140883,female
183,3V,dark,0.16189004950144315,0.03470029602294255,9.330284191829486,13933.85194872951,1.6359729918242958,0.8724320714308953,male
184,3V,dark,0.0876440455031312,0.02136232160844266,8.205772005772006,7710.389097587211,1.6165144445458424,0.8244773677847537,male
185,3V,dark,0.08566953243160823,0.02418085430804252,7.085732484076433,7503.982176908617,1.2723052613618393,0.7258328255892295,male
186,3V,dark,0.21275917409290993,0.04086102323518268,10.417269984917043,17295.10257707284,1.4829575073241226,0.8092441307610347,female
187,3V,dark,0.08171742592495618,0.016464543474711754,9.933333333333332,7854.59130972968,1.5928891247677561,0.8330755099839893,female
188,3V,dark,0.020282654164497576,0.00415849086826209,9.754814814814816,4257.332086863502,1.426976789393017,0.7286825540800517,female
189,3V,dark,0.05345508983880457,0.013091545326010283,8.166352941176472,5528.5430243045585,1.5655378850127906,0.8111069419135377,male
190,3V,dark,0.0656394680828125,0.01809713618595539,7.2458262350936975,6490.3305387507535,1.5677599384380259,0.7976939721751382,male
191,3V,dark,0.04755311316947852,0.011428148978705446,8.322102425876011,5668.291178156118,1.3046264378530936,0.7567704468759174,male
192,3V,dark,0.021864420876240232,0.005020992677975708,8.709202453987729,4174.598242684776,1.2693267320961366,0.7117079780301975,female
193,3V,dark,0.04600369027560013,0.008224570828340577,11.18689138576779,6720.832510556507,1.7072199965477504,0.9010678452708872,female
194,3V,dark,0.19116274485040213,0.03758043599466481,10.173524590163934,16184.726823317942,1.6740132898240137,0.8710812740117307,female
195,3V,dark,0.27356247131411393,0.03813490144376642,14.347092084006466,21198.9178808185,1.8288099793002355,1.0330874294527441,male
196,3V,dark,0.2226024759962666,0.046744517722872005,9.525049439683587,17352.54754992406,1.840369971599153,0.8703774328296535,male
197,3V,dark,0.056322908356102354,0.012691098057214674,8.875970873786407,4722.205136581968,1.3739492860814915,0.8019004798429894,male
198,3V,dark,0.049267335516284344,0.010319218080502223,9.548656716417911,6263.996470879323,1.266659351996754,0.743063337589669,female
199,3V,dark,0.07204970474714835,0.012198239880235462,11.813131313131313,7450.595953988482,1.6861474077687282,0.8281566807298784,female
200,3V,dark,0.10572732005285904,0.018266556184291995,11.576053962900506,10489.736034712867,1.8025849499525484,0.9589042426152811,female
201,3V,dark,0.05505379855038089,0.011797792611439853,9.332898172323759,5209.860827108217,1.6867555698921601,0.8798560656820724,male
202,3V,dark,0.11254108434959663,0.02193218887557487,10.262640449438202,9274.701096540672,1.7540893558788255,0.8779800947244439,male
203,3V,dark,0.02690697609945878,0.00649956720891334,8.27962085308057,3953.022558679494,1.2303183283242822,0.7160465218850659,male
204,3V,dark,0.0,0.0,,132.41222972909577,,,female
205,3V,dark,0.05944563249496918,0.01835695766544918,6.4766323024054975,5759.717612995124,1.3795170371395384,0.7149400866009008,female
206,3V,dark,0.0,0.0,,176.2982140856505,,,female
207,3V,dark,0.0,0.0,,1490.7725529906775,,,male
208,3V,dark,0.044525084688026344,0.010030090270812439,8.878301886792453,4304.446617792946,1.4456165111106847,0.7894239014664451,male
209,3V,dark,0.09004213899560316,0.026715366224459542,6.740850059031877,8463.015318047093,1.3343745457651517,0.7186518805124434,male
210,3V,dark,0.045039205667316416,0.016653734789273483,5.408901515151515,6283.4467336571315,1.075799464434801,0.6257370156797092,female
211,3V,dark,0.03596796679346215,0.012364136434460615,5.818112244897959,5140.588339529074,1.446800852269743,0.6735745771564875,female
212,3V,dark,0.13069396869854846,0.02991679440838238,8.738818565400845,10081.291374785835,1.493254746201139,0.8322263829039808,female
213,3V,dark,0.1641638752736196,0.0447884534105461,7.330633802816902,13194.874147605899,1.3692807505412674,0.7757417002984384,male
214,3V,dark,0.004278558947282098,0.001766305204922945,4.844642857142857,1994.2139952043653,0.8144788511788668,0.5867112128752217,male
215,3V,dark,0.0,0.0,,2237.2540015623767,,,male
216,3V,dark,0.0278681957823155,0.0064343975322193,8.662254901960784,5434.357009109521,1.3637281942503163,0.762339738993272,female
217,3V,dark,0.09705058571942242,0.021731862253426947,8.931640058055152,8198.723281853097,1.685044956543006,0.8769540098656858,female
218,3V,dark,0.08540716489089911,0.02237845612308624,7.62425952045134,7948.546076075188,1.5973656165949348,0.8365883528002335,female
219,3V,dark,0.019459321360307338,0.005472392018823767,7.072254335260116,2971.6700417971965,1.4701985363316328,0.7819940427013821,male
220,3V,dark,0.06976432441980028,0.01718993458362509,8.116880733944953,6352.43994886676,1.4914226179631929,0.7859116537407318,male
221,3V,dark,0.09259539625164803,0.026936154375074912,6.875175644028102,8035.2447612172755,1.406550603589104,0.7426234191781544,male
222,3V,dark,0.12668508670666087,0.0244286318073718,10.367829457364342,9500.576949622187,1.4479529459187959,0.830065692112963,female
223,3V,dark,0.12494716854967418,0.025343325574206897,9.85093399750934,10427.088533096143,1.6463700165222226,0.8990703124593813,female
224,3V,dark,0.09408729332652044,0.027093860196943032,6.945285215366705,10356.170950742073,1.6653971430505863,0.7809361442156436,female
225,3V,dark,0.12892766349362553,0.025611425471382704,10.067980295566501,10591.883380307945,1.6990410670435987,0.8735852605681307,male
226,3V,dark,0.07684689287989756,0.017978463692965692,8.548771929824563,7113.784000205063,1.6917523294096593,0.8247605481983555,male
227,3V,dark,0.02805586571033856,0.0072229266415599,7.7685589519650655,3057.202124361068,1.1772586291913216,0.7382555257202805,male
228,3V,dark,0.13892778965828304,0.02904941238810772,9.564929424538546,10862.766734785802,1.4362436458831191,0.8609892441564958,female
229,3V,dark,0.0,0.0,,1887.280728445003,,,female
230,3V,dark,0.07972187001255339,0.016133305577108684,9.87866927592955,8540.311553237905,1.6601643208017798,0.9057778767515436,female
231,3V,dark,0.16420803290374267,0.03379635762633813,9.713071895424838,13990.081619810944,1.577465549152822,0.8015027180694495,male
232,3V,dark,0.07571141096244709,0.01618061732366912,9.358284600389863,6687.8287458547775,1.5800146286207173,0.8496053272238567,male
233,3V,dark,0.014783343741917577,0.003280281094856898,9.01346153846154,2109.7413604175217,1.185407189274375,0.7199762711515791,male
234,3V,dark,0.1288046529525684,0.030184894305558187,8.534378265412748,10489.838024313703,1.453893147526299,0.806546387153914,female
235,3V,dark,0.14265753234546408,0.027898159888470445,10.224434389140272,12230.248887120662,1.8159179204096416,0.9324557080330463,female
236,3V,dark,0.14652605615588904,0.040420002144799176,7.250507416081184,11249.678765386981,1.6609876565916315,0.8340111193517564,female
237,3V,dark,0.14287516637964207,0.03015335314118456,9.476569037656903,11482.665313403522,1.7798219231146861,0.9398042621518918,male
238,3V,dark,0.03968667007311242,0.010645142976098107,7.463798219584571,4184.6569296057405,1.566033405792597,0.8120893796314702,male
239,3V,dark,0.06399702251408312,0.017631510884855827,7.259391771019679,5865.022728949614,1.2504659151846282,0.7458901054746914,male
240,3V,dark,0.11880294972969223,0.028513212593756113,8.333185840707966,11010.427752995049,1.3289742451698983,0.7510556199080793,female
241,3V,dark,0.10141745992695066,0.02315121465024003,8.761307901907356,10145.372362558868,1.7994356272503629,0.8784218933416871,female
242,3V,dark,0.0,0.0,,842.4022304140525,,,female
243,3V,dark,0.09961488238299805,0.01889315745980079,10.545075125208681,8374.777183551225,1.6966713191691518,0.9701759188888396,male
244,3V,dark,0.1757063643761473,0.04183935454161226,8.397511312217194,14209.858048719037,1.579517117829111,0.8243772131489916,male
245,3V,dark,0.0858266623770683,0.023766267355525696,7.218061088977425,7616.480304209765,1.319187870711025,0.7455717586780777,male
246,3V,dark,0.09943036657141235,0.030027188483690067,6.6226890756302526,11339.383777959136,1.521936251187908,0.6957676173470443,female
247,3V,dark,0.14375201074922883,0.041728960466304574,6.889795918367348,15822.53294754318,2.3643339397686787,0.8282977340092823,female
248,3V,dark,0.10386032310768785,0.025043684512657472,8.29433249370277,9095.50327417079,1.6476898968077398,0.8848048084875734,female
249,3V,dark,0.0,0.0,,294.18457691184324,,,male
250,3V,dark,0.21935145057814953,0.05986512998113839,7.3281875658588,18541.71611829599,1.9232687357822096,0.7906054054886767,male
251,3V,dark,0.08604745052768369,0.025611425471382704,6.719458128078819,8155.476555359042,1.3587677431602243,0.7182185761548852,male
252,3V,dark,0.02939321107978022,0.011165572188262902,5.26497175141243,6606.675667729714,0.9424804908952779,0.6081968527142771,female
253,3V,dark,0.2064936949212417,0.049677333888457825,8.313396825396827,16474.862450954573,1.9456224637086752,0.8076707535657965,female
254,3V,dark,0.00011827936640109006,9.462349312087205e-05,2.5,2573.5312477147,0.5252088202410129,0.5128105258004766,female
255,3V,dark,0.0,0.0,,541.6793234636336,,,male
256,3V,dark,0.20939075086895909,0.05168019782618295,8.103052503052503,14989.566124280702,1.5094990941951099,0.7649309217530401,male
257,3V,dark,0.012428795821426544,0.004210745443878806,5.907518796992481,1948.8150276714543,1.2056821681801781,0.6667425140061425,male
258,15V,dark,0.04308544670918026,0.016757013923555206,5.142577030812325,4023.850057071722,1.10076642833735,0.621479485194876,female
259,15V,dark,0.09211667470765272,0.025429618397776094,7.245762711864407,8794.07784916649,1.5990016361483708,0.7895393957121887,female
260,15V,dark,0.0,0.0,,191.57049080412307,,,female
261,15V,dark,0.0,0.0,,4286.571423644681,,,male
262,15V,dark,0.07870115100971811,0.022256300686929954,7.072258064516129,6920.471595105149,1.4930024534232165,0.8071685230107231,male
263,15V,dark,0.04889206699290096,0.01355480506352379,7.213983050847458,4155.262119195927,1.297133731723346,0.7424411877488098,male
264,15V,dark,0.08918400191722466,0.022808362239764644,7.820289855072462,6760.619107439071,1.6021871940233234,0.7844285500399459,female
265,15V,dark,0.21654519034162703,0.05085923679555219,8.515471485036704,18545.846184772956,1.5989132881425185,0.8233909325576819,female
266,15V,dark,0.15210386656557998,0.04451260137385991,6.834193548387097,14493.0269891012,1.5395425321322387,0.7789046150865803,female
267,15V,dark,0.2497702575412962,0.053673581914673654,9.30700909577314,19753.312247214068,1.5385604131673492,0.9004312815370078,male
268,15V,dark,0.0765990075125784,0.022687067796999565,6.7526582278481015,7442.638197055995,1.3552123055647076,0.7316028842181983,male
269,15V,dark,0.17355463275667976,0.0592879132492476,5.854021317829457,16212.557669228956,1.2740924771863238,0.6802736669239743,male
270,15V,dark,0.08427893237025831,0.01975591781662831,8.532018927444794,7117.177747125687,1.4427352337395052,0.800242674352868,female
271,15V,dark,0.045389930388035016,0.009965079146277023,9.109798270893371,5613.91317085382,1.5687606926721172,0.8068424663833734,female
272,15V,dark,0.06131682633767547,0.018953752843062926,6.470151515151514,8777.465542889626,1.5731973569839708,0.7689714373457763,female
273,15V,dark,0.23244049670319572,0.06807556229466769,6.830168776371309,21095.471520355368,1.6661432201327253,0.7979153988079746,male
274,15V,dark,0.05902514531210513,0.016799917292714867,7.026837606837606,5609.897118932325,1.574924236117775,0.8250852738018347,male
275,15V,dark,0.06442409309164426,0.01869529257702116,6.892012288786484,6395.496292612929,1.3213769194234852,0.7327326383521086,male
276,15V,dark,0.07108518850368736,0.016455303604659178,8.639790575916232,6771.425629950085,1.4037893448856331,0.7705599381182048,female
277,15V,dark,0.08427240563328509,0.02217014726491603,7.602331606217617,7210.795014905381,1.5071595176937558,0.8400731865589546,female
278,15V,dark,0.1963781101385347,0.04112390010797896,9.550558659217877,16552.730171294457,1.7959542695855901,0.9000049905300258,female
279,15V,dark,0.09564609322948975,0.026047051255542537,7.344101433296583,8479.457350980636,1.7197464130845206,0.8384950684002868,male
280,15V,dark,0.12941392698784662,0.029794725113148162,8.683606557377049,11064.191722030364,1.7532296320342158,0.8715573566157406,male
281,15V,dark,0.07246077147517632,0.021222459622762882,6.828687415426252,6135.754788330636,1.282081039750051,0.7577489182725566,male
282,15V,dark,0.028390424334321224,0.007035862797803662,8.070204081632653,4335.306629337377,1.3281809786798136,0.7497624203441927,female
283,15V,dark,0.09111011556045673,0.02917729225538172,6.245275590551182,9436.352431964342,1.4669318549596229,0.7565860523938938,female
284,15V,dark,0.20575591012475017,0.05041411078181359,8.16074074074074,18260.213990642198,1.8049010376932373,0.878201029351262,female
285,15V,dark,0.12596348243618904,0.040750568612585296,6.182170542635659,11764.601688634217,1.4449384160677758,0.7505309312626753,male
286,15V,dark,0.23104481126657017,0.07480988811542262,6.176852207293666,21574.888957385978,1.63097574965548,0.758705391836561,male
287,15V,dark,0.05942719461483677,0.016139407723941464,7.36423487544484,5172.41742440329,1.2870382666570777,0.7793280150633635,male
288,15V,dark,0.039514267006685505,0.010395846256346635,7.601933701657459,6171.444129404946,1.399996624363452,0.7674694710518787,female
289,15V,dark,0.2551907436763388,0.07012888551933283,7.277764127764128,22355.38999270034,1.7505553496691224,0.7926914098581039,female
290,15V,dark,0.17785225262480758,0.05048590530015853,7.045620022753129,15298.742720091434,1.5883986769215825,0.8022470100032992,female
291,15V,dark,0.049786626691478854,0.01599581868725159,6.224955116696589,4638.830574592788,1.6002763417636339,0.7833151332139883,male
292,15V,dark,0.10421692282950812,0.02619064029223241,7.958333333333333,8588.160743733908,1.5503753496343562,0.8609201816018489,male
293,15V,dark,0.06346204654582213,0.016412226893652217,7.729947460595447,5665.282174981968,1.3641669224329303,0.7711670849725328,male
294,15V,dark,0.08132595860040893,0.02007374732924392,8.102718168812592,7483.676842452108,1.3557325486796168,0.7806309402109944,female
295,15V,dark,0.05089800583545845,0.013396857123164933,7.593562231759656,4945.643117909655,1.594794371136544,0.7952461059104421,female
296,15V,dark,0.1796140901049923,0.04678130815355986,7.678882750153468,15941.437676359134,1.6155317919827437,0.8253190026592881,female
297,15V,dark,0.12729311691593723,0.035064442759666414,7.26052416052416,11045.930234193098,1.556757527213716,0.8273815738816521,male
298,15V,dark,0.38994618282904864,0.09755439152709813,7.994436267294671,31325.451734322858,1.7651818335721425,0.8666455672540416,male
299,15V,dark,0.06043518965239966,0.021366048659452755,5.657123655913978,8523.045673796365,1.333643517706712,0.6770002733272457,male
300,15V,dark,0.03922278126220507,0.010855331173754222,7.226455026455027,4423.029749524855,1.455324649826685,0.7711599607423525,female
301,15V,dark,0.16733866335837527,0.048288993038803504,6.928673408685307,16874.727916968306,1.518529558556458,0.7927298163023128,female
302,15V,dark,0.15368478185953546,0.047355664300319344,6.4906610066707096,15005.962769031958,1.4961892115781925,0.7929535345540085,female
303,15V,dark,0.046360592276058536,0.014617363935028833,6.343222003929273,4926.943836983585,1.5073685844696199,0.7404351133212544,male
304,15V,dark,0.05338066027982631,0.019011188457738876,5.615709969788519,6133.026391209406,1.2688800751006584,0.7019197331643063,male
305,15V,dark,0.03856227169343166,0.01292301330208836,5.967999999999999,4573.511767848675,1.282662365306475,0.7028259559765663,male
306,15V,dark,0.07022509017391504,0.024266547200588143,5.7878106508875735,7552.157042413042,1.3075202094472769,0.722430079766265,female
307,15V,dark,0.14313673122429757,0.036055207112826525,7.941673306772908,14107.437213805824,1.5032278583258794,0.818138432825245,female
308,15V,dark,0.0,0.0,,205.19608800531017,,,female
309,15V,dark,0.0008701495623406162,0.0008040986054632757,2.164285714285714,4570.086730886099,0.5765958505780473,0.5193480355687718,male
310,15V,dark,0.09020550462931054,0.027482941622441245,6.564472309299895,8392.85824293233,1.3893244390183508,0.7340974802589506,male
311,15V,dark,0.061167493739518,0.022442966434626784,5.4521126760563385,7263.427353824594,1.1012562960089576,0.6478996511194675,male
312,3V,dark,0.0006680496466368974,0.0002344033847848763,5.7,485.0243389725741,0.7051751584617976,0.5710587773698186,female
313,3V,dark,0.031895420829229845,0.009963327291469475,6.402564102564103,4515.351515166956,1.1656319101904686,0.6780810061751037,female
314,3V,dark,0.0,0.0,,2780.806344094358,,,female
315,3V,dark,0.0,0.0,,1029.6012610186904,,,male
316,3V,dark,0.09991939923691132,0.02718200061057313,7.35187969924812,11198.639414647236,1.2790214609516681,0.7270565065224132,male
317,3V,dark,0.04129671427348822,0.014382957089993114,5.7424511545293075,7444.263572914141,1.1398087022851087,0.6406460448210463,male
318,3V,dark,0.06004054307797836,0.01810004457950288,6.634745762711864,8483.266856871052,1.3683191706925917,0.6876443127787246,female
319,3V,dark,0.10308339432677925,0.029442909495945052,7.00078125,13503.833303716932,1.5906047386758675,0.7508551833072036,female
320,3V,dark,0.19828170924711735,0.0606741085057436,6.535957894736843,18889.703818884973,1.3647901629793413,0.7375853908765337,female
321,3V,dark,0.03489080576493445,0.008698751135244502,8.026470588235295,5789.818310207406,1.16440614056156,0.7043814664639195,male
322,3V,dark,0.07849185881198818,0.023720383051613867,6.618965517241379,10100.385884102543,1.4240367942753775,0.710957912336697,male
323,3V,dark,0.06145967854218639,0.021280645214856595,5.776110444177671,9842.017102015296,1.1827143715181574,0.6700963759928752,male
324,3V,dark,0.03668931407600997,0.011138488972001773,6.587844036697248,6220.149545805722,1.2992095725456823,0.7138174112965234,female
325,3V,dark,0.0094894305702983,0.0030911861596610423,6.139669421487602,4176.598490952354,1.297396769731423,0.7158425956265686,female
326,3V,dark,0.17787732589404895,0.04657216833935603,7.63878222709819,18155.654914948616,1.4546171143768507,0.778069831849763,female
327,3V,dark,0.19344438611214362,0.04342988819358489,8.90835294117647,17655.512035003743,1.646651711646897,0.8415685159193028,male
328,3V,dark,0.1138808309414961,0.029302401034142278,7.7727986050566695,10921.91783544108,1.4557622008588331,0.8080530893186596,male
329,3V,dark,0.009248011485928078,0.002644113781197668,6.998058252427185,2748.8794211393392,1.0521716961424294,0.6804246700144083,male
330,3V,dark,0.05354266539442641,0.016656639471892557,6.428987730061349,6304.299935620729,1.3045427742911024,0.7242148085585155,female
331,3V,dark,0.13926432324099372,0.03743911832217568,7.440750853242322,13267.260050129858,1.5751459667098986,0.8477495366688527,female
332,3V,dark,0.21144862946769008,0.05511763751627024,7.67185906351414,20668.785587787497,1.5937300186232788,0.8469209672069646,female
333,3V,dark,0.21242069255343474,0.049280149603191326,8.620943494038361,20048.972237531212,1.5263758790179558,0.8843341154720981,male
334,3V,dark,0.1310177538828236,0.040121552592955925,6.529745222929937,13670.590281455567,1.619771683783508,0.7659517910716118,male
335,3V,dark,0.09489302835333024,0.027616299492508982,6.872247918593894,10955.373647639748,1.3157027109328134,0.7347025445835901,male
336,3V,dark,0.07058378711179747,0.01566030674274561,9.014355628058729,7364.424796287666,1.3927819029228863,0.8159974828157688,female
337,3V,dark,0.23227326085651404,0.06262845347445492,7.41656466748266,21272.621880976574,1.5704017462361857,0.8235201425214368,female
338,3V,dark,0.22588140319414055,0.06296056438417057,7.174512987012987,21544.276750045094,1.5788256420406643,0.8112837676341575,female
339,3V,dark,0.2364208151790014,0.04963780750596203,9.525836335563563,21455.624591885975,1.5893794873336864,0.9079487793852861,male
340,3V,dark,0.048374508699389814,0.01041039966993285,9.287223587223588,6241.552675096071,1.567854980802682,0.8189942441978275,male
341,3V,dark,0.021447978019367174,0.006054637354046835,7.084810126582279,2255.7758155794904,1.2388900200416386,0.7273911055875543,male
342,3V,dark,0.11527314206299633,0.030362601245926848,7.59587542087542,11638.395988256796,1.4766107776137147,0.7873531872104335,female
343,3V,dark,0.15503959145248705,0.03833326307910243,8.089333333333334,14904.18156782317,1.580554718687007,0.8600152667960489,female
344,3V,dark,0.14686072162591282,0.03594461922845526,8.171499644633972,14411.621782913551,1.6035667033169196,0.8393659927596567,female
345,3V,dark,0.12283760670659662,0.039444557276997104,6.228367875647669,14237.360190827967,1.6467502134840122,0.745033023521877,male
346,3V,dark,0.1250780779975245,0.03402859474932651,7.351351351351352,11822.398542670444,1.426794755592077,0.7816391706579523,male
347,3V,dark,0.0447097925456429,0.010883019041451272,8.21643192488263,5545.146732529717,1.2293651612253749,0.7433972940195837,male
348,3V,dark,0.09994877827892462,0.025700275013380236,7.778031809145129,10689.313983001985,1.3944863474713365,0.7736366833550092,female
349,3V,dark,0.0818282961049777,0.022660182839829294,7.222209695603157,8710.511620049494,1.454402331402541,0.7913877649149416,female
350,3V,dark,0.19323873281805048,0.058885818991890104,6.563167028199566,19384.725973884833,1.6363627209795735,0.8011812336552652,female
351,3V,dark,0.17404527693579147,0.04754295407544793,7.321601289629232,18490.88605430832,1.4341135027579341,0.7928976464745897,male
352,3V,dark,0.04922266886881747,0.012875684499745167,7.645833333333333,5252.584322854504,1.2713050220346829,0.7306229535480459,male
353,3V,dark,0.00929016402446891,0.0024780583263398436,7.497938144329898,2012.2965325646899,1.0633898187052577,0.7069516931716011,male
354,3V,dark,0.04420651678245841,0.012313650652534069,7.1800829875518675,8415.079522480662,1.5730978953690808,0.7406700686468217,female
355,3V,dark,0.1190144991959084,0.030017716839683677,7.929617021276595,12770.359201437886,1.491989558584904,0.8163726974165344,female
356,3V,dark,0.28192000981004534,0.07027977789444237,8.02279171210469,25120.311769407534,1.444026483792222,0.7911835183538108,female
357,3V,dark,0.09148122743082833,0.023720383051613867,7.714439655172414,8051.572194003747,1.4829696677152602,0.8377455313828243,male
358,3V,dark,0.013447937144178287,0.005696979451276136,4.721076233183856,4293.494835392108,0.9888962914981893,0.5940627231183644,male
359,3V,dark,0.027187110009184143,0.009324652465093227,5.831232876712329,5354.045852410915,0.999533415439256,0.6388051950660725,male
360,3V,dark,0.10593188405241732,0.025470352075884786,8.318054162487464,11211.940214738868,1.370305627312907,0.7131854968703639,female
361,3V,dark,0.09242518882421241,0.02244303339886137,8.23382687927107,10092.981821412122,1.6330313857208223,0.8625094558750372,female
362,3V,dark,0.0,0.0,,564.2115817678493,,,female
363,3V,dark,0.0,0.0,,1679.0181090699577,,,male
364,3V,dark,0.19992821294951532,0.05350817695380209,7.473352435530085,18679.984340588526,1.6078388486228012,0.8367369382032289,male
365,3V,dark,0.057158842261368734,0.015353742826085011,7.445590682196338,6648.317005794822,1.3687912022233464,0.7560328360395765,male
366,15V,dark,0.050252788173828215,0.019557081351830485,5.139088729016787,4297.612250687976,1.007660103891612,0.630473324082625,female
367,15V,dark,0.0,0.0,,556.4040081369773,,,female
368,15V,dark,0.0,0.0,,1497.7955138484433,,,female
369,15V,dark,0.0,0.0,,897.465478370163,,,male
370,15V,dark,0.13328697402786918,0.03730087586328075,7.144728434504793,11511.299517316094,1.5274519173353274,0.783426576675514,male
371,15V,dark,0.04447664116408514,0.014384289853863953,6.184057971014493,4948.029495103329,1.1361577406197652,0.6681889423431682,male
372,15V,dark,0.057593743578442026,0.01959598907627843,5.878115501519757,10113.392406272573,1.3625793005446112,0.679459238842407,female
373,15V,dark,0.11131593916309045,0.025790465866348204,8.632332563510394,12649.765069798892,1.3384222048663212,0.7423220736603002,female
374,15V,dark,0.16910326014122215,0.04449302079021272,7.601338688085677,14662.595624396254,1.4753223043908426,0.8107286890149284,female
375,15V,dark,0.16580499906189414,0.049645157735799604,6.679604079184163,15450.382388810285,1.347588721904859,0.7251645766174498,male
376,15V,dark,0.07087315319715412,0.01977467590676121,7.168072289156627,7381.564504945191,1.329571576877446,0.7637140310432531,male
377,15V,dark,0.05640845426957291,0.014533195545932938,7.762704918032787,5229.9800722649015,1.1837600379959596,0.7361325758147784,male
378,15V,dark,0.07163406128362662,0.018553649231795533,7.721829855537722,7466.572893884881,1.3236345405565904,0.7599343351122413,female
379,15V,dark,0.0836105460967351,0.02133818567348555,7.83268156424581,9361.572737657278,1.510683962004905,0.8031166025646391,female
380,15V,dark,0.09406223662305715,0.026743462295589708,7.034409799554565,9005.553803859044,1.5343676905857944,0.791685912427588,female
381,15V,dark,0.0,0.0,,777.6514707715905,,,male
382,15V,dark,0.08896221666969442,0.023378193654830647,7.610700636942675,8004.486769781977,1.5271770759012104,0.8137774738766562,male
383,15V,dark,0.06955980499310567,0.02275278974814091,6.114397905759163,7766.161457867247,1.1936014198264164,0.6792775174344072,male
384,15V,dark,0.06939749778875047,0.020012925014071585,6.935267857142857,6522.990156797238,1.2947826775253144,0.7246288113469368,female
385,15V,dark,0.0,0.0,,741.3331002195989,,,female
386,15V,dark,0.033998147613190664,0.012240047888070569,5.555231143552312,4842.925058471096,1.2433990974232203,0.6625507833850599,female
387,15V,dark,0.1864701310072279,0.048230553661144246,7.733600988264361,15298.091337717971,1.3566482429878977,0.7681969152171213,male
388,15V,dark,0.06914733622607458,0.015084146606588182,9.16818181818182,6636.873747112167,1.3593940170834495,0.779083141653383,male
389,15V,dark,0.09732922750705068,0.022097604703037375,8.809029649595688,8130.062882146633,1.3236639973984263,0.7734819255964942,male
390,15V,dark,0.08355694004759026,0.02424184666883076,6.893611793611793,9867.410813093711,1.2311540125824825,0.6905678687844551,female
391,15V,dark,0.08837106107218054,0.025730903589520612,6.86886574074074,10184.505284648621,1.3986092691245011,0.7227114989616674,female
392,15V,dark,0.08411235827900758,0.02842609661596924,5.915513626834382,9968.289696749487,1.4962855386526155,0.7128716456970515,female
393,15V,dark,0.05869564569975252,0.019447083384209442,6.036447166921899,6399.361093669364,1.3372579722003295,0.6991663957223587,male
394,15V,dark,0.05947144435543193,0.015873346774553803,7.493245778611632,5762.255310056732,1.4453345946495415,0.766391775627332,male
395,15V,dark,0.12197311954446771,0.02993004410586599,8.150547263681593,10892.877710216013,1.2742619032676386,0.7407242463530003,male
396,15V,dark,0.04821417403501666,0.013029248056036188,7.393363844393593,5935.247065910107,1.156895791639072,0.6970053345542129,female
397,15V,dark,0.04843902163004083,0.014756554084036415,6.558585858585858,5623.744516987136,1.4320308351116762,0.7202299880337699,female
398,15V,dark,0.2581846013645718,0.06833282209045723,7.556756756756757,20019.50329187685,1.6177097075114089,0.8635035430996769,female
399,15V,dark,0.1913244565686768,0.05356137743721391,7.14432703003337,17798.936932555443,1.5984957058656537,0.7882977946711557,male
400,15V,dark,0.077374375712886,0.021501981934761435,7.1969529085872574,7021.812165133178,1.4175406282985263,0.7706023447552675,male
401,15V,dark,0.1944365855329186,0.05819234446055935,6.682548618219038,16560.194053077597,1.2092606772440555,0.706344815998542,male
402,15V,dark,0.14688057465684684,0.039370664983039635,7.46142208774584,12551.425411702152,1.3312116327322374,0.7451660382738884,female
403,15V,dark,0.10132585628218224,0.026266964080968958,7.715079365079365,11296.244653669846,1.4270180612013963,0.7590986967739534,female
404,15V,dark,0.05044031413144799,0.012746327241105117,7.914485981308411,6626.6940647094825,1.4522297077843913,0.768868743331102,female
405,15V,dark,0.04925651387949956,0.013609980255105231,7.238293216630197,5765.909752842703,1.2574885525353277,0.7356777948694502,male
406,15V,dark,0.10632164225109669,0.027339085063865648,7.7779956427015255,9051.977549503586,1.413683067211562,0.7774446556394099,male
407,15V,dark,0.04177847002379513,0.009723541692104721,8.585582822085888,3663.632924462398,1.1724911687362964,0.739932424062991,male
408,15V,dark,0.014729751059463999,0.0037970951477591178,7.755905511811023,4809.005357659535,1.119101206143356,0.6790646490928683,female
409,15V,dark,0.0026192511234934468,0.0008934341524139101,5.863333333333332,4147.26786490536,1.0286468183204398,0.6377600551190478,female
410,15V,dark,0.1143759511351081,0.03109150850400407,7.357375478927203,9893.000593079792,1.5089306147211285,0.7959302305947425,female
411,15V,dark,0.1676424953020254,0.03131486704210755,10.706565176022835,12778.265431960603,1.6559328417623975,0.8866265842059758,male
412,15V,dark,0.19690395285050166,0.05094063725679977,7.729181286549708,16971.948493726202,1.4239361057799704,0.775154898940665,male
413,15V,dark,0.07243517390695776,0.020906359166485495,6.92948717948718,6554.5294015333075,1.214194207161061,0.6977947457349734,male
414,15V,dark,0.02128606868126141,0.005837103129104212,7.293367346938775,3815.8416787665747,1.108217434229852,0.6657191402981926,female
415,15V,dark,0.0,0.0,,2113.1140797206817,,,female
416,15V,dark,0.0,0.0,,651.5645189429185,,,female
417,15V,dark,0.0,0.0,,3642.3447187225674,,,male
418,15V,dark,0.06268334013335994,0.012403844149346453,10.116346153846154,5495.902041634027,1.4203765116729292,0.8222631587009379,male
419,15V,dark,0.06030233811717687,0.021204170550623465,5.6877808988764045,7156.42226112332,1.1675293200307493,0.658019475250406,male
420,3V,light,0.07350046357404168,0.018497289347844954,7.947160493827162,4900.0786320368525,1.2056112509087842,0.7461066401117085,female
421,3V,light,0.4092421364722311,0.0798793212602487,10.246510110893672,18027.75061290406,1.6871676358693795,0.9503025015257501,female
422,3V,light,0.07350046357404168,0.018497289347844954,7.947160493827162,4900.0786320368525,1.2056112509087842,0.7461066401117085,female
423,3V,light,0.07350046357404168,0.018497289347844954,7.947160493827162,4900.0786320368525,1.2056112509087842,0.7461066401117085,female
424,3V,light,0.07350046357404168,0.018497289347844954,7.947160493827162,4900.0786320368525,1.2056112509087842,0.7461066401117085,female
425,3V,light,0.07350046357404168,0.018497289347844954,7.947160493827162,4900.0786320368525,1.2056112509087842,0.7461066401117085,female
426,3V,light,0.4092421364722311,0.0798793212602487,10.246510110893672,18027.75061290406,1.6871676358693795,0.9503025015257501,female
427,3V,light,0.11845118529345099,0.026886973105210914,8.811046511627907,5588.113174792969,1.373459118904321,0.8208452414422438,female
428,3V,light,0.27121191989140997,0.05593636749698433,9.69897483690587,11746.66446194235,1.4891887461958855,0.8310555947945485,male
429,3V,light,0.21338408510039628,0.059740144699853316,7.139616055846423,9427.510007583407,1.6174141851197743,0.7960378989614203,male
430,3V,light,0.26068900473908957,0.04871961211893838,10.701604278074866,12155.936116054476,1.3325686555342635,0.7946462446907584,male
431,3V,light,0.17127679253000685,0.04105995117617481,8.342766497461929,8454.382965989418,1.4777852649872911,0.8016761089725095,female
432,3V,light,0.2983959002576668,0.07448629467809884,8.013995801259622,12751.006615406826,1.584951235782919,0.8694092281039945,female
433,3V,light,0.2575131113073791,0.06773849813328331,7.603153846153846,11594.376775557821,1.7106557052441236,0.8927349433017373,female
434,3V,light,0.36771062113597464,0.08873743255460113,8.28761009982384,15696.490121723304,1.568717360742907,0.8089744207959403,male
435,3V,light,0.1319024878266103,0.026313801197929285,10.025346534653465,6585.531537406447,1.530424575961797,0.8324326419595973,male
436,3V,light,0.18246146070255242,0.04376949110150614,8.337380952380952,8175.249352605506,1.2680856258289042,0.7743947442536727,male
437,3V,light,0.07245674506095162,0.016517772237116007,8.773186119873818,4358.907986114089,1.3453144452937351,0.8198759042005279,female
438,3V,light,0.31473651026889576,0.06466421244877275,9.734488315874295,14702.614532456424,1.6867832298033412,0.9169999285106764,female
439,3V,light,0.26746806520612043,0.08079118565819675,6.6174193548387095,11837.26011182535,1.5246894456279523,0.7681344462371049,female
440,3V,light,0.11987629908110121,0.031837094122643156,7.530605564648119,6261.907685676718,1.629581113900565,0.7956745943468317,male
441,3V,light,0.3012148639107519,0.08472522920362974,7.110393603936039,13192.084209971015,1.4929946435571395,0.786266547073752,male
442,3V,light,0.24834236079087302,0.05512871617308749,9.009546313799623,11215.304132196294,1.2162973455751054,0.7613671989349501,male
443,3V,light,0.13438275898902896,0.03660484226048579,7.345726495726497,6163.835302757327,1.5379288877964215,0.7589117457537672,female
444,3V,light,0.3051984086663592,0.08524629457388576,7.16039119804401,13383.561423094166,1.6335019251769023,0.8024220126148556,female
445,3V,light,0.18295907813114695,0.058880386838930876,6.214601769911504,8350.989724500021,1.560556806304822,0.7873202924660564,female
446,3V,light,0.24500493709438317,0.061694139838313414,7.9425675675675675,10920.685003307057,1.732705822695343,0.8264740469299866,male
447,3V,light,0.3365639386289207,0.06166808656980061,10.909551986475064,14716.856522357532,1.6193103542283045,0.8704208762290413,male
448,3V,light,0.19905478741835558,0.05221075009965375,7.6250499001996,8906.251453782039,1.3057612533222216,0.7741744275798723,male
449,3V,light,0.0947479216005044,0.02209317169885548,8.577122641509433,4885.448082269048,1.2422196900168876,0.7612429530207694,female
450,3V,light,0.0,0.0,,258.656619573669,,,female
451,3V,light,0.0,0.0,,329.9440767422449,,,female
452,3V,light,0.33507890232369103,0.0717507014842547,9.340087145969498,14679.799915703587,1.611045692322082,0.8781890195440346,male
453,3V,light,0.1599696739954511,0.04350895841637813,7.353413173652695,7330.5010134512995,1.5235649622903806,0.7857669418218134,male
454,3V,light,0.28201621034366864,0.07419970872445802,7.601544943820223,12364.585598804108,1.2198766175242106,0.7435911006798679,male
455,3V,light,0.20992421104189626,0.04121627078725161,10.186472819216183,9378.93679299497,1.3266837364623463,0.8210878755163453,female
456,3V,light,0.3569193573179723,0.07070857074374265,10.095504789977891,15551.350134047894,1.6812947216859957,0.909945134138112,female
457,3V,light,0.13727988244765246,0.03855883739894588,7.12054054054054,6433.7775988869325,1.5334229898256728,0.8243359349159264,female
458,3V,light,0.1560512624111258,0.034859273270128104,8.95321375186846,7608.41788606651,1.4660239272993172,0.827850348542228,male
459,3V,light,0.11794835721115393,0.032670798715052796,7.2204146730462515,5583.1540979227675,1.387168153728301,0.7865884653511203,male
460,3V,light,0.35281336220035486,0.10009665762618249,7.0494534096824575,15334.514909453836,1.2912292297309103,0.7399843425713669,male
461,3V,light,0.039115014889297875,0.009794551385850033,7.987096774193549,851.7736970722887,1.177191242407964,0.7417327034435582,female
462,3V,light,0.07350046357404168,0.018497289347844954,7.947160493827162,4900.0786320368525,1.2056112509087842,0.7461066401117085,female
463,3V,light,0.4092421364722311,0.0798793212602487,10.246510110893672,18027.75061290406,1.6871676358693795,0.9503025015257501,female
464,3V,light,0.11845118529345099,0.026886973105210914,8.811046511627907,5588.113174792969,1.373459118904321,0.8208452414422438,female
465,3V,light,0.27121191989140997,0.05593636749698433,9.69897483690587,11746.66446194235,1.4891887461958855,0.8310555947945485,male
466,3V,light,0.21338408510039628,0.059740144699853316,7.139616055846423,9427.510007583407,1.6174141851197743,0.7960378989614203,male
467,3V,light,0.26068900473908957,0.04871961211893838,10.701604278074866,12155.936116054476,1.3325686555342635,0.7946462446907584,male
468,3V,light,0.17127679253000685,0.04105995117617481,8.342766497461929,8454.382965989418,1.4777852649872911,0.8016761089725095,female
469,3V,light,0.2983959002576668,0.07448629467809884,8.013995801259622,12751.006615406826,1.584951235782919,0.8694092281039945,female
470,3V,light,0.2575131113073791,0.06773849813328331,7.603153846153846,11594.376775557821,1.7106557052441236,0.8927349433017373,female
471,3V,light,0.36771062113597464,0.08873743255460113,8.28761009982384,15696.490121723304,1.568717360742907,0.8089744207959403,male
472,3V,light,0.1319024878266103,0.026313801197929285,10.025346534653465,6585.531537406447,1.530424575961797,0.8324326419595973,male
473,3V,light,0.18246146070255242,0.04376949110150614,8.337380952380952,8175.249352605506,1.2680856258289042,0.7743947442536727,male
474,3V,light,0.07245674506095162,0.016517772237116007,8.773186119873818,4358.907986114089,1.3453144452937351,0.8198759042005279,female
475,3V,light,0.31473651026889576,0.06466421244877275,9.734488315874295,14702.614532456424,1.6867832298033412,0.9169999285106764,female
476,3V,light,0.26746806520612043,0.08079118565819675,6.6174193548387095,11837.26011182535,1.5246894456279523,0.7681344462371049,female
477,3V,light,0.11987629908110121,0.031837094122643156,7.530605564648119,6261.907685676718,1.629581113900565,0.7956745943468317,male
478,3V,light,0.3012148639107519,0.08472522920362974,7.110393603936039,13192.084209971015,1.4929946435571395,0.786266547073752,male
479,3V,light,0.24834236079087302,0.05512871617308749,9.009546313799623,11215.304132196294,1.2162973455751054,0.7613671989349501,male
480,3V,light,0.13438275898902896,0.03660484226048579,7.345726495726497,6163.835302757327,1.5379288877964215,0.7589117457537672,female
481,3V,light,0.3051984086663592,0.08524629457388576,7.16039119804401,13383.561423094166,1.6335019251769023,0.8024220126148556,female
482,3V,light,0.18295907813114695,0.058880386838930876,6.214601769911504,8350.989724500021,1.560556806304822,0.7873202924660564,female
483,3V,light,0.24500493709438317,0.061694139838313414,7.9425675675675675,10920.685003307057,1.732705822695343,0.8264740469299866,male
484,3V,light,0.3365639386289207,0.06166808656980061,10.909551986475064,14716.856522357532,1.6193103542283045,0.8704208762290413,male
485,3V,light,0.19905478741835558,0.05221075009965375,7.6250499001996,8906.251453782039,1.3057612533222216,0.7741744275798723,male
486,3V,light,0.0947479216005044,0.02209317169885548,8.577122641509433,4885.448082269048,1.2422196900168876,0.7612429530207694,female
487,3V,light,0.0,0.0,,258.656619573669,,,female
488,3V,light,0.0,0.0,,329.9440767422449,,,female
489,3V,light,0.33507890232369103,0.0717507014842547,9.340087145969498,14679.799915703587,1.611045692322082,0.8781890195440346,male
490,3V,light,0.1599696739954511,0.04350895841637813,7.353413173652695,7330.5010134512995,1.5235649622903806,0.7857669418218134,male
491,3V,light,0.28201621034366864,0.07419970872445802,7.601544943820223,12364.585598804108,1.2198766175242106,0.7435911006798679,male
492,3V,light,0.20992421104189626,0.04121627078725161,10.186472819216183,9378.93679299497,1.3266837364623463,0.8210878755163453,female
493,3V,light,0.3569193573179723,0.07070857074374265,10.095504789977891,15551.350134047894,1.6812947216859957,0.909945134138112,female
494,3V,light,0.13727988244765246,0.03855883739894588,7.12054054054054,6433.7775988869325,1.5334229898256728,0.8243359349159264,female
495,3V,light,0.1560512624111258,0.034859273270128104,8.95321375186846,7608.41788606651,1.4660239272993172,0.827850348542228,male
496,3V,light,0.11794835721115393,0.032670798715052796,7.2204146730462515,5583.1540979227675,1.387168153728301,0.7865884653511203,male
497,3V,light,0.35281336220035486,0.10009665762618249,7.0494534096824575,15334.514909453836,1.2912292297309103,0.7399843425713669,male
498,3V,light,0.039115014889297875,0.009794551385850033,7.987096774193549,851.7736970722887,1.177191242407964,0.7417327034435582,female
499,3V,light,0.4487362862107866,0.0798532679917359,11.23968668407311,19290.516088332995,1.7665964228950424,0.9617512818391432,female
500,3V,light,0.45297775832467063,0.09913268669120884,9.138170347003154,19363.015972659905,1.7084292229506333,0.9383135272186215,female
501,3V,light,0.23736090811272728,0.05492029002498508,8.643833017077798,12065.620870190034,1.2974898571683333,0.7547586099731485,male
502,3V,light,0.254936443051463,0.05450343772878026,9.35487571701721,10998.688817936425,1.4000618493872117,0.8324171784028425,male
503,3V,light,0.04292536520169138,0.010160774719992497,8.449230769230768,4260.33547887609,1.3001713407041682,0.7724453216843454,male
504,3V,light,0.06100372822272418,0.013860338848810277,8.802631578947368,3794.2126802904845,1.2652094605108033,0.7931790811405001,female
505,3V,light,0.5468893700059141,0.10663602802289561,10.255816226783969,23023.231429006235,1.7088079710439528,0.9639092127167261,female
506,3V,light,0.07476506465118582,0.02063418866213861,7.2467171717171714,3952.4511165034723,1.5124593998560665,0.8043347005128453,female
507,3V,light,0.4371165284540772,0.10267593120894981,8.516142131979695,18699.672415978235,1.6255560506507496,0.884990530104493,male
508,3V,light,0.33095988057181713,0.07034382498456343,9.409777777777778,14047.065513482377,1.4516545013017819,0.8706147569139081,male
509,3V,light,0.25869332437100895,0.05755167014477801,8.993478260869564,11364.096694759526,1.3861725668379188,0.8194607987638624,male
510,3V,light,0.22915673385804616,0.05085598013698808,9.011987704918033,10583.076106546814,1.3245542713417924,0.8204946368501789,female
511,3V,light,0.3455835801880525,0.06586266280036161,10.494066455696203,14562.657847939687,1.621252615433755,0.929785883678331,female
512,3V,light,0.15160918012969318,0.037204067436280214,8.150140056022408,6714.180883565643,1.5966811715656062,0.8553203971353368,female
513,3V,light,0.2724129755698501,0.06442973303215754,8.456229773462782,11852.371117706463,1.6487982794177067,0.882324472993142,male
514,3V,light,0.08239346167173403,0.021988958624804274,7.4940758293838865,3769.2307013439604,1.5207276075513074,0.7935890414801191,male
515,3V,light,0.23229615271383872,0.05210653702560254,8.9162,10468.546673039495,1.3951201205276178,0.8132460738894227,male
516,15V,light,0.06071733795227802,0.022896681580739365,5.303592814371258,4677.11896761598,1.1021408698146646,0.6392073323655206,female
517,15V,light,0.10474280519918658,0.03101893935844212,6.753474320241691,2779.922868040043,1.2999144030868057,0.7553983623428492,female
518,15V,light,0.07531698357214481,0.03383032359032509,4.4526315789473685,4869.561326656658,1.3587144976493162,0.6437689051948995,female
519,15V,light,0.4555051588900655,0.10720745204247065,8.49763986013986,10696.915796907042,1.497153490497394,0.7943826941282409,male
520,15V,light,0.03340861595554264,0.006747322156519132,9.902777777777779,1022.2886608034626,1.4587716876739798,0.7797512441713182,male
521,15V,light,0.048805630265488384,0.011151824119802454,8.752941176470586,1775.1479671688683,1.2237205287413453,0.7401315022414496,male
522,15V,light,0.030798714260277953,0.009933557619319832,6.200943396226415,1977.5721381047279,1.2571981440552311,0.7081361433794576,female
523,15V,light,0.007773477401156416,0.0018742561545886478,8.295,1157.496990271429,0.997041207380724,0.6598416346547028,female
524,15V,light,0.13766411455453617,0.048543234403845975,5.671814671814672,3914.4879044100526,1.2364700295868778,0.7040040023881738,female
525,15V,light,0.08746684909426572,0.020523104892745694,8.523744292237442,2981.769364892045,1.312278578265286,0.7113958924236188,male
526,15V,light,0.0658098192279939,0.013869495543955992,9.489864864864865,1815.2326203883938,1.4013015131947544,0.8347956916772561,male
527,15V,light,0.05939517753891424,0.01799285908405102,6.602083333333333,1894.2599784448323,1.038049467902417,0.6818369600772047,male
528,15V,light,0.028333123458344753,0.008592528944230042,6.594827586206898,858.1436000486397,1.0974039498297088,0.6691009494356189,female
529,15V,light,0.18939358442118284,0.05622768463765943,6.736666666666666,4707.7402693265685,1.8808867871947874,0.766167907533681,female
530,15V,light,0.21917082907720997,0.04015593811206178,10.926401869158878,5894.867298483787,1.674985133404462,0.9582021161035464,female
531,15V,light,0.2137870282731541,0.041561630228003264,10.288713318284424,6201.2796908128075,1.6164575062026556,0.8598425565092267,male
532,15V,light,0.02465583971361366,0.006653609348789699,7.411267605633803,1128.1600824247546,1.4165820581408926,0.7560535316035428,male
533,15V,light,0.03811299890356015,0.010027270427049265,7.601869158878506,1287.0331116943473,1.1601695259234153,0.6861465933142636,male
534,15V,light,0.028404352022790954,0.007122173387436861,7.976315789473683,1110.0998806676425,1.0899697684710852,0.6827548579089016,female
535,15V,light,0.27770853442539994,0.09643047915358592,5.759766763848397,7747.747773178812,1.3654832652751465,0.6897523932004935,female
536,15V,light,0.17610042264476286,0.04474786569080396,7.858071278825996,4712.549576141011,1.3888506042275992,0.7375329310273537,female
537,15V,light,0.09786428511184624,0.023193919913034516,8.430769230769231,2855.4204754404795,1.3596012267447044,0.8189808735825413,male
538,15V,light,0.4112305428782952,0.10364636534875221,7.935262206148283,9589.182071320938,1.6243406856192186,0.7952027616376223,male
539,15V,light,0.031290706500857475,0.008949573138160792,7.016842105263157,1411.3201081915793,1.0227705213283247,0.6805672326694897,male
540,15V,light,0.06719676878238949,0.020007684450233813,6.730985915492958,2474.4791986360274,1.1525203418973482,0.7029765530211836,female
541,15V,light,0.2424162910344957,0.08481009099513631,5.716685082872929,6657.7008209717505,1.5552152559586119,0.7411119711673665,female
542,15V,light,0.22997123016802706,0.061616171082101795,7.468493150684931,5445.07929188543,1.5391940068175305,0.7971462010975308,female
543,15V,light,0.14473474589772184,0.04123363540095025,7.020227272727273,3617.7707053871313,1.5091658798753949,0.781460451857837,male
544,15V,light,0.25380239717362174,0.05261974154007629,9.640819964349376,5965.299510528828,1.4655707423231452,0.867498351637618,male
545,15V,light,0.09272882324827335,0.025489883702405607,7.275735294117647,2709.6009119765145,1.1765544725149681,0.7085787451683608,male
546,15V,light,0.05085794075476295,0.013307218697579398,7.643661971830986,1854.6514203706467,1.3171487844606558,0.7402845160070191,female
547,15V,light,0.29177951250597417,0.07839076366567019,7.442703349282297,6977.4240637130615,1.309051847070139,0.76276927791783,female
548,15V,light,0.31087349708084605,0.0763759382994874,8.140613496932517,7120.159375663675,1.412479938136174,0.8253049815659702,female
549,15V,light,0.3510856628775455,0.08902716734296076,7.887157894736842,8178.336211053249,1.3935056434899438,0.7825691413851833,male
550,15V,light,0.05283059535746751,0.01293236746666167,8.170289855072463,1416.4994743043883,1.3396638930435303,0.8000703090592529,male
551,15V,light,0.05062365873543937,0.012744941851202804,7.944117647058825,1695.427820514287,1.1006909609316666,0.6955045871078965,male
552,15V,light,0.001027768261404987,0.00037036694104684213,5.55,193.19092650367176,0.677001535751922,0.587662161619044,female
553,15V,light,0.3988417096964642,0.1281991209738635,6.222222222222222,10071.094519326683,1.5318612953600133,0.7702217891771568,female
554,15V,light,0.13299721672961043,0.028629262761341593,9.303934426229507,3407.1605879924714,1.4233402013642025,0.8451440809339673,female
555,15V,light,0.22474205549672474,0.05538426936809454,8.115736040609136,5228.603575260818,1.4120602009066785,0.7949354796827282,male
556,15V,light,0.05770834699978446,0.012885511062796952,8.974452554744525,1506.0980479257025,1.3610953768289824,0.7883863345553221,male
557,15V,light,0.24640377100338304,0.07131544668209805,6.910249671484889,5988.7160468832835,1.2234085366448395,0.7218867685415576,male
558,15V,light,0.05149518784732309,0.01293236746666167,7.963768115942029,1690.6459216219387,1.2262663213915879,0.7270654039798241,female
559,15V,light,0.24003598571816812,0.08204556316711806,5.851428571428571,6720.784518270526,1.2119475203549268,0.6822671642026559,female
560,15V,light,0.20900298943856657,0.07225257475939237,5.785343709468223,6109.56205525257,1.5380175957524105,0.7304249214186641,female
561,15V,light,0.2608074295513968,0.08120214789755316,6.4270207852193995,6432.740273383747,1.481871238919086,0.7608036038189562,male
562,15V,light,0.050782970508579404,0.012651229043473372,8.02814814814815,1578.312734906943,1.419220522602528,0.7710760661960401,male
563,15V,light,0.09884826959300527,0.03378346718646037,5.857777777777777,3418.5155303726633,0.9830549725533201,0.6502166826129863,male
564,15V,light,0.1581309917626442,0.04512271692172169,7.011850311850312,3742.5545345292144,1.2486163378021016,0.7402031164808326,female
565,15V,light,0.0838542203562961,0.015978033717868222,10.511764705882353,2022.4096722654874,1.5542327298205458,0.9028330060637658,female
566,15V,light,0.38904403564835205,0.09825787890430986,7.918893129770993,9396.523005506375,1.6834044932329708,0.9050067951232873,female
567,15V,light,0.5314734464759299,0.11376734858353091,9.34316309719934,12516.74760560913,1.7604912195605653,0.9271619718990936,male
568,15V,light,0.03389123691534922,0.007215886195166293,9.393506493506491,1135.4750053703694,1.577579449201155,0.9130335807250252,male
569,15V,light,0.015293930221443364,0.0037485123091772956,8.16,819.7372639346589,1.0570435471887956,0.7092440208659034,male
570,3V,light,0.14150591917140914,0.029339716662164807,9.646031746031746,3365.3379961684027,1.250334760398161,0.7788925657102663,female
571,3V,light,0.27069381444259194,0.05877257528198728,9.211568938193343,6464.0933998292485,1.8843082965845679,0.874924876108693,female
572,3V,light,0.08444715591032292,0.013039874072073248,12.952142857142857,2561.9279775578852,1.7194773389529405,0.8682649587526886,female
573,3V,light,0.3422594376088597,0.057282303959464625,11.94991869918699,8303.280787228605,1.751608128146214,0.9103685362776169,male
574,3V,light,0.2255246220765068,0.0400510417927964,11.26186046511628,6092.561820303013,1.6608630293175115,0.8689746517400333,male
575,3V,light,0.11096001415757756,0.027197451636038487,8.15958904109589,3005.812783398951,1.3094165582635098,0.7764904441401461,male
576,3V,light,0.2209513519555154,0.04135502920000373,10.685585585585587,5301.209032936509,1.4588397415400127,0.8565092137185673,female
577,3V,light,0.3595419278522396,0.07395471438018685,9.723299748110831,8972.61697704988,1.7508033381721329,0.9300662706198296,female
578,3V,light,0.42871845980458817,0.07921723498784498,10.822588235294116,10610.46420573232,1.6795614076687546,0.9233483247948308,female
579,3V,light,0.28288143960209755,0.050203515177482005,11.26938775510204,6842.850506307946,1.666147857731474,0.8700039365710399,male
580,3V,light,0.27460111956633104,0.059424568985590946,9.242006269592476,7011.004211827011,1.7015704449524276,0.9088160502010453,male
581,3V,light,0.37232100444287136,0.06603764797928523,11.276022566995769,8892.000765997856,1.4468818168343398,0.8413161162545737,male
582,3V,light,0.2531179270325904,0.05085550888108566,9.954395604395604,6316.08988210465,1.397724330062252,0.8437580501515003,female
583,3V,light,0.5186237344336503,0.10832409675586563,9.575408426483234,12030.81714446298,1.5440467673855438,0.8432715711933191,female
584,3V,light,0.5948045416018554,0.1290481823346963,9.221227436823106,13752.805727645547,1.6825888150475699,0.9076669065561597,female
585,3V,light,0.446285033018824,0.07940351890316032,11.245539906103287,11223.797157048331,1.7442671992476202,0.9601127635491611,male
586,3V,light,0.3904697148924676,0.08280320035766513,9.431271091113613,9786.312643834082,1.770837120037401,0.9249580021574862,male
587,3V,light,0.39280757802967503,0.08280320035766513,9.487739032620922,9319.02180996495,1.4840400360254726,0.873978675429319,male
588,3V,light,0.2819407058297551,0.045639559252256365,12.355102040816327,6712.470469305417,1.406368310829365,0.7959685927777315,female
589,3V,light,0.3741745294002589,0.07432728221081751,10.06829573934837,9606.266256561445,1.6460088586131518,0.9182929278057599,female
590,3V,light,0.3998444529307117,0.10189730167748666,7.847989031078611,9470.835968067899,1.5016197400294617,0.8220921664305517,female
591,3V,light,0.36072948781237485,0.07823924443243949,9.221190476190477,8920.741637111843,1.6937028472586086,0.8983722855700466,male
592,3V,light,0.4655887037433753,0.0724644430576642,12.85012853470437,11131.00764904876,1.7839245340123209,0.8866225853417609,male
593,3V,light,0.37592094110634017,0.08624945279099877,8.717062634989201,8944.953161874404,1.4464736559473335,0.827021672196777,male
594,3V,light,0.23689725510650783,0.05215949628829299,9.083571428571428,6054.106014608395,1.4248084747338359,0.8074833490710314,female
595,3V,light,0.6625140877210958,0.15009826476532884,8.827001862197392,15196.875843787955,1.6603534839280458,0.9132183074600503,female
596,3V,light,0.2096299470022261,0.045266991421625706,9.2619341563786,5310.314960594533,1.63740844772545,0.9165691947151501,female
597,3V,light,0.319500200255209,0.07330272067658318,8.717280813214739,8374.158353105033,1.7926000575837961,0.8969030320265436,male
598,3V,light,0.28262529921853896,0.07851867030541249,7.198932384341637,7095.359710731662,1.7304703872442897,0.8391837689479825,male
599,3V,light,0.2986224304462431,0.06976332628559187,8.561014686248333,7202.063335558897,1.4068368988640092,0.7974911458799516,male
600,3V,light,0.40931233292661345,0.0828963423153228,9.875280898876404,9703.5505767665,1.4742865391314586,0.8046006749130509,female
601,3V,light,0.14271210752307592,0.04023732570811173,7.0935185185185174,3880.0556718464595,1.4989771352574532,0.8135358263582301,female
602,3V,light,0.40194480407589206,0.10697353836982947,7.5164634146341465,9826.128048315286,1.5819104336915073,0.797666785634387,female
603,3V,light,0.5424867039855443,0.0854577461509086,12.694111232279171,13141.0885559585,1.7411764503884206,0.9071875538830666,male
604,3V,light,0.5040470180602256,0.10883637752298278,9.26609589041096,11957.024755692588,1.743687183092117,0.911998476168657,male
605,3V,light,0.02789601631847098,0.006892504866667288,8.094594594594595,1303.6945403581378,1.2689934899749502,0.6989116451139717,male
606,3V,light,0.39544815252926985,0.09896333001127018,7.985404896421845,9712.61738137988,1.6045777169537527,0.8474776047990142,female
607,3V,light,0.3522861693507074,0.08117321609865596,8.67577497129736,8344.586526772502,1.5777382828741917,0.827449326523811,female
608,3V,light,0.3046580293024599,0.06287082141892458,9.691555555555556,7484.735692036962,1.66285588343339,0.9146988943756383,female
609,3V,light,0.28782262045583673,0.06296396337658225,9.142455621301774,7266.6818793062075,1.598588397007576,0.8644088874906355,male
610,3V,light,0.47279323416819574,0.08853143075361158,10.683052631578947,11297.600830774849,1.6538549199042738,0.9203996635056684,male
611,3V,light,0.2726265100639885,0.06631707385225823,8.22191011235955,6727.78996328247,1.3448687258856107,0.775998106041286,male
612,3V,light,0.20309138157465795,0.05411547739910398,7.505851979345954,5276.026370211662,1.4283941850217992,0.7675519251009728,female
613,3V,light,0.35358084256214894,0.07199873326937586,9.821862871927554,8483.98510914588,1.6043640433100355,0.8766374028699763,female
614,3V,light,0.5760783510147817,0.10264243733874799,11.224954627949183,13699.78201510647,1.7983445855393958,0.9436268255210085,female
615,3V,light,0.5431899257658598,0.07293015284595251,14.89616858237548,14305.591243286686,1.8621199858443418,1.0636716433084537,male
616,3V,light,0.438582193120535,0.09831133630766652,8.92483412322275,10402.619771063299,1.7451628285564693,0.8948053366432589,male
617,3V,light,0.309683037918091,0.07619012136397084,8.12921760391198,7542.908160046047,1.4269490944852166,0.7783571993653203,male
618,3V,light,0.060425845030410846,0.011456460791892924,10.548780487804876,2291.173717883934,1.2830138100299253,0.794457822210063,female
619,3V,light,0.17052895317753788,0.035021376079282435,9.738563829787234,4195.521835999393,1.5457494559256215,0.823717290309825,female
620,3V,light,0.30554287790020773,0.04796810819369802,12.739417475728153,7620.635613203862,1.7732269029621663,0.9783606560959639,female
621,3V,light,0.19269208200217952,0.033624246714417445,11.461495844875348,5042.40805478414,1.6950364344663797,0.9456701525033084,male
622,3V,light,0.4760206030010339,0.08438661363784544,11.281898454746136,11507.82546133051,1.8910058631494557,0.9771196457895307,male
623,3V,light,0.17435708763726795,0.04461499771802204,7.8160751565762,4454.272948589591,1.330397958305478,0.765216881282214,male
624,3V,light,0.028718298168148047,0.011707754329239432,4.905859375,3702.7370015336683,1.0450001261036899,0.6068605992780827,female
625,3V,light,0.2450240965951598,0.07211580284287629,6.795295536791315,7003.23437874456,1.4888398468559956,0.7550211416820236,female
626,3V,light,0.0,0.0,,149.6952726236479,,,female
627,3V,light,0.0,0.0,,1529.0076301207728,,,male
628,3V,light,0.1847304139046923,0.04810619900133967,7.680108499095842,4766.346003055466,1.4598869942626356,0.8074558716158607,male
629,3V,light,0.24025262278824575,0.06411260156236408,7.494708276797829,6598.5126095352825,1.3064931123606005,0.7454255854593402,male
630,3V,light,0.17058127598865633,0.06080693146823947,5.610586552217454,6879.567182860182,1.6085639242549834,0.6731244628221831,female
631,3V,light,0.2274475007394262,0.06524348869982775,6.972266666666668,7368.328047730834,2.196886925626652,0.823682346203406,female
632,3V,light,0.3861370635210606,0.11695982740922456,6.600074404761905,10160.487684811284,1.4360873992933507,0.7639151387216736,female
633,3V,light,0.12351027367468727,0.03992901508429459,6.186492374727669,4101.536435688295,1.343953903336761,0.7106301622475877,male
634,3V,light,0.18144649164013432,0.03636237103537067,9.979904306220096,6035.744649819897,1.7186133072247816,0.9615474789789542,male
635,3V,light,0.19321641700158323,0.04306070254188632,8.974141414141414,6047.4202029691405,1.4935356876287853,0.8072949076009386,male
636,3V,light,0.21930946291560102,0.05149886041373071,8.517060810810811,6724.3674346819,1.5741442324613943,0.821119441732213,female
637,3V,light,0.48243210327609304,0.10656436487638533,9.054285714285715,12418.30028739128,1.6170716203586384,0.8602954310310693,female
638,3V,light,0.4821450319258138,0.11052246985750823,8.727716535433071,12147.748253442653,1.6281835324661411,0.8229421737897046,female
639,3V,light,0.16097308488612835,0.038667640969431254,8.334009009009009,4565.454682186484,1.651476556678412,0.8771433329365814,male
640,3V,light,0.17815387024374968,0.044017607042817125,8.094664031620553,5133.5954291488,1.5664576896507818,0.788059428615428,male
641,3V,light,0.20040189989039095,0.06245976651530177,6.416991643454039,6115.785885655985,1.3228838368417093,0.7232409821076976,male
642,3V,light,0.6281295126746351,0.11522000104389582,10.906570996978854,15195.991844691276,1.8568131483307384,0.8909043470620304,female
643,3V,light,0.5082337282739182,0.1113923830401726,9.128359374999999,12977.120637789565,1.645366037778107,0.8647814667618252,female
644,3V,light,0.5271195434695617,0.12300572402874194,8.57065063649222,13440.10596765018,1.7622818398843687,0.9142054913299247,female
645,3V,light,0.31523913913391444,0.06324268837969971,9.969188445667125,8996.673486798101,1.7067964504236046,0.9064034046699776,male
646,3V,light,0.21840475320563008,0.05289072150599371,8.258717105263157,6132.068621473822,1.6831443344740236,0.8404246076837227,male
647,3V,light,0.14358786993058092,0.03705830158150217,7.749295774647888,4024.043904952614,1.3071529206227628,0.7569528362390772,male
648,3V,light,0.5598761243627886,0.1226577587556762,9.129078014184397,13839.905571872687,1.5020455196229472,0.8969199078129422,female
649,3V,light,0.1780190337004367,0.033491657532578246,10.630649350649351,6639.933936402243,1.785562972576438,0.9411787717017563,female
650,3V,light,0.4209118429980688,0.09155836247542495,9.195817490494296,11079.266880666271,1.752557278447369,0.8888268997156383,female
651,3V,light,0.3618099413678515,0.05815369626111314,12.451047904191615,10122.222389738257,1.7484853094411927,0.8813685516146078,male
652,3V,light,0.21265027750230528,0.03897211058336378,10.912946428571429,6130.242790823603,1.5614739371814395,0.8113143343048257,male
653,3V,light,0.03567948918697914,0.008003201280512205,8.916304347826088,1694.8139111866703,1.2697707402197131,0.7411563176490159,male
654,3V,light,0.228917654018129,0.062111801242236024,7.371148459383753,6110.1789884330965,1.3497169462077918,0.7952713664367944,female
655,3V,light,0.3953146475981697,0.0712023940010787,11.10721271393643,10167.418284921143,1.6834488458124284,0.8937326897072998,female
656,3V,light,0.30380847991370463,0.09808271134540773,6.191659272404614,8639.12694461995,1.752483633563755,0.80874892846931,female
657,3V,light,0.411360196252414,0.07681333402926388,10.710645526613817,11196.734030636893,1.8872231975896068,0.9553272724257333,male
658,3V,light,0.3474824712493693,0.09155836247542495,7.590209125475286,9117.273966022876,1.6121372387889121,0.8308023790182076,male
659,3V,light,0.2987847312838179,0.07298571602554066,8.187485101311085,7777.541710886477,1.3537849317708195,0.7824133842056132,male
660,3V,light,0.44275536301477114,0.12065695843554813,7.339077144917088,11052.425822740319,1.3576061712744492,0.7810077612033434,female
661,3V,light,0.35301946865702805,0.06898411538528455,10.234804539722571,10006.19501990292,1.7785141223296985,0.8997858050327431,female
662,3V,light,0.11225794665692364,0.027576247890460533,8.141640378548894,3532.4741634234015,1.682142371981645,0.7740184407530832,female
663,3V,light,0.2906292951963394,0.06254675783356821,9.293184979137692,7879.177842848684,1.7411985977956714,0.928362313362294,male
664,3V,light,0.4109513370565617,0.09312420620422082,8.824392523364486,10664.395799049114,2.0661673794361537,0.8626183582725288,male
665,3V,light,0.1584938323155349,0.03405710110131009,9.314066496163683,4961.815202744159,1.2577830445214835,0.7332168000991603,male
666,3V,light,0.13726360109261096,0.04784522504654036,5.737818181818182,4616.51046263422,1.4324539678885708,0.7073634672421846,female
667,3V,light,0.46001879012474556,0.11835168850148756,7.7694117647058825,12837.407373065771,2.390783761436312,0.8908651644835878,female
668,3V,light,0.20653478782817475,0.04636637263601093,8.908818011257035,6571.315901074851,1.7143129777450508,0.864675551468216,female
669,3V,light,0.18829705795361623,0.03975503244776171,9.472866520787747,5381.1105846946075,1.3910481665493835,0.7537691580260553,male
670,3V,light,0.41306522609043617,0.09351566713641979,8.83413953488372,11218.386089027374,1.784176757876652,0.8707542492506742,male
671,3V,light,0.20440785009656037,0.06759225429302156,6.0482625482625485,6403.521586716382,1.335554994927299,0.717756482061122,male
672,3V,light,0.0420820502113889,0.015397463333159351,5.466101694915254,2261.4534438296505,1.037521177188873,0.6366703949201238,female
673,3V,light,0.4648120117612262,0.12135288898167963,7.660501792114695,11893.7435494372,1.7639338488437937,0.8222460101853974,female
674,3V,light,0.0005349966073385876,0.0006959305461314961,1.5375,3811.792535606253,0.5295981333605423,0.5089793213017656,female
675,3V,light,0.0,0.0,,401.5423661860707,,,male
676,3V,light,0.3624319292934565,0.08181533482958402,8.863404255319148,9364.995736752302,1.58802379771226,0.7903294596034561,male
677,3V,light,0.09473789515806323,0.03283922264557997,5.775596816976128,3059.681016469317,1.2754450437271543,0.680424885194931,male
678,15V,light,0.09500090853704159,0.03484506771273127,136.33834355828225,2976.572845439389,1.0809139954326155,0.6497415545066058,female
679,15V,light,0.4236011649002196,0.13325933352430058,6.358781362007168,8020.3572171404985,1.5802285373717504,0.7725475887335074,female
680,15V,light,0.0,0.0,,61.87269969773422,,,female
681,15V,light,0.0,0.0,,2906.0394086819233,,,male
682,15V,light,0.01791511505776759,0.003938699513033515,9.096969696969696,646.7543247064191,1.459864904083629,0.829923308062044,male
683,15V,light,0.02606702950443999,0.005370953881409338,9.706666666666665,668.4561107442682,1.2587487053053406,0.7637473374116512,male
684,15V,light,0.022748973551035997,0.007519335433973074,6.05079365079365,2122.8301281089366,1.219544638004084,0.6660993155463978,female
685,15V,light,0.29655423469874914,0.06206435596295236,9.556346153846155,6604.0977439408425,1.6701499198385175,0.8494132997000142,female
686,15V,light,0.17428148572519814,0.0642127375155161,5.428252788104089,5110.96804287835,1.456704127529663,0.6954483456679791,female
687,15V,light,0.31770982526496705,0.0673159553136637,9.43936170212766,6718.068898294991,1.3438205455531143,0.7767957216085681,male
688,15V,light,0.1152427671154397,0.024945096915878928,9.239712918660286,2628.009890041592,1.4181525712907024,0.7972560368351188,male
689,15V,light,0.5318437887902224,0.11631099016518667,9.14271047227926,9539.460815217195,1.4072799476216047,0.8411327824060556,male
690,15V,light,0.42334455265921894,0.0868900983481333,9.744368131868132,7771.478776872287,1.5680488564305892,0.8733890769699225,female
691,15V,light,0.04431633724816194,0.01169674400840256,7.577551020408162,1978.9366683245046,1.3065405362577653,0.708592716556349,female
692,15V,light,0.19859997135491264,0.06361596486202617,6.243714821763603,4393.8279459973455,1.4459574790707257,0.7406584814893932,female
693,15V,light,0.3116108087463,0.10938842738470353,5.696069868995633,6820.9759184954555,1.7193429409809813,0.7342154066960068,male
694,15V,light,0.14915735701327223,0.032464432349852,9.188970588235295,3144.7638745632057,1.7685939030235522,0.8789024747983312,male
695,15V,light,0.44371240332283013,0.10861262293516663,8.17054945054945,8025.534350100261,1.359456842076926,0.7986152845964154,male
696,15V,light,0.2899181227919412,0.06659982812947579,8.706272401433692,5262.07159883829,1.3535718455262102,0.8030922504475361,female
697,15V,light,0.2069428530507018,0.05382889334479137,7.688913525498891,3842.083025495352,1.4201221662051953,0.7837444973995303,female
698,15V,light,0.2305750501289029,0.048219230401986064,9.56361386138614,4386.828324970065,1.43348071824713,0.8101252019349151,female
699,15V,light,0.3364126802253414,0.08629332569464337,7.796957123098202,6259.252298202292,1.7067814503465866,0.8244007895185113,male
700,15V,light,0.06436789840542347,0.011756421273751552,10.99795918367347,1404.0547326493772,1.475092221101331,0.8257342174973518,male
701,15V,light,0.23602358445526592,0.052515993507113536,8.988636363636365,4521.021105760324,1.3935634812478426,0.7934213181730366,male
702,15V,light,0.05251599350711353,0.00990642604793278,10.602409638554217,1285.2186344399543,1.4504349917257853,0.7665160741426619,female
703,15V,light,0.24344146853814572,0.06206435596295236,7.844807692307692,4616.2231009123825,1.4263048694465297,0.8093655982264052,female
704,15V,light,0.5291762150291225,0.14352382316432732,7.37595673876872,9668.656084388513,1.592815763744273,0.8357665924430447,female
705,15V,light,0.2670259238040676,0.051919220853623604,10.286206896551723,4919.965467762261,1.465422011441274,0.8388058951152901,male
706,15V,light,0.4782536045068271,0.13689964671058913,6.986922406277245,9019.677428011713,1.6743348636770272,0.8191517384715907,male
707,15V,light,0.19056144371240333,0.041296667621502914,9.228901734104046,3898.19979150747,1.4036651073159043,0.7999765504422578,male
708,15V,light,0.20900171870524206,0.058006301919220855,7.206172839506173,4259.340423455533,1.3984211380841933,0.7495486982514253,female
709,15V,light,0.4229327795283109,0.11816098539100545,7.158585858585859,7668.8232942628,1.3700109190892773,0.7475989196368559,female
710,15V,light,0.2742409051847608,0.09810942423374391,5.590510948905109,6402.931859404072,1.384930068730232,0.7266365962264442,female
711,15V,light,0.07618996467105892,0.01897737038097966,8.029559748427674,1632.4793134957529,1.461447323254631,0.7860761987222676,male
712,15V,light,0.1485665520863172,0.03377733218752984,8.796819787985866,3015.0014503874295,1.3213702651741799,0.7815828227269054,male
713,15V,light,0.3755072567554664,0.0771627040962475,9.739164086687307,6666.4173782921935,1.4134761794856054,0.817472946119451,male
714,15V,light,0.41683973073617875,0.08223527165091188,10.137735849056604,7465.698600229277,1.4660352673218122,0.8581700813332925,female
715,15V,light,0.401419125369999,0.10174973742003247,7.894248826291079,7291.6100226317385,1.4479681441973105,0.7595381670998663,female
716,15V,light,0.43567387568032084,0.09667716986536809,9.012962962962963,7974.23790275198,1.6303835674242038,0.8633969080859328,female
717,15V,light,0.006439176931156307,0.0017903179604697795,7.193333333333333,314.3109420245697,1.2658724032683226,0.7657655300047829,male
718,15V,light,0.5428482765205768,0.1275899933161463,8.509260991580916,10020.164555402602,1.692537735202185,0.8826531028277625,male
719,15V,light,0.3637329323021102,0.10813520481237468,6.727373068432671,7294.9626267625,1.483045162787574,0.7326742128840054,male
720,15V,light,0.23689487252936123,0.056812756612241,8.339495798319328,5005.122888667126,1.5375259107089991,0.860100930176177,female
721,15V,light,0.484239234221331,0.13087224291034089,7.402098540145985,8804.317238490503,1.4982210098057067,0.8059253777159276,female
722,15V,light,0.4490356153919603,0.14167382793850855,6.339005897219882,8515.759326395,1.4988996744646284,0.7949799389237598,female
723,15V,light,0.01403609281008307,0.0038193449823355295,7.3500000000000005,445.2080910088258,1.403353234626756,0.7674707356380599,male
724,15V,light,0.33242623890002865,0.09059008879977085,7.339130434782608,6189.559615261869,1.7177952778971326,0.781859773386628,male
725,15V,light,0.46547073426907287,0.11637066743053567,7.999794871794872,8485.992352244702,1.3597168445077021,0.7860888190715835,male
726,15V,light,0.2685715649766065,0.10204812374677744,5.263625730994152,5995.151832076088,1.269817768301311,0.7060345862535684,female
727,15V,light,0.38285949584646234,0.08432397593812661,9.08101983002833,7032.45927045424,1.3824447629124104,0.8094360342886395,female
728,15V,light,0.0,0.0,,64.99310539913358,,,female
729,15V,light,0.006301919220853624,0.005132244820013368,2.455813953488372,2591.6695073589326,0.5918134136101086,0.5228882000282516,male
730,15V,light,0.23659648620261625,0.049890193831757856,9.484688995215311,4479.792544437587,1.5254147479720421,0.8586089831513296,male
731,15V,light,0.43629451923995033,0.13695932397593813,6.3697471665213605,8076.179514648782,1.2888748474515013,0.7300351849193466,male
732,3V,light,0.02168570024120626,0.008459366462041451,5.127027027027027,3479.2208054471184,1.048273525883988,0.6218075206401498,female
733,3V,light,0.20303467317482035,0.0719841240493535,5.641095890410958,2277.623935894547,1.1736158754680184,0.6680754896490997,female
734,3V,light,0.0,0.0,,438.01562626919645,,,female
735,3V,light,0.0,0.0,,415.6208612322808,,,male
736,3V,light,0.3103082744764511,0.0803658371235933,7.72239263803681,2916.422612287429,1.3136218474993493,0.7417285286907328,male
737,3V,light,0.3044410753244832,0.09244536478940946,6.586399999999999,2924.5699326343747,1.2489674226531986,0.7054420229070095,male
738,3V,light,0.3076581740191547,0.08418691220155555,7.303225806451613,3106.6174624228765,1.4390501161594909,0.7396338502441425,female
739,3V,light,0.3296848229363113,0.09577339792182821,6.884020618556701,3386.7989641543154,1.5644765904579345,0.7560232216702724,female
740,3V,light,0.13695472642335046,0.05300200914592809,5.167906976744185,2069.964769880282,1.2171766209084747,0.6497262952049948,female
741,3V,light,0.2677341024787684,0.08320082831046852,6.4347181008902075,2608.271237604957,1.253601699682647,0.7125177790496394,male
742,3V,light,0.15967163406426801,0.04499007753084594,7.096153846153846,1922.9269310119794,1.2186404109284372,0.7119894908523156,male
743,3V,light,0.18182154346781051,0.06015111735630909,6.045491803278689,2412.1237336988647,1.3073298362213335,0.7031579693143489,male
744,3V,light,0.2397539720691738,0.08159844198745209,5.876435045317221,2677.4434535292094,1.3636261702242825,0.7018693929219872,female
745,3V,light,0.1477400189821149,0.05669982373750447,5.211304347826086,2350.0220029854286,1.2981677482040914,0.6807565815761595,female
746,3V,light,0.36555362447460216,0.09589665840821408,7.623907455012853,3317.958408120051,1.371172790279269,0.7889037889577564,female
747,3V,light,0.2049082325678857,0.04708550579940589,8.703664921465968,2050.083397995619,1.5310413442797501,0.8334052921280621,male
748,3V,light,0.3294752801094553,0.08973363408892011,7.343406593406593,3009.7000906312305,1.5437805001536054,0.8203550017543225,male
749,3V,light,0.28770230127328084,0.08172170247383796,7.034138972809668,2977.1039398439957,1.184663219842402,0.709493101284343,male
750,3V,light,0.22247285187787352,0.06286284805679844,7.078039215686275,2213.0772815810697,1.277845855354973,0.7331822650003088,female
751,3V,light,0.33889238126933646,0.10045729640449162,6.73955773955774,3279.9493568822422,1.5043204465057205,0.7815803761710797,female
752,3V,light,0.555054296244253,0.1433519456667776,7.744578313253013,4861.976253358652,1.5524932814894288,0.8635238886181932,female
753,3V,light,0.3893059202011611,0.0892405921433766,8.724861878453037,3651.4909940458583,1.5922327048948666,0.932386663002918,male
754,3V,light,0.28432496394630774,0.09084297846639303,6.2633152173913045,2987.4683099772747,1.4318975473700224,0.7389913679459159,male
755,3V,light,0.18924182474824044,0.06384893194788548,5.927799227799229,2276.862712447098,1.19897751950131,0.6895232839903728,male
756,3V,light,0.2629762477042734,0.06384893194788548,8.237451737451737,2511.628313957378,1.428401474806136,0.8357326735152067,female
757,3V,light,0.26939811904497774,0.0868986429020449,6.207102272727273,2775.1057101397128,1.4373186078436344,0.7615386146341093,female
758,3V,light,0.33954566184718166,0.10686684169655734,6.347806004618938,3477.3142960607893,1.563882896467952,0.7660816858410209,female
759,3V,light,0.4241393336538106,0.0904731970072354,9.376021798365123,3918.5413667288226,1.5182259102352158,0.8841398448823676,male
760,3V,light,0.37485979119673607,0.09059645749362127,8.276294277929155,3528.4390106319624,1.594515419959066,0.8379714771299054,male
761,3V,light,0.2669698874631759,0.07592845961370163,7.032142857142859,2669.183001668054,1.2989766223228187,0.730039891856651,male
762,3V,light,0.18468118675196293,0.05583700033280332,6.591592920353983,1841.3925064206312,1.2103271295848297,0.7216536496086324,female
763,3V,light,0.3995611926684663,0.09601991889459996,8.32133676092545,3598.36590521638,1.479787024142114,0.835704483551846,female
764,3V,light,0.3211182191324927,0.09244536478940946,6.9472,3081.3665319124816,1.4806597662558887,0.7831142898630398,female
765,3V,light,0.31064107778969297,0.07888671128696274,7.875624999999999,2936.021298034916,1.6510511940487917,0.8699507153839353,male
766,3V,light,0.31707527517903583,0.08061235809636505,7.866666666666667,2926.2868277134444,1.4954237375258277,0.7881042985482073,male
767,3V,light,0.3084347150833857,0.057932428601363266,10.648085106382979,2840.0036555180527,1.3260956318778407,0.8319171042861006,male
768,3V,light,0.17440126218738058,0.06015111735630909,5.798770491803279,2023.85947333443,1.2432935897592685,0.6969634191098714,female
769,3V,light,0.3296724968876727,0.1106879167745196,5.956792873051225,3409.573655704654,1.451157185526502,0.7305675735750036,female
770,3V,light,0.26480050290278445,0.08529625657902846,6.208959537572255,2848.4419830005445,1.4645401304185224,0.7481073885661988,female
771,3V,light,0.3657631673014582,0.08850102922506133,8.26573816155989,3266.023820525045,1.511651660812239,0.8696954871050038,male
772,3V,light,0.3341098743975644,0.08677538241565902,7.700568181818183,3262.6862772962013,1.4572386381573645,0.7718405740283774,male
773,3V,light,0.04532288084408781,0.01035388085641386,8.754761904761905,929.3029016345095,1.2770328105255455,0.7549849677628154,male
774,3V,light,0.2329992974152276,0.06951891432163591,6.703191489361703,2673.102903467024,1.4527690960909507,0.7427810631991109,female
775,3V,light,0.2648867852432546,0.08554277755180022,6.193083573487032,2689.275855540228,1.2879225202527316,0.7373097049288363,female
776,3V,light,0.3482601782346633,0.12005571373984643,5.8016427104722785,3427.1021908085263,1.4322652457834733,0.749580346784772,female
777,3V,light,0.43838824588001823,0.10809944656041613,8.10730593607306,3875.447474441145,1.5553641633415127,0.8316669989983398,male
778,3V,light,0.16518137780571682,0.055467218873645675,5.9559999999999995,1903.211704910827,1.1304775277902444,0.6639674394965811,male
779,3V,light,0.2899826202714196,0.0820914839329956,7.064864864864866,2919.762024194371,1.21291067166825,0.6890712256905633,male
780,3V,light,0.3768935892221031,0.08529625657902846,8.837283236994221,3588.4186106103803,1.4012067967503719,0.7661756843835494,female
781,3V,light,0.5321031936792022,0.1445845505306364,7.36655290102389,4706.866833191605,1.6803717445097464,0.8529615312821204,female
782,3V,light,0.0,0.0,,199.4561962783452,,,female
783,3V,light,0.0,0.0,,633.6531287567544,,,male
784,3V,light,0.3268375057007975,0.0945407930579694,6.904960835509139,3237.2156014962907,1.503386221125129,0.7850240925168313,male
785,3V,light,0.2614971218676429,0.07420281280429933,7.048172757475083,2652.044647512814,1.3027254533507953,0.756533349717644,male
786,15V,light,0.11431679602153781,0.04420005667845944,5.172699069286453,8801.32525664315,1.1607019915809123,0.6421772384688693,female
787,15V,light,0.0,0.0,,277.14068301176763,,,female
788,15V,light,0.0,0.0,,1225.7971268419878,,,female
789,15V,light,0.0,0.0,,1240.2725367077094,,,male
790,15V,light,0.40777617260982985,0.08839394285833065,9.22764705882353,8594.442176168553,1.4791340411240133,0.8423684209544043,male
791,15V,light,0.26083748194186057,0.06890674205182036,7.570739064856712,6095.95907348454,1.187311764477283,0.7191303962396833,male
792,15V,light,0.2564047933317397,0.09333070039597992,5.494543429844097,6885.679211852825,1.3080361519430963,0.6881200211887534,female
793,15V,light,0.13743932984815574,0.02816550089900953,9.759409594095942,4353.503564484934,1.3747244601354616,0.7418896783271319,female
794,15V,light,0.44891235436565263,0.11827431742831307,7.59103690685413,9604.543213724586,1.4877877096796075,0.805284351640751,female
795,15V,light,0.20583160979868423,0.07503871457226893,5.4860110803324105,5990.847094868556,1.3902678980239,0.6647695856011127,male
796,15V,light,0.38801355269858756,0.08927736262822578,8.69231664726426,8317.189352431773,1.3641031065044351,0.7731274187199895,male
797,15V,light,0.23551971065404242,0.05601920658511489,8.408534322820039,5554.704498905396,1.1932777692082515,0.7437857211512442,male
798,15V,light,0.15518047746240268,0.044794578920564966,6.928538283062646,4697.381142069306,1.2533288091799035,0.6992290867835088,female
799,15V,light,0.3192055457975202,0.06864691270773356,9.304848484848485,7268.615422445209,1.606061829550004,0.8697793369827699,female
800,15V,light,0.4160803184468441,0.1178585904777742,7.060670194003527,9109.491679752218,1.5239741981413193,0.7834134144897851,female
801,15V,light,0.016150992028435722,0.003533679079580531,9.141176470588237,843.7951367490014,1.3148659893208847,0.7040435609098871,male
802,15V,light,0.10534520926655373,0.025982934408680377,8.108799999999999,2707.6107161026835,1.5127227303496562,0.8292233062582096,male
803,15V,light,0.215621979483875,0.06859494683891619,6.286818181818182,6079.835193678861,1.287183203165652,0.6903773849342025,male
804,15V,light,0.1641393932465157,0.04375526154421776,7.502612826603325,4096.556297590623,1.2360018817008902,0.721456010403653,female
805,15V,light,0.04083997630356382,0.011328559402184643,7.210091743119266,1205.19935782502,1.3705267601428959,0.7451140508156624,female
806,15V,light,0.1565783593335897,0.04760073583670245,6.57882096069869,4584.169334560169,1.1964944100760502,0.6805581303111324,female
807,15V,light,0.33307003959799203,0.09462984711641394,7.041208791208791,6993.160310070383,1.2136431216551289,0.7322284229651693,male
808,15V,light,0.3276032301984057,0.07207666004967936,9.093073593073592,7449.447576215996,1.3193271456380942,0.7669917187651447,male
809,15V,light,0.38087863890996393,0.07316794329484394,10.411079545454545,8142.498455369413,1.2774727593520672,0.7772732185121747,male
810,15V,light,0.13211802488125798,0.032530633879667835,8.122683706070287,3972.650624278862,1.1938258570865705,0.7366637162779409,female
811,15V,light,0.4056299822276729,0.08636727397445357,9.393140794223827,9147.897293150365,1.4661915172112083,0.8490081877774126,female
812,15V,light,0.24722242431171207,0.08153444817443903,6.066581632653061,6573.427752011105,1.228576857198593,0.6779058366722348,female
813,15V,light,0.29665755531766735,0.08480829790993274,6.995955882352941,6738.928016411992,1.25537891691845,0.695027755611035,male
814,15V,light,0.2298554309529501,0.05560347963457601,8.26766355140187,5194.542914775391,1.4292633315047354,0.7714680461919416,male
815,15V,light,0.26685512955091095,0.0609039982539468,8.763139931740614,6726.264220715995,1.4936929955530736,0.7046024280181282,male
816,15V,light,0.0662045168733176,0.016265316939833917,8.13205128205128,2468.7434976337845,1.2316292950926255,0.7176679813908097,female
817,15V,light,0.06403234355675193,0.018863610380701952,6.797237569060774,2293.3646893468217,1.2309410637065707,0.7055958564308834,female
818,15V,light,0.35279628340106217,0.08912146502177369,7.917502917152859,7933.084037585014,1.508156892947504,0.8019633087342687,female
819,15V,light,0.3045823503123149,0.08371701466476818,7.272546583850931,7383.870159539815,1.5614465310729262,0.7689933825453416,male
820,15V,light,0.39217601879085817,0.09385035908415353,8.357475083056478,8570.4714996566,1.5337771106980134,0.8383001802933356,male
821,15V,light,0.21505555151376576,0.0758701684733467,5.66904109589041,6021.0576763541785,1.210556985098013,0.6800754945031745,male
822,15V,light,0.3751156240581186,0.10725755323903259,6.994670542635659,8151.859069049759,1.351685231680915,0.7510376299830698,female
823,15V,light,0.21409418294064458,0.050614756228109375,8.459753593429157,6334.575219982877,1.4490753176996998,0.7563662970491258,female
824,15V,light,0.2541962439070019,0.06537306297223983,7.776788553259142,6015.873330567309,1.5730150937709864,0.8164967515603101,female
825,15V,light,0.1421318478023634,0.0348171321076317,8.164477611940299,3524.9765491078574,1.314107111010504,0.7605837248200785,male
826,15V,light,0.3084330211916813,0.08470436617229803,7.282576687116564,7131.301375835952,1.3510227060647473,0.7468808989936664,male
827,15V,light,0.34893002276105056,0.07966367689701404,8.764229765013054,7835.388327300309,1.3294045493703184,0.7490929667641044,male
828,15V,light,0.12667200182919858,0.026034900277497736,9.7424,3826.7492359672974,1.1847262428772392,0.6997045701274287,female
829,15V,light,0.30383923838822663,0.06776349293783843,8.967638036809815,7107.040351921647,1.4294193027355613,0.7826866152740775,female
830,15V,light,0.49462153257740316,0.10330814720891318,9.575653923541248,10427.025689796259,1.5588578448987456,0.8706273561681013,female
831,15V,light,0.44637641996736543,0.09307087105189311,9.595977653631284,9528.784915728611,1.6836460229739971,0.8799467306372473,male
832,15V,light,0.17293201825041313,0.039649957907646256,8.718110236220472,4946.364683194984,1.3158009810657552,0.7568431720371593,male
833,15V,light,0.27238949457995987,0.07160896723032312,7.607692307692309,6130.894787842231,1.2612315448315572,0.7216351366516104,male
834,15V,light,0.1040304727854745,0.0260868661463151,7.975697211155379,3587.1768137812205,1.1577750844559835,0.6924676029958062,female
835,15V,light,0.0,0.0,,634.359426651824,,,female
836,15V,light,0.0,0.0,,1128.639349640244,,,female
837,15V,light,0.00014550443268861012,0.00010393173763472151,2.8,1948.290616800787,0.5431948270710328,0.5316050021182743,male
838,15V,light,0.2187503247866801,0.04037748007108931,10.837628865979381,5433.623104819258,1.3920661402373937,0.7559872844889626,male
839,15V,light,0.4152592577195298,0.11827431742831307,7.021968365553603,8637.535454392835,1.2093313515457562,0.7222165899993108,male
