,genotype,light_condition,activity_norm_sum,activity_freq,activity_bout_dur_sec,distance_walked_mm,max_speed_mmPs,avg_speed_mmPs,sex
0,15V,dark,0.0,0.0,,68.69592143652658,,,female
1,15V,dark,0.0,0.0,,224.04187586518796,,,female
2,15V,dark,0.0,0.0,,367.1748576144804,,,female
3,15V,dark,0.0,0.0,,1121.1079179286749,,,male
4,15V,dark,0.02249146487100724,0.005536980105882161,8.12409090909091,3155.0909944537457,1.4817893257857424,0.7620517200546683,male
5,15V,dark,0.05093014973755973,0.011829002953475526,8.611063829787232,7238.220830895459,1.1966292337489377,0.7202256120794978,male
6,15V,dark,0.0,0.0,,511.0650401738466,,,female
7,15V,dark,0.0,0.0,,594.4232670469313,,,female
8,15V,dark,0.0,0.0,,422.2128003838034,,,female
9,15V,dark,0.1288883128192415,0.03250459003066732,7.926413632842758,14208.281994867037,1.4321647676203013,0.7831450141267039,male
10,15V,dark,0.0,0.0,,774.4412895426769,,,male
11,15V,dark,0.11296446139655222,0.02562111703540018,8.818074656188605,15059.922272979356,1.3525452576716346,0.7373402587429875,male
12,15V,dark,0.0004454752176096102,0.00010067236556149384,8.85,335.02753027293363,0.8891350085896927,0.6808262764918868,female
13,15V,dark,0.0,0.0,,794.593959011592,,,female
14,15V,dark,0.25382271848105536,0.049392379353607914,10.277777777777779,26163.33689332203,1.5348102492720286,0.7976947915751029,female
15,15V,dark,0.0,0.0,,1462.934349370659,,,male
16,15V,dark,0.029050269487338562,0.00538597155753992,10.787383177570094,4938.544852489793,1.4330881754145337,0.7747071931693271,male
17,15V,dark,0.046669191865169504,0.010973287846202828,8.505963302752294,6673.936653278369,1.3625020082668189,0.7350653859203696,male
18,15V,dark,0.0,0.0,,315.7646038644246,,,female
19,15V,dark,0.0,0.0,,612.6278031413239,,,female
20,15V,dark,0.005825154752301937,0.001258404569518673,9.258,1376.8728214176251,1.3687697375825776,0.8429779711091663,female
21,15V,dark,0.03173318802955237,0.006141014299251124,10.33483606557377,4023.0636836341,1.6217995783095747,0.8388078616372856,male
22,15V,dark,0.015136090162170596,0.003221515697967803,9.396875000000001,2203.7106662955466,1.672524150917806,0.8960151904769003,male
23,15V,dark,0.0931835999682882,0.02324273239900989,8.01863488624052,10719.111660626473,1.3083860431807897,0.733340740568932,male
24,15V,dark,0.025910550086389473,0.00538597155753992,9.621495327102803,2774.9450330435516,1.4375431096555817,0.828372380805035,female
25,15V,dark,0.012723728602403301,0.0029950028754544417,8.496638655462185,2888.2702830187764,1.3392384451430472,0.8044593479907376,female
26,15V,dark,0.0437106827222311,0.011036208074678762,7.911415525114155,5301.205412064627,1.6784484975473672,0.7930143661308391,female
27,15V,dark,0.2535030837203976,0.05407364435221737,9.376443202979516,22487.51108505628,1.6160095105554144,0.8625692401366002,male
28,15V,dark,0.09139540707500217,0.01946751869045387,9.38706338939198,12980.002056697012,1.7117229847585382,0.7659462812625466,male
29,15V,dark,0.020622734085272012,0.004945529958208385,8.360714285714286,3846.104647132157,1.3661681197271869,0.7529304044391275,male
30,15V,dark,0.0001157732203957179,2.516809139037346e-05,9.2,467.41970024519526,0.6666738281242548,0.6082875441780233,female
31,15V,dark,0.0,0.0,,706.906591909282,,,female
32,15V,dark,0.0,0.0,,523.4458187702327,,,female
33,15V,dark,0.0,0.0,,866.6828310369904,,,male
34,15V,dark,0.09170497459910376,0.013968290721657268,13.13045045045045,9655.966991855004,1.5078732115103182,0.7961030274525928,male
35,15V,dark,0.030583006253012305,0.007651099782673531,7.994407894736843,4996.742391812711,1.262870300827469,0.7197554831774176,male
36,15V,dark,0.013780788440798986,0.0039010541655078858,7.06516129032258,1933.9309837687465,1.3380259836181447,0.740595593063032,female
37,15V,dark,0.029840547556996288,0.006241686664812618,9.561693548387096,4254.740776694312,1.4894332997299635,0.8604414277724894,female
38,15V,dark,0.018418009279475296,0.004379247901924982,8.411494252873563,3391.8920020092264,1.450293680824487,0.8065495948843854,female
39,15V,dark,0.03965610319924194,0.00850681488994623,9.323372781065089,5170.245214411569,1.5030839112258083,0.7923309318128893,male
40,15V,dark,0.10442996160607658,0.0224751056116035,9.292945128779396,12529.782317068491,1.5383856669911902,0.7710743425472646,male
41,15V,dark,0.07990239814158813,0.02120411699638964,7.531591448931117,8282.55728217456,1.342310381671624,0.756741658978844,male
42,15V,dark,0.015430556831437967,0.00392622225689826,7.860256410256409,2548.6373160733397,1.1986207438285825,0.7551671583130051,female
43,15V,dark,0.0732894821287675,0.012873478746176024,11.385909980430528,9156.359994903922,1.5535909095700169,0.7533955635835586,female
44,15V,dark,0.00020889515854009968,2.516809139037346e-05,16.6,597.5044338232857,0.5553295621507675,0.5347540549384503,female
45,15V,dark,0.00783231004068422,0.0018372706714972623,8.526027397260274,1166.8079549568627,1.5424199222629627,0.9027124443417638,male
46,15V,dark,0.03611243593147735,0.009400282134304487,7.67935656836461,8132.369413604057,1.291145902615827,0.6772540316287602,male
47,15V,dark,0.07464730065927816,0.01946751869045387,7.669598965071151,9248.906539967787,1.2323352806320178,0.7270716104524475,male
48,15V,dark,0.022268727262202435,0.006820552766791207,6.529889298892989,4150.220594451667,1.1401462439260528,0.6594875675625265,female
49,15V,dark,0.005049977537478434,0.0011703162496523659,8.567391304347826,1740.2989189847697,1.4125840244810122,0.7647636358832524,female
50,15V,dark,0.0,0.0,,1279.4705756795122,,,female
51,15V,dark,0.0,0.0,,1221.8989443544103,,,male
52,15V,dark,0.021102186226258625,0.005335635374759173,7.909905660377359,4981.044473716327,1.4288139093864674,0.7410636826012034,male
53,15V,dark,0.0659567587021822,0.01442131636668399,9.147120418848168,11061.763678903058,1.3393355897807726,0.6753009136366893,male
54,15V,dark,0.006285407486947828,0.0016662346798978045,7.544444444444445,299.1037639508059,0.725594391559512,0.6038031100907417,female
55,15V,dark,0.06251778305887581,0.015378111865940802,8.135449735449736,5915.940107512722,1.571652301312383,0.8650100830555902,female
56,15V,dark,0.0,0.0,,298.0624608665213,,,female
57,15V,dark,0.0,0.0,,501.82570689360386,,,male
58,15V,dark,0.015822518975370632,0.0039021112047497365,8.109722222222222,1931.3168057347311,1.3487308034185073,0.7720917224522752,male
59,15V,dark,0.22519381840549982,0.06251507325942807,7.2044646727351545,19557.175176845943,1.2904891093073272,0.7501626455022109,male
60,15V,dark,0.06028490831393569,0.017532402426896385,6.876970633693972,7707.196481761954,1.421775960450469,0.7510934521257738,female
61,15V,dark,0.03842631106871781,0.007655183439873615,10.024113475177305,5896.58659158282,1.495711446742072,0.7811193514985683,female
62,15V,dark,0.018738263181141964,0.00403760117713688,9.281879194630873,2488.3255073490177,1.4987990991483837,0.8470272193435379,female
63,15V,dark,0.032933547588143,0.007533242464725186,8.743525179856114,3076.7886807307887,1.4732928316379568,0.8295569484470078,male
64,15V,dark,0.054595684373399525,0.012952841360210932,8.429916317991632,5906.984727180482,1.5532742674805196,0.8361046385821386,male
65,15V,dark,0.10688532941676987,0.022084865499104413,9.679509202453987,11043.18661625206,1.454724143630296,0.8187773593366188,male
66,15V,dark,0.030784676626082905,0.007560340459202615,8.14372759856631,4341.664441127977,1.4566331723684256,0.7688976754485647,female
67,15V,dark,0.043698225894301564,0.011245667708132921,7.77156626506024,5454.4274053655945,1.4620697753264367,0.7717287480550378,female
68,15V,dark,0.22735894816424637,0.0554695946952966,8.197606253053248,22282.776506101673,1.7398395820189463,0.7943602750202661,female
69,15V,dark,0.07486904894168783,0.019049890117632393,7.860312944523471,7270.484831933088,1.4848978892398317,0.8251956792049948,male
70,15V,dark,0.07736748403250675,0.01831824426674182,8.447041420118342,8278.14050156607,1.574296554178198,0.8164856862626142,male
71,15V,dark,0.14599992954521435,0.029943283897558744,9.751764705882353,14955.941494697612,1.3924152504267095,0.7863869093251603,male
72,15V,dark,0.030292848026317574,0.0072622625199508985,8.342537313432837,4381.151073626527,1.4041465960752495,0.7763258025526053,female
73,15V,dark,0.027085800379913882,0.006015754773989177,9.004954954954954,3333.4643645941405,1.5617345293771998,0.8549719068877583,female
74,15V,dark,0.02293167782652406,0.0065035186745828946,7.052083333333333,3627.65273718069,1.3446426461916086,0.7098950157130999,female
75,15V,dark,0.06209505434502793,0.01468711300676637,8.455719557195572,7034.042880154536,1.5783770217225608,0.7911820529500198,male
76,15V,dark,0.054004948093791576,0.011841823586636354,9.121052631578948,5598.787620567813,1.6995397582503788,0.9161714494061288,male
77,15V,dark,0.027550530985201785,0.008617162243822335,6.394339622641509,2965.856450893001,1.4096998010705375,0.7691294415703156,male
78,15V,dark,0.029959542694245198,0.0068828905972668965,8.705511811023621,3411.4915808461637,1.34012762031334,0.7983845859936538,female
79,15V,dark,0.03393888318325561,0.009917865978738914,6.8439890710382505,3844.659097534931,1.3729467792746985,0.763634262070677,female
80,15V,dark,0.01314930182017229,0.0034414452986334483,7.641732283464566,5166.639809281016,1.3904110658459716,0.6352242218785713,female
81,15V,dark,0.0350539656560018,0.00882039720240305,7.927384615384617,4799.795132413428,1.5379499484673866,0.7625972631172147,male
82,15V,dark,0.05628524432906721,0.012736057404391501,8.838723404255319,5706.337984111146,1.6683806074743885,0.8673811656098248,male
83,15V,dark,0.1581601545669605,0.04152767653665952,7.6165796344647525,13156.177770046146,1.278097527718669,0.7557712681490256,male
84,15V,dark,0.09026883920321058,0.021028043714484693,8.585567010309278,7910.237126074117,1.3815553430318748,0.8403295456786704,female
85,15V,dark,0.07290986394096972,0.016136855711308806,9.035126050420168,7215.511691791202,1.664132305775733,0.8954630674523995,female
86,15V,dark,0.044971831634740715,0.009267514111280625,9.705263157894736,6498.751517960017,1.4196869914567245,0.7605523300858309,female
87,15V,dark,0.06134308499827928,0.014361937073037226,8.54245283018868,6803.314618057528,1.5965193052345128,0.7976510290769129,male
88,15V,dark,0.04221325579693847,0.009728180017396913,8.678551532033426,4308.728485297944,1.7520198655401173,0.8983421721048972,male
89,15V,dark,0.10925233923437326,0.027301229436009444,8.002681231380338,9095.911502342478,1.3193778116985757,0.7811370945817648,male
90,15V,dark,0.04223222439307267,0.01021594391799063,8.26790450928382,5141.22435990407,1.3348266248189369,0.7699681781319567,female
91,15V,dark,0.0508114494446266,0.013345762280133648,7.606910569105691,5219.25722942123,1.561596554054632,0.8195688888946927,female
92,15V,dark,0.05287631662380667,0.013548997238714363,7.805200000000001,5820.541495092749,1.5541978657595283,0.7957795550991071,female
93,15V,dark,0.0380374548479667,0.008996534166506337,8.456024096385542,4900.025406184941,1.562092769467095,0.832392035965762,male
94,15V,dark,0.059096661256100434,0.015066484929450372,7.84478417266187,5790.525208771904,1.6056920462161366,0.8189016748894817,male
95,15V,dark,0.12202226913186155,0.03175884952754647,7.684300341296928,10607.143826153431,1.3140260387385372,0.7681364300467646,male
96,15V,dark,0.04402882142692619,0.009863669989784057,8.927472527472528,5179.501416389468,1.4266404823771597,0.8353221860970772,female
97,15V,dark,0.1490999401134322,0.031636908552398035,9.425107112253642,13959.916440478906,1.59734991817811,0.8657105215199655,female
98,15V,dark,0.061913497782029155,0.01891440014524525,6.5467048710601725,6252.704430912208,1.4933845810832906,0.7421336797266951,female
99,15V,dark,0.1295148646048706,0.0275451113863063,9.402952755905511,13509.823109266332,1.6531581025577506,0.8783664756067576,male
100,15V,dark,0.12228647457801647,0.023954627118046995,10.209841628959277,11749.694741101868,1.7193676717974948,0.8927971023264386,male
101,15V,dark,0.08334394671450365,0.020364142849787686,8.184687083888148,8626.659318374104,1.3983378557366921,0.7680832807730497,male
102,15V,dark,0.02116895328576732,0.005365402906530888,7.8909090909090915,2613.0047964032246,1.2321665226738074,0.7579796944325656,female
103,15V,dark,0.18692332080502722,0.037083605442361216,10.083771929824561,17017.023468558647,1.7262113858300934,0.9933746994696451,female
104,15V,dark,0.0,0.0,,327.7231446610783,,,female
105,15V,dark,0.0,0.0,,6012.91559502988,,,male
106,15V,dark,0.16179264072665983,0.03376410111887619,9.583707865168538,16164.395053615877,1.6959713049363856,0.8250248797850077,male
107,15V,dark,0.07764659337562427,0.018047264321967533,8.604804804804806,7769.413503852436,1.2965987331899387,0.7490719022186494,male
108,13V,dark,0.004406836150869332,0.0012961282796674506,6.8,396.41163314631336,0.7545471085149001,0.5997653289009018,female
109,13V,dark,0.04794651410793386,0.01639590834009721,5.848595041322313,5723.426735830251,1.4447686540811207,0.7354592256533667,female
110,13V,dark,0.0,0.0,,346.27919514486285,,,female
111,13V,dark,0.0,0.0,,380.41506137699645,,,male
112,13V,dark,0.052821997105643996,0.017818717919532566,5.914611872146118,6461.341409781537,1.3833382464268749,0.721803795379028,male
113,13V,dark,0.02038244524301208,0.00802181065274774,5.081756756756756,3617.721569131863,0.9965331635946829,0.6336667804759396,male
114,13V,dark,0.007337517683214361,0.002222258356504442,6.6036585365853675,1925.5766626323348,1.3020772997245336,0.7386483628759052,female
115,13V,dark,0.03282031686152078,0.008590925597706196,7.6406940063091495,5687.36911866355,1.345569235910344,0.7322904284499859,female
116,13V,dark,0.03559000959365193,0.010460874702569688,6.80440414507772,4828.49962818708,1.5079407555835607,0.7448284219699458,female
117,13V,dark,0.24103372954573787,0.06317175889038847,7.631059631059631,20756.248440742,1.4852249825202217,0.8225540031310368,male
118,13V,dark,0.04094782028976081,0.015176398532225455,5.396249999999999,5193.338315052672,1.3044062854611047,0.6938554948724983,male
119,13V,dark,0.05328135416836046,0.018563987490311493,5.74029197080292,7764.6518121871995,1.3472123683258606,0.6946264527825079,male
120,13V,dark,0.034839319880540065,0.011300996764175026,6.165707434052757,3714.5250274835826,1.1266140957328923,0.6968271345991675,female
121,13V,dark,0.028308048369350178,0.00802181065274774,7.05777027027027,3490.6869855127766,1.5264685347221343,0.8048166807001257,female
122,13V,dark,0.025622367843379568,0.0055014444679317275,9.314778325123154,5963.700602090528,1.3435659216332818,0.7130217672334087,female
123,13V,dark,0.06700379951977539,0.02571857536978921,5.210537407797682,9191.157067486753,1.4138258417114693,0.6987107177619611,male
124,13V,dark,0.10698547943869006,0.0302579445736245,7.069086021505377,9420.396862094614,1.405602596083416,0.7768812925519799,male
125,13V,dark,0.03156284384027925,0.010244069009252182,6.162169312169313,4568.394009219675,1.2489114173976799,0.6863421400667874,male
126,13V,dark,0.007206079231640623,0.001978351951522247,7.284931506849316,1628.7877952389433,1.1218216909223404,0.6926277914081239,female
127,13V,dark,0.0020257781969354517,0.0007046185032818961,5.75,1227.70239931125,1.0357257578107768,0.674490706699922,female
128,13V,dark,0.01633766402705735,0.005271088418781877,6.195876288659794,3172.6721528159137,1.3207742459462781,0.692628117798667,female
129,13V,dark,0.04152506544821867,0.014851189992249195,5.592153284671533,5359.234064714632,1.2958592131546423,0.6907632727163106,male
130,13V,dark,0.18515070705756734,0.046315116234952325,7.995260386190756,15182.72366899697,1.303396975643729,0.7956315267769763,male
131,13V,dark,0.027306677073339947,0.008943234849347144,6.1066666666666665,4108.727431285996,1.1161053749942276,0.6651080930149014,male
132,13V,dark,0.007926958161921332,0.0021951576448397533,7.222222222222223,1962.269023204745,1.1276328584835675,0.7022154001923034,female
133,13V,dark,0.019708992558144577,0.004986530946302649,7.904891304347826,3178.6050815315684,1.3324767655075167,0.7592492752963274,female
134,13V,dark,0.0812059274676553,0.021111454386792197,7.693068035943517,8887.066457113073,1.369159695680389,0.7635236750393236,female
135,13V,dark,0.03530951722792241,0.012791535905732884,5.520762711864407,5063.977579197641,1.2399594483336984,0.6879251986038113,male
136,13V,dark,0.057477899369637445,0.016992146213759572,6.765231259968102,5834.435434915625,1.3290162873350029,0.7553671565346046,male
137,13V,dark,0.08267343100429818,0.021572166485091897,7.664824120603016,7389.980254290066,1.2711962482265249,0.7435717018822758,male
138,13V,dark,0.024980080976926455,0.0075339978427833515,6.631294964028777,3381.4913163232586,1.1372777843199702,0.6934758407753464,female
139,13V,dark,0.02417112473373551,0.007046185032818962,6.860769230769232,4037.9148929433613,1.4488063689929576,0.7375526706360488,female
140,13V,dark,0.0005000081302134994,0.0001897049816528182,5.271428571428571,937.6213141350984,1.0303836917632634,0.6598913604690396,female
141,13V,dark,0.07681019203564285,0.02536626611814826,6.056089743589744,7499.6097419888265,1.378764277326431,0.7453843673539313,male
142,13V,dark,0.04770809281451731,0.015853916323842664,6.018461538461539,6129.151969868144,1.3028451732142456,0.7114016441151682,male
143,13V,dark,0.05281657696331106,0.013252248004032586,7.970961145194274,5146.558665538991,1.1891981366938496,0.740288957944075,male
144,13V,dark,0.029015376943798545,0.008157314211071182,7.1139534883720925,4137.878928762273,1.2109856281151958,0.7099100167210166,female
145,13V,dark,0.018122245890177077,0.0039296031913798055,9.22344827586207,3306.760089050037,1.3546761664917448,0.7750795323846054,female
146,13V,dark,0.0032642807200117074,0.0010569277549228443,6.176923076923076,1344.3129901259128,1.1211328776422838,0.7102616803916451,female
147,13V,dark,0.04509558421004135,0.01525770066721952,5.911190053285968,5150.526754351805,1.2988354162960207,0.7216994879453825,male
148,13V,dark,0.11733388618785129,0.03962124045377431,5.922777017783858,12270.167239055863,1.2412112947657967,0.694290459201833,male
149,13V,dark,0.017536870518219807,0.006124760836219559,5.726548672566372,3148.938705557755,1.0948386197162985,0.6699002922245451,male
150,13V,dark,0.027100711664688314,0.006341566529537065,8.547008547008547,4675.5968623055305,1.2555298910747505,0.7131469015245685,female
151,13V,dark,0.018872935603288944,0.004200610308026689,8.985806451612904,2425.5920474229188,1.297195547182952,0.7934860809531324,female
152,13V,dark,0.04863222708228318,0.015826815612177976,6.14554794520548,5314.718203571914,1.4002136756466512,0.720100382032568,female
153,13V,dark,0.12047079356303897,0.032222746169314406,7.477375946173255,10863.342186095055,1.6659576121975193,0.8744904226670449,male
154,13V,dark,0.028588540735079705,0.010298270432581559,5.5521052631578955,4217.6497366603135,1.3856665363130227,0.6908242760356982,male
155,13V,dark,0.057380336807644566,0.019837720938551847,5.784972677595629,7993.880583857715,1.2699333733244185,0.6858231641119096,male
156,13V,dark,0.017661533791877376,0.006368667241201754,5.546382978723405,3604.796222220422,1.0627455590777195,0.6548633637778933,female
157,13V,dark,0.03390841043485802,0.009105839119335274,7.447619047619048,4174.188175488206,1.4676900837007787,0.7899688477341607,female
158,13V,dark,0.0,0.0,,256.97265277881337,,,female
159,13V,dark,0.0,0.0,,183.66750722345978,,,male
160,13V,dark,0.031028959820484887,0.00964785335262904,6.432303370786516,3521.6328109478522,1.3126697148837574,0.7255621086986885,male
161,13V,dark,0.03776755177590964,0.013333550139026651,5.665040650406505,5364.1439778376,1.081343794320335,0.6620192512766853,male
162,13V,dark,0.03344998703847721,0.01610932118653483,4.152873563218391,1292.5282046689415,0.8229122652789564,0.5827780989036538,female
163,13V,dark,0.03908735643397995,0.010379572567575624,7.531592689295039,4585.331025913057,1.1677429235885823,0.7210936802203824,female
164,13V,dark,0.0,0.0,,321.8437557283705,,,female
165,13V,dark,0.0,0.0,,366.3966611441645,,,male
166,13V,dark,0.12452116365193425,0.032060185342018224,7.767962806424345,10886.013815199227,1.2617509851521493,0.7062830648244139,male
167,13V,dark,0.007364628374212554,0.003929608516139173,3.7482758620689656,3826.057909809695,0.7135812989594715,0.5550259348534565,male
168,13V,dark,0.08029003220923946,0.02329309323876979,6.89336437718277,11108.660523156133,1.4751980644254583,0.7066411218049113,female
169,13V,dark,0.18018610083917466,0.05636955664530676,6.393028846153846,16973.312176200987,1.469667041615881,0.7415740404223602,female
170,13V,dark,0.08805575165958208,0.021084382245215704,8.352699228791773,9041.19385499375,1.6407670101556302,0.8738428908287121,female
171,13V,dark,0.1591071387436364,0.04597641963882833,6.9220518867924525,14473.426952891059,1.388702292398515,0.7686095989468423,male
172,13V,dark,0.17882293319530018,0.05460800800014093,6.549330024813895,16276.374238040358,1.34823536514339,0.7221603587260547,male
173,13V,dark,0.06015688623241331,0.022114210683928038,5.440563725490196,9431.206950365488,1.1569078084900042,0.6374591065607386,male
174,13V,dark,0.1047525227409155,0.026789089780714294,7.821558704453442,11321.491269431674,1.3853283173617128,0.7595971496660985,female
175,13V,dark,0.07476554465051552,0.0197835463226317,7.558356164383562,8587.476598673054,1.4301612456854347,0.7896797605369604,female
176,13V,dark,0.05688989101434036,0.018076199174240196,6.294452773613193,7469.368036396495,1.2923463304053806,0.6978007995012078,female
177,13V,dark,0.05909318185821701,0.02139604085166812,5.519138149556401,7333.596109820328,1.3613650113687927,0.7101477289645052,male
178,13V,dark,0.08476843088021875,0.026098020696841546,6.4961578400830735,9142.180653018191,1.181816369210412,0.7138439005752658,male
179,13V,dark,0.03474993461944451,0.011639771432288103,5.976923076923077,6832.514014712469,1.1450343063825497,0.6594259561498047,male
180,13V,dark,0.16999350937076127,0.040705324077524405,8.352396804260986,16507.13366905447,1.2661432107852248,0.7476673592325606,female
181,13V,dark,0.19692894319276627,0.05459445762594734,7.21325719960278,17636.570292325127,1.5030653019220217,0.7936319285768499,female
182,13V,dark,0.04767292648786496,0.015989441548428362,5.963050847457627,5996.296864854959,1.4645171344882757,0.7250581965053808,female
183,13V,dark,0.10829459055511818,0.023929960825868207,9.050962627406568,10404.618007820462,1.3555413750183152,0.7780921899157681,male
184,13V,dark,0.08261527642085836,0.022222613677476705,7.435243902439024,7391.972333210762,1.4365040602717176,0.8248548324369044,male
185,13V,dark,0.14821263789199537,0.04382191014204857,6.764316635745207,13742.782518675864,1.117825450369662,0.6856366594651362,male
186,13V,dark,0.22254457056831625,0.05981135169047694,7.441549614861802,19771.357279656062,1.2411279551476904,0.7303623909871106,female
187,13V,dark,0.07798240348407222,0.01780519169036853,8.75951293759513,7826.441995161473,1.4111014115299598,0.8267073907844479,female
188,13V,dark,0.10177279545574651,0.02394351120006179,8.500339750849378,10110.970808538461,1.4797823602525537,0.8418482209980671,female
189,13V,dark,0.08084695258859573,0.0184827104000477,8.748387096774195,7271.402134386679,1.393223045020073,0.8193123999382163,male
190,13V,dark,0.21637508519797774,0.049445315432385666,8.749945175438596,19107.880877563584,1.5120995697170478,0.8487780792959343,male
191,13V,dark,0.09383227617830667,0.02737175587103838,6.856138613861386,9444.245219590912,1.197272355203348,0.7061714779964877,male
192,13V,dark,0.063301928082744,0.0193770350968242,6.533706293706294,7842.321446843629,1.1292962949437484,0.6824154142159946,female
193,13V,dark,0.11800749877707872,0.024715882529096043,9.549122807017545,11803.782013931599,1.5805915215213302,0.854131417896533,female
194,13V,dark,0.09529842666605239,0.027154949883941047,7.018862275449101,9761.075086737796,1.4714893318974966,0.7596948790168255,female
195,13V,dark,0.28856199363945434,0.07536718126471063,7.6574973031283715,25265.608066420853,1.5748525225826362,0.7717783913978333,male
196,13V,dark,0.13283567325711698,0.04588156701947325,5.790372120496161,14916.670715624188,1.3739268323889307,0.7020400143647912,male
197,13V,dark,0.08652049426344909,0.027832468593620215,6.217234664070108,9572.747784031544,1.1744936086719029,0.6667271835792725,male
198,13V,dark,0.15401219804684907,0.04258882609043249,7.231954169318905,14479.847037508001,1.2400876228020739,0.7106397507737995,female
199,13V,dark,0.09729846189702529,0.023523449600060708,8.272465437788018,9403.29280636433,1.4445765739352379,0.8204084333104299,female
200,13V,dark,0.03256019414976145,0.010271183638736183,6.340105540897098,4926.374189304391,1.4718937042186306,0.7257599802547121,female
201,13V,dark,0.06239540804919328,0.014769907871005858,8.448990825688075,6661.088696694953,1.3752222858897976,0.7961554085529413,male
202,13V,dark,0.07445253100664374,0.016490805393590945,9.027796052631578,8012.062763876688,1.296625145694044,0.7593478728752853,male
203,13V,dark,0.05246027369045796,0.01607074379358986,6.528667790893762,6649.502986876888,1.123710926969809,0.6759766090372359,male
204,13V,dark,0.12996841407775475,0.047223054064638,5.500459242250287,15531.163701191068,1.2444226893907075,0.6557890742639605,female
205,13V,dark,0.08309089455505314,0.027940871587168882,5.947623666343356,10101.333788327205,1.135197003094482,0.6557177300418378,female
206,13V,dark,0.08957339356926342,0.028157677574266213,6.362271414821944,9995.733200424365,1.3214739108904718,0.7246268765587135,female
207,13V,dark,0.18339618448563458,0.042832732825916986,8.56493670886076,15856.602776878368,1.4542213966601902,0.7930881107520809,male
208,13V,dark,0.06290083700661393,0.017019269987140696,7.39171974522293,6863.340571337133,1.2697142498033447,0.7144600029068678,male
209,13V,dark,0.2219442889915405,0.06052952152273685,7.33358710255262,18529.436770566048,1.12363392275965,0.7019144046774871,male
210,13V,dark,0.03869580358461599,0.012141135277450687,6.374330357142858,5564.6103523151,1.104579235767396,0.6687919969838638,female
211,13V,dark,0.05412290460401064,0.012899956232291355,8.391176470588237,7021.801139432202,1.4828721358718708,0.8085438473738418,female
212,13V,dark,0.0,0.0,,162.17471585959208,,,female
213,13V,dark,0.0,0.0,,127.89686917640162,,,male
214,13V,dark,0.20710933932440545,0.05313101721304034,7.792908163265305,18193.593640717467,1.432731198269682,0.809844125271562,male
215,13V,dark,0.08571289196151152,0.02543405236135596,6.736780383795309,7819.607982924506,1.139628339157632,0.6934424100341298,male
216,15V,dark,0.0,0.0,,68.69592143652658,,,female
217,15V,dark,0.0,0.0,,224.04187586518796,,,female
218,15V,dark,0.0,0.0,,367.1748576144804,,,female
219,15V,dark,0.0,0.0,,1121.1079179286749,,,male
220,15V,dark,0.02249146487100724,0.005536980105882161,8.12409090909091,3155.0909944537457,1.4817893257857424,0.7620517200546683,male
221,15V,dark,0.05093014973755973,0.011829002953475526,8.611063829787232,7238.220830895459,1.1966292337489377,0.7202256120794978,male
222,15V,dark,0.0,0.0,,511.0650401738466,,,female
223,15V,dark,0.0,0.0,,594.4232670469313,,,female
224,15V,dark,0.0,0.0,,422.2128003838034,,,female
225,15V,dark,0.1288883128192415,0.03250459003066732,7.926413632842758,14208.281994867037,1.4321647676203013,0.7831450141267039,male
226,15V,dark,0.0,0.0,,774.4412895426769,,,male
227,15V,dark,0.11296446139655222,0.02562111703540018,8.818074656188605,15059.922272979356,1.3525452576716346,0.7373402587429875,male
228,15V,dark,0.0004454752176096102,0.00010067236556149384,8.85,335.02753027293363,0.8891350085896927,0.6808262764918868,female
229,15V,dark,0.0,0.0,,794.593959011592,,,female
230,15V,dark,0.25382271848105536,0.049392379353607914,10.277777777777779,26163.33689332203,1.5348102492720286,0.7976947915751029,female
231,15V,dark,0.0,0.0,,1462.934349370659,,,male
232,15V,dark,0.029050269487338562,0.00538597155753992,10.787383177570094,4938.544852489793,1.4330881754145337,0.7747071931693271,male
233,15V,dark,0.046669191865169504,0.010973287846202828,8.505963302752294,6673.936653278369,1.3625020082668189,0.7350653859203696,male
234,15V,dark,0.0,0.0,,315.7646038644246,,,female
235,15V,dark,0.0,0.0,,612.6278031413239,,,female
236,15V,dark,0.005825154752301937,0.001258404569518673,9.258,1376.8728214176251,1.3687697375825776,0.8429779711091663,female
237,15V,dark,0.03173318802955237,0.006141014299251124,10.33483606557377,4023.0636836341,1.6217995783095747,0.8388078616372856,male
238,15V,dark,0.015136090162170596,0.003221515697967803,9.396875000000001,2203.7106662955466,1.672524150917806,0.8960151904769003,male
239,15V,dark,0.0931835999682882,0.02324273239900989,8.01863488624052,10719.111660626473,1.3083860431807897,0.733340740568932,male
240,15V,dark,0.025910550086389473,0.00538597155753992,9.621495327102803,2774.9450330435516,1.4375431096555817,0.828372380805035,female
241,15V,dark,0.012723728602403301,0.0029950028754544417,8.496638655462185,2888.2702830187764,1.3392384451430472,0.8044593479907376,female
242,15V,dark,0.0437106827222311,0.011036208074678762,7.911415525114155,5301.205412064627,1.6784484975473672,0.7930143661308391,female
243,15V,dark,0.2535030837203976,0.05407364435221737,9.376443202979516,22487.51108505628,1.6160095105554144,0.8625692401366002,male
244,15V,dark,0.09139540707500217,0.01946751869045387,9.38706338939198,12980.002056697012,1.7117229847585382,0.7659462812625466,male
245,15V,dark,0.020622734085272012,0.004945529958208385,8.360714285714286,3846.104647132157,1.3661681197271869,0.7529304044391275,male
246,15V,dark,0.0001157732203957179,2.516809139037346e-05,9.2,467.41970024519526,0.6666738281242548,0.6082875441780233,female
247,15V,dark,0.0,0.0,,706.906591909282,,,female
248,15V,dark,0.0,0.0,,523.4458187702327,,,female
249,15V,dark,0.0,0.0,,866.6828310369904,,,male
250,15V,dark,0.09170497459910376,0.013968290721657268,13.13045045045045,9655.966991855004,1.5078732115103182,0.7961030274525928,male
251,15V,dark,0.030583006253012305,0.007651099782673531,7.994407894736843,4996.742391812711,1.262870300827469,0.7197554831774176,male
252,15V,dark,0.013780788440798986,0.0039010541655078858,7.06516129032258,1933.9309837687465,1.3380259836181447,0.740595593063032,female
253,15V,dark,0.029840547556996288,0.006241686664812618,9.561693548387096,4254.740776694312,1.4894332997299635,0.8604414277724894,female
254,15V,dark,0.018418009279475296,0.004379247901924982,8.411494252873563,3391.8920020092264,1.450293680824487,0.8065495948843854,female
255,15V,dark,0.03965610319924194,0.00850681488994623,9.323372781065089,5170.245214411569,1.5030839112258083,0.7923309318128893,male
256,15V,dark,0.10442996160607658,0.0224751056116035,9.292945128779396,12529.782317068491,1.5383856669911902,0.7710743425472646,male
257,15V,dark,0.07990239814158813,0.02120411699638964,7.531591448931117,8282.55728217456,1.342310381671624,0.756741658978844,male
258,15V,dark,0.015430556831437967,0.00392622225689826,7.860256410256409,2548.6373160733397,1.1986207438285825,0.7551671583130051,female
259,15V,dark,0.0732894821287675,0.012873478746176024,11.385909980430528,9156.359994903922,1.5535909095700169,0.7533955635835586,female
260,15V,dark,0.00020889515854009968,2.516809139037346e-05,16.6,597.5044338232857,0.5553295621507675,0.5347540549384503,female
261,15V,dark,0.00783231004068422,0.0018372706714972623,8.526027397260274,1166.8079549568627,1.5424199222629627,0.9027124443417638,male
262,15V,dark,0.03611243593147735,0.009400282134304487,7.67935656836461,8132.369413604057,1.291145902615827,0.6772540316287602,male
263,15V,dark,0.07464730065927816,0.01946751869045387,7.669598965071151,9248.906539967787,1.2323352806320178,0.7270716104524475,male
264,15V,dark,0.022268727262202435,0.006820552766791207,6.529889298892989,4150.220594451667,1.1401462439260528,0.6594875675625265,female
265,15V,dark,0.005049977537478434,0.0011703162496523659,8.567391304347826,1740.2989189847697,1.4125840244810122,0.7647636358832524,female
266,15V,dark,0.0,0.0,,1279.4705756795122,,,female
267,15V,dark,0.0,0.0,,1221.8989443544103,,,male
268,15V,dark,0.021102186226258625,0.005335635374759173,7.909905660377359,4981.044473716327,1.4288139093864674,0.7410636826012034,male
269,15V,dark,0.0659567587021822,0.01442131636668399,9.147120418848168,11061.763678903058,1.3393355897807726,0.6753009136366893,male
270,15V,dark,0.006285407486947828,0.0016662346798978045,7.544444444444445,299.1037639508059,0.725594391559512,0.6038031100907417,female
271,15V,dark,0.06251778305887581,0.015378111865940802,8.135449735449736,5915.940107512722,1.571652301312383,0.8650100830555902,female
272,15V,dark,0.0,0.0,,298.0624608665213,,,female
273,15V,dark,0.0,0.0,,501.82570689360386,,,male
274,15V,dark,0.015822518975370632,0.0039021112047497365,8.109722222222222,1931.3168057347311,1.3487308034185073,0.7720917224522752,male
275,15V,dark,0.22519381840549982,0.06251507325942807,7.2044646727351545,19557.175176845943,1.2904891093073272,0.7501626455022109,male
276,15V,dark,0.06028490831393569,0.017532402426896385,6.876970633693972,7707.196481761954,1.421775960450469,0.7510934521257738,female
277,15V,dark,0.03842631106871781,0.007655183439873615,10.024113475177305,5896.58659158282,1.495711446742072,0.7811193514985683,female
278,15V,dark,0.018738263181141964,0.00403760117713688,9.281879194630873,2488.3255073490177,1.4987990991483837,0.8470272193435379,female
279,15V,dark,0.032933547588143,0.007533242464725186,8.743525179856114,3076.7886807307887,1.4732928316379568,0.8295569484470078,male
280,15V,dark,0.054595684373399525,0.012952841360210932,8.429916317991632,5906.984727180482,1.5532742674805196,0.8361046385821386,male
281,15V,dark,0.10688532941676987,0.022084865499104413,9.679509202453987,11043.18661625206,1.454724143630296,0.8187773593366188,male
282,15V,dark,0.030784676626082905,0.007560340459202615,8.14372759856631,4341.664441127977,1.4566331723684256,0.7688976754485647,female
283,15V,dark,0.043698225894301564,0.011245667708132921,7.77156626506024,5454.4274053655945,1.4620697753264367,0.7717287480550378,female
284,15V,dark,0.22735894816424637,0.0554695946952966,8.197606253053248,22282.776506101673,1.7398395820189463,0.7943602750202661,female
285,15V,dark,0.07486904894168783,0.019049890117632393,7.860312944523471,7270.484831933088,1.4848978892398317,0.8251956792049948,male
286,15V,dark,0.07736748403250675,0.01831824426674182,8.447041420118342,8278.14050156607,1.574296554178198,0.8164856862626142,male
287,15V,dark,0.14599992954521435,0.029943283897558744,9.751764705882353,14955.941494697612,1.3924152504267095,0.7863869093251603,male
288,15V,dark,0.030292848026317574,0.0072622625199508985,8.342537313432837,4381.151073626527,1.4041465960752495,0.7763258025526053,female
289,15V,dark,0.027085800379913882,0.006015754773989177,9.004954954954954,3333.4643645941405,1.5617345293771998,0.8549719068877583,female
290,15V,dark,0.02293167782652406,0.0065035186745828946,7.052083333333333,3627.65273718069,1.3446426461916086,0.7098950157130999,female
291,15V,dark,0.06209505434502793,0.01468711300676637,8.455719557195572,7034.042880154536,1.5783770217225608,0.7911820529500198,male
292,15V,dark,0.054004948093791576,0.011841823586636354,9.121052631578948,5598.787620567813,1.6995397582503788,0.9161714494061288,male
293,15V,dark,0.027550530985201785,0.008617162243822335,6.394339622641509,2965.856450893001,1.4096998010705375,0.7691294415703156,male
294,15V,dark,0.029959542694245198,0.0068828905972668965,8.705511811023621,3411.4915808461637,1.34012762031334,0.7983845859936538,female
295,15V,dark,0.03393888318325561,0.009917865978738914,6.8439890710382505,3844.659097534931,1.3729467792746985,0.763634262070677,female
296,15V,dark,0.01314930182017229,0.0034414452986334483,7.641732283464566,5166.639809281016,1.3904110658459716,0.6352242218785713,female
297,15V,dark,0.0350539656560018,0.00882039720240305,7.927384615384617,4799.795132413428,1.5379499484673866,0.7625972631172147,male
298,15V,dark,0.05628524432906721,0.012736057404391501,8.838723404255319,5706.337984111146,1.6683806074743885,0.8673811656098248,male
299,15V,dark,0.1581601545669605,0.04152767653665952,7.6165796344647525,13156.177770046146,1.278097527718669,0.7557712681490256,male
300,15V,dark,0.09026883920321058,0.021028043714484693,8.585567010309278,7910.237126074117,1.3815553430318748,0.8403295456786704,female
301,15V,dark,0.07290986394096972,0.016136855711308806,9.035126050420168,7215.511691791202,1.664132305775733,0.8954630674523995,female
302,15V,dark,0.044971831634740715,0.009267514111280625,9.705263157894736,6498.751517960017,1.4196869914567245,0.7605523300858309,female
303,15V,dark,0.06134308499827928,0.014361937073037226,8.54245283018868,6803.314618057528,1.5965193052345128,0.7976510290769129,male
304,15V,dark,0.04221325579693847,0.009728180017396913,8.678551532033426,4308.728485297944,1.7520198655401173,0.8983421721048972,male
305,15V,dark,0.10925233923437326,0.027301229436009444,8.002681231380338,9095.911502342478,1.3193778116985757,0.7811370945817648,male
306,15V,dark,0.04223222439307267,0.01021594391799063,8.26790450928382,5141.22435990407,1.3348266248189369,0.7699681781319567,female
307,15V,dark,0.0508114494446266,0.013345762280133648,7.606910569105691,5219.25722942123,1.561596554054632,0.8195688888946927,female
308,15V,dark,0.05287631662380667,0.013548997238714363,7.805200000000001,5820.541495092749,1.5541978657595283,0.7957795550991071,female
309,15V,dark,0.0380374548479667,0.008996534166506337,8.456024096385542,4900.025406184941,1.562092769467095,0.832392035965762,male
310,15V,dark,0.059096661256100434,0.015066484929450372,7.84478417266187,5790.525208771904,1.6056920462161366,0.8189016748894817,male
311,15V,dark,0.12202226913186155,0.03175884952754647,7.684300341296928,10607.143826153431,1.3140260387385372,0.7681364300467646,male
312,15V,dark,0.04402882142692619,0.009863669989784057,8.927472527472528,5179.501416389468,1.4266404823771597,0.8353221860970772,female
313,15V,dark,0.1490999401134322,0.031636908552398035,9.425107112253642,13959.916440478906,1.59734991817811,0.8657105215199655,female
314,15V,dark,0.061913497782029155,0.01891440014524525,6.5467048710601725,6252.704430912208,1.4933845810832906,0.7421336797266951,female
315,15V,dark,0.1295148646048706,0.0275451113863063,9.402952755905511,13509.823109266332,1.6531581025577506,0.8783664756067576,male
316,15V,dark,0.12228647457801647,0.023954627118046995,10.209841628959277,11749.694741101868,1.7193676717974948,0.8927971023264386,male
317,15V,dark,0.08334394671450365,0.020364142849787686,8.184687083888148,8626.659318374104,1.3983378557366921,0.7680832807730497,male
318,15V,dark,0.02116895328576732,0.005365402906530888,7.8909090909090915,2613.0047964032246,1.2321665226738074,0.7579796944325656,female
319,15V,dark,0.18692332080502722,0.037083605442361216,10.083771929824561,17017.023468558647,1.7262113858300934,0.9933746994696451,female
320,15V,dark,0.0,0.0,,327.7231446610783,,,female
321,15V,dark,0.0,0.0,,6012.91559502988,,,male
322,15V,dark,0.16179264072665983,0.03376410111887619,9.583707865168538,16164.395053615877,1.6959713049363856,0.8250248797850077,male
323,15V,dark,0.07764659337562427,0.018047264321967533,8.604804804804806,7769.413503852436,1.2965987331899387,0.7490719022186494,male
324,15V,dark,0.04445411531588255,0.013703830591023992,6.487837837837839,710.7759402242715,0.9789667455193016,0.6746739179157429,female
325,15V,dark,0.10994952403536705,0.025339611775466647,8.67807486631016,12492.99905664792,1.4405732454514621,0.7528217770346746,female
326,15V,dark,0.0,0.0,,223.7283573930162,,,female
327,15V,dark,0.0,0.0,,327.38203166141284,,,male
328,15V,dark,0.0553894852664186,0.013144094507394571,8.428041237113401,6464.026615043893,1.282248577372026,0.7511351540217659,male
329,15V,dark,0.0320743007206216,0.011599324637453353,5.530373831775701,4875.1299027697,1.0882083248598828,0.6507464717155899,male
330,15V,dark,0.04555038524392458,0.010948895218530735,8.320544554455445,6610.039586546953,1.3950827138970434,0.7597491708251705,female
331,15V,dark,0.1423708694344245,0.030299170431478617,9.39767441860465,15006.398398764382,1.6078540144143563,0.7789101883093503,female
332,15V,dark,0.0,0.0,,478.3989233708193,,,female
333,15V,dark,0.0,0.0,,346.1786685793481,,,male
334,15V,dark,0.00014770168054701113,8.130367736532724e-05,3.633333333333333,1673.4345449812931,0.621967576481413,0.5584849186348058,male
335,15V,dark,0.03760430584275327,0.011125053186155611,6.746585365853658,6078.440070689702,1.2926799060884915,0.6957503710113379,male
336,15V,dark,0.05029716494077027,0.011490919734299583,8.754245283018868,6500.2130903816305,1.4276839944705264,0.766573898782535,female
337,15V,dark,0.0,0.0,,2179.050595632067,,,female
338,15V,dark,0.0,0.0,,507.02702212378273,,,female
339,15V,dark,0.0,0.0,,377.60351497943213,,,male
340,15V,dark,0.026815307856374343,0.005176334125592501,10.360732984293195,4206.16729262367,1.526556366280571,0.7737954189885323,male
341,15V,dark,0.045280728047329584,0.015447698699412175,5.8624561403508775,7531.2407945109135,1.1666302435571678,0.6453514013480128,male
342,15V,dark,0.023237946052299945,0.005203435351380944,8.931770833333333,3146.643985809583,1.3936693412662775,0.7725765426369944,female
343,15V,dark,0.0,0.0,,661.9053659058685,,,female
344,15V,dark,0.026156748069715192,0.004634309609823653,11.288304093567252,4074.4139917009334,1.398365297655844,0.7348851843482487,female
345,15V,dark,0.0,0.0,,651.300844764541,,,male
346,15V,dark,0.0,0.0,,885.629225646963,,,male
347,15V,dark,0.08985140397900197,0.022737928436503185,7.9032181168057205,9465.968999544115,1.2764367037653934,0.7279980396551705,male
348,15V,dark,0.05219831592982951,0.015772913408873483,6.618728522336769,6426.742697773667,1.332321611434425,0.7035213065162997,female
349,15V,dark,0.034963291389669554,0.007181824833937239,9.736603773584907,5620.211775124314,1.2896960671581335,0.7091859326583234,female
350,15V,dark,0.01903454593251253,0.0038483740619588225,9.89225352112676,3178.5536395193963,1.3833790144792768,0.7627267147875496,female
351,15V,dark,0.06415266662511146,0.014228143538932267,9.017714285714286,6962.383433597059,1.4895162927061372,0.79838769485167,male
352,15V,dark,0.15643098537346845,0.03100380230197812,10.091083916083916,16755.53853199574,1.7456543089151577,0.8684223239054609,male
353,15V,dark,0.017320393401393543,0.004959524319284962,6.984699453551912,3481.676415631806,1.2509141270737534,0.7015157875012645,male
354,15V,dark,0.023423589448950777,0.005528650060842253,8.473529411764705,5280.253912680034,1.1422047121053471,0.6730181417057483,female
355,15V,dark,0.07673983094255353,0.018157821278256416,8.452537313432837,7147.128085834702,1.494043397134425,0.8289246069344061,female
356,15V,dark,0.06139647196242686,0.01257496876583728,9.764870689655172,6523.0107272648975,1.6930509897251524,0.8641439462354651,female
357,15V,dark,0.0658763045852564,0.014173941087355382,9.295411089866157,7559.504287173586,1.4688785779124842,0.821100146224549,male
358,15V,dark,0.040821221343841384,0.010054554767512136,8.119946091644206,4715.301718830351,1.690131965423162,0.8379099704001305,male
359,15V,dark,0.022670175372032076,0.006151978253976428,7.370044052863436,2810.812488782318,1.1898374828140783,0.6836524063627164,male
360,15V,dark,0.0032562122784813557,0.0009214416768070421,7.067647058823528,1406.3579580031158,1.0901709452344504,0.6694956811133896,female
361,15V,dark,0.0,0.0,,567.7995937154286,,,female
362,15V,dark,0.0,0.0,,489.3574314191152,,,female
363,15V,dark,0.11518291972345909,0.022507568017301423,10.22855421686747,13965.59281993776,1.5411478425702256,0.7810510794307491,male
364,15V,dark,0.0011775482605078228,0.00023036041920176053,10.0,989.6134501459784,1.481848334138002,0.9800787016679364,male
365,15V,dark,0.03921818383845501,0.010488174380127214,7.478552971576227,4210.27963789777,1.2087552556953904,0.712122201978796,male
366,15V,dark,0.013287731004073313,0.0038348234490646017,6.9163120567375875,2221.528850163433,1.2724977717631194,0.7080782839659393,female
367,15V,dark,0.0,0.0,,777.4315412693369,,,female
368,15V,dark,0.0,0.0,,588.2534202176369,,,female
369,15V,dark,0.02513096667362265,0.005691257415572907,8.831428571428571,3609.674146007072,1.4929525867601667,0.7808934797377505,male
370,15V,dark,0.13203310685742317,0.02739933927211528,9.637685459940654,14124.545664260355,1.5268190841329465,0.7860048874551339,male
371,15V,dark,0.01610896860865017,0.004444601029304556,7.248780487804877,2827.4808261345506,1.0500326527815587,0.6862682281128019,male
372,15V,dark,0.0,0.0,,322.3506796797082,,,female
373,15V,dark,0.00927810464867326,0.0014770168054701114,12.561111111111112,1238.0288236800875,1.5531701279833054,0.9238462723030869,female
374,15V,dark,0.0,0.0,,1152.4098939697376,,,female
375,15V,dark,0.0,0.0,,285.31775674184786,,,male
376,15V,dark,0.08837303211224244,0.01975679359977452,8.946090534979424,9218.161463524362,1.5742629997116482,0.8113296314850421,male
377,15V,dark,0.0674142991487505,0.018347529858775514,7.348596750369277,6223.921667677665,1.2503110321622215,0.7247076028000637,male
378,3V,dark,0.0072675091422487615,0.002592232560292552,5.6071428571428585,287.36639557449007,0.878372391684229,0.6437207180482584,female
379,3V,dark,0.06994123234565192,0.019810539694928526,7.061012311901505,7183.156120251497,1.5194860859694073,0.7951715913366827,female
380,3V,dark,0.0,0.0,,2092.511456010566,,,female
381,3V,dark,0.0,0.0,,1237.7111217604936,,,male
382,3V,dark,0.1919890513421591,0.037913792869822084,10.127662616154396,17312.613355303718,1.6115540451741266,0.8838814348627129,male
383,3V,dark,0.012311819943359666,0.003712787436144121,6.632116788321169,1871.2065091705988,1.2081869714068998,0.7031481971788967,male
384,3V,dark,0.0022249623978644697,0.0004742611688505264,9.28235294117647,676.77582438353,1.2061483432580264,0.7681945878085815,female
385,3V,dark,0.025805227713112645,0.007777883169148634,6.635540069686411,3721.336047535601,1.666789326782533,0.7951148722172233,female
386,3V,dark,0.13724576213769835,0.029200937682082415,9.402785515320334,12389.498366933656,1.667238675413754,0.8872719818946988,female
387,3V,dark,0.0038157698613802355,0.001327931272781474,5.746938775510205,752.2949353659629,1.1856140311347145,0.7182805221209025,male
388,3V,dark,0.051785254542744484,0.014688545915256304,7.05110701107011,7927.30383750941,1.4698794936885178,0.7359801903075153,male
389,3V,dark,0.0045109012317240075,0.0010569248905811731,8.535897435897436,1646.9696445514396,1.246472413613521,0.8154808952247858,male
390,3V,dark,0.0,0.0,,457.9685030951142,,,female
391,3V,dark,0.041916557134920526,0.010352443800051491,8.097905759162304,4704.472603491451,1.5477277924927653,0.8131500554480301,female
392,3V,dark,0.04118890499871272,0.010460846352931612,7.874870466321243,5190.416386080711,1.5378893215594445,0.8574546096112149,female
393,3V,dark,0.17410805024458326,0.039214623504383525,8.879751209398757,16140.915118206112,1.7180144049643427,0.8888323446673483,male
394,3V,dark,0.0032764671608016367,0.0007046165937207821,9.299999999999999,1228.0953315880788,1.662376394694297,1.017581387311918,male
395,3V,dark,0.0241439585902248,0.006246697109716934,7.7339130434782595,2970.8128536989484,1.3190205041157423,0.7830910699575471,male
396,3V,dark,0.00024932587162427677,8.130191466009025e-05,6.133333333333333,365.33481793347715,0.9185824441646255,0.6617313881325679,female
397,3V,dark,0.06564858602420087,0.01830648111763032,7.174222222222223,6547.301063810986,1.565926796491885,0.8126230699041674,female
398,3V,dark,0.13991788506619332,0.03807639669914226,7.34932384341637,13519.527572235185,1.6048049768335706,0.79667225062121,female
399,3V,dark,0.2013509668152685,0.045610374124310626,8.829174093879976,18104.58171469464,1.7072654545438029,0.9037484445143712,male
400,3V,dark,0.06661336874483394,0.012303689751893656,10.82819383259912,7093.212555575351,1.6024590759624253,0.8654520660993712,male
401,3V,dark,0.02890147562975108,0.007046165937207821,8.20346153846154,3208.4653857429053,1.2739634282427854,0.7753469063110232,male
402,3V,dark,0.014101817097792653,0.0038211899890242414,7.380851063829786,2945.221021515168,1.3311345403880381,0.6871659537590666,female
403,3V,dark,0.028608788736974755,0.008319895933549235,6.877198697068405,3692.3971440714868,1.369736328001795,0.7554201517720801,female
404,3V,dark,0.2572053821867505,0.05482459111912086,9.38284725654968,23573.582098161813,1.6409074744062548,0.8513659788476151,female
405,3V,dark,0.08548489816935188,0.02220897302131465,7.697802197802198,8862.374005059144,1.5360187999398045,0.8141422016513492,male
406,3V,dark,0.0,0.0,,624.5535733486169,,,male
407,3V,dark,0.000483746392227537,8.130191466009025e-05,11.899999999999999,411.51794868881643,1.0121327412824206,0.7247353199739173,male
408,3V,dark,0.002379436035718641,0.000677515955500752,7.024,1840.962133849599,1.0297627570714494,0.6754544388407354,female
409,3V,dark,0.0,0.0,,1432.7598395843588,,,female
410,3V,dark,5.149121261805716e-05,2.7100638220030083e-05,3.8,719.0908140241273,0.5462807461668208,0.530424591217371,female
411,3V,dark,0.0,0.0,,1025.3584270929794,,,male
412,3V,dark,0.0,0.0,,475.6244904963425,,,male
413,3V,dark,0.006642366427729373,0.0014092331874415642,9.426923076923076,1635.3380623427809,1.1678306672137826,0.7666671724743683,male
414,3V,dark,0.002833371725904145,0.0008672204230409626,6.534375,1903.4202644639238,1.1492530515729795,0.650378197969787,female
415,3V,dark,0.236018103226331,0.04008184392742449,11.776808654496282,20421.77973248147,1.7809556580879242,0.9032759806064011,female
416,3V,dark,0.07875851976314042,0.015271209636986952,10.31847246891652,7185.961976457552,1.6967610608257953,0.9196282986219543,female
417,3V,dark,0.05163213593680131,0.012994756026504423,7.940083507306889,5372.590416817888,1.5026274413080691,0.821071639129306,male
418,3V,dark,0.2544329868968414,0.04445859699995935,11.443963414634146,23314.075897400508,1.752616948341781,0.9251954969673339,male
419,3V,dark,0.013582839875879077,0.0024661580780227376,11.015384615384617,1699.0877526433856,1.1532387612289514,0.7783788049343646,male
420,3V,dark,0.0002953969565983279,0.00013550319110015041,4.359999999999999,1171.6629569876845,0.7666751486537828,0.590751248881103,female
421,3V,dark,0.0,0.0,,2067.2136169885835,,,female
422,3V,dark,0.007296846840743099,0.0015447363785417146,9.447368421052632,1431.0085473661325,1.423764770927223,0.8298114189560613,female
423,3V,dark,0.06809577365546958,0.01658559059065841,8.211437908496732,6665.352889244331,1.6255216506719723,0.8259027040098488,male
424,3V,dark,0.14150733749779806,0.030867626932614262,9.16865671641791,13801.578286122865,1.6308848064185255,0.8606073663401188,male
425,3V,dark,0.01984579736852803,0.004146397647664602,9.572549019607843,2703.065420996393,1.1863706089048902,0.7764135239925881,male
426,3V,dark,0.0040312199352294745,0.001300830634561444,6.197916666666667,1512.3464311051955,0.9317421722348365,0.6457544937987783,female
427,3V,dark,0.15446279759888346,0.042778357430317486,7.217870722433459,14444.075485066725,1.8128372958777388,0.8455748276719577,female
428,3V,dark,0.0,0.0,,207.58919935705237,,,female
429,3V,dark,0.0,0.0,,923.0549140923896,,,male
430,3V,dark,0.2964579465846421,0.07661350424802504,7.739051998585073,25268.07254740127,1.7474272216480524,0.8786687348681781,male
431,3V,dark,0.0,0.0,,309.9260265852345,,,male
432,15V,dark,0.0010186599990739454,0.0005556327267676066,3.6666666666666665,184.13569528238946,0.5880395559475943,0.5389706575055265,female
433,15V,dark,0.017189255258746736,0.0052306287188618366,6.572538860103627,3710.1024347460675,1.1548139726864641,0.681147312632448,female
434,15V,dark,0.0,0.0,,889.3948542352958,,,female
435,15V,dark,0.0,0.0,,870.619158645551,,,male
436,15V,dark,0.0,0.0,,313.7210137473157,,,male
437,15V,dark,0.02894465824705946,0.013984497804759065,4.1395348837209305,6187.124124010358,0.9393152223613996,0.5864329080583626,male
438,15V,dark,0.029061195728765785,0.009417854626267007,6.142939481268011,6461.779901735918,1.158121163729286,0.6505819427114246,female
439,15V,dark,0.03209523551412,0.009431405496232859,6.806034482758621,5373.615687569656,1.1456003258027678,0.708898721051144,female
440,15V,dark,0.02900428207490921,0.00636890888395035,9.108085106382978,4605.890664786384,1.4431201368655702,0.7904673764869621,female
441,15V,dark,0.16712152420185375,0.04588324570437422,7.284642646190194,14261.876063996546,1.3986001336391913,0.7808737658495447,male
442,15V,dark,0.023201799555531467,0.006721231503062496,6.9040322580645155,2665.702737541384,1.3341683864645932,0.7903090089207827,male
443,15V,dark,0.0823147596075668,0.02458127811805518,6.697353914002205,7967.8681742934505,1.3004156598298713,0.7394662695838766,male
444,15V,dark,0.020732831047753267,0.006721231503062496,6.169354838709677,4961.070818342628,1.1381340040137646,0.663586180175116,female
445,15V,dark,0.008470648815653965,0.002113935714672882,8.014102564102563,2470.5542420265897,1.332423471999507,0.7657961427891689,female
446,15V,dark,0.09937394980757765,0.023551412000650442,8.438895281933256,9912.757300340441,1.6190541564876497,0.8293701584008012,female
447,15V,dark,0.07701094910293241,0.01775163965526587,8.676488549618321,7575.381151362167,1.4872366974738087,0.8037232534055402,male
448,15V,dark,0.19459049270963197,0.04544961786546696,8.562909958258796,15704.434549737223,1.4503735616079751,0.8513375883711369,male
449,15V,dark,0.05980405442029378,0.015095669141958914,7.923339317773787,5415.182113204005,1.2647815228697321,0.7662240542464704,male
450,15V,dark,0.025331996314163368,0.00742587674128679,6.822627737226278,3879.5875221182678,1.1516656014964373,0.6934205256157124,female
451,15V,dark,0.07377635644208358,0.02894465824705946,5.097752808988764,12611.13326991208,1.362972956175451,0.6869703878334066,female
452,15V,dark,0.03326467559217302,0.00861835329828175,7.719496855345913,4539.95749712694,1.4389807309483102,0.7582203525670378,female
453,15V,dark,0.046180009756626374,0.01468914304298336,6.2876383763837635,4925.273256650764,1.343506571066138,0.7358881641106116,male
454,15V,dark,0.12754349829259037,0.029296980866171607,8.706938020351528,10964.337639621568,1.5915161053525435,0.8669249276095669,male
455,15V,dark,0.07491462951921514,0.017724537915334165,8.453211009174312,6599.542020110679,1.263966659671493,0.7612832337563238,male
456,15V,dark,0.018941406038267657,0.006558621063472275,5.77603305785124,2963.8639172999933,1.0944764760839456,0.6823262586265098,female
457,15V,dark,0.04831156160225487,0.012548105588378773,7.7002159827213825,5546.167703975569,1.5001774947254125,0.7828061221514351,female
458,15V,dark,0.035202449997289824,0.009485608976096266,7.422285714285715,5211.218227205415,1.3686517646342942,0.7307007237802678,female
459,15V,dark,0.09236679494823567,0.020272101468914304,9.112700534759359,8487.319305001914,1.4798196524593543,0.8268514014660346,male
460,15V,dark,0.054418938695864276,0.013632175185646918,7.983896620278331,4988.691507174795,1.4989518804253208,0.8462429943622006,male
461,15V,dark,0.020333080383760638,0.005908179305111388,6.88302752293578,2130.1819570453195,1.1724464487820168,0.7388255064554695,male
462,15V,dark,0.02832402840262345,0.006965147162447829,8.133073929961089,4428.43049322764,1.1897481351731838,0.7122237671717406,female
463,15V,dark,0.07701907962491192,0.015746110900319802,9.782616179001721,9640.965259742381,1.3874103571308138,0.7488268876681894,female
464,15V,dark,0.12034392107973332,0.028809149547400943,8.35456255879586,10915.855019328068,1.6020314882215763,0.8509124462261609,female
465,15V,dark,0.09924250636890888,0.024554176378123474,8.08355408388521,8977.549825683924,1.5277378061380988,0.8596911293492963,male
466,15V,dark,0.1355791641823405,0.03317252967640522,8.174183006535948,11757.724359043932,1.444935246093021,0.8407812589712422,male
467,15V,dark,0.03533660360995176,0.009079082877120712,7.784179104477611,3249.9848047939236,1.1048725856553394,0.7365085866866835,male
468,15V,dark,0.12781722586590058,0.032102010949102935,7.960304054054054,11135.353470037733,1.219043926607091,0.7478920252671276,female
469,15V,dark,0.03232017995555315,0.007398775001355087,8.736630036630038,5042.835612740378,1.5108640250032976,0.7537717955966622,female
470,15V,dark,0.042339693208303976,0.008225378069272047,10.306930693069306,4753.59321813061,1.6354464545236056,0.8701538315255716,female
471,15V,dark,0.09928044880481326,0.024405116808499105,8.131444444444444,8932.570206997145,1.452000355519598,0.8324344217680503,male
472,15V,dark,0.04273808878530001,0.015149872621822321,5.642039355992845,4700.79190307236,1.2190535096809991,0.7061001350491828,male
473,15V,dark,0.03889370697598786,0.010515475093501002,7.397422680412371,4170.360876976527,1.125246486295257,0.707476635479828,male
474,15V,dark,0.08068187977668166,0.0187273022928072,8.616497829232996,7171.967846775998,1.2555240976943196,0.7864745726655816,female
475,15V,dark,0.0515176974361754,0.015326033931378394,6.726017699115044,6379.810445797603,1.372447769149903,0.7015876192585275,female
476,15V,dark,0.11529622201745351,0.03048945742316657,7.563022222222222,10718.47095002486,1.4717455350253217,0.8136484185889239,female
477,15V,dark,0.12292807198222126,0.022440240663450593,10.956038647342993,11104.006737099016,1.5424691167745723,0.859379699814337,male
478,15V,dark,0.05133747086562957,0.01191121469998374,8.61002277904328,4959.179421588086,1.3588339572037174,0.8395433924034676,male
479,15V,dark,0.1155171011978969,0.03677706108732181,6.28201915991157,11150.907471617433,1.1291269840671485,0.6701028275101234,male
480,15V,dark,0.04404574773700472,0.011707951650495962,7.524074074074075,5639.859492000648,1.2885494230431782,0.7111687542381707,female
481,15V,dark,0.03050571846712559,0.008509946338554935,7.169426751592356,4028.3189524717727,1.3368706131500283,0.7280737740047492,female
482,15V,dark,0.0,0.0,,943.2598129254948,,,female
483,15V,dark,0.0,0.0,,3047.869122372387,,,male
484,15V,dark,0.0970377798254648,0.019011870562090086,10.206562054208273,8313.692893340634,1.2979417916297418,0.8099426846592997,male
485,15V,dark,0.10635806818797766,0.03341644533579056,6.365612327656123,9273.620160076307,1.0705278846310595,0.6806772800617498,male
486,3V,dark,0.01893273094228526,0.008517414409243246,4.445652173913044,876.809481129924,0.864417717474464,0.6075380622005473,female
487,3V,dark,0.10170584736128219,0.02682959548287174,7.581616161616161,9775.521950265867,1.3061896568737643,0.7581534572701142,female
488,3V,dark,0.0,0.0,,213.2617385580942,,,female
489,3V,dark,0.0,0.0,,248.67992532981515,,,male
490,3V,dark,0.10451225626363501,0.030894727570834293,6.765701754385965,9078.285114162283,1.3950908258585437,0.7601903120334103,male
491,3V,dark,0.017166899280478057,0.007804983807368664,4.398958333333334,4038.1224279245394,0.9545399237602981,0.5886822382865461,male
492,3V,dark,0.06449951896367159,0.018916245477580997,6.819484240687679,8978.09823646857,1.55827489813773,0.7362621829083243,female
493,3V,dark,0.04347755389639426,0.013712922939335221,6.3411067193675885,8569.549821389342,1.484032750525237,0.704421408464701,female
494,3V,dark,0.10547161885662408,0.027913657366630984,7.556990291262136,11007.912986035877,1.6086567940135263,0.8229555948425565,female
495,3V,dark,0.2075786934782314,0.05715524600604344,7.263679468942627,17324.477622041646,1.419460646588918,0.7972580428105557,male
496,3V,dark,0.04602772395289909,0.014905351021016545,6.176,6262.280190200478,1.2398685823834024,0.6946322214928147,male
497,3V,dark,0.16128944836650902,0.045163213593680133,7.140576230492196,16319.975995537323,1.3795131079805534,0.7119525694643442,male
498,3V,dark,0.04382173200178864,0.011924280816813236,7.35,5076.421168510685,1.3773552990229987,0.7735798543143324,female
499,3V,dark,0.06480440114364694,0.018672339733600725,6.9412191582002905,7791.904606387909,1.4163962461742077,0.7199036479173605,female
500,3V,dark,0.02512635672570089,0.007398474234068212,6.792307692307693,4483.956239126178,1.328897412090468,0.728066670711945,female
501,3V,dark,0.18265423650726975,0.04588138050651093,7.962020082693444,15667.248857810451,1.4273830295481538,0.8189360256615243,male
502,3V,dark,0.1532446239108931,0.040881312754915376,7.497546419098143,12740.091083617697,1.3049276774393972,0.779947615109502,male
503,3V,dark,0.2123484058049567,0.06913372809929674,6.143120344962759,20445.822115110976,1.3297153718311547,0.7212174616386411,male
504,3V,dark,0.10184419843087304,0.025935310776568788,7.853709508881923,10541.167752601435,1.4608056305887274,0.8120435658591957,female
505,3V,dark,0.25346549411238634,0.05298174772015881,9.568030690537084,24339.649570633163,1.578635359998051,0.837236496551694,female
506,3V,dark,0.024050461388365696,0.008401197848209325,5.725483870967742,4189.072977523959,1.6246227586835216,0.6972195832212335,female
507,3V,dark,0.06572175774739496,0.015311860594316997,8.584424778761063,6847.369957795524,1.4806382507796263,0.8144500357370703,male
508,3V,dark,0.05196276372308568,0.01336061464247483,7.7784989858012175,5359.44937704465,1.5186149905167525,0.8143716368402654,male
509,3V,dark,0.12129026138565563,0.03229041043916584,7.514945424013433,11377.614188163463,1.2874779906547515,0.7395866910839177,male
510,3V,dark,0.04667813927017981,0.01292700443095435,7.221802935010483,5414.1917487994215,1.34642418716644,0.7480876638236648,female
511,3V,dark,0.17821379693491782,0.04108456754156561,8.675461741424803,16271.900140657604,1.5558962938571932,0.869853676664098,female
512,3V,dark,0.03042317646580577,0.008184392742449085,7.434437086092714,4430.471725228862,1.2314132042839734,0.711511244232357,female
513,3V,dark,0.0,0.0,,1215.1448112632208,,,male
514,3V,dark,0.16597108361901922,0.042331196899686986,7.841549295774648,14467.493547278791,1.594063628649813,0.8451223115221386,male
515,3V,dark,0.12681201642298676,0.03292727543733655,7.702551440329217,10803.643631162844,1.2539588317666812,0.7577964279620208,male
516,3V,dark,0.03167658098348216,0.007940486998468815,7.978498293515358,3611.249548065041,1.268466635288602,0.74866107444065,female
517,3V,dark,0.12340953129446199,0.030312063849103645,8.142039355992845,11417.065311957596,1.6434244170142898,0.8499321171883225,female
518,3V,dark,0.0,0.0,,788.902728676412,,,female
519,3V,dark,0.11708017723817396,0.03216845756717571,7.2791912384161765,12064.376885164413,1.4366446660928447,0.7514140291512749,male
520,3V,dark,0.25292077128416374,0.05833412376861475,8.66974907063197,20995.538223579475,1.3997017591037189,0.8182637098017196,male
521,3V,dark,0.0784671879022751,0.021002994620523314,7.472,7246.085116540984,1.203545887863984,0.721489578230158,male
522,3V,dark,0.07969349178173146,0.0230626431252456,6.911045828437133,8273.745847981148,1.234015432645283,0.7454003330768397,female
523,3V,dark,0.040636051979024104,0.011273865499532514,7.208894230769231,5468.072382895995,1.5203144638253376,0.7821088223518454,female
524,3V,dark,0.115317280721961,0.02661282673206954,8.666293279022403,11614.639092937949,1.692630977667979,0.855133944722161,female
525,3V,dark,0.0037453082020081573,0.0007046165937207821,10.63076923076923,1034.4407569241923,1.4135395967473028,0.8500202551050294,male
526,3V,dark,0.044805485169175735,0.01308960826027453,6.845962732919254,5094.563557620025,1.2997493662542232,0.7389732465396872,male
527,3V,dark,0.10851366549682245,0.03005460778601336,7.221100090171325,10285.068117486198,1.2533849678450713,0.713571804833481,male
528,3V,dark,0.07019607311752192,0.020596485047222862,6.816315789473684,8963.969352099917,1.1665255029792438,0.7065327872664579,female
529,3V,dark,0.04330004471605306,0.014553042724156154,5.950651769087523,7319.899111426809,1.2620980318739052,0.6922371735044494,female
530,3V,dark,0.020849876014580142,0.0052846244529058655,7.890769230769232,2809.0851721941413,1.4349920629272086,0.7986285791205452,female
531,3V,dark,0.0,0.0,,333.1242166917257,,,male
532,3V,dark,0.13238119757720293,0.034553313730538354,7.662431372549018,11183.572863220095,1.22602213688939,0.754955049881906,male
533,3V,dark,0.15160097020284827,0.04047480318161493,7.490154052243804,14294.364768796704,1.1571751735814506,0.7111405340645373,male
534,3V,dark,0.06396834645455901,0.018970446754021056,6.743999999999999,6475.350015696244,1.2135772202640298,0.7073278453799059,female
535,3V,dark,0.1222496239786447,0.033943549370587675,7.203194888178913,11924.216079538051,1.5631746629637857,0.8082609420608221,female
536,3V,dark,0.0,0.0,,159.32009874916648,,,female
537,3V,dark,0.0,0.0,,819.3020510404581,,,male
538,3V,dark,0.11242428759197279,0.02636892098808927,8.527029804727647,9446.248164093191,1.4883182470572103,0.8459171292376501,male
539,3V,dark,0.10052575238146859,0.024498976950907195,8.206526548672565,8792.16029091936,1.2554977313304883,0.7459753678748869,male
540,3V,dark,0.0,0.0,,25.11543507933953,,,female
541,3V,dark,0.07549813348148048,0.01533864946714453,9.844169611307422,7444.219770344796,1.3651389019852989,0.8095203684774671,female
542,3V,dark,0.0,0.0,,250.82410262333943,,,female
543,3V,dark,0.0,0.0,,182.45378834676197,,,male
544,3V,dark,0.0800280215283386,0.019701790234199275,8.123933975240716,6978.5697476846935,1.4084583717850052,0.8132512309576816,male
545,3V,dark,0.019723470333494128,0.007398333884369191,5.331868131868132,4140.058999388486,0.9188794482138962,0.5911089667023853,male
546,3V,dark,0.01793486214166861,0.0042411694245559645,8.442307692307692,2860.472422983907,1.1906058259463168,0.7134491492881314,female
547,3V,dark,0.010077181153489684,0.002032509308892635,9.916,3386.3355665817517,1.3725528823319355,0.7445459608501791,female
548,3V,dark,0.03923826971127528,0.007859035994384854,9.985517241379311,5663.0031003970935,1.631031753338529,0.8168235509914595,female
549,3V,dark,0.08172177928574913,0.019281738310361462,8.474683544303797,7234.231961336516,1.492820892667193,0.8843057833686532,male
550,3V,dark,0.2014501276415846,0.04157159039788402,9.691720990873533,17518.136307437224,1.5871302588865461,0.9139505274786484,male
551,3V,dark,0.04215424306643324,0.011192351260968776,7.532687651331719,7690.099340713753,1.2034907983284018,0.6692690996609506,male
552,3V,dark,0.030999831979230466,0.007140882705242791,8.690874524714829,4513.533736257047,1.3153399679740563,0.7538342625298112,female
553,3V,dark,0.010447097847708142,0.002168009929485477,9.6375,2799.252455252267,1.4461669621458781,0.7568757311271487,female
554,3V,dark,0.12357927599308405,0.034444257754700516,7.175609756097561,11504.09521412126,1.6662652369527104,0.8605853333836078,female
555,3V,dark,0.103134942358036,0.024444311954948755,8.438359201773835,10267.483742279777,1.626980455298326,0.8107447761813305,male
556,3V,dark,0.050211109966883646,0.009905095365336774,10.12931506849315,5525.188945400601,1.7404079322073978,0.8750360863395422,male
557,3V,dark,0.10468235944520626,0.022140801404870437,9.456058751529989,10457.75835152902,1.3425216122620243,0.7701953370849449,male
558,3V,dark,0.03690223901225467,0.010216746792700312,7.223872679045093,5303.528242203782,1.2429514933963566,0.7063622228455835,female
559,3V,dark,0.023642148281039128,0.006747930905523548,7.00722891566265,5699.964608301779,1.342991062588042,0.7410467443523163,female
560,3V,dark,0.015852217603156624,0.0046341212242752075,6.841520467836258,4699.781639753114,1.5442724978793099,0.755304145758501,female
561,3V,dark,0.09663768760060922,0.020243792716570643,9.547389558232931,9711.617909070223,1.6972705650303554,0.8418125708122133,male
562,3V,dark,0.16837442615487178,0.035717963588273234,9.427996965098636,15260.999741842397,1.714758902108383,0.8778404439585895,male
563,3V,dark,0.1444152064216454,0.03834667562777438,7.53208480565371,14241.287315915812,1.3391381738867367,0.7398037826692576,male
564,3V,dark,0.014792602750120596,0.004986422837816597,5.933152173913044,4291.364349918864,1.0712803727881077,0.6376522289898872,female
565,3V,dark,0.07007279093338248,0.01994569135126639,7.026358695652173,8781.62628002289,1.823348809821106,0.7276463713819862,female
566,3V,dark,0.03927214486642349,0.012574457591015768,6.246336206896551,6603.558383238809,1.4272307280513172,0.6795202006404643,female
567,3V,dark,0.017174703660142763,0.0059484772440257785,5.772602739726029,4739.527626186284,1.3382771141110563,0.6467440529963243,male
568,3V,dark,0.05610403195646636,0.01602972341613325,7.002368866328257,7715.171704245798,1.4462082184371725,0.7685269192228467,male
569,3V,dark,0.04601059072850554,0.01466116714814554,6.27652495378928,8756.864693050808,1.3600971258259178,0.6564142815979225,male
570,3V,dark,0.010334632332616084,0.003143614397753942,6.574999999999999,3607.4949668238282,1.2360161137423082,0.663329052400318,female
571,3V,dark,0.037021479558376376,0.010894249895664523,6.796517412935323,6142.1343423523085,1.5641567713557976,0.7156114128471898,female
572,3V,dark,0.03578435889236373,0.011192351260968776,6.394430992736076,6648.2346875986605,1.3155970927447767,0.6855487063215854,female
573,3V,dark,0.07906461211592349,0.025433466485276505,6.220255863539446,9621.781511058702,1.5738015025658743,0.6996709314704299,male
574,3V,dark,0.0759088026623162,0.021300697557194815,7.12735368956743,8569.554180825158,1.8287905283514019,0.7357979463057817,male
575,3V,dark,0.05642652343347732,0.02016249234421494,5.597177419354839,9737.791131965287,1.1985985375005794,0.637256606388436,male
576,3V,dark,0.034651573704207565,0.00918694207619471,7.5436578171091435,4472.301383281886,1.1850930855100659,0.7154356904559466,female
577,3V,dark,0.05182085733952661,0.01219505585335581,8.498666666666665,6451.507080685897,1.3489089910350338,0.7517552155020876,female
578,3V,dark,0.00975333467027279,0.0033604153907024897,5.804838709677419,2835.20706009448,1.0435961546775778,0.6305010321094994,female
579,3V,dark,0.04301873702581558,0.015257369878754047,5.639076376554175,6852.116667230927,1.2845246598907323,0.6885396630916232,male
580,3V,dark,0.07012834618782554,0.018644885393575103,7.522529069767442,7981.050280203245,1.606214254195077,0.7420373178779941,male
581,3V,dark,0.03229521791209804,0.012899659080438589,5.007142857142856,6984.346626759869,1.1801909925448375,0.621190396805198,male
582,3V,dark,0.0,0.0,,378.8137855768355,,,female
583,3V,dark,0.049536316876331296,0.010352247413293153,9.570157068062828,5768.2890342572355,1.2762798709952519,0.7688601837139851,female
584,3V,dark,0.0,0.0,,162.63732644245775,,,female
585,3V,dark,0.0,0.0,,779.3054772373807,,,male
586,3V,dark,0.07995891621183625,0.01840098427650799,8.690721649484535,8793.453678098038,1.3432190000871727,0.7449589672634401,male
587,3V,dark,0.022092021181457012,0.006504029788456432,6.793333333333334,4298.658107212197,1.058962520788306,0.6559488158417508,male
588,3V,dark,0.0,0.0,,813.2264003963016,,,female
589,3V,dark,0.0,0.0,,1028.5566742770732,,,female
590,3V,dark,0.0,0.0,,179.26832715798741,,,female
591,3V,dark,0.0,0.0,,644.3461475903592,,,male
592,3V,dark,0.029593335537476763,0.010216746792700312,5.793103448275862,5359.1409718015475,1.2894642022345784,0.6583544350125664,male
593,3V,dark,0.0003197814645991079,0.00013550062059284232,4.720000000000001,1203.789114733112,0.706443735531336,0.5909466133271308,male
594,3V,dark,0.01021097749511669,0.004073282047009377,577.7227272727273,374.81307529242184,0.900046921644157,0.619826064047833,female
595,3V,dark,0.0,0.0,,247.018494692426,,,female
596,3V,dark,0.0,0.0,,178.1842115085235,,,female
597,3V,dark,0.0,0.0,,191.9423009400582,,,male
598,3V,dark,0.07686481110356817,0.022032609888658086,6.977367773677736,7615.83023541853,1.281221570088075,0.7275141215358061,male
599,3V,dark,0.02968982258735469,0.011111156278413057,5.344146341463415,5784.572180084346,0.8953646359617713,0.6078132450044702,male
600,3V,dark,0.032489291961891445,0.008170764921808625,7.949169435215946,6314.404055202034,1.370994856471003,0.7542299301966897,female
601,3V,dark,0.14300329134129272,0.03500014227700113,8.170487993803253,12691.397504634228,1.3619474387407764,0.800013063724228,female
602,3V,dark,0.08642582557923677,0.02214101141332553,7.80685434516524,8285.923626641108,1.387415719001178,0.8015202617383957,female
603,3V,dark,0.13443821587350627,0.03546084875683777,7.584480122324159,13832.361378153244,1.2392506146451436,0.6956466534244709,male
604,3V,dark,0.20835450550611995,0.05138232269236867,8.10996835443038,19975.651316385924,1.4304571671364346,0.7572611672196371,male
605,3V,dark,0.04714653311598828,0.015664020314445724,6.019723183391004,8600.716662126242,1.4124371126361737,0.6618618920227125,male
606,3V,dark,0.016711450046544906,0.005040670897036167,6.630645161290324,2994.575738543488,1.3133196921909416,0.7240460185309406,female
607,3V,dark,0.05503274403554486,0.015040711547607917,7.317837837837838,8628.785603793087,1.349922098536972,0.6935690115759465,female
608,3V,dark,0.057894544286765395,0.01436320201843639,8.061509433962264,8263.435333583466,1.4581288939930546,0.8269498104970192,female
609,3V,dark,0.03290257277468608,0.0077100584419719865,8.546830985915493,5874.922409106633,1.4139179652410205,0.7910083090251094,male
610,3V,dark,0.03219660784528934,0.006829296054049001,9.428968253968256,6034.794852107783,1.5101825274679124,0.8481351145626981,male
611,3V,dark,0.05122378546254253,0.013970246491516904,7.332038834951456,6215.448965172833,1.2418785669399162,0.7257158481225918,male
612,3V,dark,0.05966148913884474,0.015013611166441057,7.947653429602888,5885.221153124666,1.3757393513944027,0.7597603253752403,female
613,3V,dark,0.060769894728569356,0.014281900874935806,8.510056925996203,7253.450357637637,1.4211642305482646,0.7549413162721639,female
614,3V,dark,0.0,0.0,,863.7624475106102,,,female
615,3V,dark,0.10767523445217257,0.02649062259060674,8.127942681678608,11049.751227604405,1.4932095632173357,0.7876424163119657,male
616,3V,dark,0.003163969501231035,0.0007046099103383889,8.98076923076923,1169.0237345822825,1.5470949067193547,0.9248296230941123,male
617,3V,dark,0.04264651482323099,0.01314368486592764,6.489278350515463,4812.458059529566,1.342359668243678,0.7077487119009253,male
618,3V,dark,0.02987004012211432,0.008943125785064168,6.6800000000000015,3941.0916969237232,1.2263891356631282,0.7116231113774784,female
619,3V,dark,0.019573250297765438,0.0055013773768728055,7.115763546798029,2873.5417393441276,1.4369565312855037,0.7356272621884274,female
620,3V,dark,0.0113171191752812,0.0027371384978529725,8.26930693069307,3332.4049513698046,1.2704027807855254,0.7090938052581955,female
621,3V,dark,0.18168908545698695,0.04445817530423565,8.169817073170732,17298.94154050333,1.4784140195058408,0.7670332106000443,male
622,3V,dark,0.12116038412080266,0.025420157534515726,9.532622601279318,13688.524935509375,1.594884561931937,0.7930505235920302,male
623,3V,dark,0.035246755745619564,0.01097565437257875,6.422716049382716,4364.275734073984,1.2620809325975548,0.7157811947234395,male
624,3V,dark,0.01718299667884829,0.005176172802870473,6.639267015706806,3417.8912564027987,1.2115775867784886,0.6969836479557534,female
625,3V,dark,0.06814526346313061,0.02197840912632436,6.20110974106042,8523.83854649737,1.5145792753225544,0.728943713651978,female
626,3V,dark,0.15793424634517483,0.041951390046301,7.529392764857882,14592.082147363493,1.6818171722407274,0.8284481541086253,female
627,3V,dark,0.20396830881426348,0.04894328838735117,8.334883720930232,17244.68276811903,1.6883892896961572,0.8726223674688711,male
628,3V,dark,0.0,0.0,,336.3893345053583,,,male
629,3V,dark,0.050047628919900757,0.014281900874935806,7.00853889943074,5047.229903638465,1.2886088053564766,0.728687777912703,male
630,3V,dark,0.0326830596872345,0.010189743318739779,6.414893617021277,4734.592993538012,1.1740065859246094,0.7061058168682134,female
631,3V,dark,0.04118444925927883,0.008360467589976652,9.852597402597402,4943.9303521355605,1.476297453069202,0.8416913697616449,female
632,3V,dark,0.036752181919438694,0.010514947892742111,6.990463917525774,5493.062746267136,1.326482352940253,0.745609718784333,female
633,3V,dark,0.0007601656917304542,0.0001897026681680278,8.014285714285714,1402.0397685365074,1.3665088987680214,0.8307796521053284,male
634,3V,dark,0.047619434767350005,0.011178907231330209,8.52257281553398,4671.067930870315,1.4631076944344776,0.8492514751152789,male
635,3V,dark,0.0,0.0,,465.36295702334144,,,male
636,3V,dark,0.02589305918587745,0.009173479024982487,5.64112426035503,5308.441040910023,1.0551409150167714,0.641050893876211,female
637,3V,dark,0.07753012546121461,0.021382200740653418,7.251837769328263,8716.257763413267,1.3724802042034363,0.7248903893061315,female
638,3V,dark,0.1314368486592764,0.030609880527969625,8.587776793622675,12727.41779005407,1.4860732943496255,0.8324864323173761,female
639,3V,dark,0.21219056446028914,0.03972915879061839,10.681855388813096,18324.339654175157,1.4390418756684973,0.8414812420537178,male
640,3V,dark,0.06799214630953784,0.02027108511281211,6.708288770053477,7249.857162932734,1.175321830763611,0.7156266604550245,male
641,3V,dark,0.05077256411611429,0.01216807114392064,8.345211581291759,5357.255138299085,1.238304272004187,0.7568875299794486,male
642,3V,dark,0.010936358819886801,0.003929555269194861,5.566206896551724,2468.104798853673,0.9638673483944922,0.6284669015769634,female
643,3V,dark,0.028875456133290515,0.00850951968639439,6.786624203821656,3624.943181231131,1.459589959299883,0.7624008299247581,female
644,3V,dark,0.0,0.0,,179.81218400775876,,,female
645,3V,dark,0.0,0.0,,283.8434491385141,,,male
646,3V,dark,0.14171737825492517,0.03037952728805131,9.329794826048172,12786.053061535551,1.5896953829482672,0.9196107595507199,male
647,3V,dark,0.0,0.0,,392.5771788343638,,,male
648,3V,dark,0.009619301559086028,0.0038884568381290967,4.947619047619049,414.539786115058,0.8350781924381749,0.5928955352191064,female
649,3V,dark,0.06968405990341306,0.020135828766863418,6.921399730820997,8049.199064343534,1.2607032764427217,0.6969479240253715,female
650,3V,dark,0.0,0.0,,272.6550475282797,,,female
651,3V,dark,0.00045800264774311744,0.0002845578580652505,3.2399999999999998,269.3846717325972,0.5527462713057273,0.5227636366250199,male
652,3V,dark,0.09993129960283853,0.0205965687742467,9.703684210526315,10214.168285151578,1.408534565306325,0.7661390890604256,male
653,3V,dark,0.03675945511235293,0.011775275174223937,6.241244239631336,5254.7599317898885,1.098248695697136,0.6618652869375845,male
654,3V,dark,0.014727901711005749,0.004471623483882508,6.587272727272728,4017.620084321838,1.3804941355678015,0.684189462508141,female
655,3V,dark,0.0952686158428265,0.022710427148445705,8.389856801909307,12062.367666352575,1.5185215742684564,0.8168041670025922,female
656,3V,dark,0.009860607300670609,0.002439067354845004,8.085555555555555,1303.7564757808452,1.413321695108263,0.7930040742529572,female
657,3V,dark,0.23606377890125435,0.06160000108402994,7.6644082710074795,19743.54419724339,1.3849500462902806,0.8077326302403784,male
658,3V,dark,0.0,0.0,,2754.135712994118,,,male
659,3V,dark,0.048270497989801986,0.012899956232291355,7.483823529411765,6606.727831751553,1.3330028146859694,0.7426337882742806,male
660,3V,dark,0.0073402377006641034,0.002168059870973337,6.77125,2721.6993663961293,1.1651774362671203,0.6743686702194284,female
661,3V,dark,0.04697508221689542,0.01223598789680577,7.671840354767184,6844.483235672281,1.76666686425891,0.8686968915480763,female
662,3V,dark,0.006761636722598095,0.001869951638714503,7.231884057971015,1779.0226249801117,1.3661316832077033,0.7973519898087698,female
663,3V,dark,0.001611139491617061,0.00037941047742033395,8.492857142857144,2673.309215649581,1.2384990281601047,0.7255315779455738,male
664,3V,dark,0.0,0.0,,612.5724157867323,,,male
665,3V,dark,0.06028832486209107,0.01521707021939411,7.922459893048129,6606.345725966872,1.4014998409493136,0.750960483966,male
666,3V,dark,0.023435372167802414,0.0062060713806611776,7.5524017467248905,3215.176601626195,1.2269828511195913,0.7433449088634693,female
667,3V,dark,0.07256360884405823,0.015081566477458275,9.628057553956836,7570.06078654612,1.6109619482375024,0.9223469043925134,female
668,3V,dark,0.04301972798978844,0.00956656418066985,8.993767705382437,5123.864443502607,1.4609704046134289,0.783262119519267,female
669,3V,dark,0.0,0.0,,793.5635638430774,,,male
670,3V,dark,0.0563031598117582,0.009458161187121183,11.905730659025789,5628.094290303743,1.6894123040287896,0.8854516263646169,male
671,3V,dark,0.0894988665111987,0.023360845109737707,7.6622969837587,8203.848626434532,1.3167883026563927,0.7491620334049303,male
672,3V,dark,0.026333797207809893,0.006558381109694344,8.030578512396694,3414.414221923385,1.3989326051633828,0.7801124746959847,female
673,3V,dark,0.06868684678727403,0.01804909842585303,7.611111111111111,7440.65078650079,1.4908520553416422,0.7779634888969199,female
674,3V,dark,0.0,0.0,,1048.7379938877627,,,female
675,3V,dark,0.031897580851695216,0.008428332748408847,7.569131832797428,4768.268137839655,1.3281781045574734,0.7172726778583867,male
676,3V,dark,0.00018564012645209198,2.7100748387166713e-05,13.7,962.2159248323612,1.0770827080688492,0.8650662800963965,male
677,3V,dark,0.029865024722657715,0.008265728258085848,7.226229508196721,3340.8374337579253,1.257580132185321,0.7437673080564614,male
678,3V,dark,0.02617661286716433,0.006788737470985262,7.726,3595.2262561284147,1.3415755852928557,0.7563295234084267,female
679,3V,dark,0.08957474860668277,0.026098020696841546,6.864485981308412,9275.894574976945,1.4812106725603422,0.7670352518714311,female
680,3V,dark,0.0668141850737208,0.017669687948432697,7.5625766871165645,6530.032272870202,1.6086249568491697,0.8109607721453643,female
681,3V,dark,0.07385360446728736,0.015799736309718194,9.348713550600344,8404.487148291106,1.6285650042133404,0.8269517862362831,male
682,3V,dark,0.09224417232281869,0.021721249832314122,8.489513108614231,9318.504317795137,1.6441093094181125,0.8304805253480003,male
683,3V,dark,0.10489615670736747,0.026125121445228713,8.030290456431535,9299.959289758846,1.2280908928647218,0.7283247694960221,male
684,3V,dark,0.045885632131731316,0.012425693135515939,7.391703056768558,4634.570302728083,1.3932469082086434,0.7866047644653468,female
685,3V,dark,0.14120844947133215,0.03569168562589856,7.912680334092634,13320.405815520971,1.832356564279252,0.8470365827339693,female
686,3V,dark,0.02724031724136062,0.006680334477436595,8.16178861788618,3011.2790420234737,1.5870229595844123,0.8584007569498752,female
687,3V,dark,0.023499058926512256,0.005474351174207676,8.585148514851484,3089.432179709501,1.4605705374754596,0.8112951471809997,male
688,3V,dark,0.07421946457051412,0.016097844541977026,9.221043771043771,8062.419465782146,1.5880627095390663,0.8324792887089422,male
689,3V,dark,0.1033798698351055,0.02451262691619229,8.430199115044248,9757.76918086245,1.2036022812725653,0.7377664536290668,male
690,3V,dark,0.013683167860680473,0.0036315002838803396,7.535820895522388,2462.4573245511397,1.2870556154280353,0.7286150350981887,female
691,3V,dark,0.027268773027167147,0.006395776619371344,8.527118644067796,4352.861339428176,1.4391821082665603,0.7907333651276528,female
692,3V,dark,0.05030576419367821,0.014011086916165191,7.180851063829786,5135.170439127542,1.5643633299871527,0.7996247099994764,female
693,3V,dark,0.022074914598766645,0.0047968324645285085,9.203954802259886,2634.3058282968686,1.5702919601624181,0.8369919115359301,male
694,3V,dark,0.06942534218082433,0.01409238916132669,9.852884615384616,7676.736331122028,1.7245473426098237,0.8715251058099028,male
695,3V,dark,0.014909476725199766,0.004674879096786258,6.365697674418605,2537.624026726532,1.1751155172648158,0.716281858946651,male
696,3V,dark,0.04603062113560266,0.014797008619393025,6.221611721611722,5536.915772206268,1.3979451133917686,0.7331597669609677,female
697,3V,dark,0.06202141772145038,0.016639859509720363,7.4545602605863195,6239.956319120038,1.5253003046012643,0.8195586966755872,female
698,3V,dark,0.0,0.0,,139.65988909166083,,,female
699,3V,dark,0.0,0.0,,273.98885982110215,,,male
700,3V,dark,0.0,0.0,,479.22420476798965,,,male
701,3V,dark,0.12236529911773514,0.032588649935567975,7.508069883527455,10225.095168867405,1.2969939428585844,0.7477019962539052,male
702,15V,dark,0.016847328032287626,0.0061094706051152935,5.515151515151516,535.3918723352798,1.0593569197229618,0.6456496666187004,female
703,15V,dark,0.056247874377217934,0.013739483671829589,8.18777120315582,7521.72797250383,1.328605045455925,0.7332338192106381,female
704,15V,dark,0.0,0.0,,321.1980748048135,,,female
705,15V,dark,0.0002980953064893993,0.0002032467998791359,2.9,545.8882131242958,0.5509502218621818,0.5210159942296574,male
706,15V,dark,0.12282881606029113,0.028779746862885647,8.535781544256121,10967.432295291004,1.4503349111181825,0.8670169292839176,male
707,15V,dark,0.03784997405215855,0.01097532719347334,6.897283950617283,4073.6763136104896,1.185788317040904,0.724782796694931,male
708,15V,dark,0.2143752396618515,0.04738360394515589,9.049084668192219,19968.083759433994,1.433517515075663,0.8057868459149168,female
709,15V,dark,0.01586815515589707,0.0043359317307549,7.319374999999999,4082.4834141482934,1.2942428859969195,0.7207729603571854,female
710,15V,dark,0.07189110307458209,0.013441388365340189,10.696975806451615,6745.539160095621,1.5488437161911615,0.8249841310265004,female
711,15V,dark,0.09696904822233574,0.02384762451915195,8.132386363636364,9461.077288576691,1.5486168539524612,0.797611311512212,male
712,15V,dark,0.04518311859179777,0.012249007139382592,7.377433628318585,5402.032549934203,1.4423385798142963,0.7683158179981066,male
713,15V,dark,0.015797696265272304,0.004119135144217155,7.670394736842105,2911.0336539882514,1.090202893236138,0.6756495978096281,male
714,15V,dark,0.081682178914093,0.018536108148977194,8.81330409356725,10459.42267268584,1.333889350335845,0.7311453299475452,female
715,15V,dark,0.014156817100914746,0.0032519487980661745,8.706666666666669,2296.877632003576,1.5290114711138003,0.7765929505996115,female
716,15V,dark,0.0,0.0,,504.3424956572815,,,female
717,15V,dark,0.0003929438130996627,0.00016259743990330874,4.833333333333333,1512.3926764877922,0.5605423543416822,0.5250851756294754,male
718,15V,dark,0.09033642765294661,0.022059052680215553,8.190417690417691,9740.87893354953,1.682833423962652,0.7854460335158167,male
719,15V,dark,0.0271280278692012,0.0086718634615098,6.256562499999999,3566.020565283611,1.1525855059265218,0.6800559444574378,male
720,15V,dark,0.015437271940153303,0.003929438130996628,7.857241379310346,2996.850296508315,1.2649625101560233,0.720534308058294,female
721,15V,dark,0.039596541552453256,0.008861560474730325,8.936697247706421,7992.779412791574,1.499189584491041,0.777499463441656,female
722,15V,dark,0.0012533552659213382,0.0003522944531238356,7.115384615384615,1189.4437791476348,1.400699099809514,0.7210288119669497,female
723,15V,dark,0.07914430387293551,0.01848190900234276,8.564516129032258,9082.92277509615,1.5519032898472152,0.7940539215971082,male
724,15V,dark,0.020078073870726906,0.005013421063685353,8.00972972972973,3024.215046084834,1.3528434876071183,0.7777608165795362,male
725,15V,dark,0.027644274740894204,0.009051257487950853,6.108383233532934,3187.8012874595256,1.1756487321169966,0.6737579284165224,male
726,15V,dark,0.15030642842528444,0.030622517848456477,9.816725663716815,13359.905512190344,1.2791964999240157,0.7803297013520566,female
727,15V,dark,0.020870736390255537,0.004877923197099262,8.55722222222222,3558.9581222822526,1.4019630226469382,0.7599739678294052,female
728,15V,dark,0.0,0.0,,892.2242638862588,,,female
729,15V,dark,0.092329601270428,0.020460177854499682,9.025298013245033,11037.134877913577,1.4837285443342585,0.7850823908862496,male
730,15V,dark,0.08742186854267979,0.01848190900234276,9.460263929618769,10945.572880726948,1.6767536506243916,0.7901865727171175,male
731,15V,dark,0.016925038515268578,0.004227533437486027,8.00705128205128,2277.61339432125,1.1930374341185723,0.7372758325180717,male
732,15V,dark,0.04152332121530747,0.009918443834101833,8.372950819672132,4850.0607523314,1.2425993968259588,0.7449853628783137,female
733,15V,dark,0.1366482434734065,0.039307931096624886,6.953448275862069,13831.421828940605,1.517045460158771,0.7577982273338905,female
734,15V,dark,0.1577561011301877,0.035270094672359385,8.942582628747116,16329.446891776539,1.5219945995123347,0.7711520928248196,female
735,15V,dark,0.09292308192607507,0.01907809961532156,9.741335227272726,12743.718971376218,1.5536517799320273,0.7622337259827321,male
736,15V,dark,0.042059892766988384,0.009457751087709125,8.894269340974212,4953.0995460164195,1.567654565462616,0.8202947590365222,male
737,15V,dark,0.05355553176815231,0.012452253939261727,8.595206971677559,5730.610046640409,1.2218306601638669,0.719066232587682,male
738,15V,dark,0.017580848189545254,0.0040378364242655,8.708053691275168,3267.6129173619765,1.2208531411939263,0.6954790454097939,female
739,15V,dark,0.022849005242412457,0.0062329018629601685,7.331739130434783,4462.359901368118,1.1795213458411553,0.6975930242309709,female
740,15V,dark,0.23277178500824505,0.03560883933882461,13.073820395738204,23085.212123513607,1.4838548948036743,0.7768057318809536,female
741,15V,dark,0.06685871230957469,0.017370826496336818,7.697815912636505,8082.568681200551,1.3935980783930093,0.7389596691652155,male
742,15V,dark,0.13690704439858595,0.027221521397145603,10.055677290836655,14267.438587754461,1.55332722166766,0.7765167771676946,male
743,15V,dark,0.03799224681207394,0.010053941700687923,7.5576819407008085,4980.107656721471,1.1548044134522282,0.7025503939648788,male
744,15V,dark,0.019662095420307606,0.007750477968724383,5.073776223776224,5595.515328498446,1.2245052690361362,0.6261913582730682,female
745,15V,dark,0.0006842642262597575,0.00029809530648939936,4.590909090909091,2390.0832972763205,0.818676186463801,0.6040215810291472,female
746,15V,dark,0.04207344255364699,0.009295153647805816,9.052769679300292,5322.039716424015,1.308710854753659,0.7562143794035459,female
747,15V,dark,0.11606476256031349,0.028955894089447563,8.013483146067417,11324.105651423639,1.5939305027866426,0.8440619640616801,male
748,15V,dark,0.08067136482936076,0.021679658653774497,7.442125000000001,8764.582980325915,1.4761848183015864,0.7325153798832963,male
749,15V,dark,0.04237153786013639,0.01558225465740042,5.438434782608695,6415.88569382282,1.055341150373185,0.6298900458724973,male
750,15V,dark,0.0362226446744596,0.011571517806452138,6.260655737704918,6271.389837756064,1.1011736805111134,0.6457245628969188,female
751,15V,dark,0.02461454244402922,0.00563671124998137,8.733653846153846,4846.779963894128,1.4069895277135944,0.7045872551545169,female
752,15V,dark,0.0,0.0,,169.22500596431274,,,female
753,15V,dark,0.0,0.0,,171.17785983869948,,,male
754,15V,dark,0.07086538422452539,0.016910133749944108,8.381410256410257,7330.525887505048,1.7091474713654935,0.8334952620549532,male
755,15V,dark,0.030247188758013004,0.007858876261993256,7.697586206896551,3565.551529906134,1.2052867257993962,0.7202470976615352,male
756,12V,dark,0.022147327876745306,0.007777489722602867,305.6833333333333,712.1881792461431,0.8611645549622029,0.6252675856540535,female
757,12V,dark,0.011748269941909074,0.0028727026847574664,8.179245283018869,1809.1596654164098,1.4496042789542711,0.8519439217773394,female
758,12V,dark,0.0,0.0,,308.45945575704206,,,female
759,12V,dark,0.0,0.0,,268.41348135568035,,,male
760,12V,dark,0.07765657605897179,0.023252662673785198,6.679370629370629,8249.179769621867,1.6417465077144644,0.778867553832675,male
761,12V,dark,0.03980189165018022,0.012927179598363099,6.157861635220126,4700.085442181752,1.2129217020066048,0.6801297077676551,male
762,12V,dark,0.010376974985771972,0.003712837746280387,5.58978102189781,3609.0672469259807,1.1606928118843693,0.6536131490656392,female
763,12V,dark,0.13130843654299573,0.04356486625653812,6.027753578095831,13237.339459759098,1.53236591455971,0.7533037589560416,female
764,12V,dark,0.062050462072142876,0.01678907287460365,7.388852988691439,8342.098619119992,1.5346989692897417,0.7862600776758197,female
765,12V,dark,0.03652673514187376,0.012222553456733246,5.976940133037694,3975.300791671291,1.478993588578845,0.7250412155592563,male
766,12V,dark,0.05445676034580883,0.01785956258977208,6.098330804248862,6475.210333404723,1.342974078289099,0.7210527102909644,male
767,12V,dark,0.03266077671481612,0.009620856933792244,6.789577464788733,4648.817629497191,1.1701564168676062,0.6892059759904005,male
768,12V,dark,0.006313179218949023,0.0020867774194422615,6.050649350649351,1923.666401337503,1.1410190297157257,0.703466158519673,female
769,12V,dark,0.003609853925580639,0.0009349846879319223,7.585294117647059,1288.9788348677664,1.5552450931140183,0.8951342362229037,female
770,12V,dark,0.0064635897991815496,0.0027101005447302093,4.77,3180.583616962712,1.1547636395573941,0.6283319701227128,female
771,12V,dark,0.06056261687308599,0.018672592753191143,6.486792452830188,6381.018021188365,1.488924980087263,0.7545823258822062,male
772,12V,dark,0.13726117238949564,0.04211496246510746,6.518404118404119,12796.53552963901,1.573527690900558,0.7975441049293998,male
773,12V,dark,0.028695899617875824,0.009946068999159868,5.7702997275204355,4839.965281384379,1.2212219103076052,0.6562930686718876,male
774,12V,dark,0.005081438521369143,0.0013279492669178027,7.653061224489796,2747.1758077994764,1.2721268677176398,0.7327286350022595,female
775,12V,dark,0.02133120138757148,0.007181766443535055,5.940377358490566,4187.911261063398,1.3355901936783154,0.6850098821267964,female
776,12V,dark,0.025600964795793924,0.0059351201929591585,8.626940639269407,4858.509075629789,1.3082227699217284,0.7272665805353774,female
777,12V,dark,0.07439225995284425,0.027128106452749396,5.484515484515485,10096.206082445668,1.5199411202306088,0.6957848100101557,male
778,12V,dark,0.041791105450012196,0.011843139380471015,7.057437070938215,4872.369929473355,1.5125291409419104,0.8043441722604514,male
779,12V,dark,0.0370416542453725,0.011138513238841161,6.65109489051095,4397.86809082707,1.1464745824478837,0.6785132885732414,male
780,12V,dark,0.000762893303341554,0.00027101005447302095,5.63,701.8222049945175,1.0194648593749382,0.6928581952343501,female
781,12V,dark,0.027190438765278192,0.007452776498008076,7.2967272727272725,3909.1521310306825,1.3331770284566424,0.7489030296498314,female
782,12V,dark,0.012503048863112822,0.0026829995392829075,9.32020202020202,3052.2974511095344,1.308360814481305,0.7563650074066702,female
783,12V,dark,0.12001680262337733,0.03978427599663947,6.033378746594005,12714.48262200105,1.4989263234764352,0.7520364471020405,male
784,12V,dark,0.1196875254071926,0.03674896338654164,6.513790560471977,12721.027625552684,1.5192291294426619,0.7430735008208913,male
785,12V,dark,0.0543375159218407,0.016612916339196183,6.541598694942904,6410.071290819844,1.2015731724310261,0.6758802833008031,male
786,12V,dark,0.008302393018780998,0.0022493834521260738,7.381927710843373,1914.7576865879455,1.217651659826193,0.7303912707916846,female
787,12V,dark,0.0377408601859129,0.011870240385918317,6.358904109589041,5786.881510881717,1.3680639352759298,0.7090077339752217,female
788,12V,dark,0.03380443914469227,0.012791674571126588,5.285381355932203,5570.200729138667,1.4319097981290174,0.7022738080467984,female
789,12V,dark,0.0793530989999729,0.024743217973386814,6.414129244249726,9415.107462771512,1.5857844205754108,0.7221433647050812,male
790,12V,dark,0.10785522642890051,0.03195208542236917,6.751060220525869,10955.496522314626,1.5615569357487578,0.7656202719257412,male
791,12V,dark,0.004092251822542616,0.001111141223339386,7.365853658536586,1140.9995350786326,1.198814354199786,0.6990595475554461,male
792,12V,dark,0.009223827203989269,0.002954009593755928,6.244954128440368,1335.310375466119,1.182721924121882,0.6785216009515345,female
793,12V,dark,0.023331255589582375,0.007750887557928399,6.02027972027972,5016.328895147189,1.366428332022107,0.6898185912250457,female
794,12V,dark,0.02778937098566357,0.008645220737689368,6.42884012539185,5408.451735094051,1.4467845286902947,0.7085355505988026,female
795,12V,dark,0.017030271823084635,0.006368736280115992,5.348085106382978,3469.7415606960435,1.3974450562240484,0.6772535006460334,male
796,12V,dark,0.12997642212526084,0.031220358275292015,8.32638888888889,11795.984604712745,1.552910161249546,0.8166899418590158,male
797,12V,dark,0.04487384481964281,0.01357760372909835,6.60998003992016,5297.473735236959,1.1749975506227224,0.6865952234321773,male
798,12V,dark,0.013980053659990785,0.004336160871568335,6.448124999999999,2766.099895263451,1.1148928404071428,0.6798552167585377,female
799,12V,dark,0.025094175993929376,0.009078836824846202,5.528059701492538,6611.2196053497355,1.280366301039749,0.6756137624673949,female
800,12V,dark,0.007530014363532887,0.00284560557196672,5.292380952380952,1582.060299010896,1.174196265768113,0.6984817871254402,female
801,12V,dark,0.07479335483346432,0.02234477899130058,6.692233009708738,7520.490373759,1.3781674445542202,0.739378227887472,male
802,12V,dark,0.05671291904929673,0.01748014851350985,6.488837209302326,6000.1190127738855,1.4880755772331886,0.7727123559233566,male
803,12V,dark,0.04482641806011003,0.014444835903412017,6.20656660412758,6552.922491285278,1.1703770957544806,0.6637213939653805,male
804,12V,dark,0.005510989457708881,0.002032575408547657,5.422666666666665,2179.2652323763405,1.0507040684627913,0.6382687252120914,female
805,12V,dark,0.030411393262690045,0.007615382530691888,7.986832740213524,5056.139793998203,1.3460570736339084,0.7648673816354536,female
806,12V,dark,0.0,0.0,,198.25314932882733,,,female
807,12V,dark,0.0,0.0,,276.3940660542504,,,male
808,12V,dark,0.046983658093715276,0.012330957478522453,7.620439560439561,4577.2037095341275,1.5364395603724834,0.8193523425109773,male
809,12V,dark,0.047925418033009023,0.01436353288707011,6.673207547169811,5382.846027002173,1.2379034652801972,0.7171473444305649,male
810,13V,dark,0.02241417620264415,0.008887901344295077,5.04375,764.5219603608235,0.7643312158074724,0.5995846732288462,female
811,13V,dark,0.1176252188382467,0.03823910415887521,6.152090715804395,10826.31659269095,1.2079721213449004,0.7088166536195365,female
812,13V,dark,0.0,0.0,,254.68425004822342,,,female
813,13V,dark,0.0,0.0,,321.6697895964509,,,male
814,13V,dark,0.3094891915440245,0.08664109259377198,7.144166406005631,26855.665212840162,1.4148345307639663,0.7931395212942508,male
815,13V,dark,0.011240035393577394,0.004688429470979841,4.794797687861272,2711.0997269924665,0.8598344663624674,0.5912889217784887,male
816,13V,dark,0.1477668305810265,0.05372723367755801,5.501210898082745,16183.770806426064,1.409744511881773,0.6792128201059389,female
817,13V,dark,0.20865679205731266,0.05786009780660093,7.212459016393442,19341.262852034124,1.5321568209154663,0.7602918723001363,female
818,13V,dark,0.10695174847253407,0.030556093806530467,6.998580301685892,10425.180910304349,1.5792875284757832,0.795709602742389,female
819,13V,dark,0.1347842170661543,0.037819094374291144,7.129605734767025,12275.307432745854,1.532334082077686,0.7929598727808126,male
820,13V,dark,0.10503979067381945,0.03420114446460439,6.142472266244058,12141.889122416495,1.3441988775975195,0.7278027394226038,male
821,13V,dark,0.0853687124569945,0.022940783509736624,7.439243498817968,9651.101754102445,1.2817129119116133,0.7095797087282133,male
822,13V,dark,0.04287338394849774,0.01174817442583677,7.295842956120092,8680.871617875804,1.2515005063623086,0.723267598068201,female
823,13V,dark,0.18393006922886176,0.04588156701947325,8.017601890135854,17559.375955771582,1.5844764858800442,0.8011350092056211,female
824,13V,dark,0.1140927956725525,0.03525807365170389,6.471867794004613,12505.142446515185,1.5469954377263888,0.7265993350309068,female
825,13V,dark,0.20967984530892822,0.050231237135613505,8.346896923907178,18034.538075064873,1.5720695239940539,0.8565338259469033,male
826,13V,dark,0.22406356751541695,0.04841548699367333,9.257894736842104,19350.862703853065,1.6933028188088441,0.9054520339649664,male
827,13V,dark,0.0515971148543267,0.012642499122613272,8.150214592274677,5810.622077968237,1.2451610942122893,0.7653791705861618,male
828,13V,dark,0.1567886697191143,0.04104408343236399,7.639828269484809,13768.4799371753,1.3592691521861757,0.7344297512532898,female
829,13V,dark,0.08350011585569936,0.021192785238764368,7.880051150895142,8993.622424708365,1.5207326349060046,0.7874748031737773,female
830,13V,dark,0.05162557064013323,0.01566423256778236,6.591522491349481,6183.635924953716,1.4517432670976578,0.7503058342804543,female
831,13V,dark,0.2563337836574357,0.08840264123893782,5.799233599019006,25161.668791282846,1.6389145316066744,0.7736319092624152,male
832,13V,dark,0.12651171362097163,0.03279190554847172,7.71603305785124,11287.816201534828,1.7588230971133538,0.8702688276187505,male
833,13V,dark,0.1381176091177758,0.03376753249040972,8.180497592295344,13059.578636359647,1.2666368961025407,0.7086319715780829,male
834,13V,dark,0.008902595845184266,0.0020867576258118367,8.532467532467534,2361.016025983689,1.0771442778580544,0.6896051704825878,female
835,13V,dark,0.11652915295255878,0.03428244670976589,6.798181818181819,11795.930433609026,1.4584560077348416,0.7529554552640617,female
836,13V,dark,0.06446590522597281,0.019878398941986782,6.483083219645294,7055.677691081748,1.445908768723467,0.7297175041327102,female
837,13V,dark,0.08746089023248377,0.024146766812965542,7.244107744107744,7969.076347298318,1.5791458195603107,0.814530178294105,male
838,13V,dark,0.24202323347159233,0.06641038392275203,7.28738775510204,20648.71281321427,1.5959557855115651,0.824541908222943,male
839,13V,dark,0.10762249199511645,0.03254799881298722,6.613155703580349,9755.674269475332,1.2413635322503727,0.7256753849942407,male
840,13V,dark,0.05588716332401519,0.015555829574233694,7.185365853658538,7694.860824301937,1.1764901903712448,0.713495156954036,female
841,13V,dark,0.12487347338096741,0.02853708805168655,8.751661918328585,11630.237994898122,1.620512054220538,0.8308341422322858,female
842,13V,dark,0.160765704544931,0.04351025153559616,7.387788161993769,14272.419073972145,1.4754732604197853,0.7702770625636728,female
843,13V,dark,0.18841388804951847,0.04447232810334058,8.473308957952467,16644.392882302287,1.7134618671280206,0.8955257792475503,male
844,13V,dark,0.09086338919249255,0.024892037393612624,7.295969498910675,10742.198679484492,1.4643194742435195,0.7456571512905441,male
845,13V,dark,0.1399157437732643,0.03936383703235965,7.107369146005511,13667.284721300686,1.2074078060293112,0.7068350006865393,male
846,13V,dark,0.06192927517693401,0.017507083458109696,7.074767801857584,6870.534964536925,1.3011849599230418,0.7231508745173122,female
847,13V,dark,0.08583755540409248,0.020244259045213535,8.480187416331994,8711.53990248963,1.5134040851836117,0.8369220584900885,female
848,13V,dark,0.11656980407513953,0.02607091994845438,8.942515592515594,11325.678441674776,1.5716502168148596,0.7810561243510016,female
849,13V,dark,0.11356975122868018,0.03565103450331781,6.369733840304183,11040.09328424503,1.434760370049673,0.744941108594774,male
850,13V,dark,0.2918642198304306,0.0752994293937427,7.752015838732901,25271.026158092995,1.604388029768469,0.8051006175032647,male
851,13V,dark,0.085703406699576,0.024444875045224374,7.011973392461196,9192.842401110183,1.1240841884951052,0.6895869606317562,male
852,13V,dark,0.06838602848017648,0.01672116175488186,8.179578606158833,7817.15820224607,1.2452050263903707,0.7068726307014916,female
853,13V,dark,0.1559106054713701,0.03544777889041406,8.796636085626911,14984.924195426182,1.4358863526007863,0.7928148931764886,female
854,13V,dark,0.1084924260183445,0.03000052846459355,7.232700993676604,11470.500726998856,1.5166617593725573,0.7457262361584982,female
855,13V,dark,0.1208801781061184,0.0290655526452363,8.316791044776119,12522.720758673482,1.4263457114711253,0.7871457979514019,male
856,13V,dark,0.10432162084155953,0.03269705292911664,6.382255389718076,9616.52550827081,1.458476245421414,0.7577076096257158,male
857,13V,dark,0.1690138173165652,0.047426309677541745,7.127428571428571,17207.208819636133,1.195903659449803,0.6823148381329706,male
858,13V,dark,0.03430141723363691,0.008509634993570348,8.061783439490446,4476.718785311684,1.264160998252396,0.7198461337529832,female
859,13V,dark,0.11706439273320533,0.02700589576781163,8.665863453815263,13782.484980245712,1.6031552568488645,0.77829477468164,female
860,13V,dark,0.0,0.0,,154.88932453882776,,,female
861,13V,dark,0.0,0.0,,163.18730975450964,,,male
862,13V,dark,0.07709349893697315,0.016965068490366362,9.088498402555912,8783.067278967888,1.406344680443671,0.7797842757040565,male
863,13V,dark,0.24209776052965704,0.06677624402597877,7.2510146103896105,20624.184223345794,1.308815298362103,0.7369438264369821,male
864,15V,light,0.0047507994444265,0.0014987564197810007,6.339655172413794,943.3850370659409,0.9961049328099402,0.6691527012334728,female
865,15V,light,0.16024688865494716,0.03634108705997721,8.81904761904762,1659.0620628325373,1.5205882284177583,0.7537535439471286,female
866,15V,light,0.0,0.0,,544.9326031739748,,,female
867,15V,light,0.0,0.0,,117.07254847125823,,,male
868,15V,light,0.26621288378062674,0.07268217411995442,7.325396825396825,2215.4857394273477,1.311583274758674,0.7460360219386674,male
869,15V,light,0.062169216791889595,0.013555802316023246,9.172340425531916,667.2947823614979,1.1892695339179757,0.7212052240841431,male
870,15V,light,0.04852688807810449,0.010094746405549226,9.614285714285714,696.6223103704783,1.1580975049899886,0.7096021300960833,female
871,15V,light,0.0,0.0,,311.6221126654772,,,female
872,15V,light,0.0,0.0,,99.20162549021244,,,female
873,15V,light,0.14640266501305108,0.0361968763970408,8.098399999999998,1585.9578821388725,1.3332594128442277,0.7422325302652819,male
874,15V,light,0.15294982911036442,0.03114950319426618,9.82037037037037,1671.3734352706228,1.775878765500846,0.9071144969101804,male
875,15V,light,0.10373072985016513,0.023362127395699636,8.880246913580246,1371.6426982483752,1.2132816641238466,0.6962808240078628,male
876,15V,light,0.042109513577433914,0.009806325079676392,8.588235294117647,963.0003963233462,0.948111986316186,0.6023313487917303,female
877,15V,light,0.0,0.0,,155.66547517592502,,,female
878,15V,light,0.4886001470948762,0.11983906090016296,8.154216867469879,3714.300702524839,1.5949944495122381,0.8753959725751417,female
879,15V,light,0.10580736339644953,0.02249686341808113,9.406410256410256,1118.8552716586476,1.6021693612540342,0.890911344848531,male
880,15V,light,0.13989876411461863,0.024515812699190977,11.41294117647059,1577.086515324464,1.4122406702072947,0.8133943901353886,male
881,15V,light,0.2109657788096852,0.04758951876901778,8.866060606060607,2074.060299593516,1.41791635450094,0.7590675959518198,male
882,15V,light,0.0,0.0,,140.89709031726107,,,female
883,15V,light,0.20626451119795797,0.04845478274663628,8.513690476190476,1733.2106744782084,1.6005988967504083,0.7719640361541102,female
884,15V,light,0.49448394214268204,0.11738747963024386,8.424815724815724,3815.313186114878,1.5622162750135464,0.8409077517317489,female
885,15V,light,0.28129731912377604,0.06489479832138788,8.669333333333332,2229.6721928648176,1.5094005981399525,0.8006585336408654,male
886,15V,light,0.5785299165020261,0.12257906349595489,9.439294117647059,4320.742944582787,1.5500691875345332,0.8894246680115565,male
887,15V,light,0.22543010830220786,0.05032952136480971,8.944827586206896,2229.7695984718407,1.2833013729049012,0.7491213812900126,male
888,15V,light,0.3455720115945373,0.08162323522201231,8.467491166077737,2562.6281807593105,1.384809104492882,0.814940427384479,female
889,15V,light,0.4280316686615808,0.09979377875200092,8.578323699421965,3365.15994311463,1.6102454279628642,0.8728228501353678,female
890,15V,light,0.2433699147714982,0.06215479572559595,7.843720930232559,1901.2872945903634,1.4874560722192978,0.8523552824109318,female
891,15V,light,0.5860577131073071,0.14868119348744646,7.874757281553398,4339.241686423354,1.5932740616834877,0.8572122948926962,male
892,15V,light,0.4419335765686515,0.08840113638002393,10.001960784313725,3511.1966454446224,1.6426863920390977,0.8733315812237623,male
893,15V,light,0.27144773084521867,0.0716726994793995,7.558467741935483,2224.868592826044,1.3122013680172797,0.7596570306302896,male
894,15V,light,0.15586288450168007,0.03807161501521422,8.18787878787879,1593.104838357401,1.3116997408080198,0.786907798438664,female
895,15V,light,0.4312619875113566,0.08104639257026665,10.642348754448399,3541.5486158629574,1.589714189022857,0.9238753621492951,female
896,15V,light,0.1461719279523528,0.024804234025063814,11.786046511627909,1499.9665920090324,1.5346597460013296,0.851561855174977,female
897,15V,light,0.421945978685664,0.0954674588639084,8.839577039274923,3503.118298195143,1.6450693519397854,0.9097862893210307,male
898,15V,light,0.49059025424339875,0.10123588538136509,9.692022792022792,3793.086601750598,1.5957807324931796,0.91895954990785,male
899,15V,light,0.22418989660095467,0.0519158386571103,8.636666666666667,1912.9302445979213,1.291611954427577,0.7507587785145823,male
900,15V,light,0.4595561195794817,0.12229064217008205,7.5158018867924525,3444.0556765846345,1.378637393092927,0.7832490941862221,female
901,15V,light,0.14591234875906725,0.032303188497757526,9.033928571428572,1587.0720178436823,1.4674155713594215,0.8723943577282186,female
902,15V,light,0.5067418484922775,0.13065486062039428,7.756953642384106,3769.2415155403287,1.5675163988639487,0.8391330605483329,female
903,15V,light,0.34273106153468985,0.07268217411995442,9.43095238095238,2879.2905912243114,1.3412964860116943,0.7785986328266954,male
904,15V,light,0.3798220440419365,0.08796850439121469,8.635409836065575,2871.5804858741776,1.6255207529653184,0.8628852378087033,male
905,15V,light,0.23784664638103342,0.05840531848924909,8.156930693069306,1809.5466726052239,1.2973688409679076,0.7950689988601525,male
906,15V,light,0.2938869099981253,0.0781621793115383,7.519926199261992,2372.1860500880566,1.3371803862622196,0.7592242826931607,female
907,15V,light,0.6221247999077052,0.1094558931687409,11.247229551451186,4479.824752143841,1.595979646512862,0.8544314816678327,female
908,15V,light,0.025482024140864975,0.004903162539838196,10.394117647058822,579.0462412874328,1.4818734617028202,0.8061525954915676,female
909,15V,light,0.4005739584384869,0.0781621793115383,10.24981549815498,3149.4452988063326,1.436731451788967,0.8277889204791657,male
910,15V,light,0.28920006345269167,0.07138427815352667,8.11578947368421,2580.5644988743957,1.2463202529417898,0.7249921072853065,male
911,15V,light,0.25950708795408334,0.06042426777035894,8.584688995215311,2152.159056599993,1.2541358170690673,0.755935331434263,male
912,15V,light,0.26677530536607874,0.08796850439121469,6.0652459016393445,2295.3739640737367,0.9943120373116712,0.6544909038587822,female
913,15V,light,0.38672973479659084,0.06936532887241682,11.149166666666668,3146.73130069088,1.6117727182698502,0.8383297498535526,female
914,15V,light,0.0,0.0,,574.7906363480614,,,female
915,15V,light,0.0,0.0,,376.0601474150348,,,male
916,15V,light,0.3684726648688404,0.08854534704296035,8.322801302931596,2960.2746544311403,1.3217637454665745,0.7575418966814009,male
917,15V,light,0.053040681828014365,0.011825274360786236,8.970731707317071,972.2858670786212,1.206005394017776,0.6851684004026675,male
918,15V,light,0.03333059954601493,0.010450122491309203,6.378987341772151,5150.886974985474,1.1567018182221254,0.6719020109757289,female
919,15V,light,0.42049262335434895,0.11521542346233862,7.294620689655173,5997.148876952829,1.5588207073379157,0.8345708266982248,female
920,15V,light,0.0,0.0,,877.469868479171,,,female
921,15V,light,0.0,0.0,,185.7121367243206,,,male
922,15V,light,0.1517651542822659,0.03207927710460703,9.461881188118813,2203.895337434045,1.5089322112499866,0.8485361476392063,male
923,15V,light,0.24354047229589162,0.06669948704918294,7.302619047619048,3786.9847905214765,1.2660113600827936,0.7631363614723751,male
924,15V,light,0.2259524527942321,0.06971684479664597,6.482004555808656,3470.410524627148,1.4286519419868955,0.7426177223359053,female
925,15V,light,0.4808238974733599,0.11537423176483667,8.33801652892562,6884.46564337357,1.7644400569719012,0.8683369639521863,female
926,15V,light,0.36952309866759836,0.09909638075878607,7.457852564102564,5378.360812926888,1.6101934941180087,0.8580604642258534,female
927,15V,light,0.18339976813987835,0.042878241674474744,8.554444444444444,2667.459113876696,1.4459553646919256,0.8080094452544708,male
928,15V,light,0.13173942733726118,0.030808810684622594,8.552061855670102,2006.7949356617048,1.5208187570929996,0.8133873121610531,male
929,15V,light,0.24737569280121965,0.05732979720179771,8.629916897506924,3889.5506344473984,1.3563745788017922,0.7388168544225088,male
930,15V,light,0.14172052914926392,0.04160777525449031,6.812213740458015,2575.8398622181794,1.443464640408691,0.7504361195655912,female
931,15V,light,0.14929568517842112,0.044307516396957236,6.7390681003584225,2436.4728984812755,1.4534182427270717,0.7616282051549412,female
932,15V,light,0.43093426924359607,0.09083834902888724,9.487937062937064,6155.96276678324,1.59767628155383,0.8620434652110576,female
933,15V,light,0.22110879956804141,0.0535183979418444,8.262908011869436,3180.477683483537,1.606299859717713,0.8102509815315823,male
934,15V,light,0.22149787990916164,0.053359589639346346,8.302083333333334,3490.553224514042,1.594124633520526,0.7650266281242487,male
935,15V,light,0.2710857723641792,0.062094046276739354,8.731457800511508,4188.200899875902,1.4271538518958613,0.8221058588389927,male
936,15V,light,0.3998237227842272,0.10036684717877051,7.967246835443037,5623.2428295736345,1.418286979962247,0.8228401283762856,female
937,15V,light,0.22939859295843987,0.057012180596801604,8.047353760445683,3390.3916507860067,1.5795863482690637,0.8269778839762051,female
938,15V,light,0.1561244421858375,0.0535183979418444,5.834421364985164,2743.1377796942925,1.377270866639599,0.7111969969798921,female
939,15V,light,0.15261477870063048,0.032238085407105085,9.467980295566502,2898.233767418438,1.585860503565482,0.8449585046215398,male
940,15V,light,0.17468119233273516,0.03319093522209341,10.525837320574164,2532.4914724210007,1.6472471862384426,0.8960360113223641,male
941,15V,light,0.14495227810509934,0.03271451031459925,8.861650485436893,2402.1792981304243,1.2763436746889942,0.7530247642099699,male
942,15V,light,0.21920309993806475,0.06145881306674713,7.133333333333333,3033.438624305255,1.3241950382534657,0.7777498051698446,female
943,15V,light,0.29877399990471504,0.08226270069399229,7.263899613899613,4230.115769034281,1.503556633074131,0.8147769279794762,female
944,15V,light,0.12221092918737791,0.027473836332163448,8.896531791907513,2563.50202925073,1.5366903196127581,0.7503496378484228,female
945,15V,light,0.04024996426813194,0.01294287665359145,6.25679012345679,1887.4116820447762,1.0775249008710688,0.63161924327384,male
946,15V,light,0.14087090473089933,0.031126427289618702,9.051530612244898,2052.3521740145466,1.6208323461399354,0.8728613445679936,male
947,15V,light,0.38969175308485127,0.11076879099239309,7.028694404591104,5423.071697520362,1.2703914358323583,0.7319656411288837,male
948,15V,light,0.28606933570487064,0.0779748765265448,7.337474541751528,4147.852123314595,1.3762918169429375,0.7830817783258212,female
949,15V,light,0.34478870555352636,0.0750369229303308,9.198093220338983,5049.661013460081,1.7003269287437852,0.9250703683188385,female
950,15V,light,0.03566040432593816,0.0077816068224046755,9.16530612244898,790.697496626475,1.3418965647817485,0.7714694619137011,female
951,15V,light,0.13397862440248376,0.03874922580952533,6.91516393442623,2672.2446499864864,1.507102712884073,0.7183295851449938,male
952,15V,light,0.12058314408677286,0.02540932839968874,9.491249999999999,1800.4859888600217,1.59137553300546,0.8607211592488354,male
953,15V,light,0.3479092886976131,0.08107163842525687,8.578039215686273,4834.277258528666,1.2736299213037785,0.762807014850491,male
954,15V,light,0.31866473979259635,0.08559767504645144,7.445640074211503,4476.7530749623065,1.386492279599544,0.7968611790194968,female
955,15V,light,0.32784385967698393,0.07916593879528022,8.285140562248996,4774.822255917747,1.610111141532144,0.8181436556450593,female
956,15V,light,0.25937366005494766,0.07352824405659929,7.055075593952484,3805.3639516345092,1.6120043257631524,0.811512636438369,female
957,15V,light,0.06752529022217281,0.016039638552303514,8.41980198019802,1507.2028187584656,1.3809775422250343,0.7547456986372368,male
958,15V,light,0.1806126824310375,0.04526036621194556,7.981052631578947,2553.887877287529,1.4308425117329147,0.802588849363263,male
959,15V,light,0.32741507726023916,0.09052073242389112,7.234035087719298,4747.893210039803,1.3060826214542307,0.7506880403233334,male
960,15V,light,0.15637853546983435,0.04017850053200782,7.784189723320157,2535.557930261794,1.413621157000814,0.8353613159012271,female
961,15V,light,0.4163080245835252,0.08297733805523354,10.042911877394635,6032.7648207340535,1.99629210719248,0.8767192905986879,female
962,15V,light,0.16962314789817212,0.04859534056440471,6.981045751633986,2489.7494105563014,1.5789271470159445,0.7699237056058267,female
963,15V,light,0.44771236640251555,0.09139417808763042,9.795652173913043,6456.850473060552,1.6631878117987071,0.8994847339739762,male
964,15V,light,0.33899220251234735,0.072734202544109,9.321397379912664,5051.066090862834,1.6624478584512323,0.8762288998369447,male
965,15V,light,0.19998729533580015,0.05693277644555258,7.027932960893855,3473.6077568784526,1.2291839409557002,0.7177394263715082,male
966,15V,light,0.3034826660737823,0.08909145770140864,6.81283422459893,4247.519073023275,1.3371228414762055,0.7734022290868132,female
967,15V,light,0.5050342231891883,0.12267941367974719,8.22759067357513,7392.397911662808,1.7700436643557829,0.9361997220825579,female
968,15V,light,0.0,0.0,,1247.8688439478174,,,female
969,15V,light,0.0,0.0,,1040.781242095866,,,male
970,15V,light,0.3427797805269259,0.07924534294652925,8.651102204408817,5101.933429141307,1.5869056745304808,0.8501093450964368,male
971,15V,light,0.3336483031332878,0.07670441010656037,8.69958592132505,4774.79293659292,1.3182568414415539,0.7440493365952991,male
972,13V,light,0.004883688322270518,0.0017989751132957486,5.429411764705883,2109.8745148306884,0.8214521101371114,0.5974952422405158,female
973,13V,light,0.039552102594217965,0.010633992270516066,7.438805970149255,913.4883888435882,1.2835729107486957,0.7795235982359927,female
974,13V,light,0.0,0.0,,54.40040748132446,,,female
975,13V,light,0.0,0.0,,57.40717900992027,,,male
976,13V,light,0.06699361965527093,0.01944259276894264,6.917213114754099,1275.3640984231313,1.3169839581723823,0.7419002882865516,male
977,13V,light,0.03004475764212932,0.011744913182871472,5.116216216216216,883.0461062893088,0.9623103817662948,0.6350358355541399,male
978,13V,light,0.023553312382947656,0.006983461892518172,6.745454545454546,589.8590531525905,1.170397954062973,0.7253938992898743,female
979,13V,light,0.07898454115481066,0.028727422785131573,5.498895027624309,1656.4482229776638,1.480858558196384,0.7099173255177519,female
980,13V,light,0.021720153636161636,0.006348601720471066,6.842500000000001,624.8127524143582,1.2650694543817531,0.7335325244859088,female
981,13V,light,0.08877725930863727,0.03031457321524934,5.857068062827225,2132.638390007799,1.2883976343979395,0.7006098154349645,male
982,13V,light,0.03963908199219122,0.013173348569977462,6.018072289156628,1001.0102308487,1.335229932730016,0.6977856218973676,male
983,13V,light,0.06965209662571818,0.02317239627971939,6.011643835616439,1540.1421506516413,1.223167418896121,0.6845097864334643,male
984,13V,light,0.016696822524838905,0.006348601720471066,5.26,598.3664464264299,1.036701322252942,0.6397936285688768,female
985,13V,light,0.16609529251182428,0.044122781957273906,7.528776978417266,2675.7841613371816,1.4343250448460068,0.8102689025166613,female
986,13V,light,0.06931085928324286,0.018728375075389644,7.401694915254238,1430.3036253762048,1.5125417484674453,0.7759405341085516,female
987,13V,light,0.07047741484937943,0.023331111322731166,6.041496598639456,1617.2946313348273,1.2196223327150142,0.7157889121148037,male
988,13V,light,0.20898009713360632,0.06340665968320477,6.598746867167919,3383.401545966018,1.342694266944754,0.7404292010547492,male
989,13V,light,0.03754404342443577,0.011427483096847919,6.570833333333334,813.065802564072,1.116843218188778,0.685890930953545,male
990,13V,light,0.07223121607465956,0.01888709011840142,7.648739495798318,1188.6573284716803,1.2285226197607786,0.7526761193348356,female
991,13V,light,0.010625972129638447,0.0030155858172237564,7.0473684210526315,364.0194845958505,1.2968443453228216,0.7546561976167067,female
992,13V,light,0.1670713900263467,0.06356537472621655,5.2595,3532.4972101150283,1.375209818240576,0.6767216645967785,female
993,13V,light,0.07173919944132305,0.02602926705393137,5.51219512195122,1576.320014182872,1.1530036607537355,0.6812601885183938,male
994,13V,light,0.13325715011268768,0.040313620924991266,6.611023622047244,2251.285304503537,1.226698577580556,0.7472777737992917,male
995,13V,light,0.039678760752944166,0.009840332666730152,8.06451612903226,734.8946239874065,1.2046734620064599,0.7344556256535538,male
996,13V,light,0.0551455416944418,0.018093514903342538,6.09561403508772,1128.5036484718887,1.0836544684342262,0.6835290680282636,female
997,13V,light,0.11502872742278514,0.039996190838967716,5.751984126984127,2236.956076766733,1.3309540838067815,0.6993408727873129,female
998,13V,light,0.0014601783957083453,0.0004761451290353299,6.133333333333333,416.6433454619655,0.9386387767398143,0.6633253977624364,female
999,13V,light,0.03930578040186649,0.010633907881789036,7.392537313432835,941.887369549112,1.2558037925141816,0.7448993418108539,male
1000,13V,light,0.049860330762149636,0.016188934387201218,6.159803921568628,1084.3680721307833,1.3680504663087452,0.7433557004248396,male
1001,13V,light,0.11157667523727899,0.028727422785131573,7.767955801104972,1773.7053798254283,1.166180165391617,0.7400937582552002,male
1002,13V,light,0.017236453671078945,0.0052375964193886295,6.581818181818182,551.8594769978419,1.0594311574272497,0.6744036491729071,female
1003,13V,light,0.05747865282671492,0.017141224645271878,6.706481481481483,1108.4481672417996,1.4644558692828034,0.7497233910925034,female
1004,13V,light,0.02263276513347935,0.008570612322635939,5.2814814814814826,758.3364664274467,1.0771107741117167,0.6563178769073191,female
1005,13V,light,0.08872964479573374,0.030949433387296447,5.733846153846153,2113.106878857338,1.3148936157605728,0.7013297756446573,male
1006,13V,light,0.0665888962955909,0.020950385677554518,6.356818181818183,1443.185777831246,1.2469638755291792,0.7120482911562258,male
1007,13V,light,0.014220867853855188,0.0036504459892708627,7.791304347826086,343.1381454234057,1.171275175710869,0.7432838128905538,male
1008,13V,light,0.022132812747992253,0.005872456591435736,7.537837837837837,527.6548229485489,1.0697792510742201,0.7051530199388746,female
1009,13V,light,0.009626067358664255,0.002222010602164873,8.664285714285715,392.44794141689624,1.3488060204975447,0.880176637621058,female
1010,13V,light,0.0017855442338824874,0.0003174300860235533,11.25,257.99659447684206,1.0927350527661481,0.8218892145717266,female
1011,13V,light,0.0017538012252801322,0.0003174300860235533,11.05,154.2062832361164,0.7945636181794917,0.6549791358719202,male
1012,13V,light,0.15978636955210615,0.05348696949496873,5.974777448071218,3174.4441757880654,1.2662498405014366,0.6892377796904355,male
1013,13V,light,0.013347935117290417,0.003491730946259086,7.645454545454545,478.47823602999443,1.0672098880552894,0.7032773892081452,male
1014,13V,light,0.00605497889089928,0.0020632955591530964,5.869230769230769,348.1575740755991,1.2045669913576136,0.7099402504995356,female
1015,13V,light,0.015189029616227026,0.0038091610322826394,7.974999999999999,411.5408204416776,1.1212656996162693,0.7237990888998098,female
1016,13V,light,0.053423483477764024,0.018093514903342538,5.905263157894737,1121.2616396863166,1.296136500843603,0.7091992890300477,female
1017,13V,light,0.07502460083166683,0.018728375075389644,8.011864406779662,1311.5006473851693,1.4339720811350438,0.8093402329352899,male
1018,13V,light,0.030758975335682316,0.009840332666730152,6.251612903225806,928.3280347945723,1.280666410059213,0.6908440214508045,male
1019,13V,light,0.06435101418912484,0.019045805161413198,6.757499999999999,1285.2974205057724,1.2007102320294019,0.7190559650373199,male
1020,13V,light,0.004293241913468558,0.0015871504301177666,5.409999999999999,344.4034492027839,0.8743385829705398,0.6362649802671951,female
1021,13V,light,0.01462559121353522,0.004285306161317969,6.825925925925926,311.8158736914273,1.153204801414691,0.7227069013198635,female
1022,13V,light,0.0,0.0,,45.35090173877844,,,female
1023,13V,light,0.0,0.0,,35.71912548101032,,,male
1024,13V,light,0.03649652414055804,0.011744913182871472,6.2148648648648654,814.677850500943,1.6479201384826492,0.7037919877135895,male
1025,13V,light,0.030846268609338794,0.011268768053836142,5.474647887323942,990.3855117949881,0.9582644573566944,0.6339815556634562,male
1026,13V,light,0.014201283618258492,0.006375762578241982,4.454771784232364,4394.729880648028,0.8348435464349167,0.5864062565245969,female
1027,13V,light,0.13711392565787386,0.04063105101101482,6.759215686274509,2392.0794967289357,1.1621998079695914,0.6854613956344355,female
1028,13V,light,0.0,0.0,,57.40369602113636,,,female
1029,13V,light,0.0,0.0,,56.363407588742945,,,male
1030,13V,light,0.020751827192432525,0.008094402958424925,5.127450980392157,483.5394219315656,1.1105310563205832,0.6340800175508993,male
1031,13V,light,0.00068246926904367,0.00031742756699705587,4.3,140.72091644505633,0.6615066246516663,0.5784256390869139,male
1032,13V,light,0.18779808432463319,0.0491219159927944,7.6375404530744335,3139.526315756135,1.3931123557382303,0.74622668837786,female
1033,13V,light,0.11225032337933388,0.03507574615317467,6.400452488687783,2394.5944866424434,1.2730453656587306,0.7330510208391814,female
1034,13V,light,0.159245474673248,0.045233428297080464,7.041052631578948,2626.979406570533,1.6503068612713423,0.8244223957180317,female
1035,13V,light,0.20802615603152055,0.06816757001261775,6.105128205128206,3380.898525305401,1.6202249208444506,0.7515079435636504,male
1036,13V,light,0.04119416250704292,0.015236523215858682,5.407291666666667,1087.1145493370425,1.0542217390553263,0.671481626760784,male
1037,13V,light,0.12276511153611136,0.05158197963702158,4.76,2778.310118502654,0.9662140794006796,0.6214588159859629,male
1038,13V,light,0.24488743224905368,0.07038956298159714,6.962302483069978,3833.0316292882453,1.4532500101410253,0.7650985620177244,female
1039,13V,light,0.2003126661534921,0.05221683477101569,7.672340425531915,3331.5285633908843,1.4293661044955344,0.7860060225455129,female
1040,13V,light,0.11155991842111528,0.037615166689151124,5.931645569620253,2082.389671829996,1.291576423509186,0.7167486232318285,female
1041,13V,light,0.1606897701030846,0.057692460301714904,5.572176308539945,3011.4437973271715,1.2867806826484225,0.7112738638867342,male
1042,13V,light,0.129272376659551,0.03809130803964671,6.7875,2036.3331604440677,1.155421654601587,0.7279528132080412,male
1043,13V,light,0.08286446636458143,0.036266099529413634,4.546929824561404,2825.5499918138225,0.9782788601037056,0.6247224404832719,male
1044,13V,light,0.24828390721592217,0.059041527461452394,8.410483870967742,3938.4092488447773,1.2088570700135266,0.7541383648313633,female
1045,13V,light,0.2596478141144168,0.08110274336774778,6.40293542074364,4135.489073881841,1.4191942155648047,0.7562863907461654,female
1046,13V,light,0.0390515264298128,0.013649385380873402,5.722093023255815,944.2923947829163,1.1987043270773983,0.704104521861344,female
1047,13V,light,0.026576623046828503,0.007300834040932285,7.280434782608697,612.3044240483496,1.177829952398938,0.7403418755428779,male
1048,13V,light,0.1539285629260473,0.04459857316308635,6.902846975088968,2348.5622330277274,1.3875505561589099,0.7777623601741859,male
1049,13V,light,0.13090712862958584,0.03951973209113346,6.624899598393574,2269.0767475986972,1.0942359053677355,0.6877060259212141,male
1050,13V,light,0.25543396316253086,0.06967535095585377,7.332118451025058,3949.8723289340446,1.1545407922200228,0.716299605939546,female
1051,13V,light,0.18844087514780222,0.04459857316308635,8.450533807829183,2845.43368221643,1.7156573176924543,0.8433538731046506,female
1052,13V,light,0.059200241244950914,0.017696586860085864,6.666666666666668,1161.8322040310911,1.4110495868522166,0.7605278664842715,female
1053,13V,light,0.12029711220270925,0.03364732210168792,7.150471698113208,1754.8945647230312,1.3662874964694558,0.7950344831817111,male
1054,13V,light,0.23891979398950902,0.07007213541460008,6.824716553287981,3562.809980400384,1.4298835994316703,0.7704306730091324,male
1055,13V,light,0.28177251553411153,0.09173656686214915,6.143079584775086,4382.743851747272,1.1898245359085848,0.6944939030042233,male
1056,13V,light,0.19747168942886845,0.06332679961591264,6.236591478696741,3214.2166357265696,1.1529096309535645,0.6688627110848868,female
1057,13V,light,0.1906946108734813,0.045074714513581936,8.461267605633802,2895.613810539959,1.4887315519419773,0.8634689077451241,female
1058,13V,light,0.20373294818788537,0.060311237729440616,6.756052631578948,3277.0043685861733,1.6039971168828215,0.7827078489587423,female
1059,13V,light,0.3117614849261584,0.09126042551165356,6.8323478260869575,4616.108967693498,1.3377247858549128,0.7550743468600246,male
1060,13V,light,0.0993310214025537,0.04094815614262021,4.851550387596898,2361.1278483469428,1.1813144978751904,0.6601014215933558,male
1061,13V,light,0.07127042448001397,0.026029060493758582,5.476219512195123,1658.6553186808842,1.530356653961129,0.6629282294468953,male
1062,13V,light,0.2916365771785451,0.0854673724139573,6.830111524163569,4509.220729471607,1.178605207279641,0.7076718972062599,female
1063,13V,light,0.41098934236943807,0.0993548284700785,8.273162939297125,5747.252760312911,1.4601945145507134,0.8309514255522735,female
1064,13V,light,0.08826073500353138,0.029520763730726197,5.979569892473117,1779.7397521309365,1.3684623934519589,0.7130484482073223,female
1065,13V,light,0.23255537127121806,0.06316808583241412,7.363065326633166,3545.0277278870485,1.3884520053021763,0.78670435106348,male
1066,13V,light,0.32977549935324135,0.0872132240324411,7.567030965391622,4827.797742131659,1.2972247709817462,0.7868520669402144,male
1067,13V,light,0.11480561529366018,0.04285272154460254,5.358148148148149,2717.7293261781992,1.0384706277988813,0.6433651737963199,male
1068,13V,light,0.2928824803790085,0.10356074373278948,5.659202453987731,4620.481923401038,1.2906881844325229,0.670258191356019,female
1069,13V,light,0.2457365509907708,0.07824589526477427,6.281135902636916,3767.828188451166,1.1432546531339556,0.6642644429050156,female
1070,13V,light,0.15423805480386943,0.05459754152349361,5.65,3038.51107133262,1.3903845939589987,0.6998400261295116,female
1071,13V,light,0.3848650536055804,0.098005761310341,7.851215559157212,5323.786163183151,1.4703585823813996,0.8142013499870582,male
1072,13V,light,0.05153436550197202,0.016347519700348378,6.304854368932039,892.3092364630593,1.101013858887787,0.7113413655642302,male
1073,13V,light,0.21783466785172959,0.06705657352812805,6.498104265402844,3087.552913861157,1.098991820905268,0.6936188218878573,male
1074,13V,light,0.10740955298262878,0.032695039400696756,6.570388349514563,1972.4347304745183,1.1312550228739844,0.6924627585794838,female
1075,13V,light,0.10149746454730861,0.031266615349210006,6.49238578680203,1735.5112881884404,1.3992646431479527,0.7518526182692044,female
1076,13V,light,0.0,0.0,,31.167446932397837,,,female
1077,13V,light,0.0,0.0,,22.498140874147847,,,male
1078,13V,light,0.0072214771491830206,0.0023013498607286553,6.42857142857143,279.74879096458983,0.8705526307095595,0.6374318075777095,male
1079,13V,light,0.18938522215961845,0.06197773245617516,6.115384615384615,3311.8061310625976,1.1322576967986977,0.6629773507000711,male
1080,15V,light,0.0047507994444265,0.0014987564197810007,6.339655172413794,943.3850370659409,0.9961049328099402,0.6691527012334728,female
1081,15V,light,0.16024688865494716,0.03634108705997721,8.81904761904762,1659.0620628325373,1.5205882284177583,0.7537535439471286,female
1082,15V,light,0.0,0.0,,544.9326031739748,,,female
1083,15V,light,0.0,0.0,,117.07254847125823,,,male
1084,15V,light,0.26621288378062674,0.07268217411995442,7.325396825396825,2215.4857394273477,1.311583274758674,0.7460360219386674,male
1085,15V,light,0.062169216791889595,0.013555802316023246,9.172340425531916,667.2947823614979,1.1892695339179757,0.7212052240841431,male
1086,15V,light,0.04852688807810449,0.010094746405549226,9.614285714285714,696.6223103704783,1.1580975049899886,0.7096021300960833,female
1087,15V,light,0.0,0.0,,311.6221126654772,,,female
1088,15V,light,0.0,0.0,,99.20162549021244,,,female
1089,15V,light,0.14640266501305108,0.0361968763970408,8.098399999999998,1585.9578821388725,1.3332594128442277,0.7422325302652819,male
1090,15V,light,0.15294982911036442,0.03114950319426618,9.82037037037037,1671.3734352706228,1.775878765500846,0.9071144969101804,male
1091,15V,light,0.10373072985016513,0.023362127395699636,8.880246913580246,1371.6426982483752,1.2132816641238466,0.6962808240078628,male
1092,15V,light,0.042109513577433914,0.009806325079676392,8.588235294117647,963.0003963233462,0.948111986316186,0.6023313487917303,female
1093,15V,light,0.0,0.0,,155.66547517592502,,,female
1094,15V,light,0.4886001470948762,0.11983906090016296,8.154216867469879,3714.300702524839,1.5949944495122381,0.8753959725751417,female
1095,15V,light,0.10580736339644953,0.02249686341808113,9.406410256410256,1118.8552716586476,1.6021693612540342,0.890911344848531,male
1096,15V,light,0.13989876411461863,0.024515812699190977,11.41294117647059,1577.086515324464,1.4122406702072947,0.8133943901353886,male
1097,15V,light,0.2109657788096852,0.04758951876901778,8.866060606060607,2074.060299593516,1.41791635450094,0.7590675959518198,male
1098,15V,light,0.0,0.0,,140.89709031726107,,,female
1099,15V,light,0.20626451119795797,0.04845478274663628,8.513690476190476,1733.2106744782084,1.6005988967504083,0.7719640361541102,female
1100,15V,light,0.49448394214268204,0.11738747963024386,8.424815724815724,3815.313186114878,1.5622162750135464,0.8409077517317489,female
1101,15V,light,0.28129731912377604,0.06489479832138788,8.669333333333332,2229.6721928648176,1.5094005981399525,0.8006585336408654,male
1102,15V,light,0.5785299165020261,0.12257906349595489,9.439294117647059,4320.742944582787,1.5500691875345332,0.8894246680115565,male
1103,15V,light,0.22543010830220786,0.05032952136480971,8.944827586206896,2229.7695984718407,1.2833013729049012,0.7491213812900126,male
1104,15V,light,0.3455720115945373,0.08162323522201231,8.467491166077737,2562.6281807593105,1.384809104492882,0.814940427384479,female
1105,15V,light,0.4280316686615808,0.09979377875200092,8.578323699421965,3365.15994311463,1.6102454279628642,0.8728228501353678,female
1106,15V,light,0.2433699147714982,0.06215479572559595,7.843720930232559,1901.2872945903634,1.4874560722192978,0.8523552824109318,female
1107,15V,light,0.5860577131073071,0.14868119348744646,7.874757281553398,4339.241686423354,1.5932740616834877,0.8572122948926962,male
1108,15V,light,0.4419335765686515,0.08840113638002393,10.001960784313725,3511.1966454446224,1.6426863920390977,0.8733315812237623,male
1109,15V,light,0.27144773084521867,0.0716726994793995,7.558467741935483,2224.868592826044,1.3122013680172797,0.7596570306302896,male
1110,15V,light,0.15586288450168007,0.03807161501521422,8.18787878787879,1593.104838357401,1.3116997408080198,0.786907798438664,female
1111,15V,light,0.4312619875113566,0.08104639257026665,10.642348754448399,3541.5486158629574,1.589714189022857,0.9238753621492951,female
1112,15V,light,0.1461719279523528,0.024804234025063814,11.786046511627909,1499.9665920090324,1.5346597460013296,0.851561855174977,female
1113,15V,light,0.421945978685664,0.0954674588639084,8.839577039274923,3503.118298195143,1.6450693519397854,0.9097862893210307,male
1114,15V,light,0.49059025424339875,0.10123588538136509,9.692022792022792,3793.086601750598,1.5957807324931796,0.91895954990785,male
1115,15V,light,0.22418989660095467,0.0519158386571103,8.636666666666667,1912.9302445979213,1.291611954427577,0.7507587785145823,male
1116,15V,light,0.4595561195794817,0.12229064217008205,7.5158018867924525,3444.0556765846345,1.378637393092927,0.7832490941862221,female
1117,15V,light,0.14591234875906725,0.032303188497757526,9.033928571428572,1587.0720178436823,1.4674155713594215,0.8723943577282186,female
1118,15V,light,0.5067418484922775,0.13065486062039428,7.756953642384106,3769.2415155403287,1.5675163988639487,0.8391330605483329,female
1119,15V,light,0.34273106153468985,0.07268217411995442,9.43095238095238,2879.2905912243114,1.3412964860116943,0.7785986328266954,male
1120,15V,light,0.3798220440419365,0.08796850439121469,8.635409836065575,2871.5804858741776,1.6255207529653184,0.8628852378087033,male
1121,15V,light,0.23784664638103342,0.05840531848924909,8.156930693069306,1809.5466726052239,1.2973688409679076,0.7950689988601525,male
1122,15V,light,0.2938869099981253,0.0781621793115383,7.519926199261992,2372.1860500880566,1.3371803862622196,0.7592242826931607,female
1123,15V,light,0.6221247999077052,0.1094558931687409,11.247229551451186,4479.824752143841,1.595979646512862,0.8544314816678327,female
1124,15V,light,0.025482024140864975,0.004903162539838196,10.394117647058822,579.0462412874328,1.4818734617028202,0.8061525954915676,female
1125,15V,light,0.4005739584384869,0.0781621793115383,10.24981549815498,3149.4452988063326,1.436731451788967,0.8277889204791657,male
1126,15V,light,0.28920006345269167,0.07138427815352667,8.11578947368421,2580.5644988743957,1.2463202529417898,0.7249921072853065,male
1127,15V,light,0.25950708795408334,0.06042426777035894,8.584688995215311,2152.159056599993,1.2541358170690673,0.755935331434263,male
1128,15V,light,0.26677530536607874,0.08796850439121469,6.0652459016393445,2295.3739640737367,0.9943120373116712,0.6544909038587822,female
1129,15V,light,0.38672973479659084,0.06936532887241682,11.149166666666668,3146.73130069088,1.6117727182698502,0.8383297498535526,female
1130,15V,light,0.0,0.0,,574.7906363480614,,,female
1131,15V,light,0.0,0.0,,376.0601474150348,,,male
1132,15V,light,0.3684726648688404,0.08854534704296035,8.322801302931596,2960.2746544311403,1.3217637454665745,0.7575418966814009,male
1133,15V,light,0.053040681828014365,0.011825274360786236,8.970731707317071,972.2858670786212,1.206005394017776,0.6851684004026675,male
1134,15V,light,0.03333059954601493,0.010450122491309203,6.378987341772151,5150.886974985474,1.1567018182221254,0.6719020109757289,female
1135,15V,light,0.42049262335434895,0.11521542346233862,7.294620689655173,5997.148876952829,1.5588207073379157,0.8345708266982248,female
1136,15V,light,0.0,0.0,,877.469868479171,,,female
1137,15V,light,0.0,0.0,,185.7121367243206,,,male
1138,15V,light,0.1517651542822659,0.03207927710460703,9.461881188118813,2203.895337434045,1.5089322112499866,0.8485361476392063,male
1139,15V,light,0.24354047229589162,0.06669948704918294,7.302619047619048,3786.9847905214765,1.2660113600827936,0.7631363614723751,male
1140,15V,light,0.2259524527942321,0.06971684479664597,6.482004555808656,3470.410524627148,1.4286519419868955,0.7426177223359053,female
1141,15V,light,0.4808238974733599,0.11537423176483667,8.33801652892562,6884.46564337357,1.7644400569719012,0.8683369639521863,female
1142,15V,light,0.36952309866759836,0.09909638075878607,7.457852564102564,5378.360812926888,1.6101934941180087,0.8580604642258534,female
1143,15V,light,0.18339976813987835,0.042878241674474744,8.554444444444444,2667.459113876696,1.4459553646919256,0.8080094452544708,male
1144,15V,light,0.13173942733726118,0.030808810684622594,8.552061855670102,2006.7949356617048,1.5208187570929996,0.8133873121610531,male
1145,15V,light,0.24737569280121965,0.05732979720179771,8.629916897506924,3889.5506344473984,1.3563745788017922,0.7388168544225088,male
1146,15V,light,0.14172052914926392,0.04160777525449031,6.812213740458015,2575.8398622181794,1.443464640408691,0.7504361195655912,female
1147,15V,light,0.14929568517842112,0.044307516396957236,6.7390681003584225,2436.4728984812755,1.4534182427270717,0.7616282051549412,female
1148,15V,light,0.43093426924359607,0.09083834902888724,9.487937062937064,6155.96276678324,1.59767628155383,0.8620434652110576,female
1149,15V,light,0.22110879956804141,0.0535183979418444,8.262908011869436,3180.477683483537,1.606299859717713,0.8102509815315823,male
1150,15V,light,0.22149787990916164,0.053359589639346346,8.302083333333334,3490.553224514042,1.594124633520526,0.7650266281242487,male
1151,15V,light,0.2710857723641792,0.062094046276739354,8.731457800511508,4188.200899875902,1.4271538518958613,0.8221058588389927,male
1152,15V,light,0.3998237227842272,0.10036684717877051,7.967246835443037,5623.2428295736345,1.418286979962247,0.8228401283762856,female
1153,15V,light,0.22939859295843987,0.057012180596801604,8.047353760445683,3390.3916507860067,1.5795863482690637,0.8269778839762051,female
1154,15V,light,0.1561244421858375,0.0535183979418444,5.834421364985164,2743.1377796942925,1.377270866639599,0.7111969969798921,female
1155,15V,light,0.15261477870063048,0.032238085407105085,9.467980295566502,2898.233767418438,1.585860503565482,0.8449585046215398,male
1156,15V,light,0.17468119233273516,0.03319093522209341,10.525837320574164,2532.4914724210007,1.6472471862384426,0.8960360113223641,male
1157,15V,light,0.14495227810509934,0.03271451031459925,8.861650485436893,2402.1792981304243,1.2763436746889942,0.7530247642099699,male
1158,15V,light,0.21920309993806475,0.06145881306674713,7.133333333333333,3033.438624305255,1.3241950382534657,0.7777498051698446,female
1159,15V,light,0.29877399990471504,0.08226270069399229,7.263899613899613,4230.115769034281,1.503556633074131,0.8147769279794762,female
1160,15V,light,0.12221092918737791,0.027473836332163448,8.896531791907513,2563.50202925073,1.5366903196127581,0.7503496378484228,female
1161,15V,light,0.04024996426813194,0.01294287665359145,6.25679012345679,1887.4116820447762,1.0775249008710688,0.63161924327384,male
1162,15V,light,0.14087090473089933,0.031126427289618702,9.051530612244898,2052.3521740145466,1.6208323461399354,0.8728613445679936,male
1163,15V,light,0.38969175308485127,0.11076879099239309,7.028694404591104,5423.071697520362,1.2703914358323583,0.7319656411288837,male
1164,15V,light,0.28606933570487064,0.0779748765265448,7.337474541751528,4147.852123314595,1.3762918169429375,0.7830817783258212,female
1165,15V,light,0.34478870555352636,0.0750369229303308,9.198093220338983,5049.661013460081,1.7003269287437852,0.9250703683188385,female
1166,15V,light,0.03566040432593816,0.0077816068224046755,9.16530612244898,790.697496626475,1.3418965647817485,0.7714694619137011,female
1167,15V,light,0.13397862440248376,0.03874922580952533,6.91516393442623,2672.2446499864864,1.507102712884073,0.7183295851449938,male
1168,15V,light,0.12058314408677286,0.02540932839968874,9.491249999999999,1800.4859888600217,1.59137553300546,0.8607211592488354,male
1169,15V,light,0.3479092886976131,0.08107163842525687,8.578039215686273,4834.277258528666,1.2736299213037785,0.762807014850491,male
1170,15V,light,0.31866473979259635,0.08559767504645144,7.445640074211503,4476.7530749623065,1.386492279599544,0.7968611790194968,female
1171,15V,light,0.32784385967698393,0.07916593879528022,8.285140562248996,4774.822255917747,1.610111141532144,0.8181436556450593,female
1172,15V,light,0.25937366005494766,0.07352824405659929,7.055075593952484,3805.3639516345092,1.6120043257631524,0.811512636438369,female
1173,15V,light,0.06752529022217281,0.016039638552303514,8.41980198019802,1507.2028187584656,1.3809775422250343,0.7547456986372368,male
1174,15V,light,0.1806126824310375,0.04526036621194556,7.981052631578947,2553.887877287529,1.4308425117329147,0.802588849363263,male
1175,15V,light,0.32741507726023916,0.09052073242389112,7.234035087719298,4747.893210039803,1.3060826214542307,0.7506880403233334,male
1176,15V,light,0.15637853546983435,0.04017850053200782,7.784189723320157,2535.557930261794,1.413621157000814,0.8353613159012271,female
1177,15V,light,0.4163080245835252,0.08297733805523354,10.042911877394635,6032.7648207340535,1.99629210719248,0.8767192905986879,female
1178,15V,light,0.16962314789817212,0.04859534056440471,6.981045751633986,2489.7494105563014,1.5789271470159445,0.7699237056058267,female
1179,15V,light,0.44771236640251555,0.09139417808763042,9.795652173913043,6456.850473060552,1.6631878117987071,0.8994847339739762,male
1180,15V,light,0.33899220251234735,0.072734202544109,9.321397379912664,5051.066090862834,1.6624478584512323,0.8762288998369447,male
1181,15V,light,0.19998729533580015,0.05693277644555258,7.027932960893855,3473.6077568784526,1.2291839409557002,0.7177394263715082,male
1182,15V,light,0.3034826660737823,0.08909145770140864,6.81283422459893,4247.519073023275,1.3371228414762055,0.7734022290868132,female
1183,15V,light,0.5050342231891883,0.12267941367974719,8.22759067357513,7392.397911662808,1.7700436643557829,0.9361997220825579,female
1184,15V,light,0.0,0.0,,1247.8688439478174,,,female
1185,15V,light,0.0,0.0,,1040.781242095866,,,male
1186,15V,light,0.3427797805269259,0.07924534294652925,8.651102204408817,5101.933429141307,1.5869056745304808,0.8501093450964368,male
1187,15V,light,0.3336483031332878,0.07670441010656037,8.69958592132505,4774.79293659292,1.3182568414415539,0.7440493365952991,male
1188,15V,light,0.018400769311151706,0.005370363266715255,6.852709359605912,3333.01884719455,1.034882678445463,0.6365435408762199,female
1189,15V,light,0.37294187661178335,0.08910930370958144,8.372727272727273,5122.239117876164,1.3603043494583096,0.7941909019215841,female
1190,15V,light,0.0,0.0,,294.72681895105325,,,female
1191,15V,light,0.0,0.0,,165.91258686647745,,,male
1192,15V,light,0.1992842746734801,0.04776792090521004,8.343853820598007,3369.429632714372,1.2269319289575122,0.7036698328718193,male
1193,15V,light,0.12971132940821736,0.050941869138114354,5.092523364485981,3078.402728448403,1.0531312830282589,0.6277390703876994,male
1194,15V,light,0.11599193817148842,0.027930744449558027,8.305681818181817,2670.5689363830593,1.4161139614046787,0.7869623296824633,female
1195,15V,light,0.45302556615301603,0.09220319616587053,9.826678141135972,6448.673169476885,1.6879287345359584,0.8447552334612848,female
1196,15V,light,0.22424737752527257,0.056337581134051705,7.960845070422535,3195.02428851455,1.4506109954934656,0.8144676556871353,female
1197,15V,light,0.1321155951946424,0.03015250821259105,8.763157894736842,2096.7518186223515,1.2917859515350305,0.7865797374352644,male
1198,15V,light,0.2743957596051608,0.04713313125862917,11.643434343434345,4547.767049550979,1.7816859011316013,0.8206342178914595,male
1199,15V,light,0.18803262818783426,0.055782140193293445,6.748148148148148,3722.482353596353,1.2374943835975583,0.6879419286299641,male
1200,15V,light,0.13442464253408026,0.02777204703791281,9.680571428571428,2667.90768441449,1.4330750151296998,0.7821310905110747,female
1201,15V,light,0.0,0.0,,699.7464324137636,,,female
1202,15V,light,0.0,0.0,,326.3290592022299,,,female
1203,15V,light,0.0,0.0,,186.7648339645365,,,male
1204,15V,light,0.1684255629790678,0.033326456445495374,10.107619047619048,3472.1148196602016,1.5070894475844687,0.7852398144253129,male
1205,15V,light,0.10370082363956644,0.03411994350372145,6.078604651162791,2799.8770137743086,1.015763227185399,0.6514018535660984,male
1206,15V,light,0.2290162347452113,0.04697443384698395,9.750675675675675,3526.0163743498892,1.3822638051485812,0.8401371636237415,female
1207,15V,light,0.0,0.0,,121.4075568326342,,,female
1208,15V,light,0.48282100518940535,0.07553996794312284,12.783193277310925,7008.123186274424,1.6196771698172339,0.8757459035555751,female
1209,15V,light,0.08070556869217463,0.01571104375287639,10.273737373737372,1574.2439115436814,1.749554243519282,0.8607926827275557,male
1210,15V,light,0.0,0.0,,245.20945671254762,,,male
1211,15V,light,0.3427864091536667,0.09410756510561312,7.284991568296796,4895.217140432617,1.2065195083750333,0.7046442268294683,male
1212,15V,light,0.30447685398251156,0.08680748416993318,7.014990859232176,4529.792884349939,1.2855025436585665,0.73462000600649,female
1213,15V,light,0.1436925713741609,0.034596035738657105,8.306880733944954,3238.522044523177,1.4421523921713264,0.7517649754527826,female
1214,15V,light,0.19330931712503768,0.03618300985510926,10.685087719298247,3411.1897214601813,1.5862627383620742,0.8443127144312046,female
1215,15V,light,0.48604256264580326,0.1164839001475886,8.345231607629428,6477.940391629959,1.4115515184136167,0.7827958142263767,male
1216,15V,light,0.3972275562185581,0.08934664275625664,8.89182948490231,5926.090237844612,1.7308503132922102,0.9142721586965407,male
1217,15V,light,0.21674098995445384,0.05586148889911605,7.759943181818182,3336.70243125311,1.3648360453938513,0.7341659746215463,male
1218,15V,light,0.1463031437957247,0.03316775903385016,8.82200956937799,2696.472777344163,1.1819185316949525,0.717072626685712,female
1219,15V,light,0.3874359259200482,0.10045546157142177,7.713586097946287,5538.872207222907,1.43782046105401,0.7915761873077638,female
1220,15V,light,0.4061939599765128,0.09299668322409661,8.73566552901024,6153.041476154945,1.58927232409424,0.8672365807789693,female
1221,15V,light,0.38901496516591816,0.0879183660514497,8.849458483754514,5613.047090707774,1.3826719072562696,0.8000582304965059,male
1222,15V,light,0.3384539698157523,0.0858552997000619,7.884288354898335,4922.044038589523,1.6351202074184632,0.8611499114539226,male
1223,15V,light,0.15638836430577818,0.05046577690317871,6.197798742138365,2883.7564528707276,1.0066334559017038,0.6410228885989162,male
1224,15V,light,0.07484169933188389,0.019202386809071142,7.79504132231405,1485.1335191391856,1.1895350892938803,0.7388981083959797,female
1225,15V,light,0.026716709250472124,0.004760922349356482,11.223333333333334,627.5697465109647,1.4602465393126463,0.8951489996854604,female
1226,15V,light,0.13474997222795296,0.021106755748813735,12.76842105263158,2331.9472285604406,1.5258469022357386,0.7641429086224318,female
1227,15V,light,0.2481710123307889,0.04626029549458048,10.744673539518901,4417.62466991248,1.5173690470439707,0.7965534916516224,male
1228,15V,light,0.502158284798375,0.08228460793804453,12.214092664092663,7198.485297640842,1.6551411615356637,0.8876976259417663,male
1229,15V,light,0.11021535238760256,0.031898179740688426,6.91044776119403,2012.3393173693023,1.1604993298769188,0.6727251740908741,male
1230,15V,light,0.19827654610953296,0.0503864281973561,7.880757097791798,3312.993143465443,1.375806847490189,0.7315372200195163,female
1231,15V,light,0.109072731023757,0.02205894021868503,9.889208633093524,2665.541314690289,1.368425880404812,0.768755391391789,female
1232,15V,light,0.012013394061542856,0.0036500404678399693,6.582608695652175,344.2420793731068,1.6995826127610374,0.8378851549827699,female
1233,15V,light,0.200895053401679,0.04919619761001698,8.16709677419355,3527.586476996015,1.4274320425185485,0.7553241404392343,male
1234,15V,light,0.44073445162109404,0.09077491946106359,9.71048951048951,6355.830851009007,1.5036878047096527,0.8085752584885398,male
1235,15V,light,0.03780965832447273,0.011902305873391205,6.3533333333333335,1114.123431341216,1.0124774262537233,0.6566615504424904,male
1236,15V,light,0.14987383555774206,0.045228762318886576,6.6273684210526325,2587.503983567439,1.1140549960270383,0.6771973635942757,female
1237,15V,light,0.7062987002681986,0.12100677637947725,11.670209973753279,10154.415219874109,1.6900671871858386,1.0181793835077937,female
1238,15V,light,0.0,0.0,,1120.8576837752785,,,female
1239,15V,light,0.0002459809880500849,0.00015869741164521606,3.1,1013.4574163702737,0.5277784654975155,0.5180213729873272,male
1240,15V,light,0.20233919984765047,0.0474505260819196,8.528428093645484,3481.637147454222,1.5102035199096049,0.7973247887793058,male
1241,15V,light,0.31834700776030345,0.07538127053147763,8.446315789473683,4469.02249360866,1.2821747335786613,0.7559112934708204,male
1242,3V,light,0.01394207557028248,0.005555665787019584,5.019047619047619,1923.4517267688914,0.9346293391872712,0.6188756213600524,female
1243,3V,light,0.08754136609289813,0.027537715559999683,6.349132947976879,1589.6537180413904,1.6076357283111362,0.7942447134791618,female
1244,3V,light,0.0,0.0,,1328.099304619084,,,female
1245,3V,light,0.0,0.0,,541.6291453902284,,,male
1246,3V,light,0.3860090469010396,0.08015236885961431,9.631881188118813,5702.26977521083,1.6503400582099106,0.8935455054438948,male
1247,3V,light,0.14288548527894612,0.04253630664232998,6.718283582089552,2368.461560702698,1.18569344651615,0.7185158631382974,male
1248,3V,light,0.21475279739703199,0.051345131338782636,8.36439628482972,3331.1368059046517,1.3873420158538239,0.7900131380300203,female
1249,3V,light,0.2562733116419332,0.08412030791207047,6.0930188679245285,3986.1314684813624,2.0488553601401684,0.8018660283123014,female
1250,3V,light,0.45391635584477424,0.11229267518450917,8.086138613861385,6428.961255514915,1.6219580329908654,0.8677334642308869,female
1251,3V,light,0.2061741131656218,0.06697881120545988,6.156398104265403,3329.2907580866486,1.3344212554564638,0.7337740928704559,male
1252,3V,light,0.2546226489961114,0.06380445996349496,7.981343283582089,4122.173953252181,1.421584765021534,0.7820549661960194,male
1253,3V,light,0.17438298547734307,0.037457344655186096,9.311016949152544,3293.9189614807497,1.44104532903857,0.8024084814245602,male
1254,3V,light,0.26362193476708196,0.07015316244742481,7.515610859728507,4045.906465437761,1.4756985110850231,0.8223431327440308,female
1255,3V,light,0.4988651694309975,0.12760891992698992,7.8186567164179115,7059.818386869101,1.6804285617093406,0.8556760654486238,female
1256,3V,light,0.4145861439568288,0.11284818665185303,7.347679324894514,5994.198580982666,1.590909349050319,0.8450489386067571,female
1257,3V,light,0.2507340687247044,0.06364574240139671,7.879052369077307,3764.1583569895797,1.562344195144726,0.8158159104331723,male
1258,3V,light,0.15805888421553846,0.04396476470121419,7.190252707581227,2584.690410162705,1.5777114757709518,0.8343219915104021,male
1259,3V,light,0.2833663994921038,0.06975636854217919,8.117767653758541,4224.023500709285,1.5544037491048022,0.7846781031017267,male
1260,3V,light,0.09188159669867471,0.025553527497817634,7.1913043478260885,1660.6483770215714,1.4802945923595912,0.7743033076676473,female
1261,3V,light,0.37017697008173955,0.10530910245218633,7.0233785822021115,5405.983001715733,1.6074010335993496,0.8236065418591016,female
1262,3V,light,0.2963733037060551,0.08554876597095469,6.928756957328386,4816.255775115725,1.5364158656194542,0.7745329794609819,female
1263,3V,light,0.36643917149432587,0.08427902547416871,8.695856873822976,5437.614677840462,1.6504364784326735,0.8839833738816125,male
1264,3V,light,0.2619157209745258,0.05967780334894056,8.777659574468085,3934.98512609753,1.6369208145520766,0.8845123996587135,male
1265,3V,light,0.1991032457741449,0.05444012379969844,7.314577259475219,3149.8864081877437,1.3424681186446592,0.7554905160442852,male
1266,3V,light,0.04567097849377034,0.012697404967859694,7.19375,905.1561705669085,1.2883932230132764,0.7489050566439054,female
1267,3V,light,0.08816760574557575,0.02602968018411237,6.774390243902439,1561.749556183219,1.4199601323412763,0.79381999342593,female
1268,3V,light,0.37901753829061186,0.08586620109515118,8.828096118299445,5518.642008985204,1.4992381552543486,0.8370767743957952,female
1269,3V,light,0.21687167685104355,0.06689945242441075,6.490498812351544,3514.829535498924,1.5218578669373652,0.7652075319865116,male
1270,3V,light,0.3081263391794302,0.05682088723117213,10.845530726256984,4545.585603786044,1.8294076457537067,0.9799079042981211,male
1271,3V,light,0.19150067454963893,0.040949131021347514,9.3531007751938,3177.6375257066284,1.2834099418314424,0.7856153077265227,male
1272,3V,light,0.21226886755019442,0.05824934529005635,7.288283378746595,3073.0001335446914,1.4331045909466318,0.8009778654777009,female
1273,3V,light,0.11220538052535513,0.027616855805094834,8.125862068965517,1938.6929353610483,1.6734747201883535,0.8752551778032616,female
1274,3V,light,0.2655106737560511,0.05729703991746687,9.26786703601108,4156.982046545785,1.6752824968243991,0.897524216511465,female
1275,3V,light,0.09710340449170701,0.020792000634870248,9.340458015267174,1878.1236972015784,1.5890361763132925,0.9081774221912454,male
1276,3V,light,0.11054678200142846,0.019204825013887785,11.512396694214877,1795.383670516247,1.8098987857424311,0.9485005533375167,male
1277,3V,light,0.20130941988731052,0.04809142131576859,8.371947194719471,3323.348208481963,1.2212825417717468,0.7551498990374754,male
1278,3V,light,0.18461233235457503,0.05063090230934053,7.292476489028214,3110.5748645356657,1.5207026583070113,0.8240159482396887,female
1279,3V,light,0.36702642647408934,0.07824775811443536,9.381135902636917,5531.1613402670655,1.8300394203937356,0.8731296301692788,female
1280,3V,light,0.4304737719228633,0.1103880644393302,7.798561151079137,6304.336705427246,1.623723893375879,0.834936333322037,female
1281,3V,light,0.2751607015316245,0.06721688754860726,8.193144208037825,4361.50334819264,1.5110378051511606,0.8460356579371716,male
1282,3V,light,0.4542258550908658,0.11975240060312674,7.586206896551724,6523.002541426418,1.6727046843397528,0.8617129740462509,male
1283,3V,light,0.30943575906674076,0.07110546782001428,8.703571428571427,4374.518448463393,1.340852153484631,0.8174197649578889,male
1284,3V,light,0.2855090865804301,0.08221569716689152,6.945366795366795,4406.227792694331,1.584095802025479,0.7683596420628651,female
1285,3V,light,0.1307515276565352,0.03142607729545274,8.321212121212122,2502.921717962995,1.527048464368945,0.8400665150253789,female
1286,3V,light,0.28797714467105784,0.07142290294421078,8.064,4127.649383119566,1.5970445355219924,0.8759831752275794,female
1287,3V,light,0.27096262201412585,0.07713673517974765,7.02551440329218,4104.499923916763,1.5206609002132083,0.7815532897500261,male
1288,3V,light,0.3184509165939211,0.08840568208872311,7.204308797127469,4699.772281758757,1.6163779731047956,0.8167785293841499,male
1289,3V,light,0.2152289500833267,0.05205936036822474,8.268597560975609,3356.889338317408,1.2459374942294703,0.7684347336513291,male
1290,3V,light,0.16055868581858582,0.043012459328624714,7.465682656826568,2199.163954083849,1.1248105276029041,0.73621653325419,female
1291,3V,light,0.3123164828188239,0.07673994127450202,8.145962732919255,4701.458509973383,1.7176342353528973,0.878584317654305,female
1292,3V,light,0.0,0.0,,122.46949751714926,,,female
1293,3V,light,0.0007697801761764939,0.0006348702483929847,2.425,1453.1731544868671,0.53542979691059,0.515167186008986,male
1294,3V,light,0.39880961828426315,0.10475359098484248,7.614242424242423,5913.175394441326,1.7049596937661138,0.8381373157385588,male
1295,3V,light,0.30627727958098566,0.0766605824934529,7.99047619047619,4322.475269005261,1.376759117029723,0.8279613715622626,male
1296,15V,light,0.005158627805003869,0.0024338141438992613,4.239130434782608,2587.777184366542,0.7676585193604373,0.5647995491783259,female
1297,15V,light,0.040630281103467975,0.013884591277303057,5.852873563218392,1114.1857640022895,1.1240729340312945,0.6512470165003715,female
1298,15V,light,0.0,0.0,,423.1548481106414,,,female
1299,15V,light,0.0,0.0,,507.4730121204156,,,male
1300,15V,light,0.0,0.0,,56.89003104217852,,,male
1301,15V,light,0.028895588701999365,0.013963821009203427,4.138636363636364,1143.9208533664616,0.8731820658870691,0.5868323806162777,male
1302,15V,light,0.012741986670898127,0.005315772770549032,4.8151515151515145,983.0393443813026,1.0182841078034008,0.629322889461677,female
1303,15V,light,0.17707870517296095,0.055696604252618215,6.358689458689459,2890.0736625488926,1.329934532782435,0.7015597366623922,female
1304,15V,light,0.30621231355125356,0.08108536972389717,7.552837573385519,4564.72484981387,1.526231952160149,0.8298863218292022,female
1305,15V,light,0.353133925737861,0.10123770231672485,6.976332288401255,4999.885918460196,1.3151589502583005,0.7443779778521046,male
1306,15V,light,0.060203110123770234,0.01682005712472231,7.158490566037736,958.1751090681101,1.3386071964044846,0.7894436522652154,male
1307,15V,light,0.08075214217708664,0.02269120913995557,7.117482517482518,1337.08361695847,1.1573369677724452,0.7179056846522008,male
1308,15V,light,0.019184385909235165,0.006505871152015234,5.897560975609756,675.1756332970065,0.9695072804881045,0.6529368312065461,female
1309,15V,light,0.017724531894636623,0.003808314820691844,9.308333333333332,744.2883019029783,1.2765867983758648,0.7943232522667573,female
1310,15V,light,0.07971278959060615,0.022056490003173595,7.228057553956835,1676.7404930339305,1.3980569110167738,0.7678561907461431,female
1311,15V,light,0.22622976832751507,0.04982545223738496,9.080891719745221,3367.709284933629,1.3872521109280247,0.8053473089864522,male
1312,15V,light,0.35691050460171375,0.07997461123452872,8.925595238095237,4876.840898814891,1.43273092977396,0.8615630170051556,male
1313,15V,light,0.10368137099333545,0.02586480482386544,8.01717791411043,1519.2450011294973,1.208462478261571,0.767635639180926,male
1314,15V,light,0.14289907965725165,0.0414154236750238,6.900766283524904,2181.3257016312314,1.1635511338556244,0.7229142303286036,female
1315,15V,light,0.0650666455093621,0.025230085687083466,5.157861635220126,1908.7147848192246,1.30391131007754,0.6580895743346521,female
1316,15V,light,0.15361789907965726,0.049190733100602985,6.245806451612903,2605.507559627175,1.5279719897635193,0.7479496539440301,female
1317,15V,light,0.0922960964773088,0.028403681370993337,6.498882681564244,1451.6568420113988,1.4079368449832317,0.7534085268181901,male
1318,15V,light,0.13509203427483338,0.028879720723579815,9.355494505494505,2049.217729665268,1.560999674988016,0.8712857772938519,male
1319,15V,light,0.12582513487781657,0.03379879403364011,7.445539906103287,1834.3642847686676,1.2381647003584717,0.7318889892132665,male
1320,15V,light,0.06172643605204697,0.021897810218978103,5.63768115942029,1580.9963526695324,1.0589175469186922,0.6678405161105788,female
1321,15V,light,0.23588543319581085,0.0682323072040622,6.914186046511629,3460.4478092786608,1.4690903686534826,0.7737535301033662,female
1322,15V,light,0.22018406854966677,0.06347191367819739,6.938,3127.3741838130195,1.4104065771852325,0.7869119164520803,female
1323,15V,light,0.4121152015233259,0.09219295461758172,8.94027538726334,5549.91121830322,1.40017901449681,0.8035132781865897,male
1324,15V,light,0.14927800698191052,0.035544271659790544,8.399553571428571,2074.5668246514715,1.500039842934027,0.8472317188841726,male
1325,15V,light,0.16889876229768327,0.04284354173278324,7.884444444444443,2444.3698794629904,1.1789362959739498,0.7278333474204054,male
1326,15V,light,0.03259282767375436,0.010948905109489052,5.953623188405797,761.5506609117205,1.1355566138188709,0.6828882550014986,female
1327,15V,light,0.05902887972072358,0.012377023167248492,9.538461538461538,1181.5138765807117,1.4394688739098456,0.7958882956734545,female
1328,15V,light,0.25496667724531896,0.0731513805141225,6.9709327548806925,3692.7083459173423,1.4858975375983294,0.8009472050017928,female
1329,15V,light,0.0683592510314186,0.017454776261504285,7.832727272727272,1097.1389587665062,1.4575894679072956,0.8163471877695756,male
1330,15V,light,0.36972389717549986,0.08711520152332593,8.48816029143898,5033.075568941995,1.4132261568336357,0.8404941823629904,male
1331,15V,light,0.04436686766105998,0.010631545541098065,8.346268656716417,765.8364480246034,1.0805717917344317,0.6918225782879619,male
1332,15V,light,0.3417883211678832,0.09465249127261187,7.225335570469797,4668.035349901943,1.2813374253558893,0.7577704536309415,female
1333,15V,light,0.4224611234528721,0.0904474769914313,9.34157894736842,5733.592401718338,1.5631695548636346,0.8612664836403157,female
1334,15V,light,0.4237226277372263,0.07894319263725802,10.705633802816903,5922.791366958081,1.6605457052016726,0.9558069953463637,female
1335,15V,light,0.35334020945731515,0.07227864170104728,9.784395604395606,4979.5713208076195,2.1294279284979716,0.8552111848985116,male
1336,15V,light,0.09669946048873374,0.03300539511266265,5.859615384615385,1595.1393025748598,1.302645343167398,0.7062581525509639,male
1337,15V,light,0.012702316724849253,0.002856236115518883,8.894444444444444,415.7307077649197,1.0379979508618635,0.7292178183300364,male
1338,15V,light,0.21239289114566803,0.05633132338940019,7.540845070422535,3142.021981276265,1.2011753732193724,0.7470782915245556,female
1339,15V,light,0.14688987622976832,0.047683275150745795,6.164333333333333,2489.101525954894,1.2021804412897321,0.6899428230222507,female
1340,15V,light,0.06954934941288479,0.023325928276737545,5.963265306122449,1234.3066875132752,1.4925590433823603,0.7428509348217198,female
1341,15V,light,0.26328943192637255,0.0487146937480165,10.809446254071661,3726.5136855484334,1.5105465164934024,0.8554436222742752,male
1342,15V,light,0.1555379244684227,0.033719454141542364,9.244811320754717,2117.453488954697,1.3397120629697952,0.8307615620094774,male
1343,15V,light,0.1985322119961917,0.056807362741986674,6.989664804469275,3137.619987229594,1.0589269245316715,0.6731987202114729,male
1344,15V,light,0.1171691526499524,0.032846715328467155,7.1342995169082135,1826.2877577074346,1.286045469882636,0.7245297247000728,female
1345,15V,light,0.18333862265947318,0.06283719454141543,5.835353535353536,3192.941085220707,1.3682651323112496,0.7119926213858065,female
1346,15V,light,0.0,0.0,,275.6001512290858,,,female
1347,15V,light,0.0,0.0,,566.2462476800393,,,male
1348,15V,light,0.1713979688987623,0.038479847667407176,8.918595041322314,2378.922593559854,1.3829616896502483,0.8248281778829191,male
1349,15V,light,0.17391304347826086,0.05807680101555062,5.9890710382513666,2716.108915229787,1.021966301963079,0.6563554307828381,male
1350,3V,light,0.018376001671988634,0.007830832846110906,4.693243243243243,5103.266686585248,0.8916141904568906,0.5969905938564439,female
1351,3V,light,0.22346816497234326,0.06063058987850074,7.371465968586387,3285.6407836106023,1.167779850615309,0.7360019984921135,female
1352,3V,light,0.0,0.0,,38.43279229730844,,,female
1353,3V,light,0.0,0.0,,35.57635062443974,,,male
1354,3V,light,0.13973494167129594,0.04761526862947385,5.8693333333333335,2312.6744336209117,1.2497047892478224,0.7011497145013813,male
1355,3V,light,0.06351083247361321,0.02602968018411237,4.879878048780488,2167.6576239263154,0.8345434565037562,0.6016977624455204,male
1356,3V,light,0.05675740020633283,0.019998412824379017,5.6761904761904765,1534.8143848005864,1.2126986470563619,0.6947809513118683,female
1357,3V,light,0.05263867946988334,0.019204825013887785,5.481818181818182,1911.3548709255283,1.280463163362556,0.685333629733464,female
1358,3V,light,0.03752876755813031,0.007618442980715816,9.852083333333333,1055.9440398183497,1.3901070469562737,0.7468248713647652,female
1359,3V,light,0.24544083802872788,0.06951829219903183,7.061187214611873,3559.7492890973713,1.2611145739510148,0.7463811423305099,male
1360,3V,light,0.08853265613840171,0.028727878739782556,6.163535911602209,2079.438896162443,1.3324900787911695,0.6995555200439433,male
1361,3V,light,0.28066820093643363,0.07959685739227046,7.054091816367266,4683.660408133821,1.3784696397093246,0.7242584590287819,male
1362,3V,light,0.3512816443139433,0.08729465915403539,8.048181818181819,4956.601701073186,1.3889845976564075,0.8109837378407007,female
1363,3V,light,0.04083802872787874,0.009999206412189508,8.16825396825397,989.5982705186465,1.2902333703544184,0.7566566933058061,female
1364,3V,light,0.11117371637171652,0.032695817792238714,6.800485436893204,1968.5602141826455,1.4128426555847091,0.7478345079294002,female
1365,3V,light,0.2069756368542179,0.05745575747956511,7.204696132596686,3072.411702008611,1.3345592841343143,0.7596897434497729,male
1366,3V,light,0.1363621934767082,0.0443615586064598,6.135483870967742,2083.9522068804727,1.2484403435832625,0.7318271973997156,male
1367,3V,light,0.19047694627410522,0.07174033806840727,5.310176991150442,3569.9045142087875,1.2282076545828962,0.6748236494634976,male
1368,3V,light,0.31100706293151337,0.07920006348702484,7.8537074148296595,4372.425041853988,1.3533255552229124,0.8188198542720219,female
1369,3V,light,0.3404094913102135,0.072216490754702,9.427472527472528,5214.134840911611,1.5145573851299374,0.8427138483048955,female
1370,3V,light,0.1271407031188001,0.04348861201491945,5.847080291970802,2349.133670362109,1.432606699144825,0.7221689831247843,female
1371,3V,light,0.3678200142845806,0.08983414014760734,8.188869257950529,5200.670419510407,1.6203971899541298,0.8398990070940245,male
1372,3V,light,0.22871200698357272,0.05221807793032299,8.759878419452887,3360.063248682628,1.5157360659276735,0.8374045949174832,male
1373,3V,light,0.2531148321561781,0.07166097928735815,7.062749445676276,3687.623783332483,1.207884483146024,0.739890362656058,male
1374,3V,light,0.2383540988810412,0.0684072692643441,6.968677494199536,3544.3395242120637,1.4016485034701276,0.770977526644694,female
1375,3V,light,0.4577890643599714,0.1099912705340846,8.324098124098125,6262.737975417092,1.5475469571939033,0.8819684698604924,female
1376,3V,light,0.11067375605110706,0.034759146099515914,6.3680365296803645,2121.416344764563,1.2979472989947816,0.7125914401040814,female
1377,3V,light,0.13963971113403698,0.034124275851122925,8.184186046511629,2428.6533376879697,1.264437815771108,0.7615369532128121,male
1378,3V,light,0.32345845567812076,0.08539004840885644,7.576022304832714,4464.077716722716,1.5100289366778883,0.8396737398765018,male
1379,3V,light,0.01034838504880565,0.0023807634314736924,8.693333333333333,333.91941553637946,0.9865079492014127,0.6918098812526562,male
1380,3V,light,0.16897071660979288,0.04269502420442822,7.915241635687732,2565.938040044411,1.2313230598578104,0.7560063701364046,female
1381,3V,light,0.3680025394809936,0.1030870565828109,7.140061633281972,5361.067339671237,1.5840283596290574,0.8184761827190505,female
1382,3V,light,0.2900166653440203,0.07888262836282835,7.353118712273642,4516.44169184105,1.641141475262491,0.82035377359665,female
1383,3V,light,0.19412745020236488,0.05237679549242124,7.412727272727272,3225.3237400344474,1.4605370505168016,0.7727010812987429,male
1384,3V,light,0.43169589715101975,0.09784937703356876,8.829707792207792,5926.580221383016,1.3840453796096763,0.8270339475982871,male
1385,3V,light,0.013419569875406713,0.0034917863661614156,7.686363636363637,339.8663302249848,0.9364977225909167,0.6627405572786477,male
1386,3V,light,0.1333227521625268,0.04047297833505278,6.588235294117647,2258.444345838542,1.2880981073302005,0.7278903962444399,female
1387,3V,light,0.23020395206729624,0.06872470438854059,6.699307159353349,3609.551198691767,1.4415029230975134,0.7822810089580109,female
1388,3V,light,0.03193397349416713,0.006507420046028093,9.814634146341465,757.9085906577498,1.3991646524265824,0.8483386564841816,female
1389,3V,light,0.18249345290056346,0.05015474962304579,7.277215189873417,3238.102712862385,1.3551064668651658,0.7482010703566885,male
1390,3V,light,0.16444726608999286,0.04761526862947385,6.907333333333333,2507.33401015917,1.2276936065218866,0.7476887026713578,male
1391,3V,light,0.12729942068089833,0.03729862709308785,6.82595744680851,1956.28705924759,1.2508306092628685,0.721650876132096,male
1392,3V,light,0.1366320133322752,0.04586937544639314,5.957439446366783,2585.7008169089972,1.1187275454770291,0.6692072900478638,female
1393,3V,light,0.10246012221252282,0.038885802714070314,5.269795918367348,2372.8281937186734,1.1580184364588446,0.6591131997458015,female
1394,3V,light,0.13258471549876993,0.03396555828902468,7.807009345794392,2019.6815839166643,1.5041730912254283,0.8558584259776374,female
1395,3V,light,0.12861677644631378,0.029362748988175542,8.76054054054054,2267.619642759675,1.5342122020511852,0.8382650676293574,male
1396,3V,light,0.34258392191095943,0.08967542258550909,7.640530973451327,4764.736524591522,1.171145823624055,0.7472207053698563,male
1397,3V,light,0.2437743036266963,0.07039123879057217,6.929119638826186,3657.386885127208,1.1558013713129178,0.7171818334380009,male
1398,3V,light,0.009999206412189508,0.002698198555670185,7.411764705882353,337.90380530426984,0.9426425865508106,0.6692720287600288,female
1399,3V,light,0.3208316800253948,0.08642171256249503,7.420220588235295,4800.073000349914,1.6034670556512454,0.8249272525862542,female
1400,3V,light,0.0,0.0,,26.723964515507923,,,female
1401,3V,light,0.0,0.0,,339.32778230238074,,,male
1402,3V,light,0.2420918974684549,0.06031267359733355,8.027894736842105,3420.202951688573,1.446920259704473,0.8178411280555624,male
1403,3V,light,0.1488135862233156,0.03904452027616856,7.622764227642276,2296.895123373903,1.1656224706170895,0.7291610659626228,male
1404,3V,light,0.0,0.0,,180.50728433170275,,,female
1405,3V,light,0.2658359458708679,0.060240485733560854,8.825857519788919,3758.4318295068033,1.3249037372957106,0.8008927593664675,female
1406,3V,light,0.0,0.0,,56.87210711477341,,,female
1407,3V,light,0.0,0.0,,29.94425254238358,,,male
1408,3V,light,0.1769897457062129,0.05412870249849201,6.53958944281525,2818.886033661635,1.332618328883157,0.7298954620430756,male
1409,3V,light,0.012008317724372202,0.0038096447506270037,6.304166666666667,536.2473916236374,0.8767498204421019,0.6207313617723541,male
1410,3V,light,0.01887361503539795,0.004841423537255151,7.876666666666667,443.4970858232645,1.2431058772402301,0.7708954757532469,female
1411,3V,light,0.04966030667640243,0.011905139845709387,8.342666666666668,1194.1061110249889,1.4519003269371025,0.8204218237832517,female
1412,3V,light,0.22753896949109495,0.05682720086351947,8.008100558659217,3406.8966166254477,1.6695318382526065,0.8983517783570484,female
1413,3V,light,0.19067271976888156,0.05357312930569224,7.121661721068249,2709.022582129622,1.4076323104359343,0.8119059015775382,male
1414,3V,light,0.17142607701831805,0.03809644750627004,8.999583333333334,2808.0449354890616,1.4747753074716257,0.8926091090186253,male
1415,3V,light,0.028286612273405506,0.0068256135115400485,8.288372093023257,928.5503443724567,1.033858107975822,0.6902229314925861,male
1416,3V,light,0.19538715514778246,0.04833486777358011,8.094736842105263,2916.014499521696,1.297836443512018,0.7676384624271747,female
1417,3V,light,0.2016254484269342,0.0544461728943776,7.406413994169095,3098.578970396887,1.584059314673877,0.8154508145695218,female
1418,3V,light,0.2670799072986444,0.08206609733642338,6.50889748549323,4220.113510883373,1.5798174254624517,0.8023598324379689,female
1419,3V,light,0.2992714054414426,0.06825613511540049,8.769069767441863,4326.241022081301,1.5919860825476322,0.8579288761779902,male
1420,3V,light,0.17037048795199847,0.03833455030318423,8.892116182572614,2617.7788641455813,1.6633422901034811,0.8960369447790419,male
1421,3V,light,0.2598177719927617,0.05523984888409156,9.406896551724138,3816.7032982200153,1.2586091518125864,0.7760099224377927,male
1422,3V,light,0.006079558081208927,0.0022222927711990858,5.471428571428572,710.6319649429041,1.220814534578169,0.7085826570399674,female
1423,3V,light,0.1595685577319915,0.04539826661163846,7.02972027972028,2683.127514698089,1.518503965561355,0.7447803522473164,female
1424,3V,light,0.17901361947998348,0.04698561859106638,7.6199324324324325,2604.207253593024,1.5520982602610292,0.8191789525608452,female
1425,3V,light,0.38956792279119973,0.0836534493158513,9.313851992409866,5611.625465921632,1.5957153895137444,0.8820487435291888,male
1426,3V,light,0.33552652465157623,0.07936759897139592,8.455,4845.914594041488,1.6261133688955245,0.8443841200154021,male
1427,3V,light,0.07279596177656433,0.021111781326391313,6.896240601503758,1466.6904628176621,1.3307709735126063,0.7259337174905821,male
1428,3V,light,0.09296326867519604,0.03206450998444395,5.798514851485148,2140.9369895994596,1.2983370093520707,0.6829106570918758,female
1429,3V,light,0.14380615257627227,0.04238229785072542,6.786142322097378,2809.8032464716216,1.852248662898424,0.7542375499972109,female
1430,3V,light,0.0474697609447919,0.017937077367535477,5.2929203539823,2095.400844660383,1.1920830770029436,0.640968272058965,female
1431,3V,light,0.04972380075557954,0.01690529858090733,5.866981132075472,1857.2811465825862,1.2153431000561603,0.6574788255709807,male
1432,3V,light,0.13939331407346264,0.0369059335216991,7.525431034482759,2404.439519913202,1.5944947123285615,0.7774982810068644,male
1433,3V,light,0.0029445379218387886,0.0011111463855995429,5.3,377.409717219672,0.9060154311553276,0.6023562584781198,male
1434,3V,light,0.06976411949585701,0.025873837264675067,5.392638036809816,2089.7338946702657,1.0581358377678969,0.6458726921992682,female
1435,3V,light,0.21657830407314518,0.0679386647195149,6.375700934579439,3549.690152853932,2.117053102590608,0.7709034145892255,female
1436,3V,light,0.1821248293596622,0.06285913838534557,5.794696969696969,3435.6651340173607,1.522589011084718,0.6973000086245945,female
1437,3V,light,0.14971110193974413,0.051033366138607573,5.849221183800623,2821.5475104732286,1.6584045786337798,0.6986408243307087,male
1438,3V,light,0.17540239372678498,0.05730340645734785,6.121883656509695,3583.5986945056648,1.229288991596115,0.6763884582901215,male
1439,3V,light,0.03239785390012381,0.01380996222102289,4.691954022988505,1725.7739421679903,0.9272694724636517,0.6037482167021456,male
1440,3V,light,0.06887520238737738,0.01920695895107781,7.17190082644628,1190.6926007089091,1.2553147433400025,0.7547239211919508,female
1441,3V,light,0.10009047906282739,0.024127750087304358,8.296710526315788,1957.8321948859868,1.4527119937721018,0.7559395442141814,female
1442,3V,light,0.2232372456268453,0.057779612051176224,7.727197802197802,3784.3127716112963,1.4673567947235255,0.7412474024795265,female
1443,3V,light,0.09473316613225817,0.03476300834947141,5.450228310502283,2191.4391417795377,1.2304877145241702,0.6717513754630353,male
1444,3V,light,0.06697831677196102,0.021905457316105274,6.1152173913043475,1845.534637693122,1.505705690337684,0.7095532696161422,male
1445,3V,light,0.05490650496841169,0.024603955681132734,4.463225806451613,2014.4675072342789,1.024315357704339,0.5989952768431874,male
1446,3V,light,0.0,0.0,,70.74529422443997,,,female
1447,3V,light,0.08653449315851297,0.02000063494079177,8.653174603174602,1378.685337046945,1.2169148205501523,0.7834278612102702,female
1448,3V,light,0.0,0.0,,510.7043725451651,,,female
1449,3V,light,0.0,0.0,,372.1138231373191,,,male
1450,3V,light,0.24345217308485984,0.05809708244706181,8.380874316939892,3531.6405471822786,1.3165604622450648,0.7695943400953396,male
1451,3V,light,0.0024048382488332963,0.00047620559382837547,10.1,261.6685636444063,0.9751060521963271,0.7100441112999212,male
1452,3V,light,0.0,0.0,,124.50871073379236,,,female
1453,3V,light,0.0,0.0,,176.9629954900561,,,female
1454,3V,light,0.0,0.0,,30.206280880366364,,,female
1455,3V,light,0.0,0.0,,101.04043773568547,,,male
1456,3V,light,0.042048953935045555,0.016984666179878725,4.951401869158878,1777.4741648050642,1.0501442068831577,0.6243179410761815,male
1457,3V,light,0.0002698498365027461,0.00015873519794279184,3.4,156.7527213770161,0.5497750458579529,0.5328420688782307,male
1458,3V,light,0.030211156659113548,0.012936867293932768,4.670552147239263,6302.7867673701385,0.9622276286284144,0.5982805123825605,female
1459,3V,light,0.019063189473182966,0.007618926683703433,5.004166666666666,982.5792195482231,0.942323945987758,0.6289825129220401,female
1460,3V,light,0.0,0.0,,31.73577312966463,,,female
1461,3V,light,0.0,0.0,,26.250664107023546,,,male
1462,3V,light,0.17911478298135758,0.054443148179011615,6.579883381924199,2902.2698464358014,1.2042737647340915,0.7056255859200301,male
1463,3V,light,0.04095934223788322,0.01793608088696301,4.567256637168142,1669.0100647030617,0.8225950749136532,0.5897155324532455,male
1464,3V,light,0.1144814012364785,0.0344436243581502,6.647465437788019,2866.565958250685,1.5209450327631213,0.7049801163733355,female
1465,3V,light,0.3188495512011619,0.08896613572692715,7.165892857142857,4770.726526735122,1.7216933814412925,0.7629060169238476,female
1466,3V,light,0.0869899923017706,0.033967445219558266,5.1219626168224295,1547.1754298859862,1.3404447344736043,0.7100959608657057,female
1467,3V,light,0.09373586343182305,0.024840678396546117,7.541666666666667,1780.3074948743308,1.111778107785847,0.7098225897188689,male
1468,3V,light,0.2497480218724951,0.0609509297397681,8.195052083333332,4254.568799418504,1.5629734414958278,0.7660505847807252,male
1469,3V,light,0.1558296231042118,0.04698300834107125,6.633445945945946,3135.2342791298206,1.3673766931385154,0.7026715158153644,male
1470,3V,light,0.0882915486139219,0.029840559351761466,5.91755319148936,1758.2310616662053,1.4171092624553725,0.7288338588284525,female
1471,3V,light,0.14729808020443957,0.047141734720601895,6.249158249158249,2674.3516554952907,1.3144963894950499,0.7277222134977137,female
1472,3V,light,0.21364570684824966,0.05142734696792934,8.308641975308642,3395.502364129807,1.6768149811590862,0.7613824807649515,female
1473,3V,light,0.20792362086616986,0.06214137758624795,6.695652173913044,3340.3131063729156,1.468331504959178,0.7583946711943363,male
1474,3V,light,0.2158440672047491,0.05174479972699063,8.342638036809815,3421.8810311964885,1.4655399519794976,0.8240240828497509,male
1475,3V,light,0.21224891470837995,0.05976048189328826,7.0928191489361705,3695.5585330609683,1.155508331596212,0.7117480100465964,male
1476,3V,light,0.13286985230510384,0.035237256255803436,7.541441441441442,1991.8812443035558,1.2919548715442417,0.7532495155077445,female
1477,3V,light,0.20659825559708897,0.05491932731760355,7.523699421965318,3205.888919705994,1.426798592842895,0.7667586722344188,female
1478,3V,light,0.07006976024380372,0.027142210899740483,5.163157894736842,1324.82206740803,1.3611722146837881,0.7101608503388123,female
1479,3V,light,0.240756172472084,0.053093973953001125,9.063473053892215,4007.963816615792,1.444042188561097,0.7980415104377537,male
1480,3V,light,0.28112822710570384,0.053173337142766446,10.57402985074627,4610.9154039925825,1.7317744741797212,0.8946735453094531,male
1481,3V,light,0.17964651635278525,0.048887724895439,7.349350649350649,2769.990408678606,1.3157403071406435,0.7502886462137996,male
1482,3V,light,0.07417283715467092,0.024920041586311437,5.952866242038216,1313.911543748419,1.1524424953950108,0.691817661251862,female
1483,3V,light,0.04621318540034761,0.016507543471187196,5.599038461538461,956.4781893958842,1.1910056488989444,0.7007867411746742,female
1484,3V,light,0.26988246311595754,0.07602993579517948,7.099373695198329,4401.389794902996,1.3850209036068961,0.737489697050471,female
1485,3V,light,0.272080823472457,0.07087132846043348,7.6854260089686095,4291.046155295685,1.4639960599209507,0.7731297585677379,male
1486,3V,light,0.16836107076815632,0.03349126608096633,10.054028436018958,2962.6538811443843,1.6215793049401865,0.8106658767389228,male
1487,3V,light,0.13382221058228772,0.03952286850313088,6.771887550200804,2024.0433020846585,1.2047982338255938,0.7282678344406601,male
1488,3V,light,0.09960080315548042,0.030792917628945343,6.469072164948454,1663.5625770433003,1.1568551824891595,0.6872184592424478,female
1489,3V,light,0.2273914113156036,0.0812679063196908,5.59609375,3894.20932432958,1.4873132027929001,0.7183862540574498,female
1490,3V,light,0.3218891613691737,0.08983913081434569,7.165901060070672,4851.298835225931,1.5710266812933102,0.8217255276975626,female
1491,3V,light,0.4259739847463949,0.11587025705737165,7.352602739726027,6094.75292813135,1.564917135533059,0.8308418801924633,male
1492,3V,light,0.1759720006666508,0.04174503781655992,8.430798479087454,3008.05485350594,1.6293715074705766,0.8903781292110436,male
1493,3V,light,0.16075014086966183,0.04460211264811156,7.208185053380783,2440.039239557277,1.3152283453662745,0.7721233463394588,male
1494,3V,light,0.201082513908399,0.06634762664381007,6.061483253588516,3204.7393056804303,1.2014867840447039,0.6748306563087729,female
1495,3V,light,0.5018531304810203,0.09134703141988683,10.98904347826087,7094.884128439644,1.6893617614298806,0.8807190533812411,female
1496,3V,light,0.3166511908446624,0.09206130012777473,6.879137931034483,4528.084734919605,1.4635800867376418,0.7730505182244355,female
1497,3V,light,0.14846471909398984,0.03698324643064054,8.028755364806866,2840.399617983195,1.3132167876172685,0.7730996781819701,male
1498,3V,light,0.39260969976905313,0.09420410625143846,8.337268128161888,5642.988725142326,1.5287281268394697,0.8513531832467844,male
1499,3V,light,0.2718030523082784,0.05952239232399229,9.132800000000001,3827.294563714849,1.4113234020466758,0.8722861910148827,male
1500,3V,light,0.10484670999896828,0.0357927985841607,5.858666666666667,2656.8673929127067,1.4167847366584647,0.6943079775402878,female
1501,3V,light,0.3150480544114029,0.08793441425997794,7.165523465703972,4689.02784726392,2.0533828172763915,0.7321136876830049,female
1502,3V,light,0.4134266644444973,0.09769608660111267,8.467479674796747,5878.531020763935,1.464756412790017,0.8704926388463986,female
1503,3V,light,0.36976897375459317,0.07555375665658755,9.788235294117646,5488.117995823992,1.4833406902487662,0.8274968440877837,male
1504,3V,light,0.17001976143425157,0.049522630413561586,6.8663461538461545,2743.2506067516015,1.1967663856481718,0.7334099921346209,male
1505,3V,light,0.16344848932168282,0.04047522678031475,8.076470588235294,2511.231108767053,1.234287804532558,0.746702771265611,male
1506,3V,light,0.06580795695340587,0.02730093727927113,4.82093023255814,2072.0780229872285,0.9619476470647993,0.613520452225775,female
1507,3V,light,0.12604461798528607,0.041427585057498634,6.085057471264367,2333.0941173094093,1.4523429546417854,0.7420047794831471,female
1508,3V,light,0.0,0.0,,34.331275249122044,,,female
1509,3V,light,0.0,0.0,,54.132620289569,,,male
1510,3V,light,0.18799552391609722,0.04571319730482608,8.225000000000001,2820.8419328177406,1.6004417164882727,0.8554212707841048,male
1511,3V,light,0.09154543939430014,0.020158250200392056,9.082677165354331,1661.859235650039,1.3310473395715356,0.8168806527655567,male
1512,3V,light,0.0135107964676688,0.005714376418673312,4.728703703703703,3570.670909962723,0.8669165123309857,0.5928629255930314,female
1513,3V,light,0.12155985144271975,0.03539345459162619,6.869058295964126,2180.536625502385,1.266098140751165,0.7301626639081649,female
1514,3V,light,0.0,0.0,,54.94829918232906,,,female
1515,3V,light,9.522827009911676e-05,7.935689174926397e-05,,53.53448454666091,0.5202986904042681,0.5128230200652285,male
1516,3V,light,0.3116027711426599,0.06999277852285082,8.903854875283447,4430.069508391297,1.440869571462743,0.8684909739355902,male
1517,3V,light,0.11460722306428701,0.040233944116876835,5.694071146245059,2583.6784020434316,1.058134538947673,0.6458314914858094,male
1518,3V,light,0.09413314499297691,0.029679477514224725,6.343315508021389,2335.7291360446693,1.4285331822037768,0.7321941095157258,female
1519,3V,light,0.2830739685587995,0.07300834040932286,7.754565217391304,4548.6648382103185,1.7733713599805614,0.8348518732118435,female
1520,3V,light,0.35891535000357105,0.10316395927404316,6.958153846153847,5224.3234179639385,1.366646795808444,0.789533384268404,female
1521,3V,light,0.2497361383349337,0.07475419202780666,6.681528662420382,3675.996784482093,1.3416950226367272,0.7766995053509345,male
1522,3V,light,0.1749978176854769,0.04475728694658488,7.819858156028368,3107.029712550167,1.4739963925815087,0.7993602460234004,male
1523,3V,light,0.2147159420059835,0.057613103409965644,7.453719008264463,3502.4904060241215,1.341315959195736,0.7543029029021651,male
1524,3V,light,0.1295739328481982,0.029679477514224725,8.731550802139036,2573.568645618738,1.2738502659265702,0.72320182665726,female
1525,3V,light,0.344797758961377,0.09197463753739694,7.497927461139895,5468.610201509327,1.874078689130636,0.8515182111231565,female
1526,3V,light,0.29024783157293294,0.08824486362518154,6.578237410071942,4757.864447134998,1.8563174788584735,0.7826645837672105,female
1527,3V,light,0.2130891257251236,0.05697824827597153,7.479665738161559,3730.2138075332027,1.493520009027154,0.781806945069585,male
1528,3V,light,0.18897256632252227,0.04539214208057899,8.326223776223777,3222.662224291976,1.4462586719237238,0.8530920076455384,male
1529,3V,light,0.20366946267448596,0.05451818463174435,7.473177842565598,3083.344764473202,1.2972515349573788,0.7631828107767369,male
1530,3V,light,0.04340821978684739,0.013331957813876347,6.511904761904761,1066.4798501256714,1.239012339427921,0.7156208670033968,female
1531,3V,light,0.4461999952385865,0.10625887805226446,8.386995515695066,6488.770353992466,1.6453349555244798,0.8771842547564584,female
1532,3V,light,0.24281621737439787,0.05237554855451422,9.272121212121213,4003.4692164734674,1.6187476280423454,0.8834251485383261,female
1533,3V,light,0.23088094085530858,0.05475625530699214,8.43304347826087,3390.080732080229,1.5940755193950769,0.8430137238344195,male
1534,3V,light,0.42238499202463237,0.08380087768722275,10.08068181818182,6417.660632249961,1.756055007594369,0.9760171389656457,male
1535,3V,light,0.28417702935411426,0.07618261607929341,7.460416666666666,4426.1103138624,1.2390611878508186,0.7256198582151012,male
1536,3V,light,0.15821383508050757,0.03999587344162904,7.9115079365079355,2539.7135307010517,1.3453027653514738,0.7834484862376712,female
1537,3V,light,0.18190186726766286,0.053486545039003915,6.801780415430266,2740.3609058527454,1.516497297521444,0.7846473334600383,female
1538,3V,light,0.022910334648012506,0.006507265123439646,7.041463414634146,779.7019403592876,1.4281078671703187,0.84118834738541,female
1539,3V,light,0.12020981962178505,0.02936204994722767,8.188108108108109,2257.295692097361,1.337915942417178,0.7591806364363992,male
1540,3V,light,0.28923206335854235,0.057613103409965644,10.040495867768595,4605.343157507106,1.7715775651847985,0.9514395289805225,male
1541,3V,light,0.18225897328053456,0.04777284883305691,7.630232558139534,2700.195495387133,1.3052430840825893,0.7725412134842891,male
1542,3V,light,0.22243736757318688,0.05737503273471785,7.740997229916897,3278.3833312772126,1.7327499849570573,0.7611368256113558,female
1543,3V,light,0.10122765111536111,0.032695039400696756,6.192233009708738,1713.8490161504865,1.4014960772072098,0.7509288582220448,female
1544,3V,light,0.13350209898978677,0.04063072857562315,6.571484375000001,2128.4650939675894,1.5147242447904614,0.7954778116484169,female
1545,3V,light,0.2342536087546523,0.04951870045154072,9.461217948717948,3700.309331560626,1.5744416026057269,0.891320136341915,male
1546,3V,light,0.3017704522549261,0.07784911080602795,7.757346938775511,4728.049375645829,1.5936233208363424,0.8206027938184361,male
1547,3V,light,0.3542967789037639,0.0993548284700785,7.131948881789138,4946.621099578255,1.2337515953451337,0.7275487787468145,male
1548,3V,light,0.4099418313983478,0.11197257425821146,7.3120567375886525,5696.276446555603,1.4815597099027744,0.7742170601799917,female
1549,3V,light,0.3255457770230056,0.0863402982231992,7.540992647058822,4926.464830385637,1.77089212085858,0.8677829494520002,female
1550,3V,light,0.3780721036718434,0.09308563402188663,8.11655290102389,5803.245610814323,1.6670516978987115,0.8705689667667824,female
1551,3V,light,0.18601255426027474,0.04332886289509813,8.586080586080586,3095.790905174285,1.5099080600072388,0.8252369706238972,male
1552,3V,light,0.30825391031084093,0.06539007880139351,9.428155339805825,4804.66636469305,1.6801604180612855,0.9119018740985995,male
1553,3V,light,0.24857752771539443,0.060866735971685466,8.175456919060052,3868.8788817498244,1.2123849475790056,0.7355186329228421,male
1554,3V,light,0.1701570472887718,0.05158197963702158,6.597538461538461,2651.4034537615253,1.3132446005890166,0.7404926402279113,female
1555,3V,light,0.2551006642171839,0.05856538611095681,8.711653116531167,3911.9368729220614,1.7146369572528788,0.9107566884370956,female
1556,3V,light,0.21798544594605318,0.06221580313142295,7.007397959183674,3631.4269921823598,1.491159736258896,0.7998881269087431,female
1557,3V,light,0.3595581408267401,0.08189631228524041,8.780813953488371,5433.640227833009,1.6580890440139582,0.871910077190081,male
1558,3V,light,0.3198717592629332,0.07427805067731108,8.612820512820512,4881.278717134885,1.7094068610875692,0.9036248742280666,male
1559,3V,light,0.12451889884377008,0.03372667899343719,7.38254716981132,2046.9067804150495,1.1868959244587673,0.7317665958732252,male
1560,3V,light,0.29580281399538144,0.09840254576908732,6.012096774193548,4370.092062896055,1.2912666603258094,0.7205907487806268,female
1561,3V,light,0.4105211367081174,0.11728948600541214,7.0001353179972945,5946.862863178893,1.5555976371846025,0.828230318799272,female
1562,3V,light,0.0,0.0,,27.27077407410066,,,female
1563,3V,light,0.0,0.0,,52.04290521579804,,,male
1564,3V,light,0.23641211621023228,0.05189940720401864,9.11039755351682,3778.8875250903398,1.5958256343069974,0.9245046696911879,male
1565,3V,light,0.27528112178902175,0.09022878591891313,6.1051056338028165,4062.288344818389,1.2260044736814388,0.7104845558947961,male
1566,15V,light,0.03263484974952743,0.011693570256001883,5.581674208144797,4785.421915202755,0.9590966914497584,0.6275576678964849,female
1567,15V,light,0.09378398329906891,0.02270183599114152,8.262237762237762,1611.0889480894127,1.2634934915979827,0.730111916321705,female
1568,15V,light,0.0,0.0,,53.090505683659806,,,female
1569,15V,light,0.00010319016359609783,7.937704892007525e-05,,76.16231672783243,0.528281984479019,0.5182932811524276,male
1570,15V,light,0.30988006127908174,0.07270937681078893,8.523799126637556,4464.314028168358,1.4841420040979247,0.8550848900748483,male
1571,15V,light,0.13858438970955939,0.043657376906041385,6.348727272727273,2489.2043870183734,1.105477012382219,0.6800397908541977,male
1572,15V,light,0.42668338876497247,0.09390304887244902,9.087478849407782,6038.580530497327,1.4580599182807648,0.8086492337433139,female
1573,15V,light,0.22232717632023877,0.05254760638508981,8.461933534743203,3629.1768407387976,1.4217435383018417,0.7610503471287966,female
1574,15V,light,0.14597439296401837,0.03508465562267326,8.321266968325792,2310.9264803206165,1.496191209786317,0.8446824997071406,female
1575,15V,light,0.21173827799430073,0.05143632770020876,8.233024691358025,3116.159656152067,1.3428953871634186,0.786464717477359,male
1576,15V,light,0.12170089140425937,0.0323858359593907,7.515686274509804,2101.178849770295,1.427109667639879,0.7917385137422145,male
1577,15V,light,0.20318936982560862,0.053976393265651165,7.528823529411765,2997.7405917134165,1.2294835110268663,0.7373469958411174,male
1578,15V,light,0.20174470753526325,0.0493725244282868,8.17234726688103,2997.354944858244,1.3739281508401984,0.7900841190496678,female
1579,15V,light,0.11862106190616045,0.024924393360903626,9.51847133757962,1851.9450131487736,1.5373837535545651,0.8868388025718867,female
1580,15V,light,0.2442908057564236,0.06366039323390035,7.674812967581048,3868.021341568639,1.5375631820729188,0.7885574283646591,female
1581,15V,light,0.27420801549439994,0.06032655717925719,9.090789473684211,4666.887773295655,1.5143607418981495,0.7738065014146506,male
1582,15V,light,0.434589342837412,0.10477770457449932,8.295454545454545,6119.941308059365,1.5905093430517347,0.8297031269053755,male
1583,15V,light,0.09763377017169256,0.028416983513386937,6.871508379888268,1646.6214141917199,1.1566994571714935,0.7231309063034547,male
1584,15V,light,0.08324271120248292,0.02349560648034227,7.085810810810811,1758.0937263141814,1.179740694733837,0.6927325076410259,female
1585,15V,light,0.26177756963351617,0.055563934244052676,9.422571428571427,4270.3938491231,1.4847696405498398,0.8052221729231817,female
1586,15V,light,0.25038696311348535,0.056040196537573125,8.935977337110481,4100.201268261719,1.5101147673007396,0.7946041278643815,female
1587,15V,light,0.21927115993681587,0.053341376874290566,8.221428571428572,3488.914231001533,1.454507526547118,0.7300174249372379,male
1588,15V,light,0.05672283915828577,0.014605377001293846,7.767391304347828,1198.832698106048,1.351794466773407,0.7432241998279436,male
1589,15V,light,0.05926290472372818,0.01952675403433851,6.069918699186992,1253.0927370430927,1.1166311747652184,0.6727671417536452,male
1590,15V,light,0.3853438216873973,0.08064708170279646,9.556299212598423,5216.7195717661,1.3379157336722796,0.8044451170623516,female
1591,15V,light,0.18632174693009262,0.041276065438439126,9.028076923076922,2745.8430080072294,1.5599236826684888,0.868436372327741,female
1592,15V,light,0.0,0.0,,160.1342974467176,,,female
1593,15V,light,0.2223668648446988,0.046038688373643645,9.659999999999998,3854.356783036477,1.4212539537873279,0.7713604466284859,male
1594,15V,light,0.23940911724783895,0.0471499670585247,10.155218855218855,3845.4794285844823,1.6154514559327873,0.848916537816465,male
1595,15V,light,0.22927266810074534,0.05778649161381478,7.935164835164835,3431.276923601558,1.1005170924404069,0.7047302114103093,male
1596,15V,light,0.2508870385216818,0.06620045879934276,7.579616306954437,3514.103295522058,1.2217802250973437,0.7426196085876345,female
1597,15V,light,0.39636929378239577,0.11596986847222994,6.829589041095891,5647.492140033575,1.6131312219291727,0.753779774144569,female
1598,15V,light,0.3172065628944047,0.06723236043530373,9.439716312056738,4819.110709587668,1.4252858214940436,0.7785459856155362,female
1599,15V,light,0.26707995650137717,0.055563934244052676,9.613428571428571,4389.734810542975,1.5589631306009142,0.8550185753917229,male
1600,15V,light,0.2177233074828744,0.046673704765004244,9.329591836734696,3333.3799606775096,1.5392684376948647,0.9060031957603287,male
1601,15V,light,0.025440344178884116,0.006429540962526095,7.897499999999999,658.0224413863388,1.0154073065346643,0.656370406984833,male
1602,15V,light,0.2116906517649487,0.05064255721100801,8.360188087774295,3549.7217047638364,1.371848770224022,0.7326690559970576,female
1603,15V,light,0.14138639953643803,0.043974885101721685,6.430324909747292,2614.8460602228297,1.338944462469993,0.7056069376839265,female
1604,15V,light,0.6320159389114232,0.10588898325938038,11.937331334332836,8074.915680029932,1.4987965889828492,0.8516634246726885,female
1605,15V,light,0.2717155761583096,0.06683547519070336,8.130878859857482,4335.849754749815,1.2342059010247355,0.712168969776466,male
1606,15V,light,0.30174391376477405,0.06135845881521817,9.847668393782383,4556.419186207324,1.4936649943190914,0.7894099759351146,male
1607,15V,light,0.03412419333074035,0.010477770457449933,6.513636363636365,785.9645230106016,1.1741898939942257,0.6763533476297529,male
1608,15V,light,0.1811066748160437,0.05953278669005643,6.084266666666666,3664.321119266163,1.3169262558731396,0.6762877735842063,female
1609,15V,light,0.2597931434105143,0.09604622919329105,5.409752066115702,4476.248747221684,1.2822152550171808,0.699073835094976,female
1610,15V,light,0.21769155666330636,0.05159508179804891,8.438461538461539,3305.690891385375,1.3217343411319638,0.7756719997808249,female
1611,15V,light,0.18613917971757646,0.05207134409156936,7.149390243902439,3134.740095319046,1.495737186073153,0.7708858257217961,male
1612,15V,light,0.25458600900135736,0.06778799977774426,7.511241217798595,4069.2847982668236,1.3746748386832515,0.7453184223021934,male
1613,15V,light,0.08573515053857328,0.031592065470189945,5.427638190954774,1715.4396034935692,1.159591498953794,0.6334648589861398,male
1614,15V,light,0.08935474396932871,0.03460839332915281,5.163761467889908,2417.1388643930763,1.1881909678431553,0.6418228593776477,female
1615,15V,light,0.040942681832974816,0.008731475381208277,9.378181818181819,1081.3772046228273,1.4849534830116178,0.77519049737868,female
1616,15V,light,0.0,0.0,,30.628491863161173,,,female
1617,15V,light,0.0,0.0,,30.20654583245871,,,male
1618,15V,light,0.17539152729379828,0.04254609822116033,8.244776119402985,3046.637474419529,1.469468570589064,0.7834132971712703,male
1619,15V,light,0.038402616267532406,0.011271540946650685,6.814084507042254,827.6403126988032,1.0247914423935662,0.6843530591659124,male
1620,12V,light,0.009082058635230874,0.0033068958036815005,5.492799999999998,2896.49531817267,1.0231825129167935,0.6203999051082206,female
1621,12V,light,0.24145565351256557,0.08498718447218277,5.685046728971963,4259.094558073887,1.4344539404361294,0.7119879380069168,female
1622,12V,light,0.0,0.0,,53.7692158971985,,,female
1623,12V,light,0.0,0.0,,51.59250175423184,,,male
1624,12V,light,0.12363116965561022,0.039517536898904936,6.257028112449799,2202.8836906373217,1.3442364812110013,0.7244042550138996,male
1625,12V,light,0.05830820504681797,0.019520710998254247,5.973983739837399,1060.0250527498288,1.1131731942147856,0.6929625352255927,male
1626,12V,light,0.04536581495000794,0.016981431518806538,5.342990654205608,1556.891699464741,1.2193289354217127,0.6553688091396666,female
1627,12V,light,0.20734010474527853,0.08101888589112839,5.116078431372548,4150.892067781692,1.429934801658674,0.7032524423374554,female
1628,12V,light,0.11944929376289477,0.03880336454531027,6.133196721311475,2478.6962573882724,1.5703504034129456,0.7369385465526131,female
1629,12V,light,0.03132836057768608,0.01047452785272179,5.981818181818182,822.8979141645909,1.2137445409814802,0.6793062717774383,male
1630,12V,light,0.016497381368036818,0.00571337882875734,5.775000000000001,602.047879851653,1.3557644398074722,0.6875069406872464,male
1631,12V,light,0.0048325662593239165,0.0011109347722583717,8.700000000000001,280.4912526559266,1.0034479367550864,0.7158679458220776,male
1632,12V,light,0.15619742897952707,0.05507062371052214,5.672622478386168,2510.4253006941794,1.2361199942125742,0.7077513744579474,female
1633,12V,light,0.4429614346929059,0.11783843834312013,7.522506738544474,6407.003006315838,1.7543546794388973,0.8923292073716366,female
1634,12V,light,0.06363275670528487,0.024123155054753213,5.275657894736842,1882.5738758951254,1.338621574860527,0.670746902190772,female
1635,12V,light,0.19671480717346454,0.05015076971909221,7.844936708860759,3086.832644952195,1.554280022280411,0.8066571475028916,male
1636,12V,light,0.033320107919377874,0.009046183145532455,7.366666666666666,627.4190771560259,1.4376254688378785,0.7810994917171671,male
1637,12V,light,0.013307411521980637,0.0046024440564989685,5.782758620689654,349.29238841350934,0.9073298583380317,0.6435864600366845,male
1638,12V,light,0.05117441675924456,0.013172512299634979,7.769879518072289,1188.9989906597025,1.382515990511792,0.7822786264643856,female
1639,12V,light,0.06613235994286622,0.02094905570544358,6.313636363636364,1621.1225197640308,1.3978304155113515,0.7108805437271148,female
1640,12V,light,0.006356133946992541,0.0022218695445167433,5.721428571428571,386.01726712527244,1.5822010404498843,0.7054275300088404,female
1641,12V,light,0.05415807014759562,0.020314235835581652,5.33203125,1477.5672712830708,1.2985033350855542,0.6762424828819988,male
1642,12V,light,0.028804951594984925,0.006824313601015711,8.44186046511628,611.3253023907927,1.4529471787186772,0.8142607196774424,male
1643,12V,light,0.0008252658308205047,0.00015870496746548166,10.4,97.79662002645402,0.9402276509360337,0.7765400774062192,male
1644,12V,light,0.06392636089509601,0.024440564989684176,5.231168831168831,1622.2032729842906,1.0945663357067876,0.649228384736914,female
1645,12V,light,0.10640374543723219,0.03999365180130138,5.321031746031746,1995.1483876321201,1.3519344436066558,0.683441413456916,female
1646,12V,light,0.0391604507221076,0.017457546421202983,4.486363636363635,1572.3148199324971,1.2281664965783663,0.6640720054224938,female
1647,12V,light,0.3332804316775115,0.09585780034915092,6.953642384105961,5262.687825384684,1.5334845334550387,0.7923852488519645,male
1648,12V,light,0.07513093159815902,0.01967941596571973,7.635483870967742,1349.0822377313516,1.4878678574999238,0.7830344218565607,male
1649,12V,light,0.0076178384383431205,0.0019044596095857801,8.0,237.86520549047276,1.046939800586629,0.7118325260159508,male
1650,12V,light,0.08454213616886208,0.02190128551023647,7.720289855072465,1495.4854983476748,1.3238200094697792,0.7698873626286252,female
1651,12V,light,0.12255197587684495,0.04332645611807649,5.6571428571428575,2677.97667888467,1.4957981022349165,0.6973995508306003,female
1652,12V,light,0.013807332169496905,0.005872083796222821,4.702702702702703,1149.0212382119732,1.4070019646638752,0.6643571981085238,female
1653,12V,light,0.11799714331058563,0.037454372321853675,6.3008474576271185,2190.3876851543214,1.4513074862138016,0.712289515435399,male
1654,12V,light,0.12659101729884145,0.037454372321853675,6.759745762711864,1991.853119503543,1.5529619424347805,0.7663263837631117,male
1655,12V,light,0.0008966830661799714,0.0003174099349309633,5.65,156.33514406781944,0.8273612802057115,0.6524141419892372,male
1656,12V,light,0.0370496746548167,0.012855102364704015,5.764197530864198,736.7227300087903,1.260387400419983,0.664159199725713,female
1657,12V,light,0.10772893191556895,0.034915092842405966,6.170909090909091,2400.773795002146,1.572723327130925,0.7346190123896857,female
1658,12V,light,0.07501983812093319,0.020314235835581652,7.3859375,1665.9780966649896,1.6465343441805662,0.8130934458684251,female
1659,12V,light,0.005975242025075385,0.0022218695445167433,5.378571428571427,280.5613594348391,1.5772868315327913,0.6960393288855665,male
1660,12V,light,0.42123472464688144,0.07728931915568957,10.900205338809034,5875.124389047239,1.5639152032070798,0.8810150579608312,male
1661,12V,light,0.0075543564513569274,0.0022218695445167433,6.8,274.9817617563364,1.0637112525648098,0.7152237923971811,male
1662,12V,light,0.051325186478336775,0.015235676876686241,6.7375,1189.1061434873002,1.105356496189536,0.682405014032181,female
1663,12V,light,0.020687192509125537,0.008728773210601492,4.740000000000001,1353.6716867656296,1.268827758053065,0.683682909254386,female
1664,12V,light,0.044508808125694334,0.015711791779082687,5.665656565656565,1066.3180726543717,1.2797128236850022,0.6821043429141637,female
1665,12V,light,0.2202031423583558,0.059435010315822885,7.410160427807486,3485.7324340963387,1.4068675472637509,0.7876657774577875,male
1666,12V,light,0.04973813680368196,0.012855102364704015,7.738271604938271,877.6850930113097,1.5492433951900588,0.8075015438963005,male
1667,12V,light,0.02001269639739724,0.005078558958895413,7.88125,495.1079429007136,1.1725951609932146,0.7286774597993966,male
1668,12V,light,0.0222901126805269,0.007935248373274084,5.618,669.5934158230414,1.0642820255144452,0.6703760247280175,female
1669,12V,light,0.15449135057927313,0.045072210760196796,6.8552816901408455,2647.085885181619,1.4599510309174326,0.7797459401451116,female
1670,12V,light,0.0,0.0,,33.25505044824278,,,female
1671,12V,light,0.0,0.0,,49.11639994504319,,,male
1672,12V,light,0.0,0.0,,73.86834828268306,,,male
1673,12V,light,0.012680526900491986,0.00285668941437867,8.877777777777778,296.8139244177953,1.144448156956018,0.754743392844758,male
1674,13V,light,0.028037482076435076,0.012328238014360015,4.548497854077253,7097.501776657798,0.8979916255744573,0.5859156988016706,female
1675,13V,light,0.3339205789924769,0.10649779386090213,6.2709388971684055,4815.127655163462,1.270310232076559,0.7240735282359582,female
1676,13V,light,0.0,0.0,,40.25544938782103,,,female
1677,13V,light,0.0,0.0,,46.33895174820649,,,male
1678,13V,light,0.19652734241705222,0.07475419202780666,5.25796178343949,3831.10500392983,1.2947260806362362,0.7021697151154377,male
1679,13V,light,0.07239729234285351,0.027457484545245332,5.273410404624277,1969.5484468316147,0.9903626375170109,0.6073136089206226,male
1680,13V,light,0.20447890297032845,0.07657940053803973,5.332572614107884,4062.5079917641274,1.3170186734491116,0.6877444309957814,female
1681,13V,light,0.3044527151960512,0.09871997333608437,6.168006430868167,4808.359691740113,1.5290180557804725,0.740200522618994,female
1682,13V,light,0.11094887035464594,0.03452024791092983,6.427188940092165,2302.607705517005,1.6608227852656512,0.760582079879154,female
1683,13V,light,0.20974026489330466,0.0718179870330839,5.83429203539823,3616.28330107545,1.356568544144735,0.7375874711674456,male
1684,13V,light,0.20889114615158755,0.07253219905882727,5.759956236323852,3983.5636531727046,1.4047384281421254,0.7272433059769379,male
1685,13V,light,0.265551966860562,0.07705554188853532,6.891752577319588,4267.445612420865,1.2529438330081804,0.7188469587372428,male
1686,13V,light,0.20081261457151248,0.0645171529921516,6.216995073891625,3599.000454732854,1.300868910591815,0.7024314305471419,female
1687,13V,light,0.3181417790227992,0.09586312523311087,6.637417218543046,4758.795985350268,1.5961403943362298,0.7927576407245308,female
1688,13V,light,0.1942656710021982,0.06491393745089792,5.985330073349633,3481.8818984569057,1.426152257946233,0.7068659081817157,female
1689,13V,light,0.3887773483688191,0.10387817129978653,7.487308868501529,5610.2448226415145,1.513668173135216,0.8457447173535714,male
1690,13V,light,0.5312467761262727,0.13593835556648917,7.806542056074766,7455.294396963404,1.6825719769274914,0.8930320968097339,male
1691,13V,light,0.26100481696332917,0.07435740756906034,7.022863247863248,4124.3394900933845,1.2732499470889027,0.7450151540465403,male
1692,13V,light,0.32231595152881054,0.09737090617634689,6.6156606851549755,4847.9247149525,1.3000957418693002,0.7301424773995326,female
1693,13V,light,0.24284796013109758,0.06570750636839057,7.391787439613526,3729.5305303296304,1.4679422065854202,0.8036814289663091,female
1694,13V,light,0.17255362541959957,0.06189837556442589,5.575384615384616,3349.273090837364,1.3539889389534872,0.7087419364044314,female
1695,13V,light,0.2882956520359011,0.09951354225357702,5.794098883572567,4801.80754864424,1.6557168947653522,0.7359174110677943,male
1696,13V,light,0.25710839357844034,0.07538904716180077,6.820842105263159,3782.310438142628,1.6589174828922746,0.805582432913836,male
1697,13V,light,0.1537381063858491,0.04475728694658488,6.869858156028369,2771.4556625994405,1.1292728311814046,0.7056685981564556,male
1698,13V,light,0.1478260179505289,0.034917032369676144,8.467272727272727,2354.4047353574097,1.322154108361198,0.730775160482307,female
1699,13V,light,0.15396824137192194,0.056819534492473005,5.419553072625698,3038.189433682013,1.3501919848492143,0.6890607821269299,female
1700,13V,light,0.13854126161586502,0.05023291247728409,5.5050632911392405,2695.005238735847,1.4748612674086947,0.7342298309094435,female
1701,13V,light,0.29527112282066137,0.08903843254267417,6.632442067736186,4299.756200426537,1.4629444196896513,0.7864737524636534,male
1702,13V,light,0.3906739780816265,0.1224476839691143,6.382749675745785,5853.531834527234,1.56727409414658,0.7886525764095331,male
1703,13V,light,0.1330973788418655,0.0471379936990628,5.647138047138047,2288.409781636996,1.1170102294102784,0.6703507488341551,male
1704,13V,light,0.15086538690452572,0.05031226936903336,5.997160883280757,2894.062505569357,1.19465833774956,0.7017125495348107,female
1705,13V,light,0.25805274059025657,0.07126248879083905,7.242316258351893,3816.055385885117,1.4664280284497442,0.8193546330274204,female
1706,13V,light,0.327005943831192,0.10038646806281892,6.514873417721518,4865.387357274422,1.4926863269833213,0.7823321354081003,female
1707,13V,light,0.25988588478966457,0.07300834040932286,7.1193478260869565,3757.884774069938,1.576595845069564,0.851643855066583,male
1708,13V,light,0.3654226151270107,0.10943315372223501,6.682438316400581,5400.957606625321,1.6826554859646725,0.8160069416261813,male
1709,13V,light,0.2680517089506638,0.08975264456841756,5.972212389380531,4258.377108722766,1.090186959719898,0.6622578895685242,male
1710,13V,light,0.11375016863339497,0.03983715965813051,5.710756972111554,2559.691922337671,1.2326933558428537,0.6777808408953793,female
1711,13V,light,0.28235182084388116,0.08316602255322864,6.790076335877862,4225.187453635473,1.5955826853156672,0.7769535993290339,female
1712,13V,light,0.2549736931903851,0.06285065826541707,8.113636363636363,4130.160605728401,1.5672189134611534,0.8164964461573784,female
1713,13V,light,0.191480244101799,0.06197773245617516,6.185641025641026,3069.5422437786015,1.4256251081198512,0.752891328855857,male
1714,13V,light,0.39557823399173103,0.11102029155722029,7.13032904148784,5798.504628487213,1.6328230842344076,0.7917968041260749,male
1715,13V,light,0.08035678858530469,0.029679477514224725,5.4149732620320865,1632.3315244092564,1.1700589945938802,0.647371648135999,male
1716,13V,light,0.20666121749343322,0.061739661780927366,6.694601542416452,3615.416702653321,1.2797066400844077,0.7205811538215349,female
1717,13V,light,0.03483767547792688,0.009046685659416092,7.701754385964913,1315.0427973593914,1.1507397477613948,0.6766749558385989,female
1718,13V,light,0.2659328799409585,0.08268988120273306,6.432053742802303,4168.09396955115,1.4432156557640297,0.7469123128424345,female
1719,13V,light,0.41845682588304384,0.12165411505162166,6.87780678851175,5918.471649042825,1.4000024288381094,0.790549217469753,male
1720,13V,light,0.2129700903874997,0.07721425567203384,5.510905349794239,3622.4427693780585,1.2942959978687574,0.7116206398161999,male
1721,13V,light,0.02990167681112266,0.009681540793410204,6.177049180327869,852.0517226081932,1.1596701892542685,0.6714539390774572,male
1722,13V,light,0.22618301286375214,0.05586725179148183,8.09715909090909,3538.6203046575765,1.212423713169692,0.7466746822694942,female
1723,13V,light,0.36510518756001364,0.07943624864101323,9.1966,5466.259257957737,1.574702581463177,0.8771457145808165,female
1724,13V,light,0.0,0.0,,28.40263231913261,,,female
1725,13V,light,0.0,0.0,,28.693747391044752,,,male
1726,13V,light,0.4274400260290605,0.11617848952092245,7.358333333333333,6025.568620066069,1.463588233881725,0.8112424347392642,male
1727,13V,light,0.007681747121328752,0.002698134319474975,5.694117647058824,452.3705148936801,1.0957969886103023,0.6760885708859153,male
