"N","year","date","season","session","post_ctrl","post_ctrl_days","site","method_code","method_type","method_number","cluster","n_checks","date_placed","date_collected","duration","bait","Tukutuku","Oligosoma","Lizard","Rattus","Other","Nothing","notes"
1,2025,2025-02-28,NA,1,0,0,"SH","BTT01","BTT",1,1,NA,"2025-02-24","2025-03-01",5,"pear",0,1,0,0,0,0,NA
NA,2025,2025-02-28,NA,1,0,0,"SH","BTT02","BTT",2,2,NA,"2025-02-24","2025-03-01",5,"pear",0,0,0,0,0,1,NA
NA,2025,2025-02-28,NA,1,0,0,"SH","BTT03","BTT",3,3,NA,"2025-02-24","2025-03-01",5,"pear",0,0,0,0,0,1,NA
NA,2025,2025-02-28,NA,1,0,0,"SH","BTT04","BTT",4,4,NA,"2025-02-24","2025-03-01",5,"pear",0,1,0,0,0,0,NA
NA,2025,2025-02-28,NA,1,0,0,"SH","BTT05","BTT",5,5,NA,"2025-02-24","2025-03-01",5,"pear",0,0,0,0,0,1,NA
NA,2025,2025-02-28,NA,1,0,0,"SH","BTT06","BTT",6,6,NA,"2025-02-24","2025-03-01",5,"pear",0,0,0,0,0,1,NA
NA,2025,2025-02-28,NA,1,0,0,"SH","BTT07","BTT",7,7,NA,"2025-02-24","2025-03-01",5,"pear",0,0,0,0,0,1,NA
NA,2025,2025-02-28,NA,1,0,0,"SH","BTT08","BTT",8,8,NA,"2025-02-24","2025-03-01",5,"pear",0,0,0,0,0,1,NA
NA,2025,2025-02-28,NA,1,0,0,"SH","BTT09","BTT",9,9,NA,"2025-02-24","2025-03-01",5,"pear",0,0,0,0,0,1,NA
NA,2025,2025-02-28,NA,1,0,0,"SH","BTT10","BTT",10,10,NA,"2025-02-24","2025-03-01",5,"pear",0,0,0,0,0,1,NA
NA,2025,2025-02-28,NA,1,0,0,"SH","BTT11","BTT",11,11,NA,"2025-02-24","2025-03-01",5,"pear",0,0,0,0,0,1,NA
NA,2025,2025-02-28,NA,1,0,0,"SH","BTT12","BTT",12,12,NA,"2025-02-24","2025-03-01",5,"pear",0,0,0,0,0,1,NA
NA,2025,2025-02-28,NA,1,0,0,"SH","BTT13","BTT",13,13,NA,"2025-02-24","2025-03-01",5,"pear",0,0,0,0,0,1,NA
NA,2025,2025-02-28,NA,1,0,0,"SH","BTT14","BTT",14,14,NA,"2025-02-24","2025-03-01",5,"pear",0,0,0,0,0,1,NA
NA,2025,2025-02-28,NA,1,0,0,"SH","BTT15","BTT",15,15,NA,"2025-02-24","2025-03-01",5,"pear",0,1,0,1,0,0,NA
NA,2025,2025-02-28,NA,1,0,0,"SH","BTT16","BTT",16,16,NA,"2025-02-24","2025-03-01",5,"pear",0,0,0,0,0,1,NA
NA,2025,2025-02-28,NA,1,0,0,"SH","BTT17","BTT",17,17,NA,"2025-02-24","2025-03-01",5,"pear",0,0,0,0,0,1,NA
NA,2025,2025-02-28,NA,1,0,0,"SH","BTT18","BTT",18,18,NA,"2025-02-24","2025-03-01",5,"pear",0,0,0,0,0,1,NA
NA,2025,2025-02-28,NA,1,0,0,"SH","BTT19","BTT",19,19,NA,"2025-02-24","2025-03-01",5,"pear",0,0,0,0,0,1,NA
NA,2025,2025-02-28,NA,1,0,0,"SH","BTT20","BTT",20,20,NA,"2025-02-24","2025-03-01",5,"pear",0,0,0,0,0,1,NA
NA,2025,2025-02-28,NA,1,0,0,"SH","BTT21","BTT",21,21,NA,"2025-02-24","2025-03-01",5,"pear",0,0,0,0,0,1,NA
NA,2025,2025-02-28,NA,1,0,0,"SH","BTT22","BTT",22,22,NA,"2025-02-24","2025-03-01",5,"pear",0,0,0,0,0,1,NA
NA,2025,2025-02-28,NA,1,0,0,"SH","BTT23","BTT",23,23,NA,"2025-02-24","2025-03-01",5,"pear",0,0,0,0,0,1,NA
NA,2025,2025-02-28,NA,1,0,0,"SH","BTT24","BTT",24,24,NA,"2025-02-24","2025-03-01",5,"pear",0,0,0,0,0,1,NA
NA,2025,2025-02-28,NA,1,0,0,"SH","BTT25","BTT",25,25,NA,"2025-02-24","2025-03-01",5,"pear",0,0,0,0,0,1,NA
NA,2025,2025-02-28,NA,1,0,0,"SH","BTT26","BTT",26,26,NA,"2025-02-24","2025-03-01",5,"pear",0,0,0,0,0,1,NA
NA,2025,2025-02-28,NA,1,0,0,"SH","BTT27","BTT",27,27,NA,"2025-02-24","2025-03-01",5,"pear",0,0,0,1,0,0,NA
NA,2025,2025-02-28,NA,1,0,0,"SH","BTT28","BTT",28,28,NA,"2025-02-24","2025-03-01",5,"pear",0,0,0,0,0,1,NA
NA,2025,2025-02-28,NA,1,0,0,"SH","BTT29","BTT",29,29,NA,"2025-02-24","2025-03-01",5,"pear",0,0,0,0,0,1,NA
NA,2025,2025-02-28,NA,1,0,0,"SH","BTT30","BTT",30,30,NA,"2025-02-24","2025-03-01",5,"pear",0,0,0,0,0,1,NA
NA,2025,2025-02-28,NA,1,0,0,"SH","BTT31","BTT",31,31,NA,"2025-02-24","2025-03-01",5,"pear",0,0,0,0,0,1,NA
NA,2025,2025-02-28,NA,1,0,0,"SH","BTT32","BTT",32,32,NA,"2025-02-24","2025-03-01",5,"pear",0,0,0,0,0,1,NA
NA,2025,2025-02-28,NA,1,0,0,"SH","BTT33","BTT",33,33,NA,"2025-02-24","2025-03-01",5,"pear",1,0,0,0,0,0,NA
NA,2025,2025-02-28,NA,1,0,0,"SH","BTT34","BTT",34,34,NA,"2025-02-24","2025-03-01",5,"pear",0,0,0,0,0,1,NA
NA,2025,2025-02-28,NA,1,0,0,"SH","BTT35","BTT",35,35,NA,"2025-02-24","2025-03-01",5,"pear",0,0,0,0,0,1,NA
NA,2025,2025-02-28,NA,1,0,0,"SH","BTT36","BTT",36,36,NA,"2025-02-24","2025-03-01",5,"pear",0,0,0,1,0,0,NA
NA,2025,2025-02-28,NA,1,0,0,"SH","BTT37","BTT",37,37,NA,"2025-02-24","2025-03-01",5,"pear",0,0,0,0,0,1,NA
NA,2025,2025-02-28,NA,1,0,0,"SH","BTT38","BTT",38,38,NA,"2025-02-24","2025-03-01",5,"pear",0,0,0,0,0,1,NA
NA,2025,2025-02-28,NA,1,0,0,"SH","BTT39","BTT",39,39,NA,"2025-02-24","2025-03-01",5,"pear",0,0,0,0,0,1,NA
NA,2025,2025-02-28,NA,1,0,0,"SH","BTT40","BTT",40,40,NA,"2025-02-24","2025-03-01",5,"pear",0,0,0,0,0,1,NA
NA,2025,2025-02-28,NA,1,0,0,"SH","STT01","STT",1,1,NA,"2025-02-24","2025-03-01",5,"pear",0,0,0,0,0,1,NA
NA,2025,2025-02-28,NA,1,0,0,"SH","STT02","STT",2,2,NA,"2025-02-24","2025-03-01",5,"pear",0,0,0,0,0,1,NA
NA,2025,2025-02-28,NA,1,0,0,"SH","STT03","STT",3,3,NA,"2025-02-24","2025-03-01",5,"pear",0,0,0,0,0,1,NA
NA,2025,2025-02-28,NA,1,0,0,"SH","STT04","STT",4,4,NA,"2025-02-24","2025-03-01",5,"pear",0,0,0,0,0,1,NA
NA,2025,2025-02-28,NA,1,0,0,"SH","STT05","STT",5,5,NA,"2025-02-24","2025-03-01",5,"pear",0,0,0,0,0,1,NA
NA,2025,2025-02-28,NA,1,0,0,"SH","STT06","STT",6,6,NA,"2025-02-24","2025-03-01",5,"pear",0,0,0,0,0,1,NA
NA,2025,2025-02-28,NA,1,0,0,"SH","STT07","STT",7,7,NA,"2025-02-24","2025-03-01",5,"pear",0,0,0,0,0,1,NA
NA,2025,2025-02-28,NA,1,0,0,"SH","STT08","STT",8,8,NA,"2025-02-24","2025-03-01",5,"pear",0,0,0,0,0,1,NA
NA,2025,2025-02-28,NA,1,0,0,"SH","STT09","STT",9,9,NA,"2025-02-24","2025-03-01",5,"pear",1,1,1,0,0,0,"unsure"
NA,2025,2025-02-28,NA,1,0,0,"SH","STT10","STT",10,10,NA,"2025-02-24","2025-03-01",5,"pear",0,0,0,0,0,1,NA
NA,2025,2025-02-28,NA,1,0,0,"SH","STT11","STT",11,11,NA,"2025-02-24","2025-03-01",5,"pear",0,0,0,0,0,1,NA
NA,2025,2025-02-28,NA,1,0,0,"SH","STT12","STT",12,12,NA,"2025-02-24","2025-03-01",5,"pear",0,0,0,0,0,1,NA
NA,2025,2025-02-28,NA,1,0,0,"SH","STT13","STT",13,13,NA,"2025-02-24","2025-03-01",5,"pear",0,0,0,0,0,1,NA
NA,2025,2025-02-28,NA,1,0,0,"SH","STT14","STT",14,14,NA,"2025-02-24","2025-03-01",5,"pear",0,0,0,0,0,1,NA
NA,2025,2025-02-28,NA,1,0,0,"SH","STT15","STT",15,15,NA,"2025-02-24","2025-03-01",5,"pear",0,0,0,0,0,1,NA
NA,2025,2025-02-28,NA,1,0,0,"SH","STT16","STT",16,16,NA,"2025-02-24","2025-03-01",5,"pear",0,0,0,0,0,1,NA
NA,2025,2025-02-28,NA,1,0,0,"SH","STT17","STT",17,17,NA,"2025-02-24","2025-03-01",5,"pear",0,1,0,0,0,0,NA
NA,2025,2025-02-28,NA,1,0,0,"SH","STT18","STT",18,18,NA,"2025-02-24","2025-03-01",5,"pear",0,1,0,0,0,0,NA
NA,2025,2025-02-28,NA,1,0,0,"SH","STT19","STT",19,19,NA,"2025-02-24","2025-03-01",5,"pear",0,0,0,0,0,1,NA
NA,2025,2025-02-28,NA,1,0,0,"SH","STT20","STT",20,20,NA,"2025-02-24","2025-03-01",5,"pear",0,0,0,0,0,1,NA
NA,2025,2025-02-28,NA,1,0,0,"SH","STT21","STT",21,21,NA,"2025-02-24","2025-03-01",5,"pear",0,0,0,0,0,1,NA
NA,2025,2025-02-28,NA,1,0,0,"SH","STT22","STT",22,22,NA,"2025-02-24","2025-03-01",5,"pear",0,0,0,0,0,1,NA
NA,2025,2025-02-28,NA,1,0,0,"SH","STT23","STT",23,23,NA,"2025-02-24","2025-03-01",5,"pear",0,0,0,0,0,1,NA
NA,2025,2025-02-28,NA,1,0,0,"SH","STT24","STT",24,24,NA,"2025-02-24","2025-03-01",5,"pear",0,0,0,0,0,1,NA
NA,2025,2025-02-28,NA,1,0,0,"SH","STT25","STT",25,25,NA,"2025-02-24","2025-03-01",5,"pear",1,0,0,0,0,0,NA
NA,2025,2025-02-28,NA,1,0,0,"SH","STT26","STT",26,26,NA,"2025-02-24","2025-03-01",5,"pear",0,0,0,0,0,1,NA
NA,2025,2025-02-28,NA,1,0,0,"SH","STT27","STT",27,27,NA,"2025-02-24","2025-03-01",5,"pear",0,0,0,0,0,1,NA
NA,2025,2025-02-28,NA,1,0,0,"SH","STT28","STT",28,28,NA,"2025-02-24","2025-03-01",5,"pear",0,0,0,0,0,1,NA
NA,2025,2025-02-28,NA,1,0,0,"SH","STT29","STT",29,29,NA,"2025-02-24","2025-03-01",5,"pear",0,0,0,0,0,1,NA
NA,2025,2025-02-28,NA,1,0,0,"SH","STT30","STT",30,30,NA,"2025-02-24","2025-03-01",5,"pear",0,0,0,0,0,1,NA
NA,2025,2025-02-28,NA,1,0,0,"SH","STT31","STT",31,31,NA,"2025-02-24","2025-03-01",5,"pear",0,0,0,0,0,1,NA
NA,2025,2025-02-28,NA,1,0,0,"SH","STT32","STT",32,32,NA,"2025-02-24","2025-03-01",5,"pear",0,0,0,0,0,1,NA
NA,2025,2025-02-28,NA,1,0,0,"SH","STT33","STT",33,33,NA,"2025-02-24","2025-03-01",5,"pear",0,0,0,0,0,1,NA
NA,2025,2025-02-28,NA,1,0,0,"SH","STT34","STT",34,34,NA,"2025-02-24","2025-03-01",5,"pear",0,0,0,0,0,1,NA
NA,2025,2025-02-28,NA,1,0,0,"SH","STT35","STT",35,35,NA,"2025-02-24","2025-03-01",5,"pear",0,0,0,0,0,1,NA
NA,2025,2025-02-28,NA,1,0,0,"SH","STT36","STT",36,36,NA,"2025-02-24","2025-03-01",5,"pear",0,0,0,0,0,1,NA
NA,2025,2025-02-28,NA,1,0,0,"SH","STT37","STT",37,37,NA,"2025-02-24","2025-03-01",5,"pear",0,0,0,0,0,1,NA
NA,2025,2025-02-28,NA,1,0,0,"SH","STT38","STT",38,38,NA,"2025-02-24","2025-03-01",5,"pear",0,0,0,0,0,1,NA
NA,2025,2025-02-28,NA,1,0,0,"SH","STT39","STT",39,39,NA,"2025-02-24","2025-03-01",5,"pear",0,0,0,0,0,1,NA
NA,2025,2025-02-28,NA,1,0,0,"SH","STT40","STT",40,40,NA,"2025-02-24","2025-03-01",5,"pear",0,0,0,0,0,1,NA
NA,2025,2025-03-08,NA,1,0,0,"TH","BTT01","BTT",1,41,NA,"2025-03-02","2025-03-09",7,"pear",0,0,0,0,0,1,NA
NA,2025,2025-03-08,NA,1,0,0,"TH","BTT02","BTT",2,42,NA,"2025-03-02","2025-03-09",7,"pear",0,0,0,0,0,1,NA
NA,2025,2025-03-08,NA,1,0,0,"TH","BTT03","BTT",3,43,NA,"2025-03-02","2025-03-09",7,"pear",0,0,0,0,0,1,NA
NA,2025,2025-03-08,NA,1,0,0,"TH","BTT04","BTT",4,44,NA,"2025-03-02","2025-03-09",7,"pear",0,0,0,0,0,1,NA
NA,2025,2025-03-08,NA,1,0,0,"TH","BTT05","BTT",5,45,NA,"2025-03-02","2025-03-09",7,"pear",1,0,0,0,0,0,NA
NA,2025,2025-03-08,NA,1,0,0,"TH","BTT06","BTT",6,46,NA,"2025-03-02","2025-03-09",7,"pear",0,0,0,0,0,1,NA
NA,2025,2025-03-08,NA,1,0,0,"TH","BTT07","BTT",7,47,NA,"2025-03-02","2025-03-09",7,"pear",1,0,0,0,0,0,NA
NA,2025,2025-03-08,NA,1,0,0,"TH","BTT08","BTT",8,48,NA,"2025-03-02","2025-03-09",7,"pear",0,0,0,0,0,1,NA
NA,2025,2025-03-08,NA,1,0,0,"TH","BTT09","BTT",9,49,NA,"2025-03-02","2025-03-09",7,"pear",0,0,0,1,0,0,NA
NA,2025,2025-03-08,NA,1,0,0,"TH","BTT10","BTT",10,50,NA,"2025-03-02","2025-03-09",7,"pear",0,0,0,0,0,1,NA
NA,2025,2025-03-08,NA,1,0,0,"TH","BTT11","BTT",11,51,NA,"2025-03-02","2025-03-09",7,"pear",0,0,0,0,0,1,NA
NA,2025,2025-03-08,NA,1,0,0,"TH","BTT12","BTT",12,52,NA,"2025-03-02","2025-03-09",7,"pear",0,0,0,0,0,1,NA
NA,2025,2025-03-08,NA,1,0,0,"TH","BTT13","BTT",13,53,NA,"2025-03-02","2025-03-09",7,"pear",0,0,0,0,0,1,NA
NA,2025,2025-03-08,NA,1,0,0,"TH","BTT14","BTT",14,54,NA,"2025-03-02","2025-03-09",7,"pear",0,0,0,0,0,1,NA
NA,2025,2025-03-08,NA,1,0,0,"TH","BTT15","BTT",15,55,NA,"2025-03-02","2025-03-09",7,"pear",0,0,0,0,0,1,NA
NA,2025,2025-03-08,NA,1,0,0,"TH","BTT16","BTT",16,56,NA,"2025-03-02","2025-03-09",7,"pear",0,0,0,0,0,1,NA
NA,2025,2025-03-08,NA,1,0,0,"TH","BTT17","BTT",17,57,NA,"2025-03-02","2025-03-09",7,"pear",0,0,0,0,0,1,NA
NA,2025,2025-03-08,NA,1,0,0,"TH","BTT18","BTT",18,58,NA,"2025-03-02","2025-03-09",7,"pear",0,0,0,0,0,1,NA
NA,2025,2025-03-08,NA,1,0,0,"TH","BTT19","BTT",19,59,NA,"2025-03-02","2025-03-09",7,"pear",0,0,0,0,0,1,NA
NA,2025,2025-03-08,NA,1,0,0,"TH","BTT20","BTT",20,60,NA,"2025-03-02","2025-03-09",7,"pear",0,0,0,0,0,1,NA
NA,2025,2025-03-08,NA,1,0,0,"TH","BTT21","BTT",21,61,NA,"2025-03-02","2025-03-09",7,"pear",0,0,0,0,0,1,NA
NA,2025,2025-03-08,NA,1,0,0,"TH","BTT22","BTT",22,62,NA,"2025-03-02","2025-03-09",7,"pear",0,0,0,1,0,0,NA
NA,2025,2025-03-08,NA,1,0,0,"TH","BTT23","BTT",23,63,NA,"2025-03-02","2025-03-09",7,"pear",0,0,0,0,0,1,NA
NA,2025,2025-03-08,NA,1,0,0,"TH","BTT24","BTT",24,64,NA,"2025-03-02","2025-03-09",7,"pear",0,0,0,0,0,1,NA
NA,2025,2025-03-08,NA,1,0,0,"TH","BTT25","BTT",25,65,NA,"2025-03-02","2025-03-09",7,"pear",0,0,0,0,0,1,NA
NA,2025,2025-03-08,NA,1,0,0,"TH","BTT26","BTT",26,66,NA,"2025-03-02","2025-03-09",7,"pear",0,0,0,0,0,1,NA
NA,2025,2025-03-08,NA,1,0,0,"TH","BTT27","BTT",27,67,NA,"2025-03-02","2025-03-09",7,"pear",0,0,0,1,0,0,NA
NA,2025,2025-03-08,NA,1,0,0,"TH","BTT28","BTT",28,68,NA,"2025-03-02","2025-03-09",7,"pear",0,0,0,0,0,1,NA
NA,2025,2025-03-08,NA,1,0,0,"TH","BTT29","BTT",29,69,NA,"2025-03-02","2025-03-09",7,"pear",0,0,0,1,0,0,NA
NA,2025,2025-03-08,NA,1,0,0,"TH","BTT30","BTT",30,70,NA,"2025-03-02","2025-03-09",7,"pear",0,0,0,0,0,1,NA
NA,2025,2025-03-08,NA,1,0,0,"TH","BTT31","BTT",31,71,NA,"2025-03-02","2025-03-09",7,"pear",0,0,0,0,0,1,NA
NA,2025,2025-03-08,NA,1,0,0,"TH","BTT32","BTT",32,72,NA,"2025-03-02","2025-03-09",7,"pear",0,0,0,0,0,1,NA
NA,2025,2025-03-08,NA,1,0,0,"TH","BTT33","BTT",33,73,NA,"2025-03-02","2025-03-09",7,"pear",0,0,0,1,0,0,NA
NA,2025,2025-03-08,NA,1,0,0,"TH","BTT34","BTT",34,74,NA,"2025-03-02","2025-03-09",7,"pear",0,0,0,0,0,1,NA
NA,2025,2025-03-08,NA,1,0,0,"TH","BTT35","BTT",35,75,NA,"2025-03-02","2025-03-09",7,"pear",0,0,0,0,0,1,NA
NA,2025,2025-03-08,NA,1,0,0,"TH","BTT36","BTT",36,76,NA,"2025-03-02","2025-03-09",7,"pear",0,0,0,0,0,1,NA
NA,2025,2025-03-08,NA,1,0,0,"TH","BTT37","BTT",37,77,NA,"2025-03-02","2025-03-09",7,"pear",0,0,0,0,0,1,NA
NA,2025,2025-03-08,NA,1,0,0,"TH","BTT38","BTT",38,78,NA,"2025-03-02","2025-03-09",7,"pear",0,0,0,0,0,1,NA
NA,2025,2025-03-08,NA,1,0,0,"TH","BTT39","BTT",39,79,NA,"2025-03-02","2025-03-09",7,"pear",0,0,0,0,0,1,NA
NA,2025,2025-03-08,NA,1,0,0,"TH","BTT40","BTT",40,80,NA,"2025-03-02","2025-03-09",7,"pear",0,0,0,0,0,1,NA
NA,2025,2025-03-08,NA,1,0,0,"TH","STT01","STT",1,41,NA,"2025-03-02","2025-03-09",7,"pear",0,0,0,0,0,1,NA
NA,2025,2025-03-08,NA,1,0,0,"TH","STT02","STT",2,42,NA,"2025-03-02","2025-03-09",7,"pear",0,0,0,0,0,1,NA
NA,2025,2025-03-08,NA,1,0,0,"TH","STT03","STT",3,43,NA,"2025-03-02","2025-03-09",7,"pear",0,0,0,0,0,1,NA
NA,2025,2025-03-08,NA,1,0,0,"TH","STT04","STT",4,44,NA,"2025-03-02","2025-03-09",7,"pear",0,0,0,0,0,1,NA
NA,2025,2025-03-08,NA,1,0,0,"TH","STT05","STT",5,45,NA,"2025-03-02","2025-03-09",7,"pear",0,0,0,0,0,1,NA
NA,2025,2025-03-08,NA,1,0,0,"TH","STT06","STT",6,46,NA,"2025-03-02","2025-03-09",7,"pear",0,0,0,0,0,1,NA
NA,2025,2025-03-08,NA,1,0,0,"TH","STT07","STT",7,47,NA,"2025-03-02","2025-03-09",7,"pear",0,0,0,0,0,1,NA
NA,2025,2025-03-08,NA,1,0,0,"TH","STT08","STT",8,48,NA,"2025-03-02","2025-03-09",7,"pear",0,0,0,0,0,1,NA
NA,2025,2025-03-08,NA,1,0,0,"TH","STT09","STT",9,49,NA,"2025-03-02","2025-03-09",7,"pear",0,0,0,0,0,1,NA
NA,2025,2025-03-08,NA,1,0,0,"TH","STT10","STT",10,50,NA,"2025-03-02","2025-03-09",7,"pear",0,0,0,0,0,1,NA
NA,2025,2025-03-08,NA,1,0,0,"TH","STT11","STT",11,51,NA,"2025-03-02","2025-03-09",7,"pear",0,0,0,0,0,1,NA
NA,2025,2025-03-08,NA,1,0,0,"TH","STT12","STT",12,52,NA,"2025-03-02","2025-03-09",7,"pear",0,0,0,0,0,1,NA
NA,2025,2025-03-08,NA,1,0,0,"TH","STT13","STT",13,53,NA,"2025-03-02","2025-03-09",7,"pear",0,0,0,0,0,1,NA
NA,2025,2025-03-08,NA,1,0,0,"TH","STT14","STT",14,54,NA,"2025-03-02","2025-03-09",7,"pear",0,0,0,0,0,1,NA
NA,2025,2025-03-08,NA,1,0,0,"TH","STT15","STT",15,55,NA,"2025-03-02","2025-03-09",7,"pear",0,0,0,0,0,1,NA
NA,2025,2025-03-08,NA,1,0,0,"TH","STT16","STT",16,56,NA,"2025-03-02","2025-03-09",7,"pear",0,0,0,0,0,1,NA
NA,2025,2025-03-08,NA,1,0,0,"TH","STT17","STT",17,57,NA,"2025-03-02","2025-03-09",7,"pear",0,0,0,0,0,1,NA
NA,2025,2025-03-08,NA,1,0,0,"TH","STT18","STT",18,58,NA,"2025-03-02","2025-03-09",7,"pear",0,0,0,0,0,1,NA
NA,2025,2025-03-08,NA,1,0,0,"TH","STT19","STT",19,59,NA,"2025-03-02","2025-03-09",7,"pear",0,0,0,0,0,1,NA
NA,2025,2025-03-08,NA,1,0,0,"TH","STT20","STT",20,60,NA,"2025-03-02","2025-03-09",7,"pear",0,0,0,0,0,1,NA
NA,2025,2025-03-08,NA,1,0,0,"TH","STT21","STT",21,61,NA,"2025-03-02","2025-03-09",7,"pear",0,0,0,0,0,1,NA
NA,2025,2025-03-08,NA,1,0,0,"TH","STT22","STT",22,62,NA,"2025-03-02","2025-03-09",7,"pear",0,0,0,0,0,1,NA
NA,2025,2025-03-08,NA,1,0,0,"TH","STT23","STT",23,63,NA,"2025-03-02","2025-03-09",7,"pear",0,0,0,0,0,1,NA
NA,2025,2025-03-08,NA,1,0,0,"TH","STT24","STT",24,64,NA,"2025-03-02","2025-03-09",7,"pear",0,0,0,0,0,1,NA
NA,2025,2025-03-08,NA,1,0,0,"TH","STT25","STT",25,65,NA,"2025-03-02","2025-03-09",7,"pear",0,0,0,0,0,1,NA
NA,2025,2025-03-08,NA,1,0,0,"TH","STT26","STT",26,66,NA,"2025-03-02","2025-03-09",7,"pear",0,0,0,0,0,1,NA
NA,2025,2025-03-08,NA,1,0,0,"TH","STT27","STT",27,67,NA,"2025-03-02","2025-03-09",7,"pear",0,0,0,0,0,1,NA
NA,2025,2025-03-08,NA,1,0,0,"TH","STT28","STT",28,68,NA,"2025-03-02","2025-03-09",7,"pear",0,0,0,0,0,1,NA
NA,2025,2025-03-08,NA,1,0,0,"TH","STT29","STT",29,69,NA,"2025-03-02","2025-03-09",7,"pear",0,0,0,0,0,1,NA
NA,2025,2025-03-08,NA,1,0,0,"TH","STT30","STT",30,70,NA,"2025-03-02","2025-03-09",7,"pear",0,0,0,0,0,1,NA
NA,2025,2025-03-08,NA,1,0,0,"TH","STT31","STT",31,71,NA,"2025-03-02","2025-03-09",7,"pear",0,0,0,0,0,1,NA
NA,2025,2025-03-08,NA,1,0,0,"TH","STT32","STT",32,72,NA,"2025-03-02","2025-03-09",7,"pear",0,0,0,0,0,1,NA
NA,2025,2025-03-08,NA,1,0,0,"TH","STT33","STT",33,73,NA,"2025-03-02","2025-03-09",7,"pear",0,0,0,0,0,1,NA
NA,2025,2025-03-08,NA,1,0,0,"TH","STT34","STT",34,74,NA,"2025-03-02","2025-03-09",7,"pear",0,0,0,0,0,1,NA
NA,2025,2025-03-08,NA,1,0,0,"TH","STT35","STT",35,75,NA,"2025-03-02","2025-03-09",7,"pear",0,0,0,0,0,1,NA
NA,2025,2025-03-08,NA,1,0,0,"TH","STT36","STT",36,76,NA,"2025-03-02","2025-03-09",7,"pear",0,0,0,0,0,1,NA
NA,2025,2025-03-08,NA,1,0,0,"TH","STT37","STT",37,77,NA,"2025-03-02","2025-03-09",7,"pear",0,0,0,0,0,1,NA
NA,2025,2025-03-08,NA,1,0,0,"TH","STT38","STT",38,78,NA,"2025-03-02","2025-03-09",7,"pear",0,0,0,0,0,1,NA
NA,2025,2025-03-08,NA,1,0,0,"TH","STT39","STT",39,79,NA,"2025-03-02","2025-03-09",7,"pear",0,0,0,0,0,1,NA
NA,2025,2025-03-08,NA,1,0,0,"TH","STT40","STT",40,80,NA,"2025-03-02","2025-03-09",7,"pear",0,0,0,0,0,1,NA
NA,2025,2025-04-01,NA,2,0,0,"SH","BTT01","BTT",1,1,NA,"2025-03-26","2025-04-02",7,"pear",0,0,0,0,0,1,NA
NA,2025,2025-04-01,NA,2,0,0,"SH","BTT02","BTT",2,2,NA,"2025-03-26","2025-04-02",7,"pear",0,0,0,0,0,1,NA
NA,2025,2025-04-01,NA,2,0,0,"SH","BTT03","BTT",3,3,NA,"2025-03-26","2025-04-02",7,"pear",0,0,0,0,0,1,NA
NA,2025,2025-04-01,NA,2,0,0,"SH","BTT04","BTT",4,4,NA,"2025-03-26","2025-04-02",7,"pear",0,1,0,0,0,0,NA
NA,2025,2025-04-01,NA,2,0,0,"SH","BTT05","BTT",5,5,NA,"2025-03-26","2025-04-02",7,"pear",0,0,0,0,0,1,NA
NA,2025,2025-04-01,NA,2,0,0,"SH","BTT06","BTT",6,6,NA,"2025-03-26","2025-04-02",7,"pear",0,0,0,0,0,1,NA
NA,2025,2025-04-01,NA,2,0,0,"SH","BTT07","BTT",7,7,NA,"2025-03-26","2025-04-02",7,"pear",0,0,0,0,0,1,NA
NA,2025,2025-04-01,NA,2,0,0,"SH","BTT08","BTT",8,8,NA,"2025-03-26","2025-04-02",7,"pear",0,0,0,0,0,1,NA
NA,2025,2025-04-01,NA,2,0,0,"SH","BTT09","BTT",9,9,NA,"2025-03-26","2025-04-02",7,"pear",0,0,0,0,0,1,NA
NA,2025,2025-04-01,NA,2,0,0,"SH","BTT10","BTT",10,10,NA,"2025-03-26","2025-04-02",7,"pear",0,0,0,0,0,1,NA
NA,2025,2025-04-01,NA,2,0,0,"SH","BTT11","BTT",11,11,NA,"2025-03-26","2025-04-02",7,"pear",0,0,0,0,0,1,NA
NA,2025,2025-04-01,NA,2,0,0,"SH","BTT12","BTT",12,12,NA,"2025-03-26","2025-04-02",7,"pear",0,0,0,0,0,1,NA
NA,2025,2025-04-01,NA,2,0,0,"SH","BTT13","BTT",13,13,NA,"2025-03-26","2025-04-02",7,"pear",0,0,0,0,0,1,NA
NA,2025,2025-04-01,NA,2,0,0,"SH","BTT14","BTT",14,14,NA,"2025-03-26","2025-04-02",7,"pear",0,0,0,0,0,1,NA
NA,2025,2025-04-01,NA,2,0,0,"SH","BTT15","BTT",15,15,NA,"2025-03-26","2025-04-02",7,"pear",0,0,0,0,0,1,NA
NA,2025,2025-04-01,NA,2,0,0,"SH","BTT16","BTT",16,16,NA,"2025-03-26","2025-04-02",7,"pear",0,0,0,0,0,1,NA
NA,2025,2025-04-01,NA,2,0,0,"SH","BTT17","BTT",17,17,NA,"2025-03-26","2025-04-02",7,"pear",0,0,0,0,0,1,NA
NA,2025,2025-04-01,NA,2,0,0,"SH","BTT18","BTT",18,18,NA,"2025-03-26","2025-04-02",7,"pear",0,0,0,0,0,1,NA
NA,2025,2025-04-01,NA,2,0,0,"SH","BTT19","BTT",19,19,NA,"2025-03-26","2025-04-02",7,"pear",0,0,0,0,0,1,NA
NA,2025,2025-04-01,NA,2,0,0,"SH","BTT20","BTT",20,20,NA,"2025-03-26","2025-04-02",7,"pear",0,0,0,0,0,1,NA
NA,2025,2025-04-01,NA,2,0,0,"SH","BTT21","BTT",21,21,NA,"2025-03-26","2025-04-02",7,"pear",0,0,0,0,0,1,NA
NA,2025,2025-04-01,NA,2,0,0,"SH","BTT22","BTT",22,22,NA,"2025-03-26","2025-04-02",7,"pear",0,0,0,0,0,1,NA
NA,2025,2025-04-01,NA,2,0,0,"SH","BTT23","BTT",23,23,NA,"2025-03-26","2025-04-02",7,"pear",0,0,0,0,0,1,NA
NA,2025,2025-04-01,NA,2,0,0,"SH","BTT24","BTT",24,24,NA,"2025-03-26","2025-04-02",7,"pear",0,0,0,0,0,1,NA
NA,2025,2025-04-01,NA,2,0,0,"SH","BTT25","BTT",25,25,NA,"2025-03-26","2025-04-02",7,"pear",0,0,0,0,0,1,NA
NA,2025,2025-04-01,NA,2,0,0,"SH","BTT26","BTT",26,26,NA,"2025-03-26","2025-04-02",7,"pear",0,0,0,0,0,1,NA
NA,2025,2025-04-01,NA,2,0,0,"SH","BTT27","BTT",27,27,NA,"2025-03-26","2025-04-02",7,"pear",0,0,0,0,0,1,NA
NA,2025,2025-04-01,NA,2,0,0,"SH","BTT28","BTT",28,28,NA,"2025-03-26","2025-04-02",7,"pear",0,0,0,0,0,1,NA
NA,2025,2025-04-01,NA,2,0,0,"SH","BTT29","BTT",29,29,NA,"2025-03-26","2025-04-02",7,"pear",0,0,0,0,0,1,NA
NA,2025,2025-04-01,NA,2,0,0,"SH","BTT30","BTT",30,30,NA,"2025-03-26","2025-04-02",7,"pear",0,0,0,0,0,1,NA
NA,2025,2025-04-01,NA,2,0,0,"SH","BTT31","BTT",31,31,NA,"2025-03-26","2025-04-02",7,"pear",0,0,0,0,0,1,NA
NA,2025,2025-04-01,NA,2,0,0,"SH","BTT32","BTT",32,32,NA,"2025-03-26","2025-04-02",7,"pear",0,0,0,0,0,1,NA
NA,2025,2025-04-01,NA,2,0,0,"SH","BTT33","BTT",33,33,NA,"2025-03-26","2025-04-02",7,"pear",0,0,0,0,0,1,NA
NA,2025,2025-04-01,NA,2,0,0,"SH","BTT34","BTT",34,34,NA,"2025-03-26","2025-04-02",7,"pear",0,0,0,0,0,1,NA
NA,2025,2025-04-01,NA,2,0,0,"SH","BTT35","BTT",35,35,NA,"2025-03-26","2025-04-02",7,"pear",0,0,0,0,0,1,NA
NA,2025,2025-04-01,NA,2,0,0,"SH","BTT36","BTT",36,36,NA,"2025-03-26","2025-04-02",7,"pear",0,0,0,0,0,1,NA
NA,2025,2025-04-01,NA,2,0,0,"SH","BTT37","BTT",37,37,NA,"2025-03-26","2025-04-02",7,"pear",0,0,0,0,0,1,NA
NA,2025,2025-04-01,NA,2,0,0,"SH","BTT38","BTT",38,38,NA,"2025-03-26","2025-04-02",7,"pear",0,0,0,0,0,1,NA
NA,2025,2025-04-01,NA,2,0,0,"SH","BTT39","BTT",39,39,NA,"2025-03-26","2025-04-02",7,"pear",0,0,0,0,0,1,NA
NA,2025,2025-04-01,NA,2,0,0,"SH","BTT40","BTT",40,40,NA,"2025-03-26","2025-04-02",7,"pear",0,0,0,0,0,1,NA
NA,2025,2025-04-01,NA,2,0,0,"SH","STT01","STT",1,1,NA,"2025-03-26","2025-04-02",7,"pear",0,0,0,0,0,1,NA
NA,2025,2025-04-01,NA,2,0,0,"SH","STT02","STT",2,2,NA,"2025-03-26","2025-04-02",7,"pear",0,0,0,0,0,1,NA
NA,2025,2025-04-01,NA,2,0,0,"SH","STT03","STT",3,3,NA,"2025-03-26","2025-04-02",7,"pear",0,0,0,0,0,1,NA
NA,2025,2025-04-01,NA,2,0,0,"SH","STT04","STT",4,4,NA,"2025-03-26","2025-04-02",7,"pear",0,0,0,0,0,1,NA
NA,2025,2025-04-01,NA,2,0,0,"SH","STT05","STT",5,5,NA,"2025-03-26","2025-04-02",7,"pear",0,0,0,0,0,1,NA
NA,2025,2025-04-01,NA,2,0,0,"SH","STT06","STT",6,6,NA,"2025-03-26","2025-04-02",7,"pear",0,0,0,0,0,1,NA
NA,2025,2025-04-01,NA,2,0,0,"SH","STT07","STT",7,7,NA,"2025-03-26","2025-04-02",7,"pear",0,0,0,0,0,1,NA
NA,2025,2025-04-01,NA,2,0,0,"SH","STT08","STT",8,8,NA,"2025-03-26","2025-04-02",7,"pear",0,0,0,0,0,1,NA
NA,2025,2025-04-01,NA,2,0,0,"SH","STT09","STT",9,9,NA,"2025-03-26","2025-04-02",7,"pear",0,1,0,0,0,0,NA
NA,2025,2025-04-01,NA,2,0,0,"SH","STT10","STT",10,10,NA,"2025-03-26","2025-04-02",7,"pear",0,0,0,0,0,1,NA
NA,2025,2025-04-01,NA,2,0,0,"SH","STT11","STT",11,11,NA,"2025-03-26","2025-04-02",7,"pear",0,0,0,0,0,1,NA
NA,2025,2025-04-01,NA,2,0,0,"SH","STT12","STT",12,12,NA,"2025-03-26","2025-04-02",7,"pear",0,0,0,0,0,1,NA
NA,2025,2025-04-01,NA,2,0,0,"SH","STT13","STT",13,13,NA,"2025-03-26","2025-04-02",7,"pear",0,0,0,0,0,1,NA
NA,2025,2025-04-01,NA,2,0,0,"SH","STT14","STT",14,14,NA,"2025-03-26","2025-04-02",7,"pear",0,0,0,0,0,1,NA
NA,2025,2025-04-01,NA,2,0,0,"SH","STT15","STT",15,15,NA,"2025-03-26","2025-04-02",7,"pear",0,0,0,0,0,1,NA
NA,2025,2025-04-01,NA,2,0,0,"SH","STT16","STT",16,16,NA,"2025-03-26","2025-04-02",7,"pear",0,1,0,0,0,0,NA
NA,2025,2025-04-01,NA,2,0,0,"SH","STT17","STT",17,17,NA,"2025-03-26","2025-04-02",7,"pear",0,1,0,0,0,0,NA
NA,2025,2025-04-01,NA,2,0,0,"SH","STT18","STT",18,18,NA,"2025-03-26","2025-04-02",7,"pear",0,0,0,0,0,1,NA
NA,2025,2025-04-01,NA,2,0,0,"SH","STT19","STT",19,19,NA,"2025-03-26","2025-04-02",7,"pear",0,0,0,0,0,1,NA
NA,2025,2025-04-01,NA,2,0,0,"SH","STT20","STT",20,20,NA,"2025-03-26","2025-04-02",7,"pear",0,0,0,0,0,1,NA
NA,2025,2025-04-01,NA,2,0,0,"SH","STT21","STT",21,21,NA,"2025-03-26","2025-04-02",7,"pear",0,0,0,0,0,1,NA
NA,2025,2025-04-01,NA,2,0,0,"SH","STT22","STT",22,22,NA,"2025-03-26","2025-04-02",7,"pear",0,0,0,0,0,1,NA
NA,2025,2025-04-01,NA,2,0,0,"SH","STT23","STT",23,23,NA,"2025-03-26","2025-04-02",7,"pear",0,0,0,0,0,1,NA
NA,2025,2025-04-01,NA,2,0,0,"SH","STT24","STT",24,24,NA,"2025-03-26","2025-04-02",7,"pear",0,0,0,0,0,1,NA
NA,2025,2025-04-01,NA,2,0,0,"SH","STT25","STT",25,25,NA,"2025-03-26","2025-04-02",7,"pear",0,0,0,0,0,1,NA
NA,2025,2025-04-01,NA,2,0,0,"SH","STT26","STT",26,26,NA,"2025-03-26","2025-04-02",7,"pear",0,0,0,0,0,1,NA
NA,2025,2025-04-01,NA,2,0,0,"SH","STT27","STT",27,27,NA,"2025-03-26","2025-04-02",7,"pear",0,0,0,0,0,1,NA
NA,2025,2025-04-01,NA,2,0,0,"SH","STT28","STT",28,28,NA,"2025-03-26","2025-04-02",7,"pear",0,0,0,0,0,1,NA
NA,2025,2025-04-01,NA,2,0,0,"SH","STT29","STT",29,29,NA,"2025-03-26","2025-04-02",7,"pear",0,0,0,0,0,1,NA
NA,2025,2025-04-01,NA,2,0,0,"SH","STT30","STT",30,30,NA,"2025-03-26","2025-04-02",7,"pear",0,0,0,0,0,1,NA
NA,2025,2025-04-01,NA,2,0,0,"SH","STT31","STT",31,31,NA,"2025-03-26","2025-04-02",7,"pear",0,0,0,0,0,1,NA
NA,2025,2025-04-01,NA,2,0,0,"SH","STT32","STT",32,32,NA,"2025-03-26","2025-04-02",7,"pear",0,0,0,0,0,1,NA
NA,2025,2025-04-01,NA,2,0,0,"SH","STT33","STT",33,33,NA,"2025-03-26","2025-04-02",7,"pear",0,0,0,0,0,1,NA
NA,2025,2025-04-01,NA,2,0,0,"SH","STT34","STT",34,34,NA,"2025-03-26","2025-04-02",7,"pear",0,0,0,0,0,1,NA
NA,2025,2025-04-01,NA,2,0,0,"SH","STT35","STT",35,35,NA,"2025-03-26","2025-04-02",7,"pear",0,0,0,0,0,1,NA
NA,2025,2025-04-01,NA,2,0,0,"SH","STT36","STT",36,36,NA,"2025-03-26","2025-04-02",7,"pear",0,0,0,0,0,1,NA
NA,2025,2025-04-01,NA,2,0,0,"SH","STT37","STT",37,37,NA,"2025-03-26","2025-04-02",7,"pear",0,0,0,0,0,1,NA
NA,2025,2025-04-01,NA,2,0,0,"SH","STT38","STT",38,38,NA,"2025-03-26","2025-04-02",7,"pear",0,1,0,0,0,0,NA
NA,2025,2025-04-01,NA,2,0,0,"SH","STT39","STT",39,39,NA,"2025-03-26","2025-04-02",7,"pear",0,0,0,0,0,1,NA
NA,2025,2025-04-01,NA,2,0,0,"SH","STT40","STT",40,40,NA,"2025-03-26","2025-04-02",7,"pear",0,0,0,0,0,1,NA
NA,2025,2025-04-07,NA,2,0,0,"TH","BTT01","BTT",1,41,NA,"2025-04-03","2025-04-08",5,"pear",0,0,0,0,0,1,NA
NA,2025,2025-04-07,NA,2,0,0,"TH","BTT02","BTT",2,42,NA,"2025-04-03","2025-04-08",5,"pear",0,0,0,0,0,1,NA
NA,2025,2025-04-07,NA,2,0,0,"TH","BTT03","BTT",3,43,NA,"2025-04-03","2025-04-08",5,"pear",0,0,0,0,0,1,NA
NA,2025,2025-04-07,NA,2,0,0,"TH","BTT04","BTT",4,44,NA,"2025-04-03","2025-04-08",5,"pear",0,0,0,0,0,1,NA
NA,2025,2025-04-07,NA,2,0,0,"TH","BTT05","BTT",5,45,NA,"2025-04-03","2025-04-08",5,"pear",1,0,0,1,0,0,NA
NA,2025,2025-04-07,NA,2,0,0,"TH","BTT06","BTT",6,46,NA,"2025-04-03","2025-04-08",5,"pear",0,0,0,0,0,1,NA
NA,2025,2025-04-07,NA,2,0,0,"TH","BTT07","BTT",7,47,NA,"2025-04-03","2025-04-08",5,"pear",0,0,0,0,0,1,NA
NA,2025,2025-04-07,NA,2,0,0,"TH","BTT08","BTT",8,48,NA,"2025-04-03","2025-04-08",5,"pear",0,0,0,0,0,1,NA
NA,2025,2025-04-07,NA,2,0,0,"TH","BTT09","BTT",9,49,NA,"2025-04-03","2025-04-08",5,"pear",0,0,0,0,0,1,NA
NA,2025,2025-04-07,NA,2,0,0,"TH","BTT10","BTT",10,50,NA,"2025-04-03","2025-04-08",5,"pear",0,0,0,0,0,1,NA
NA,2025,2025-04-07,NA,2,0,0,"TH","BTT11","BTT",11,51,NA,"2025-04-03","2025-04-08",5,"pear",0,0,0,0,0,1,NA
NA,2025,2025-04-07,NA,2,0,0,"TH","BTT12","BTT",12,52,NA,"2025-04-03","2025-04-08",5,"pear",0,0,0,0,0,1,NA
NA,2025,2025-04-07,NA,2,0,0,"TH","BTT13","BTT",13,53,NA,"2025-04-03","2025-04-08",5,"pear",0,0,0,0,0,1,NA
NA,2025,2025-04-07,NA,2,0,0,"TH","BTT14","BTT",14,54,NA,"2025-04-03","2025-04-08",5,"pear",0,0,0,0,0,1,NA
NA,2025,2025-04-07,NA,2,0,0,"TH","BTT15","BTT",15,55,NA,"2025-04-03","2025-04-08",5,"pear",0,0,0,0,0,1,NA
NA,2025,2025-04-07,NA,2,0,0,"TH","BTT16","BTT",16,56,NA,"2025-04-03","2025-04-08",5,"pear",0,0,0,0,0,1,NA
NA,2025,2025-04-07,NA,2,0,0,"TH","BTT17","BTT",17,57,NA,"2025-04-03","2025-04-08",5,"pear",0,0,0,0,0,1,NA
NA,2025,2025-04-07,NA,2,0,0,"TH","BTT18","BTT",18,58,NA,"2025-04-03","2025-04-08",5,"pear",0,0,0,0,0,1,NA
NA,2025,2025-04-07,NA,2,0,0,"TH","BTT19","BTT",19,59,NA,"2025-04-03","2025-04-08",5,"pear",0,0,0,0,0,1,NA
NA,2025,2025-04-07,NA,2,0,0,"TH","BTT20","BTT",20,60,NA,"2025-04-03","2025-04-08",5,"pear",0,0,0,0,0,1,NA
NA,2025,2025-04-07,NA,2,0,0,"TH","BTT21","BTT",21,61,NA,"2025-04-03","2025-04-08",5,"pear",0,0,0,0,0,1,NA
NA,2025,2025-04-07,NA,2,0,0,"TH","BTT22","BTT",22,62,NA,"2025-04-03","2025-04-08",5,"pear",0,0,0,0,0,1,NA
NA,2025,2025-04-07,NA,2,0,0,"TH","BTT23","BTT",23,63,NA,"2025-04-03","2025-04-08",5,"pear",0,0,0,0,0,1,NA
NA,2025,2025-04-07,NA,2,0,0,"TH","BTT24","BTT",24,64,NA,"2025-04-03","2025-04-08",5,"pear",0,0,0,0,0,1,NA
NA,2025,2025-04-07,NA,2,0,0,"TH","BTT25","BTT",25,65,NA,"2025-04-03","2025-04-08",5,"pear",0,0,0,0,0,1,NA
NA,2025,2025-04-07,NA,2,0,0,"TH","BTT26","BTT",26,66,NA,"2025-04-03","2025-04-08",5,"pear",0,0,0,0,0,1,NA
NA,2025,2025-04-07,NA,2,0,0,"TH","BTT27","BTT",27,67,NA,"2025-04-03","2025-04-08",5,"pear",0,0,0,0,0,1,NA
NA,2025,2025-04-07,NA,2,0,0,"TH","BTT28","BTT",28,68,NA,"2025-04-03","2025-04-08",5,"pear",0,0,0,0,0,1,NA
NA,2025,2025-04-07,NA,2,0,0,"TH","BTT29","BTT",29,69,NA,"2025-04-03","2025-04-08",5,"pear",0,0,0,0,0,1,NA
NA,2025,2025-04-07,NA,2,0,0,"TH","BTT30","BTT",30,70,NA,"2025-04-03","2025-04-08",5,"pear",0,0,0,0,0,1,NA
NA,2025,2025-04-07,NA,2,0,0,"TH","BTT31","BTT",31,71,NA,"2025-04-03","2025-04-08",5,"pear",0,0,0,0,0,1,NA
NA,2025,2025-04-07,NA,2,0,0,"TH","BTT32","BTT",32,72,NA,"2025-04-03","2025-04-08",5,"pear",0,0,0,0,0,1,NA
NA,2025,2025-04-07,NA,2,0,0,"TH","BTT33","BTT",33,73,NA,"2025-04-03","2025-04-08",5,"pear",0,0,0,0,0,1,NA
NA,2025,2025-04-07,NA,2,0,0,"TH","BTT34","BTT",34,74,NA,"2025-04-03","2025-04-08",5,"pear",0,0,0,0,0,1,NA
NA,2025,2025-04-07,NA,2,0,0,"TH","BTT35","BTT",35,75,NA,"2025-04-03","2025-04-08",5,"pear",0,0,0,0,0,1,NA
NA,2025,2025-04-07,NA,2,0,0,"TH","BTT36","BTT",36,76,NA,"2025-04-03","2025-04-08",5,"pear",0,0,0,0,0,1,NA
NA,2025,2025-04-07,NA,2,0,0,"TH","BTT37","BTT",37,77,NA,"2025-04-03","2025-04-08",5,"pear",0,0,0,0,0,1,NA
NA,2025,2025-04-07,NA,2,0,0,"TH","BTT38","BTT",38,78,NA,"2025-04-03","2025-04-08",5,"pear",0,0,0,0,0,1,NA
NA,2025,2025-04-07,NA,2,0,0,"TH","BTT39","BTT",39,79,NA,"2025-04-03","2025-04-08",5,"pear",0,0,0,0,0,1,NA
NA,2025,2025-04-07,NA,2,0,0,"TH","BTT40","BTT",40,80,NA,"2025-04-03","2025-04-08",5,"pear",1,0,0,0,0,0,NA
NA,2025,2025-04-07,NA,2,0,0,"TH","STT01","STT",1,41,NA,"2025-04-03","2025-04-08",5,"pear",0,0,0,0,0,1,NA
NA,2025,2025-04-07,NA,2,0,0,"TH","STT02","STT",2,42,NA,"2025-04-03","2025-04-08",5,"pear",0,0,0,0,0,1,NA
NA,2025,2025-04-07,NA,2,0,0,"TH","STT03","STT",3,43,NA,"2025-04-03","2025-04-08",5,"pear",0,0,0,0,0,1,NA
NA,2025,2025-04-07,NA,2,0,0,"TH","STT04","STT",4,44,NA,"2025-04-03","2025-04-08",5,"pear",0,0,0,0,0,1,NA
NA,2025,2025-04-07,NA,2,0,0,"TH","STT05","STT",5,45,NA,"2025-04-03","2025-04-08",5,"pear",0,0,0,0,0,1,NA
NA,2025,2025-04-07,NA,2,0,0,"TH","STT06","STT",6,46,NA,"2025-04-03","2025-04-08",5,"pear",0,0,0,0,0,1,NA
NA,2025,2025-04-07,NA,2,0,0,"TH","STT07","STT",7,47,NA,"2025-04-03","2025-04-08",5,"pear",0,0,0,0,0,1,NA
NA,2025,2025-04-07,NA,2,0,0,"TH","STT08","STT",8,48,NA,"2025-04-03","2025-04-08",5,"pear",0,0,0,0,0,1,NA
NA,2025,2025-04-07,NA,2,0,0,"TH","STT09","STT",9,49,NA,"2025-04-03","2025-04-08",5,"pear",0,0,0,0,0,1,NA
NA,2025,2025-04-07,NA,2,0,0,"TH","STT10","STT",10,50,NA,"2025-04-03","2025-04-08",5,"pear",0,0,0,0,0,1,NA
NA,2025,2025-04-07,NA,2,0,0,"TH","STT11","STT",11,51,NA,"2025-04-03","2025-04-08",5,"pear",0,0,0,0,0,1,NA
NA,2025,2025-04-07,NA,2,0,0,"TH","STT12","STT",12,52,NA,"2025-04-03","2025-04-08",5,"pear",0,0,0,0,0,1,NA
NA,2025,2025-04-07,NA,2,0,0,"TH","STT13","STT",13,53,NA,"2025-04-03","2025-04-08",5,"pear",0,0,0,0,0,1,NA
NA,2025,2025-04-07,NA,2,0,0,"TH","STT14","STT",14,54,NA,"2025-04-03","2025-04-08",5,"pear",0,0,0,0,0,1,NA
NA,2025,2025-04-07,NA,2,0,0,"TH","STT15","STT",15,55,NA,"2025-04-03","2025-04-08",5,"pear",0,0,0,0,0,1,NA
NA,2025,2025-04-07,NA,2,0,0,"TH","STT16","STT",16,56,NA,"2025-04-03","2025-04-08",5,"pear",0,0,0,0,0,1,NA
NA,2025,2025-04-07,NA,2,0,0,"TH","STT17","STT",17,57,NA,"2025-04-03","2025-04-08",5,"pear",0,0,0,0,0,1,NA
NA,2025,2025-04-07,NA,2,0,0,"TH","STT18","STT",18,58,NA,"2025-04-03","2025-04-08",5,"pear",0,0,0,0,0,1,NA
NA,2025,2025-04-07,NA,2,0,0,"TH","STT19","STT",19,59,NA,"2025-04-03","2025-04-08",5,"pear",0,0,0,0,0,1,NA
NA,2025,2025-04-07,NA,2,0,0,"TH","STT20","STT",20,60,NA,"2025-04-03","2025-04-08",5,"pear",0,0,0,0,0,1,NA
NA,2025,2025-04-07,NA,2,0,0,"TH","STT21","STT",21,61,NA,"2025-04-03","2025-04-08",5,"pear",0,0,0,0,0,1,NA
NA,2025,2025-04-07,NA,2,0,0,"TH","STT22","STT",22,62,NA,"2025-04-03","2025-04-08",5,"pear",0,0,0,0,0,1,NA
NA,2025,2025-04-07,NA,2,0,0,"TH","STT23","STT",23,63,NA,"2025-04-03","2025-04-08",5,"pear",0,0,0,0,0,1,NA
NA,2025,2025-04-07,NA,2,0,0,"TH","STT24","STT",24,64,NA,"2025-04-03","2025-04-08",5,"pear",0,0,0,0,0,1,NA
NA,2025,2025-04-07,NA,2,0,0,"TH","STT25","STT",25,65,NA,"2025-04-03","2025-04-08",5,"pear",0,0,0,0,0,1,NA
NA,2025,2025-04-07,NA,2,0,0,"TH","STT26","STT",26,66,NA,"2025-04-03","2025-04-08",5,"pear",0,0,0,0,0,1,NA
NA,2025,2025-04-07,NA,2,0,0,"TH","STT27","STT",27,67,NA,"2025-04-03","2025-04-08",5,"pear",0,0,0,0,0,1,NA
NA,2025,2025-04-07,NA,2,0,0,"TH","STT28","STT",28,68,NA,"2025-04-03","2025-04-08",5,"pear",0,0,0,0,0,1,NA
NA,2025,2025-04-07,NA,2,0,0,"TH","STT29","STT",29,69,NA,"2025-04-03","2025-04-08",5,"pear",0,0,0,0,0,1,NA
NA,2025,2025-04-07,NA,2,0,0,"TH","STT30","STT",30,70,NA,"2025-04-03","2025-04-08",5,"pear",0,0,0,0,0,1,NA
NA,2025,2025-04-07,NA,2,0,0,"TH","STT31","STT",31,71,NA,"2025-04-03","2025-04-08",5,"pear",0,0,0,0,0,1,NA
NA,2025,2025-04-07,NA,2,0,0,"TH","STT32","STT",32,72,NA,"2025-04-03","2025-04-08",5,"pear",0,0,0,0,0,1,NA
NA,2025,2025-04-07,NA,2,0,0,"TH","STT33","STT",33,73,NA,"2025-04-03","2025-04-08",5,"pear",0,0,0,0,0,1,NA
NA,2025,2025-04-07,NA,2,0,0,"TH","STT34","STT",34,74,NA,"2025-04-03","2025-04-08",5,"pear",0,0,0,0,0,1,NA
NA,2025,2025-04-07,NA,2,0,0,"TH","STT35","STT",35,75,NA,"2025-04-03","2025-04-08",5,"pear",0,0,0,0,0,1,NA
NA,2025,2025-04-07,NA,2,0,0,"TH","STT36","STT",36,76,NA,"2025-04-03","2025-04-08",5,"pear",0,0,0,0,0,1,NA
NA,2025,2025-04-07,NA,2,0,0,"TH","STT37","STT",37,77,NA,"2025-04-03","2025-04-08",5,"pear",0,0,0,0,0,1,NA
NA,2025,2025-04-07,NA,2,0,0,"TH","STT38","STT",38,78,NA,"2025-04-03","2025-04-08",5,"pear",0,0,0,0,0,1,NA
NA,2025,2025-04-07,NA,2,0,0,"TH","STT39","STT",39,79,NA,"2025-04-03","2025-04-08",5,"pear",0,0,0,0,0,1,NA
NA,2025,2025-04-07,NA,2,0,0,"TH","STT40","STT",40,80,NA,"2025-04-03","2025-04-08",5,"pear",0,0,0,0,0,1,NA
NA,2025,2025-11-21,NA,2.5,1,91,"SH","BTT01","BTT",1,1,NA,"2025-04-02","2025-11-22",234,"lolli",0,0,0,1,0,0,NA
NA,2025,2025-11-21,NA,2.5,1,91,"SH","BTT02","BTT",2,2,NA,"2025-04-02","2025-11-22",234,"lolli",NA,NA,NA,NA,NA,NA,"TTcard lost"
NA,2025,2025-11-21,NA,2.5,1,91,"SH","BTT03","BTT",3,3,NA,"2025-04-02","2025-11-22",234,"lolli",0,0,0,1,0,0,NA
NA,2025,2025-11-21,NA,2.5,1,91,"SH","BTT04","BTT",4,4,NA,"2025-04-02","2025-11-22",234,"lolli",0,1,0,0,0,0,NA
NA,2025,2025-11-21,NA,2.5,1,91,"SH","BTT05","BTT",5,5,NA,"2025-04-02","2025-11-22",234,"lolli",NA,NA,NA,NA,NA,NA,"TTcard lost"
NA,2025,2025-11-21,NA,2.5,1,91,"SH","BTT06","BTT",6,6,NA,"2025-04-02","2025-11-22",234,"lolli",NA,NA,NA,NA,NA,NA,"TTcard lost"
NA,2025,2025-11-21,NA,2.5,1,91,"SH","BTT07","BTT",7,7,NA,"2025-04-02","2025-11-22",234,"lolli",0,0,0,0,0,1,"deteriorated a lot"
NA,2025,2025-11-21,NA,2.5,1,91,"SH","BTT08","BTT",8,8,NA,"2025-04-02","2025-11-22",234,"lolli",0,0,0,1,0,0,NA
NA,2025,2025-11-21,NA,2.5,1,91,"SH","BTT09","BTT",9,9,NA,"2025-04-02","2025-11-22",234,"lolli",0,1,0,0,0,0,NA
NA,2025,2025-11-21,NA,2.5,1,91,"SH","BTT10","BTT",10,10,NA,"2025-04-02","2025-11-22",234,"lolli",0,0,0,1,0,0,NA
NA,2025,2025-11-21,NA,2.5,1,91,"SH","BTT11","BTT",11,11,NA,"2025-04-02","2025-11-22",234,"lolli",0,0,0,1,0,0,"deteriorated a lot"
NA,2025,2025-11-21,NA,2.5,1,91,"SH","BTT12","BTT",12,12,NA,"2025-04-02","2025-11-22",234,"lolli",0,0,0,0,0,1,NA
NA,2025,2025-11-21,NA,2.5,1,91,"SH","BTT13","BTT",13,13,NA,"2025-04-02","2025-11-22",234,"lolli",0,1,0,1,0,0,NA
NA,2025,2025-11-21,NA,2.5,1,91,"SH","BTT14","BTT",14,14,NA,"2025-04-02","2025-11-22",234,"lolli",0,0,0,1,0,0,NA
NA,2025,2025-11-21,NA,2.5,1,91,"SH","BTT15","BTT",15,15,NA,"2025-04-02","2025-11-22",234,"lolli",0,1,0,1,0,0,"blown away"
NA,2025,2025-11-21,NA,2.5,1,91,"SH","BTT16","BTT",16,16,NA,"2025-04-02","2025-11-22",234,"lolli",0,0,0,1,0,0,NA
NA,2025,2025-11-21,NA,2.5,1,91,"SH","BTT17","BTT",17,17,NA,"2025-04-02","2025-11-22",234,"lolli",1,1,0,0,0,0,"blown away"
NA,2025,2025-11-21,NA,2.5,1,91,"SH","BTT18","BTT",18,18,NA,"2025-04-02","2025-11-22",234,"lolli",NA,NA,NA,NA,NA,NA,"TTcard lost"
NA,2025,2025-11-21,NA,2.5,1,91,"SH","BTT19","BTT",19,19,NA,"2025-04-02","2025-11-22",234,"lolli",0,0,0,0,0,1,NA
NA,2025,2025-11-21,NA,2.5,1,91,"SH","BTT20","BTT",20,20,NA,"2025-04-02","2025-11-22",234,"lolli",0,0,0,0,0,1,NA
NA,2025,2025-11-21,NA,2.5,1,91,"SH","BTT21","BTT",21,21,NA,"2025-04-02","2025-11-22",234,"lolli",0,0,0,0,0,1,NA
NA,2025,2025-11-21,NA,2.5,1,91,"SH","BTT22","BTT",22,22,NA,"2025-04-02","2025-11-22",234,"lolli",0,0,0,0,0,1,"deteriorated a lot"
NA,2025,2025-11-21,NA,2.5,1,91,"SH","BTT23","BTT",23,23,NA,"2025-04-02","2025-11-22",234,"lolli",0,0,0,1,0,0,NA
NA,2025,2025-11-21,NA,2.5,1,91,"SH","BTT24","BTT",24,24,NA,"2025-04-02","2025-11-22",234,"lolli",0,0,0,0,0,1,NA
NA,2025,2025-11-21,NA,2.5,1,91,"SH","BTT25","BTT",25,25,NA,"2025-04-02","2025-11-22",234,"lolli",0,0,0,0,0,1,NA
NA,2025,2025-11-21,NA,2.5,1,91,"SH","BTT26","BTT",26,26,NA,"2025-04-02","2025-11-22",234,"lolli",0,0,0,0,0,1,NA
NA,2025,2025-11-21,NA,2.5,1,91,"SH","BTT27","BTT",27,27,NA,"2025-04-02","2025-11-22",234,"lolli",0,0,0,0,0,1,NA
NA,2025,2025-11-21,NA,2.5,1,91,"SH","BTT28","BTT",28,28,NA,"2025-04-02","2025-11-22",234,"lolli",0,0,0,0,0,1,"blown away"
NA,2025,2025-11-21,NA,2.5,1,91,"SH","BTT29","BTT",29,29,NA,"2025-04-02","2025-11-22",234,"lolli",0,0,0,0,0,1,NA
NA,2025,2025-11-21,NA,2.5,1,91,"SH","BTT30","BTT",30,30,NA,"2025-04-02","2025-11-22",234,"lolli",0,0,0,0,0,1,"deteriorated a lot"
NA,2025,2025-11-21,NA,2.5,1,91,"SH","BTT31","BTT",31,31,NA,"2025-04-02","2025-11-22",234,"lolli",0,0,0,0,0,1,NA
NA,2025,2025-11-21,NA,2.5,1,91,"SH","BTT32","BTT",32,32,NA,"2025-04-02","2025-11-22",234,"lolli",NA,NA,NA,NA,NA,NA,"TTcard lost"
NA,2025,2025-11-21,NA,2.5,1,91,"SH","BTT33","BTT",33,33,NA,"2025-04-02","2025-11-22",234,"lolli",0,0,0,0,0,1,NA
NA,2025,2025-11-21,NA,2.5,1,91,"SH","BTT34","BTT",34,34,NA,"2025-04-02","2025-11-22",234,"lolli",0,0,0,0,0,1,NA
NA,2025,2025-11-21,NA,2.5,1,91,"SH","BTT35","BTT",35,35,NA,"2025-04-02","2025-11-22",234,"lolli",0,0,0,0,0,1,"deteriorated a lot, blown away"
NA,2025,2025-11-21,NA,2.5,1,91,"SH","BTT36","BTT",36,36,NA,"2025-04-02","2025-11-22",234,"lolli",0,0,0,0,0,1,NA
NA,2025,2025-11-21,NA,2.5,1,91,"SH","BTT37","BTT",37,37,NA,"2025-04-02","2025-11-22",234,"lolli",NA,NA,NA,NA,NA,NA,"TTcard lost"
NA,2025,2025-11-21,NA,2.5,1,91,"SH","BTT38","BTT",38,38,NA,"2025-04-02","2025-11-22",234,"lolli",0,0,0,0,0,1,NA
NA,2025,2025-11-21,NA,2.5,1,91,"SH","BTT39","BTT",39,39,NA,"2025-04-02","2025-11-22",234,"lolli",NA,NA,NA,NA,NA,NA,"TTcard lost"
NA,2025,2025-11-21,NA,2.5,1,91,"SH","BTT40","BTT",40,40,NA,"2025-04-02","2025-11-22",234,"lolli",0,0,0,0,0,1,"deteriorated a lot"
NA,2025,2025-11-21,NA,2.5,1,91,"SH","STT01","STT",1,1,NA,"2025-04-02","2025-11-22",234,"lolli",0,0,0,0,0,1,"deteriorated a lot"
NA,2025,2025-11-21,NA,2.5,1,91,"SH","STT02","STT",2,2,NA,"2025-04-02","2025-11-22",234,"lolli",0,0,0,1,0,0,NA
NA,2025,2025-11-21,NA,2.5,1,91,"SH","STT03","STT",3,3,NA,"2025-04-02","2025-11-22",234,"lolli",0,0,0,1,0,0,NA
NA,2025,2025-11-21,NA,2.5,1,91,"SH","STT04","STT",4,4,NA,"2025-04-02","2025-11-22",234,"lolli",0,0,0,1,0,0,NA
NA,2025,2025-11-21,NA,2.5,1,91,"SH","STT05","STT",5,5,NA,"2025-04-02","2025-11-22",234,"lolli",0,0,0,0,0,1,"deteriorated a lot"
NA,2025,2025-11-21,NA,2.5,1,91,"SH","STT06","STT",6,6,NA,"2025-04-02","2025-11-22",234,"lolli",0,0,0,0,0,1,"deteriorated a lot"
NA,2025,2025-11-21,NA,2.5,1,91,"SH","STT07","STT",7,7,NA,"2025-04-02","2025-11-22",234,"lolli",0,1,0,0,0,0,"deteriorated a lot"
NA,2025,2025-11-21,NA,2.5,1,91,"SH","STT08","STT",8,8,NA,"2025-04-02","2025-11-22",234,"lolli",0,0,0,0,0,1,NA
NA,2025,2025-11-21,NA,2.5,1,91,"SH","STT09","STT",9,9,NA,"2025-04-02","2025-11-22",234,"lolli",1,1,0,1,0,0,NA
NA,2025,2025-11-21,NA,2.5,1,91,"SH","STT10","STT",10,10,NA,"2025-04-02","2025-11-22",234,"lolli",0,0,0,1,0,0,NA
NA,2025,2025-11-21,NA,2.5,1,91,"SH","STT11","STT",11,11,NA,"2025-04-02","2025-11-22",234,"lolli",0,0,0,1,0,0,NA
NA,2025,2025-11-21,NA,2.5,1,91,"SH","STT12","STT",12,12,NA,"2025-04-02","2025-11-22",234,"lolli",0,0,0,1,0,0,NA
NA,2025,2025-11-21,NA,2.5,1,91,"SH","STT13","STT",13,13,NA,"2025-04-02","2025-11-22",234,"lolli",0,0,0,1,0,0,NA
NA,2025,2025-11-21,NA,2.5,1,91,"SH","STT14","STT",14,14,NA,"2025-04-02","2025-11-22",234,"lolli",0,1,0,1,0,0,NA
NA,2025,2025-11-21,NA,2.5,1,91,"SH","STT15","STT",15,15,NA,"2025-04-02","2025-11-22",234,"lolli",0,0,0,0,0,1,"water damage"
NA,2025,2025-11-21,NA,2.5,1,91,"SH","STT16","STT",16,16,NA,"2025-04-02","2025-11-22",234,"lolli",0,0,0,0,0,1,"deteriorated a lot"
NA,2025,2025-11-21,NA,2.5,1,91,"SH","STT17","STT",17,17,NA,"2025-04-02","2025-11-22",234,"lolli",0,0,0,0,0,1,"deteriorated a lot"
NA,2025,2025-11-21,NA,2.5,1,91,"SH","STT18","STT",18,18,NA,"2025-04-02","2025-11-22",234,"lolli",0,0,0,0,0,1,"deteriorated a lot"
NA,2025,2025-11-21,NA,2.5,1,91,"SH","STT19","STT",19,19,NA,"2025-04-02","2025-11-22",234,"lolli",0,0,0,0,0,1,NA
NA,2025,2025-11-21,NA,2.5,1,91,"SH","STT20","STT",20,20,NA,"2025-04-02","2025-11-22",234,"lolli",0,0,0,0,0,1,"deteriorated a lot"
NA,2025,2025-11-21,NA,2.5,1,91,"SH","STT21","STT",21,21,NA,"2025-04-02","2025-11-22",234,"lolli",0,0,0,0,0,1,"deteriorated a lot"
NA,2025,2025-11-21,NA,2.5,1,91,"SH","STT22","STT",22,22,NA,"2025-04-02","2025-11-22",234,"lolli",0,0,0,0,0,1,"deteriorated a lot"
NA,2025,2025-11-21,NA,2.5,1,91,"SH","STT23","STT",23,23,NA,"2025-04-02","2025-11-22",234,"lolli",0,0,0,0,0,1,NA
NA,2025,2025-11-21,NA,2.5,1,91,"SH","STT24","STT",24,24,NA,"2025-04-02","2025-11-22",234,"lolli",0,0,0,0,0,1,NA
NA,2025,2025-11-21,NA,2.5,1,91,"SH","STT25","STT",25,25,NA,"2025-04-02","2025-11-22",234,"lolli",0,0,0,0,0,1,NA
NA,2025,2025-11-21,NA,2.5,1,91,"SH","STT26","STT",26,26,NA,"2025-04-02","2025-11-22",234,"lolli",0,0,0,0,0,1,"deteriorated a lot"
NA,2025,2025-11-21,NA,2.5,1,91,"SH","STT27","STT",27,27,NA,"2025-04-02","2025-11-22",234,"lolli",0,0,0,0,0,1,NA
NA,2025,2025-11-21,NA,2.5,1,91,"SH","STT28","STT",28,28,NA,"2025-04-02","2025-11-22",234,"lolli",0,0,0,0,0,1,"deteriorated a lot"
NA,2025,2025-11-21,NA,2.5,1,91,"SH","STT29","STT",29,29,NA,"2025-04-02","2025-11-22",234,"lolli",0,0,0,0,0,1,"deteriorated a lot"
NA,2025,2025-11-21,NA,2.5,1,91,"SH","STT30","STT",30,30,NA,"2025-04-02","2025-11-22",234,"lolli",0,0,0,0,0,1,"deteriorated a lot, blown out"
NA,2025,2025-11-21,NA,2.5,1,91,"SH","STT31","STT",31,31,NA,"2025-04-02","2025-11-22",234,"lolli",0,0,0,0,0,1,NA
NA,2025,2025-11-21,NA,2.5,1,91,"SH","STT32","STT",32,32,NA,"2025-04-02","2025-11-22",234,"lolli",0,0,0,0,0,1,NA
NA,2025,2025-11-21,NA,2.5,1,91,"SH","STT33","STT",33,33,NA,"2025-04-02","2025-11-22",234,"lolli",0,0,0,0,0,1,"deteriorated a lot"
NA,2025,2025-11-21,NA,2.5,1,91,"SH","STT34","STT",34,34,NA,"2025-04-02","2025-11-22",234,"lolli",0,0,0,0,0,1,NA
NA,2025,2025-11-21,NA,2.5,1,91,"SH","STT35","STT",35,35,NA,"2025-04-02","2025-11-22",234,"lolli",0,0,0,0,0,1,NA
NA,2025,2025-11-21,NA,2.5,1,91,"SH","STT36","STT",36,36,NA,"2025-04-02","2025-11-22",234,"lolli",0,0,0,0,0,1,"deteriorated a lot"
NA,2025,2025-11-21,NA,2.5,1,91,"SH","STT37","STT",37,37,NA,"2025-04-02","2025-11-22",234,"lolli",0,0,0,0,0,1,NA
NA,2025,2025-11-21,NA,2.5,1,91,"SH","STT38","STT",38,38,NA,"2025-04-02","2025-11-22",234,"lolli",0,1,0,0,0,0,NA
NA,2025,2025-11-21,NA,2.5,1,91,"SH","STT39","STT",39,39,NA,"2025-04-02","2025-11-22",234,"lolli",0,0,0,0,0,1,NA
NA,2025,2025-11-21,NA,2.5,1,91,"SH","STT40","STT",40,40,NA,"2025-04-02","2025-11-22",234,"lolli",0,0,0,0,0,1,NA
NA,2025,2025-11-11,NA,2.5,1,81,"TH","BTT01","BTT",1,41,NA,"2025-04-08","2025-11-12",218,"lolli",0,0,0,1,0,0,NA
NA,2025,2025-11-11,NA,2.5,1,81,"TH","BTT02","BTT",2,42,NA,"2025-04-08","2025-11-12",218,"lolli",0,0,0,1,0,0,"blown away"
NA,2025,2025-11-11,NA,2.5,1,81,"TH","BTT03","BTT",3,43,NA,"2025-04-08","2025-11-12",218,"lolli",0,0,0,1,0,0,"blown away"
NA,2025,2025-11-11,NA,2.5,1,81,"TH","BTT04","BTT",4,44,NA,"2025-04-08","2025-11-12",218,"lolli",0,0,0,1,0,0,"blown away"
NA,2025,2025-11-11,NA,2.5,1,81,"TH","BTT05","BTT",5,45,NA,"2025-04-08","2025-11-12",218,"lolli",0,0,0,1,0,0,"blown away"
NA,2025,2025-11-11,NA,2.5,1,81,"TH","BTT06","BTT",6,46,NA,"2025-04-08","2025-11-12",218,"lolli",0,0,0,1,0,0,"blown away"
NA,2025,2025-11-11,NA,2.5,1,81,"TH","BTT07","BTT",7,47,NA,"2025-04-08","2025-11-12",218,"lolli",0,0,0,1,0,0,"blown away"
NA,2025,2025-11-11,NA,2.5,1,81,"TH","BTT08","BTT",8,48,NA,"2025-04-08","2025-11-12",218,"lolli",0,0,0,1,0,0,NA
NA,2025,2025-11-11,NA,2.5,1,81,"TH","BTT09","BTT",9,49,NA,"2025-04-08","2025-11-12",218,"lolli",0,0,0,1,0,0,NA
NA,2025,2025-11-11,NA,2.5,1,81,"TH","BTT10","BTT",10,50,NA,"2025-04-08","2025-11-12",218,"lolli",NA,NA,NA,NA,NA,NA,"TTcard lost"
NA,2025,2025-11-11,NA,2.5,1,81,"TH","BTT11","BTT",11,51,NA,"2025-04-08","2025-11-12",218,"lolli",0,0,0,1,0,0,"blown away"
NA,2025,2025-11-11,NA,2.5,1,81,"TH","BTT12","BTT",12,52,NA,"2025-04-08","2025-11-12",218,"lolli",0,0,0,1,0,0,"blown away"
NA,2025,2025-11-11,NA,2.5,1,81,"TH","BTT13","BTT",13,53,NA,"2025-04-08","2025-11-12",218,"lolli",0,0,0,1,0,0,"possibly gecko (one toe), blown away"
NA,2025,2025-11-11,NA,2.5,1,81,"TH","BTT14","BTT",14,54,NA,"2025-04-08","2025-11-12",218,"lolli",0,0,0,1,0,0,"blown away"
NA,2025,2025-11-11,NA,2.5,1,81,"TH","BTT15","BTT",15,55,NA,"2025-04-08","2025-11-12",218,"lolli",0,0,0,1,0,0,"blown away"
NA,2025,2025-11-11,NA,2.5,1,81,"TH","BTT16","BTT",16,56,NA,"2025-04-08","2025-11-12",218,"lolli",0,0,0,1,0,0,"blown away"
NA,2025,2025-11-11,NA,2.5,1,81,"TH","BTT17","BTT",17,57,NA,"2025-04-08","2025-11-12",218,"lolli",0,0,0,1,0,0,"blown away"
NA,2025,2025-11-11,NA,2.5,1,81,"TH","BTT18","BTT",18,58,NA,"2025-04-08","2025-11-12",218,"lolli",0,0,0,1,0,0,"blown away"
NA,2025,2025-11-11,NA,2.5,1,81,"TH","BTT19","BTT",19,59,NA,"2025-04-08","2025-11-12",218,"lolli",0,0,0,1,0,0,"deteriorated a lot"
NA,2025,2025-11-11,NA,2.5,1,81,"TH","BTT20","BTT",20,60,NA,"2025-04-08","2025-11-12",218,"lolli",0,0,0,1,0,0,"deteriorated a lot"
NA,2025,2025-11-11,NA,2.5,1,81,"TH","BTT21","BTT",21,61,NA,"2025-04-08","2025-11-12",218,"lolli",0,0,0,1,0,0,"blown away"
NA,2025,2025-11-11,NA,2.5,1,81,"TH","BTT22","BTT",22,62,NA,"2025-04-08","2025-11-12",218,"lolli",0,0,0,1,0,0,NA
NA,2025,2025-11-11,NA,2.5,1,81,"TH","BTT23","BTT",23,63,NA,"2025-04-08","2025-11-12",218,"lolli",0,0,0,1,0,0,"deteriorated a lot"
NA,2025,2025-11-11,NA,2.5,1,81,"TH","BTT24","BTT",24,64,NA,"2025-04-08","2025-11-12",218,"lolli",0,0,0,1,0,0,"blown away"
NA,2025,2025-11-11,NA,2.5,1,81,"TH","BTT25","BTT",25,65,NA,"2025-04-08","2025-11-12",218,"lolli",0,0,0,1,0,0,"deteriorated a lot"
NA,2025,2025-11-11,NA,2.5,1,81,"TH","BTT26","BTT",26,66,NA,"2025-04-08","2025-11-12",218,"lolli",0,0,0,1,0,0,"deteriorated a lot"
NA,2025,2025-11-11,NA,2.5,1,81,"TH","BTT27","BTT",27,67,NA,"2025-04-08","2025-11-12",218,"lolli",0,0,0,1,0,0,NA
NA,2025,2025-11-11,NA,2.5,1,81,"TH","BTT28","BTT",28,68,NA,"2025-04-08","2025-11-12",218,"lolli",0,0,0,1,0,0,NA
NA,2025,2025-11-11,NA,2.5,1,81,"TH","BTT29","BTT",29,69,NA,"2025-04-08","2025-11-12",218,"lolli",0,0,0,1,0,0,NA
NA,2025,2025-11-11,NA,2.5,1,81,"TH","BTT30","BTT",30,70,NA,"2025-04-08","2025-11-12",218,"lolli",0,0,0,1,0,0,"blown away"
NA,2025,2025-11-11,NA,2.5,1,81,"TH","BTT31","BTT",31,71,NA,"2025-04-08","2025-11-12",218,"lolli",0,0,0,1,0,0,NA
NA,2025,2025-11-11,NA,2.5,1,81,"TH","BTT32","BTT",32,72,NA,"2025-04-08","2025-11-12",218,"lolli",0,0,0,1,0,0,NA
NA,2025,2025-11-11,NA,2.5,1,81,"TH","BTT33","BTT",33,73,NA,"2025-04-08","2025-11-12",218,"lolli",0,0,0,1,0,0,NA
NA,2025,2025-11-11,NA,2.5,1,81,"TH","BTT34","BTT",34,74,NA,"2025-04-08","2025-11-12",218,"lolli",0,0,0,1,0,0,NA
NA,2025,2025-11-11,NA,2.5,1,81,"TH","BTT35","BTT",35,75,NA,"2025-04-08","2025-11-12",218,"lolli",NA,NA,NA,NA,NA,NA,"TTcard lost"
NA,2025,2025-11-11,NA,2.5,1,81,"TH","BTT36","BTT",36,76,NA,"2025-04-08","2025-11-12",218,"lolli",0,0,0,1,0,0,NA
NA,2025,2025-11-11,NA,2.5,1,81,"TH","BTT37","BTT",37,77,NA,"2025-04-08","2025-11-12",218,"lolli",0,0,0,1,0,0,NA
NA,2025,2025-11-11,NA,2.5,1,81,"TH","BTT38","BTT",38,78,NA,"2025-04-08","2025-11-12",218,"lolli",0,0,0,1,0,0,NA
NA,2025,2025-11-11,NA,2.5,1,81,"TH","BTT39","BTT",39,79,NA,"2025-04-08","2025-11-12",218,"lolli",0,0,0,1,0,0,NA
NA,2025,2025-11-11,NA,2.5,1,81,"TH","BTT40","BTT",40,80,NA,"2025-04-08","2025-11-12",218,"lolli",1,0,0,1,0,0,"blown away"
NA,2025,2025-11-11,NA,2.5,1,81,"TH","STT01","STT",1,41,NA,"2025-04-08","2025-11-12",218,"lolli",0,0,0,1,0,0,NA
NA,2025,2025-11-11,NA,2.5,1,81,"TH","STT02","STT",2,42,NA,"2025-04-08","2025-11-12",218,"lolli",0,0,0,1,0,0,NA
NA,2025,2025-11-11,NA,2.5,1,81,"TH","STT03","STT",3,43,NA,"2025-04-08","2025-11-12",218,"lolli",0,0,0,1,0,0,NA
NA,2025,2025-11-11,NA,2.5,1,81,"TH","STT04","STT",4,44,NA,"2025-04-08","2025-11-12",218,"lolli",0,0,0,1,0,0,NA
NA,2025,2025-11-11,NA,2.5,1,81,"TH","STT05","STT",5,45,NA,"2025-04-08","2025-11-12",218,"lolli",0,1,0,1,0,0,NA
NA,2025,2025-11-11,NA,2.5,1,81,"TH","STT06","STT",6,46,NA,"2025-04-08","2025-11-12",218,"lolli",0,0,0,1,0,0,"deteriorated a lot"
NA,2025,2025-11-11,NA,2.5,1,81,"TH","STT07","STT",7,47,NA,"2025-04-08","2025-11-12",218,"lolli",0,0,0,1,0,0,NA
NA,2025,2025-11-11,NA,2.5,1,81,"TH","STT08","STT",8,48,NA,"2025-04-08","2025-11-12",218,"lolli",0,0,0,1,0,0,NA
NA,2025,2025-11-11,NA,2.5,1,81,"TH","STT09","STT",9,49,NA,"2025-04-08","2025-11-12",218,"lolli",0,0,0,1,0,0,NA
NA,2025,2025-11-11,NA,2.5,1,81,"TH","STT10","STT",10,50,NA,"2025-04-08","2025-11-12",218,"lolli",0,0,0,1,0,0,NA
NA,2025,2025-11-11,NA,2.5,1,81,"TH","STT11","STT",11,51,NA,"2025-04-08","2025-11-12",218,"lolli",0,0,0,1,0,0,NA
NA,2025,2025-11-11,NA,2.5,1,81,"TH","STT12","STT",12,52,NA,"2025-04-08","2025-11-12",218,"lolli",0,0,0,1,0,0,NA
NA,2025,2025-11-11,NA,2.5,1,81,"TH","STT13","STT",13,53,NA,"2025-04-08","2025-11-12",218,"lolli",0,0,0,1,0,0,NA
NA,2025,2025-11-11,NA,2.5,1,81,"TH","STT14","STT",14,54,NA,"2025-04-08","2025-11-12",218,"lolli",0,0,0,0,0,1,NA
NA,2025,2025-11-11,NA,2.5,1,81,"TH","STT15","STT",15,55,NA,"2025-04-08","2025-11-12",218,"lolli",0,0,0,1,0,0,NA
NA,2025,2025-11-11,NA,2.5,1,81,"TH","STT16","STT",16,56,NA,"2025-04-08","2025-11-12",218,"lolli",0,0,0,1,0,0,NA
NA,2025,2025-11-11,NA,2.5,1,81,"TH","STT17","STT",17,57,NA,"2025-04-08","2025-11-12",218,"lolli",0,0,0,1,0,0,NA
NA,2025,2025-11-11,NA,2.5,1,81,"TH","STT18","STT",18,58,NA,"2025-04-08","2025-11-12",218,"lolli",0,0,0,1,0,0,NA
NA,2025,2025-11-11,NA,2.5,1,81,"TH","STT19","STT",19,59,NA,"2025-04-08","2025-11-12",218,"lolli",0,0,0,1,0,0,NA
NA,2025,2025-11-11,NA,2.5,1,81,"TH","STT20","STT",20,60,NA,"2025-04-08","2025-11-12",218,"lolli",0,0,0,1,0,0,NA
NA,2025,2025-11-11,NA,2.5,1,81,"TH","STT21","STT",21,61,NA,"2025-04-08","2025-11-12",218,"lolli",0,0,0,1,0,0,"deteriorated a lot"
NA,2025,2025-11-11,NA,2.5,1,81,"TH","STT22","STT",22,62,NA,"2025-04-08","2025-11-12",218,"lolli",0,0,0,1,0,0,NA
NA,2025,2025-11-11,NA,2.5,1,81,"TH","STT23","STT",23,63,NA,"2025-04-08","2025-11-12",218,"lolli",0,0,0,1,0,0,NA
NA,2025,2025-11-11,NA,2.5,1,81,"TH","STT24","STT",24,64,NA,"2025-04-08","2025-11-12",218,"lolli",0,0,0,0,0,1,"deteriorated a lot"
NA,2025,2025-11-11,NA,2.5,1,81,"TH","STT25","STT",25,65,NA,"2025-04-08","2025-11-12",218,"lolli",0,0,0,1,0,0,"deteriorated a lot"
NA,2025,2025-11-11,NA,2.5,1,81,"TH","STT26","STT",26,66,NA,"2025-04-08","2025-11-12",218,"lolli",0,0,0,1,0,0,"deteriorated a lot"
NA,2025,2025-11-11,NA,2.5,1,81,"TH","STT27","STT",27,67,NA,"2025-04-08","2025-11-12",218,"lolli",0,0,0,1,0,0,"deteriorated a lot"
NA,2025,2025-11-11,NA,2.5,1,81,"TH","STT28","STT",28,68,NA,"2025-04-08","2025-11-12",218,"lolli",0,0,0,1,0,0,"deteriorated a lot"
NA,2025,2025-11-11,NA,2.5,1,81,"TH","STT29","STT",29,69,NA,"2025-04-08","2025-11-12",218,"lolli",0,0,0,1,0,0,NA
NA,2025,2025-11-11,NA,2.5,1,81,"TH","STT30","STT",30,70,NA,"2025-04-08","2025-11-12",218,"lolli",0,0,0,1,0,0,"blown out"
NA,2025,2025-11-11,NA,2.5,1,81,"TH","STT31","STT",31,71,NA,"2025-04-08","2025-11-12",218,"lolli",0,0,0,1,0,0,NA
NA,2025,2025-11-11,NA,2.5,1,81,"TH","STT32","STT",32,72,NA,"2025-04-08","2025-11-12",218,"lolli",0,0,0,1,0,0,NA
NA,2025,2025-11-11,NA,2.5,1,81,"TH","STT33","STT",33,73,NA,"2025-04-08","2025-11-12",218,"lolli",0,0,0,1,0,0,NA
NA,2025,2025-11-11,NA,2.5,1,81,"TH","STT34","STT",34,74,NA,"2025-04-08","2025-11-12",218,"lolli",0,0,0,1,0,0,NA
NA,2025,2025-11-11,NA,2.5,1,81,"TH","STT35","STT",35,75,NA,"2025-04-08","2025-11-12",218,"lolli",0,0,0,1,0,0,NA
NA,2025,2025-11-11,NA,2.5,1,81,"TH","STT36","STT",36,76,NA,"2025-04-08","2025-11-12",218,"lolli",0,0,0,1,0,0,"blown out, deteriorated a lot"
NA,2025,2025-11-11,NA,2.5,1,81,"TH","STT37","STT",37,77,NA,"2025-04-08","2025-11-12",218,"lolli",0,0,0,1,0,0,"deteriorated a lot"
NA,2025,2025-11-11,NA,2.5,1,81,"TH","STT38","STT",38,78,NA,"2025-04-08","2025-11-12",218,"lolli",0,0,0,1,0,0,NA
NA,2025,2025-11-11,NA,2.5,1,81,"TH","STT39","STT",39,79,NA,"2025-04-08","2025-11-12",218,"lolli",0,0,0,1,0,0,NA
NA,2025,2025-11-11,NA,2.5,1,81,"TH","STT40","STT",40,80,NA,"2025-04-08","2025-11-12",218,"lolli",0,0,0,1,0,0,NA
NA,2025,2025-11-26,NA,3,1,96,"SH","BTT01","BTT",1,1,NA,"2025-11-22","2025-11-27",5,"pear",0,0,0,0,0,1,NA
NA,2025,2025-11-26,NA,3,1,96,"SH","BTT02","BTT",2,2,NA,"2025-11-22","2025-11-27",5,"pear",0,0,0,0,0,1,NA
NA,2025,2025-11-26,NA,3,1,96,"SH","BTT03","BTT",3,3,NA,"2025-11-22","2025-11-27",5,"pear",0,0,0,0,0,1,NA
NA,2025,2025-11-26,NA,3,1,96,"SH","BTT04","BTT",4,4,NA,"2025-11-22","2025-11-27",5,"pear",0,0,0,0,0,1,NA
NA,2025,2025-11-26,NA,3,1,96,"SH","BTT05","BTT",5,5,NA,"2025-11-22","2025-11-27",5,"pear",0,0,0,0,0,1,NA
NA,2025,2025-11-26,NA,3,1,96,"SH","BTT06","BTT",6,6,NA,"2025-11-22","2025-11-27",5,"pear",0,0,0,0,0,1,NA
NA,2025,2025-11-26,NA,3,1,96,"SH","BTT07","BTT",7,7,NA,"2025-11-22","2025-11-27",5,"pear",0,0,0,0,0,1,NA
NA,2025,2025-11-26,NA,3,1,96,"SH","BTT08","BTT",8,8,NA,"2025-11-22","2025-11-27",5,"pear",0,0,0,0,0,1,NA
NA,2025,2025-11-26,NA,3,1,96,"SH","BTT09","BTT",9,9,NA,"2025-11-22","2025-11-27",5,"pear",0,0,0,0,0,1,NA
NA,2025,2025-11-26,NA,3,1,96,"SH","BTT10","BTT",10,10,NA,"2025-11-22","2025-11-27",5,"pear",0,0,0,0,0,1,NA
NA,2025,2025-11-26,NA,3,1,96,"SH","BTT11","BTT",11,11,NA,"2025-11-22","2025-11-27",5,"pear",0,0,0,0,0,1,NA
NA,2025,2025-11-26,NA,3,1,96,"SH","BTT12","BTT",12,12,NA,"2025-11-22","2025-11-27",5,"pear",0,0,0,0,0,1,NA
NA,2025,2025-11-26,NA,3,1,96,"SH","BTT13","BTT",13,13,NA,"2025-11-22","2025-11-27",5,"pear",0,0,0,0,0,1,NA
NA,2025,2025-11-26,NA,3,1,96,"SH","BTT14","BTT",14,14,NA,"2025-11-22","2025-11-27",5,"pear",0,0,0,0,0,1,NA
NA,2025,2025-11-26,NA,3,1,96,"SH","BTT15","BTT",15,15,NA,"2025-11-22","2025-11-27",5,"pear",0,0,0,0,0,1,NA
NA,2025,2025-11-26,NA,3,1,96,"SH","BTT16","BTT",16,16,NA,"2025-11-22","2025-11-27",5,"pear",0,0,0,0,0,1,NA
NA,2025,2025-11-26,NA,3,1,96,"SH","BTT17","BTT",17,17,NA,"2025-11-22","2025-11-27",5,"pear",0,1,0,0,0,0,NA
NA,2025,2025-11-26,NA,3,1,96,"SH","BTT18","BTT",18,18,NA,"2025-11-22","2025-11-27",5,"pear",0,0,0,0,0,1,NA
NA,2025,2025-11-26,NA,3,1,96,"SH","BTT19","BTT",19,19,NA,"2025-11-22","2025-11-27",5,"pear",0,0,0,0,0,1,NA
NA,2025,2025-11-26,NA,3,1,96,"SH","BTT20","BTT",20,20,NA,"2025-11-22","2025-11-27",5,"pear",0,0,0,0,0,1,NA
NA,2025,2025-11-26,NA,3,1,96,"SH","BTT21","BTT",21,21,NA,"2025-11-22","2025-11-27",5,"pear",0,0,0,0,0,1,NA
NA,2025,2025-11-26,NA,3,1,96,"SH","BTT22","BTT",22,22,NA,"2025-11-22","2025-11-27",5,"pear",0,0,0,0,0,1,NA
NA,2025,2025-11-26,NA,3,1,96,"SH","BTT23","BTT",23,23,NA,"2025-11-22","2025-11-27",5,"pear",0,0,0,0,0,1,NA
NA,2025,2025-11-26,NA,3,1,96,"SH","BTT24","BTT",24,24,NA,"2025-11-22","2025-11-27",5,"pear",0,0,0,0,0,1,NA
NA,2025,2025-11-26,NA,3,1,96,"SH","BTT25","BTT",25,25,NA,"2025-11-22","2025-11-27",5,"pear",0,0,0,0,0,1,NA
NA,2025,2025-11-26,NA,3,1,96,"SH","BTT26","BTT",26,26,NA,"2025-11-22","2025-11-27",5,"pear",0,0,0,0,0,1,NA
NA,2025,2025-11-26,NA,3,1,96,"SH","BTT27","BTT",27,27,NA,"2025-11-22","2025-11-27",5,"pear",0,0,0,0,0,1,NA
NA,2025,2025-11-26,NA,3,1,96,"SH","BTT28","BTT",28,28,NA,"2025-11-22","2025-11-27",5,"pear",0,0,0,0,0,1,NA
NA,2025,2025-11-26,NA,3,1,96,"SH","BTT29","BTT",29,29,NA,"2025-11-22","2025-11-27",5,"pear",0,0,0,0,0,1,NA
NA,2025,2025-11-26,NA,3,1,96,"SH","BTT30","BTT",30,30,NA,"2025-11-22","2025-11-27",5,"pear",0,0,0,0,0,1,NA
NA,2025,2025-11-26,NA,3,1,96,"SH","BTT31","BTT",31,31,NA,"2025-11-22","2025-11-27",5,"pear",0,0,0,0,0,1,NA
NA,2025,2025-11-26,NA,3,1,96,"SH","BTT32","BTT",32,32,NA,"2025-11-22","2025-11-27",5,"pear",0,0,0,0,0,1,NA
NA,2025,2025-11-26,NA,3,1,96,"SH","BTT33","BTT",33,33,NA,"2025-11-22","2025-11-27",5,"pear",0,0,0,0,0,1,NA
NA,2025,2025-11-26,NA,3,1,96,"SH","BTT34","BTT",34,34,NA,"2025-11-22","2025-11-27",5,"pear",0,0,0,0,0,1,NA
NA,2025,2025-11-26,NA,3,1,96,"SH","BTT35","BTT",35,35,NA,"2025-11-22","2025-11-27",5,"pear",0,0,0,0,0,1,NA
NA,2025,2025-11-26,NA,3,1,96,"SH","BTT36","BTT",36,36,NA,"2025-11-22","2025-11-27",5,"pear",0,0,0,0,0,1,NA
NA,2025,2025-11-26,NA,3,1,96,"SH","BTT37","BTT",37,37,NA,"2025-11-22","2025-11-27",5,"pear",0,0,0,0,0,1,NA
NA,2025,2025-11-26,NA,3,1,96,"SH","BTT38","BTT",38,38,NA,"2025-11-22","2025-11-27",5,"pear",0,0,0,0,0,1,NA
NA,2025,2025-11-26,NA,3,1,96,"SH","BTT39","BTT",39,39,NA,"2025-11-22","2025-11-27",5,"pear",0,0,0,0,0,1,NA
NA,2025,2025-11-26,NA,3,1,96,"SH","BTT40","BTT",40,40,NA,"2025-11-22","2025-11-27",5,"pear",0,0,0,0,0,1,NA
NA,2025,2025-11-26,NA,3,1,96,"SH","STT01","STT",1,1,NA,"2025-11-22","2025-11-27",5,"pear",0,0,0,0,0,1,NA
NA,2025,2025-11-26,NA,3,1,96,"SH","STT02","STT",2,2,NA,"2025-11-22","2025-11-27",5,"pear",0,0,0,0,0,1,NA
NA,2025,2025-11-26,NA,3,1,96,"SH","STT03","STT",3,3,NA,"2025-11-22","2025-11-27",5,"pear",0,0,0,0,0,1,NA
NA,2025,2025-11-26,NA,3,1,96,"SH","STT04","STT",4,4,NA,"2025-11-22","2025-11-27",5,"pear",0,0,0,0,0,1,NA
NA,2025,2025-11-26,NA,3,1,96,"SH","STT05","STT",5,5,NA,"2025-11-22","2025-11-27",5,"pear",0,0,0,0,0,1,NA
NA,2025,2025-11-26,NA,3,1,96,"SH","STT06","STT",6,6,NA,"2025-11-22","2025-11-27",5,"pear",0,0,0,0,0,1,NA
NA,2025,2025-11-26,NA,3,1,96,"SH","STT07","STT",7,7,NA,"2025-11-22","2025-11-27",5,"pear",0,1,0,0,0,0,NA
NA,2025,2025-11-26,NA,3,1,96,"SH","STT08","STT",8,8,NA,"2025-11-22","2025-11-27",5,"pear",0,1,0,0,0,0,NA
NA,2025,2025-11-26,NA,3,1,96,"SH","STT09","STT",9,9,NA,"2025-11-22","2025-11-27",5,"pear",0,0,0,0,0,1,NA
NA,2025,2025-11-26,NA,3,1,96,"SH","STT10","STT",10,10,NA,"2025-11-22","2025-11-27",5,"pear",0,1,0,0,0,0,NA
NA,2025,2025-11-26,NA,3,1,96,"SH","STT11","STT",11,11,NA,"2025-11-22","2025-11-27",5,"pear",0,0,0,0,0,1,NA
NA,2025,2025-11-26,NA,3,1,96,"SH","STT12","STT",12,12,NA,"2025-11-22","2025-11-27",5,"pear",0,0,0,0,0,1,NA
NA,2025,2025-11-26,NA,3,1,96,"SH","STT13","STT",13,13,NA,"2025-11-22","2025-11-27",5,"pear",0,0,0,0,0,1,NA
NA,2025,2025-11-26,NA,3,1,96,"SH","STT14","STT",14,14,NA,"2025-11-22","2025-11-27",5,"pear",0,0,0,0,0,1,NA
NA,2025,2025-11-26,NA,3,1,96,"SH","STT15","STT",15,15,NA,"2025-11-22","2025-11-27",5,"pear",0,0,0,0,0,1,NA
NA,2025,2025-11-26,NA,3,1,96,"SH","STT16","STT",16,16,NA,"2025-11-22","2025-11-27",5,"pear",0,0,0,0,0,1,NA
NA,2025,2025-11-26,NA,3,1,96,"SH","STT17","STT",17,17,NA,"2025-11-22","2025-11-27",5,"pear",0,1,0,0,0,0,NA
NA,2025,2025-11-26,NA,3,1,96,"SH","STT18","STT",18,18,NA,"2025-11-22","2025-11-27",5,"pear",0,0,0,0,0,1,NA
NA,2025,2025-11-26,NA,3,1,96,"SH","STT19","STT",19,19,NA,"2025-11-22","2025-11-27",5,"pear",0,0,0,0,0,1,NA
NA,2025,2025-11-26,NA,3,1,96,"SH","STT20","STT",20,20,NA,"2025-11-22","2025-11-27",5,"pear",0,0,0,0,0,1,NA
NA,2025,2025-11-26,NA,3,1,96,"SH","STT21","STT",21,21,NA,"2025-11-22","2025-11-27",5,"pear",0,0,0,0,0,1,NA
NA,2025,2025-11-26,NA,3,1,96,"SH","STT22","STT",22,22,NA,"2025-11-22","2025-11-27",5,"pear",0,0,0,0,0,1,NA
NA,2025,2025-11-26,NA,3,1,96,"SH","STT23","STT",23,23,NA,"2025-11-22","2025-11-27",5,"pear",0,0,0,0,0,1,NA
NA,2025,2025-11-26,NA,3,1,96,"SH","STT24","STT",24,24,NA,"2025-11-22","2025-11-27",5,"pear",0,0,0,0,0,1,NA
NA,2025,2025-11-26,NA,3,1,96,"SH","STT25","STT",25,25,NA,"2025-11-22","2025-11-27",5,"pear",0,0,0,0,0,1,NA
NA,2025,2025-11-26,NA,3,1,96,"SH","STT26","STT",26,26,NA,"2025-11-22","2025-11-27",5,"pear",0,0,0,0,0,1,NA
NA,2025,2025-11-26,NA,3,1,96,"SH","STT27","STT",27,27,NA,"2025-11-22","2025-11-27",5,"pear",0,0,0,0,0,1,NA
NA,2025,2025-11-26,NA,3,1,96,"SH","STT28","STT",28,28,NA,"2025-11-22","2025-11-27",5,"pear",0,0,0,0,0,1,NA
NA,2025,2025-11-26,NA,3,1,96,"SH","STT29","STT",29,29,NA,"2025-11-22","2025-11-27",5,"pear",0,0,0,0,0,1,NA
NA,2025,2025-11-26,NA,3,1,96,"SH","STT30","STT",30,30,NA,"2025-11-22","2025-11-27",5,"pear",0,0,0,0,0,1,NA
NA,2025,2025-11-26,NA,3,1,96,"SH","STT31","STT",31,31,NA,"2025-11-22","2025-11-27",5,"pear",0,0,0,0,0,1,NA
NA,2025,2025-11-26,NA,3,1,96,"SH","STT32","STT",32,32,NA,"2025-11-22","2025-11-27",5,"pear",0,0,0,0,0,1,NA
NA,2025,2025-11-26,NA,3,1,96,"SH","STT33","STT",33,33,NA,"2025-11-22","2025-11-27",5,"pear",0,0,1,0,0,0,"probably skink"
NA,2025,2025-11-26,NA,3,1,96,"SH","STT34","STT",34,34,NA,"2025-11-22","2025-11-27",5,"pear",0,0,0,0,0,1,NA
NA,2025,2025-11-26,NA,3,1,96,"SH","STT35","STT",35,35,NA,"2025-11-22","2025-11-27",5,"pear",0,0,0,0,0,1,NA
NA,2025,2025-11-26,NA,3,1,96,"SH","STT36","STT",36,36,NA,"2025-11-22","2025-11-27",5,"pear",0,0,0,0,0,1,NA
NA,2025,2025-11-26,NA,3,1,96,"SH","STT37","STT",37,37,NA,"2025-11-22","2025-11-27",5,"pear",0,0,0,0,0,1,NA
NA,2025,2025-11-26,NA,3,1,96,"SH","STT38","STT",38,38,NA,"2025-11-22","2025-11-27",5,"pear",1,0,0,0,0,0,NA
NA,2025,2025-11-26,NA,3,1,96,"SH","STT39","STT",39,39,NA,"2025-11-22","2025-11-27",5,"pear",0,0,0,0,0,1,NA
NA,2025,2025-11-26,NA,3,1,96,"SH","STT40","STT",40,40,NA,"2025-11-22","2025-11-27",5,"pear",0,0,0,0,0,1,NA
NA,2026,2025-11-18,NA,3,1,88,"TH","BTT01","BTT",1,41,NA,"2025-11-12","2025-11-19",7,"pear",0,0,0,0,0,1,NA
NA,2026,2025-11-18,NA,3,1,88,"TH","BTT02","BTT",2,42,NA,"2025-11-12","2025-11-19",7,"pear",0,0,0,0,0,1,NA
NA,2026,2025-11-18,NA,3,1,88,"TH","BTT03","BTT",3,43,NA,"2025-11-12","2025-11-19",7,"pear",0,0,0,0,0,1,NA
NA,2026,2025-11-18,NA,3,1,88,"TH","BTT04","BTT",4,44,NA,"2025-11-12","2025-11-19",7,"pear",0,0,0,0,0,1,NA
NA,2026,2025-11-18,NA,3,1,88,"TH","BTT05","BTT",5,45,NA,"2025-11-12","2025-11-19",7,"pear",0,1,0,0,0,0,NA
NA,2026,2025-11-18,NA,3,1,88,"TH","BTT06","BTT",6,46,NA,"2025-11-12","2025-11-19",7,"pear",0,0,0,0,0,1,NA
NA,2026,2025-11-18,NA,3,1,88,"TH","BTT07","BTT",7,47,NA,"2025-11-12","2025-11-19",7,"pear",1,0,0,0,0,0,NA
NA,2026,2025-11-18,NA,3,1,88,"TH","BTT08","BTT",8,48,NA,"2025-11-12","2025-11-19",7,"pear",0,0,0,0,0,1,NA
NA,2026,2025-11-18,NA,3,1,88,"TH","BTT09","BTT",9,49,NA,"2025-11-12","2025-11-19",7,"pear",0,0,0,0,0,1,NA
NA,2026,2025-11-18,NA,3,1,88,"TH","BTT10","BTT",10,50,NA,"2025-11-12","2025-11-19",7,"pear",0,0,0,0,0,1,NA
NA,2026,2025-11-18,NA,3,1,88,"TH","BTT11","BTT",11,51,NA,"2025-11-12","2025-11-19",7,"pear",0,0,0,0,0,1,NA
NA,2026,2025-11-18,NA,3,1,88,"TH","BTT12","BTT",12,52,NA,"2025-11-12","2025-11-19",7,"pear",0,0,0,0,0,1,NA
NA,2026,2025-11-18,NA,3,1,88,"TH","BTT13","BTT",13,53,NA,"2025-11-12","2025-11-19",7,"pear",0,0,0,0,0,1,NA
NA,2026,2025-11-18,NA,3,1,88,"TH","BTT14","BTT",14,54,NA,"2025-11-12","2025-11-19",7,"pear",0,0,0,0,0,1,NA
NA,2026,2025-11-18,NA,3,1,88,"TH","BTT15","BTT",15,55,NA,"2025-11-12","2025-11-19",7,"pear",0,0,0,0,0,1,NA
NA,2026,2025-11-18,NA,3,1,88,"TH","BTT16","BTT",16,56,NA,"2025-11-12","2025-11-19",7,"pear",0,0,0,0,0,1,NA
NA,2026,2025-11-18,NA,3,1,88,"TH","BTT17","BTT",17,57,NA,"2025-11-12","2025-11-19",7,"pear",0,0,0,0,0,1,NA
NA,2026,2025-11-18,NA,3,1,88,"TH","BTT18","BTT",18,58,NA,"2025-11-12","2025-11-19",7,"pear",0,0,0,0,0,1,NA
NA,2026,2025-11-18,NA,3,1,88,"TH","BTT19","BTT",19,59,NA,"2025-11-12","2025-11-19",7,"pear",0,0,0,0,0,1,NA
NA,2026,2025-11-18,NA,3,1,88,"TH","BTT20","BTT",20,60,NA,"2025-11-12","2025-11-19",7,"pear",0,0,0,0,0,1,NA
NA,2026,2025-11-18,NA,3,1,88,"TH","BTT21","BTT",21,61,NA,"2025-11-12","2025-11-19",7,"pear",0,0,0,0,0,1,NA
NA,2026,2025-11-18,NA,3,1,88,"TH","BTT22","BTT",22,62,NA,"2025-11-12","2025-11-19",7,"pear",0,0,0,0,0,1,NA
NA,2026,2025-11-18,NA,3,1,88,"TH","BTT23","BTT",23,63,NA,"2025-11-12","2025-11-19",7,"pear",0,0,0,0,0,1,NA
NA,2026,2025-11-18,NA,3,1,88,"TH","BTT24","BTT",24,64,NA,"2025-11-12","2025-11-19",7,"pear",0,0,0,0,0,1,NA
NA,2026,2025-11-18,NA,3,1,88,"TH","BTT25","BTT",25,65,NA,"2025-11-12","2025-11-19",7,"pear",0,0,0,0,0,1,NA
NA,2026,2025-11-18,NA,3,1,88,"TH","BTT26","BTT",26,66,NA,"2025-11-12","2025-11-19",7,"pear",0,0,0,0,0,1,NA
NA,2026,2025-11-18,NA,3,1,88,"TH","BTT27","BTT",27,67,NA,"2025-11-12","2025-11-19",7,"pear",0,0,0,0,0,1,NA
NA,2026,2025-11-18,NA,3,1,88,"TH","BTT28","BTT",28,68,NA,"2025-11-12","2025-11-19",7,"pear",0,0,0,0,0,1,NA
NA,2026,2025-11-18,NA,3,1,88,"TH","BTT29","BTT",29,69,NA,"2025-11-12","2025-11-19",7,"pear",0,0,0,0,0,1,NA
NA,2026,2025-11-18,NA,3,1,88,"TH","BTT30","BTT",30,70,NA,"2025-11-12","2025-11-19",7,"pear",0,0,0,0,0,1,NA
NA,2026,2025-11-18,NA,3,1,88,"TH","BTT31","BTT",31,71,NA,"2025-11-12","2025-11-19",7,"pear",0,0,0,0,0,1,NA
NA,2026,2025-11-18,NA,3,1,88,"TH","BTT32","BTT",32,72,NA,"2025-11-12","2025-11-19",7,"pear",0,0,0,0,0,1,NA
NA,2026,2025-11-18,NA,3,1,88,"TH","BTT33","BTT",33,73,NA,"2025-11-12","2025-11-19",7,"pear",0,0,0,0,0,1,NA
NA,2026,2025-11-18,NA,3,1,88,"TH","BTT34","BTT",34,74,NA,"2025-11-12","2025-11-19",7,"pear",0,0,0,0,0,1,NA
NA,2026,2025-11-18,NA,3,1,88,"TH","BTT35","BTT",35,75,NA,"2025-11-12","2025-11-19",7,"pear",0,0,0,0,0,1,NA
NA,2026,2025-11-18,NA,3,1,88,"TH","BTT36","BTT",36,76,NA,"2025-11-12","2025-11-19",7,"pear",0,0,0,0,0,1,NA
NA,2026,2025-11-18,NA,3,1,88,"TH","BTT37","BTT",37,77,NA,"2025-11-12","2025-11-19",7,"pear",0,0,0,0,0,1,NA
NA,2026,2025-11-18,NA,3,1,88,"TH","BTT38","BTT",38,78,NA,"2025-11-12","2025-11-19",7,"pear",0,0,0,0,0,1,NA
NA,2026,2025-11-18,NA,3,1,88,"TH","BTT39","BTT",39,79,NA,"2025-11-12","2025-11-19",7,"pear",0,1,0,0,0,0,NA
NA,2026,2025-11-18,NA,3,1,88,"TH","BTT40","BTT",40,80,NA,"2025-11-12","2025-11-19",7,"pear",1,0,0,0,0,0,NA
NA,2026,2025-11-18,NA,3,1,88,"TH","STT01","STT",1,41,NA,"2025-11-12","2025-11-19",7,"pear",0,0,0,0,0,1,NA
NA,2026,2025-11-18,NA,3,1,88,"TH","STT02","STT",2,42,NA,"2025-11-12","2025-11-19",7,"pear",0,0,0,0,0,1,NA
NA,2026,2025-11-18,NA,3,1,88,"TH","STT03","STT",3,43,NA,"2025-11-12","2025-11-19",7,"pear",0,1,0,0,0,0,NA
NA,2026,2025-11-18,NA,3,1,88,"TH","STT04","STT",4,44,NA,"2025-11-12","2025-11-19",7,"pear",0,0,0,0,0,1,NA
NA,2026,2025-11-18,NA,3,1,88,"TH","STT05","STT",5,45,NA,"2025-11-12","2025-11-19",7,"pear",0,1,0,0,0,0,NA
NA,2026,2025-11-18,NA,3,1,88,"TH","STT06","STT",6,46,NA,"2025-11-12","2025-11-19",7,"pear",0,0,0,0,0,1,NA
NA,2026,2025-11-18,NA,3,1,88,"TH","STT07","STT",7,47,NA,"2025-11-12","2025-11-19",7,"pear",0,0,0,0,0,1,NA
NA,2026,2025-11-18,NA,3,1,88,"TH","STT08","STT",8,48,NA,"2025-11-12","2025-11-19",7,"pear",0,0,0,0,0,1,NA
NA,2026,2025-11-18,NA,3,1,88,"TH","STT09","STT",9,49,NA,"2025-11-12","2025-11-19",7,"pear",0,0,0,0,0,1,NA
NA,2026,2025-11-18,NA,3,1,88,"TH","STT10","STT",10,50,NA,"2025-11-12","2025-11-19",7,"pear",0,0,0,0,0,1,NA
NA,2026,2025-11-18,NA,3,1,88,"TH","STT11","STT",11,51,NA,"2025-11-12","2025-11-19",7,"pear",0,0,0,0,0,1,NA
NA,2026,2025-11-18,NA,3,1,88,"TH","STT12","STT",12,52,NA,"2025-11-12","2025-11-19",7,"pear",0,0,0,0,0,1,NA
NA,2026,2025-11-18,NA,3,1,88,"TH","STT13","STT",13,53,NA,"2025-11-12","2025-11-19",7,"pear",0,0,0,0,0,1,NA
NA,2026,2025-11-18,NA,3,1,88,"TH","STT14","STT",14,54,NA,"2025-11-12","2025-11-19",7,"pear",0,0,0,0,0,1,NA
NA,2026,2025-11-18,NA,3,1,88,"TH","STT15","STT",15,55,NA,"2025-11-12","2025-11-19",7,"pear",0,0,0,0,0,1,NA
NA,2026,2025-11-18,NA,3,1,88,"TH","STT16","STT",16,56,NA,"2025-11-12","2025-11-19",7,"pear",0,0,0,0,0,1,NA
NA,2026,2025-11-18,NA,3,1,88,"TH","STT17","STT",17,57,NA,"2025-11-12","2025-11-19",7,"pear",0,0,0,0,0,1,NA
NA,2026,2025-11-18,NA,3,1,88,"TH","STT18","STT",18,58,NA,"2025-11-12","2025-11-19",7,"pear",0,0,0,0,0,1,NA
NA,2026,2025-11-18,NA,3,1,88,"TH","STT19","STT",19,59,NA,"2025-11-12","2025-11-19",7,"pear",0,0,0,0,0,1,NA
NA,2026,2025-11-18,NA,3,1,88,"TH","STT20","STT",20,60,NA,"2025-11-12","2025-11-19",7,"pear",0,0,0,0,0,1,NA
NA,2026,2025-11-18,NA,3,1,88,"TH","STT21","STT",21,61,NA,"2025-11-12","2025-11-19",7,"pear",0,0,0,0,0,1,NA
NA,2026,2025-11-18,NA,3,1,88,"TH","STT22","STT",22,62,NA,"2025-11-12","2025-11-19",7,"pear",0,0,0,0,0,1,NA
NA,2026,2025-11-18,NA,3,1,88,"TH","STT23","STT",23,63,NA,"2025-11-12","2025-11-19",7,"pear",0,0,0,0,0,1,NA
NA,2026,2025-11-18,NA,3,1,88,"TH","STT24","STT",24,64,NA,"2025-11-12","2025-11-19",7,"pear",0,0,0,0,0,1,NA
NA,2026,2025-11-18,NA,3,1,88,"TH","STT25","STT",25,65,NA,"2025-11-12","2025-11-19",7,"pear",0,0,0,0,0,1,NA
NA,2026,2025-11-18,NA,3,1,88,"TH","STT26","STT",26,66,NA,"2025-11-12","2025-11-19",7,"pear",0,0,0,0,0,1,NA
NA,2026,2025-11-18,NA,3,1,88,"TH","STT27","STT",27,67,NA,"2025-11-12","2025-11-19",7,"pear",0,0,0,0,0,1,NA
NA,2026,2025-11-18,NA,3,1,88,"TH","STT28","STT",28,68,NA,"2025-11-12","2025-11-19",7,"pear",0,0,0,0,0,1,NA
NA,2026,2025-11-18,NA,3,1,88,"TH","STT29","STT",29,69,NA,"2025-11-12","2025-11-19",7,"pear",0,0,0,0,0,1,NA
NA,2026,2025-11-18,NA,3,1,88,"TH","STT30","STT",30,70,NA,"2025-11-12","2025-11-19",7,"pear",0,0,0,0,0,1,NA
NA,2026,2025-11-18,NA,3,1,88,"TH","STT31","STT",31,71,NA,"2025-11-12","2025-11-19",7,"pear",0,0,0,0,0,1,NA
NA,2026,2025-11-18,NA,3,1,88,"TH","STT32","STT",32,72,NA,"2025-11-12","2025-11-19",7,"pear",0,0,0,0,0,1,NA
NA,2026,2025-11-18,NA,3,1,88,"TH","STT33","STT",33,73,NA,"2025-11-12","2025-11-19",7,"pear",0,0,0,0,0,1,NA
NA,2026,2025-11-18,NA,3,1,88,"TH","STT34","STT",34,74,NA,"2025-11-12","2025-11-19",7,"pear",0,0,0,0,0,1,NA
NA,2026,2025-11-18,NA,3,1,88,"TH","STT35","STT",35,75,NA,"2025-11-12","2025-11-19",7,"pear",0,0,0,0,0,1,NA
NA,2026,2025-11-18,NA,3,1,88,"TH","STT36","STT",36,76,NA,"2025-11-12","2025-11-19",7,"pear",0,0,0,0,0,1,NA
NA,2026,2025-11-18,NA,3,1,88,"TH","STT37","STT",37,77,NA,"2025-11-12","2025-11-19",7,"pear",0,0,0,0,0,1,NA
NA,2026,2025-11-18,NA,3,1,88,"TH","STT38","STT",38,78,NA,"2025-11-12","2025-11-19",7,"pear",0,0,0,0,0,1,NA
NA,2026,2025-11-18,NA,3,1,88,"TH","STT39","STT",39,79,NA,"2025-11-12","2025-11-19",7,"pear",0,0,0,0,0,1,NA
NA,2026,2025-11-18,NA,3,1,88,"TH","STT40","STT",40,80,NA,"2025-11-12","2025-11-19",7,"pear",0,0,0,0,0,1,NA
NA,2026,2026-02-13,NA,3.5,1,175,"SH","BTT01","BTT",1,1,NA,"2025-11-22","2026-02-14",84,"lolli",0,1,0,0,0,0,NA
NA,2026,2026-02-13,NA,3.5,1,175,"SH","BTT02","BTT",2,2,NA,"2025-11-22","2026-02-14",84,"lolli",0,0,0,0,0,1,NA
NA,2026,2026-02-13,NA,3.5,1,175,"SH","BTT03","BTT",3,3,NA,"2025-11-22","2026-02-14",84,"lolli",0,0,0,0,0,1,NA
NA,2026,2026-02-13,NA,3.5,1,175,"SH","BTT04","BTT",4,4,NA,"2025-11-22","2026-02-14",84,"lolli",0,1,0,0,0,0,NA
NA,2026,2026-02-13,NA,3.5,1,175,"SH","BTT05","BTT",5,5,NA,"2025-11-22","2026-02-14",84,"lolli",0,1,0,0,0,0,NA
NA,2026,2026-02-13,NA,3.5,1,175,"SH","BTT06","BTT",6,6,NA,"2025-11-22","2026-02-14",84,"lolli",0,0,0,0,0,1,NA
NA,2026,2026-02-13,NA,3.5,1,175,"SH","BTT07","BTT",7,7,NA,"2025-11-22","2026-02-14",84,"lolli",0,1,0,0,0,0,NA
NA,2026,2026-02-13,NA,3.5,1,175,"SH","BTT08","BTT",8,8,NA,"2025-11-22","2026-02-14",84,"lolli",0,0,0,0,0,1,NA
NA,2026,2026-02-13,NA,3.5,1,175,"SH","BTT09","BTT",9,9,NA,"2025-11-22","2026-02-14",84,"lolli",0,1,0,0,0,0,NA
NA,2026,2026-02-13,NA,3.5,1,175,"SH","BTT10","BTT",10,10,NA,"2025-11-22","2026-02-14",84,"lolli",0,1,0,0,0,0,NA
NA,2026,2026-02-13,NA,3.5,1,175,"SH","BTT11","BTT",11,11,NA,"2025-11-22","2026-02-14",84,"lolli",0,0,0,0,0,1,NA
NA,2026,2026-02-13,NA,3.5,1,175,"SH","BTT12","BTT",12,12,NA,"2025-11-22","2026-02-14",84,"lolli",0,0,0,0,0,1,NA
NA,2026,2026-02-13,NA,3.5,1,175,"SH","BTT13","BTT",13,13,NA,"2025-11-22","2026-02-14",84,"lolli",0,1,0,0,0,0,NA
NA,2026,2026-02-13,NA,3.5,1,175,"SH","BTT14","BTT",14,14,NA,"2025-11-22","2026-02-14",84,"lolli",0,1,0,0,0,0,NA
NA,2026,2026-02-13,NA,3.5,1,175,"SH","BTT15","BTT",15,15,NA,"2025-11-22","2026-02-14",84,"lolli",0,1,0,0,0,0,NA
NA,2026,2026-02-13,NA,3.5,1,175,"SH","BTT16","BTT",16,16,NA,"2025-11-22","2026-02-14",84,"lolli",0,0,0,0,0,1,NA
NA,2026,2026-02-13,NA,3.5,1,175,"SH","BTT17","BTT",17,17,NA,"2025-11-22","2026-02-14",84,"lolli",0,1,0,0,0,0,NA
NA,2026,2026-02-13,NA,3.5,1,175,"SH","BTT18","BTT",18,18,NA,"2025-11-22","2026-02-14",84,"lolli",0,0,0,0,0,1,NA
NA,2026,2026-02-13,NA,3.5,1,175,"SH","BTT19","BTT",19,19,NA,"2025-11-22","2026-02-14",84,"lolli",0,0,0,0,0,1,NA
NA,2026,2026-02-13,NA,3.5,1,175,"SH","BTT20","BTT",20,20,NA,"2025-11-22","2026-02-14",84,"lolli",0,0,0,0,0,1,NA
NA,2026,2026-02-13,NA,3.5,1,175,"SH","BTT21","BTT",21,21,NA,"2025-11-22","2026-02-14",84,"lolli",0,0,0,0,0,1,NA
NA,2026,2026-02-13,NA,3.5,1,175,"SH","BTT22","BTT",22,22,NA,"2025-11-22","2026-02-14",84,"lolli",0,0,0,0,0,1,NA
NA,2026,2026-02-13,NA,3.5,1,175,"SH","BTT23","BTT",23,23,NA,"2025-11-22","2026-02-14",84,"lolli",0,0,0,0,0,1,NA
NA,2026,2026-02-13,NA,3.5,1,175,"SH","BTT24","BTT",24,24,NA,"2025-11-22","2026-02-14",84,"lolli",0,0,0,0,0,1,NA
NA,2026,2026-02-13,NA,3.5,1,175,"SH","BTT25","BTT",25,25,NA,"2025-11-22","2026-02-14",84,"lolli",0,0,0,0,0,1,NA
NA,2026,2026-02-13,NA,3.5,1,175,"SH","BTT26","BTT",26,26,NA,"2025-11-22","2026-02-14",84,"lolli",0,0,0,0,0,1,NA
NA,2026,2026-02-13,NA,3.5,1,175,"SH","BTT27","BTT",27,27,NA,"2025-11-22","2026-02-14",84,"lolli",0,0,0,0,0,1,NA
NA,2026,2026-02-13,NA,3.5,1,175,"SH","BTT28","BTT",28,28,NA,"2025-11-22","2026-02-14",84,"lolli",0,0,0,0,0,1,NA
NA,2026,2026-02-13,NA,3.5,1,175,"SH","BTT29","BTT",29,29,NA,"2025-11-22","2026-02-14",84,"lolli",0,1,0,0,0,0,NA
NA,2026,2026-02-13,NA,3.5,1,175,"SH","BTT30","BTT",30,30,NA,"2025-11-22","2026-02-14",84,"lolli",0,0,1,0,0,0,"probably skink"
NA,2026,2026-02-13,NA,3.5,1,175,"SH","BTT31","BTT",31,31,NA,"2025-11-22","2026-02-14",84,"lolli",0,1,0,0,0,0,NA
NA,2026,2026-02-13,NA,3.5,1,175,"SH","BTT32","BTT",32,32,NA,"2025-11-22","2026-02-14",84,"lolli",0,0,0,0,0,1,NA
NA,2026,2026-02-13,NA,3.5,1,175,"SH","BTT33","BTT",33,33,NA,"2025-11-22","2026-02-14",84,"lolli",0,0,0,0,0,1,NA
NA,2026,2026-02-13,NA,3.5,1,175,"SH","BTT34","BTT",34,34,NA,"2025-11-22","2026-02-14",84,"lolli",0,0,0,0,0,1,NA
NA,2026,2026-02-13,NA,3.5,1,175,"SH","BTT35","BTT",35,35,NA,"2025-11-22","2026-02-14",84,"lolli",0,0,0,0,0,1,NA
NA,2026,2026-02-13,NA,3.5,1,175,"SH","BTT36","BTT",36,36,NA,"2025-11-22","2026-02-14",84,"lolli",0,0,0,0,0,1,NA
NA,2026,2026-02-13,NA,3.5,1,175,"SH","BTT37","BTT",37,37,NA,"2025-11-22","2026-02-14",84,"lolli",0,0,0,0,0,1,NA
NA,2026,2026-02-13,NA,3.5,1,175,"SH","BTT38","BTT",38,38,NA,"2025-11-22","2026-02-14",84,"lolli",1,1,0,0,0,0,NA
NA,2026,2026-02-13,NA,3.5,1,175,"SH","BTT39","BTT",39,39,NA,"2025-11-22","2026-02-14",84,"lolli",NA,NA,NA,NA,NA,NA,"TTcard lost"
NA,2026,2026-02-13,NA,3.5,1,175,"SH","BTT40","BTT",40,40,NA,"2025-11-22","2026-02-14",84,"lolli",0,0,0,0,0,1,NA
NA,2026,2026-02-13,NA,3.5,1,175,"SH","STT01","STT",1,1,NA,"2025-11-22","2026-02-14",84,"lolli",0,0,0,0,0,1,NA
NA,2026,2026-02-13,NA,3.5,1,175,"SH","STT02","STT",2,2,NA,"2025-11-22","2026-02-14",84,"lolli",0,1,0,0,0,0,NA
NA,2026,2026-02-13,NA,3.5,1,175,"SH","STT03","STT",3,3,NA,"2025-11-22","2026-02-14",84,"lolli",0,0,0,0,0,1,NA
NA,2026,2026-02-13,NA,3.5,1,175,"SH","STT04","STT",4,4,NA,"2025-11-22","2026-02-14",84,"lolli",0,0,0,0,0,1,NA
NA,2026,2026-02-13,NA,3.5,1,175,"SH","STT05","STT",5,5,NA,"2025-11-22","2026-02-14",84,"lolli",0,0,0,0,0,1,NA
NA,2026,2026-02-13,NA,3.5,1,175,"SH","STT06","STT",6,6,NA,"2025-11-22","2026-02-14",84,"lolli",0,0,0,0,0,1,NA
NA,2026,2026-02-13,NA,3.5,1,175,"SH","STT07","STT",7,7,NA,"2025-11-22","2026-02-14",84,"lolli",0,1,0,0,0,0,NA
NA,2026,2026-02-13,NA,3.5,1,175,"SH","STT08","STT",8,8,NA,"2025-11-22","2026-02-14",84,"lolli",0,1,0,0,0,0,NA
NA,2026,2026-02-13,NA,3.5,1,175,"SH","STT09","STT",9,9,NA,"2025-11-22","2026-02-14",84,"lolli",0,1,0,0,0,0,NA
NA,2026,2026-02-13,NA,3.5,1,175,"SH","STT10","STT",10,10,NA,"2025-11-22","2026-02-14",84,"lolli",0,1,0,0,0,0,NA
NA,2026,2026-02-13,NA,3.5,1,175,"SH","STT11","STT",11,11,NA,"2025-11-22","2026-02-14",84,"lolli",0,0,0,0,0,1,NA
NA,2026,2026-02-13,NA,3.5,1,175,"SH","STT12","STT",12,12,NA,"2025-11-22","2026-02-14",84,"lolli",0,1,0,0,0,0,NA
NA,2026,2026-02-13,NA,3.5,1,175,"SH","STT13","STT",13,13,NA,"2025-11-22","2026-02-14",84,"lolli",0,0,0,0,0,1,NA
NA,2026,2026-02-13,NA,3.5,1,175,"SH","STT14","STT",14,14,NA,"2025-11-22","2026-02-14",84,"lolli",0,0,0,0,0,1,NA
NA,2026,2026-02-13,NA,3.5,1,175,"SH","STT15","STT",15,15,NA,"2025-11-22","2026-02-14",84,"lolli",0,0,0,0,0,1,NA
NA,2026,2026-02-13,NA,3.5,1,175,"SH","STT16","STT",16,16,NA,"2025-11-22","2026-02-14",84,"lolli",0,0,0,0,0,1,NA
NA,2026,2026-02-13,NA,3.5,1,175,"SH","STT17","STT",17,17,NA,"2025-11-22","2026-02-14",84,"lolli",0,1,0,0,0,0,NA
NA,2026,2026-02-13,NA,3.5,1,175,"SH","STT18","STT",18,18,NA,"2025-11-22","2026-02-14",84,"lolli",0,0,0,0,0,1,NA
NA,2026,2026-02-13,NA,3.5,1,175,"SH","STT19","STT",19,19,NA,"2025-11-22","2026-02-14",84,"lolli",0,0,0,0,0,1,NA
NA,2026,2026-02-13,NA,3.5,1,175,"SH","STT20","STT",20,20,NA,"2025-11-22","2026-02-14",84,"lolli",0,1,0,0,0,0,NA
NA,2026,2026-02-13,NA,3.5,1,175,"SH","STT21","STT",21,21,NA,"2025-11-22","2026-02-14",84,"lolli",0,0,0,0,0,1,NA
NA,2026,2026-02-13,NA,3.5,1,175,"SH","STT22","STT",22,22,NA,"2025-11-22","2026-02-14",84,"lolli",0,0,0,0,0,1,NA
NA,2026,2026-02-13,NA,3.5,1,175,"SH","STT23","STT",23,23,NA,"2025-11-22","2026-02-14",84,"lolli",0,0,0,0,0,1,NA
NA,2026,2026-02-13,NA,3.5,1,175,"SH","STT24","STT",24,24,NA,"2025-11-22","2026-02-14",84,"lolli",0,0,0,0,0,1,NA
NA,2026,2026-02-13,NA,3.5,1,175,"SH","STT25","STT",25,25,NA,"2025-11-22","2026-02-14",84,"lolli",0,0,0,0,0,1,NA
NA,2026,2026-02-13,NA,3.5,1,175,"SH","STT26","STT",26,26,NA,"2025-11-22","2026-02-14",84,"lolli",0,0,0,0,0,1,NA
NA,2026,2026-02-13,NA,3.5,1,175,"SH","STT27","STT",27,27,NA,"2025-11-22","2026-02-14",84,"lolli",0,0,0,0,0,1,NA
NA,2026,2026-02-13,NA,3.5,1,175,"SH","STT28","STT",28,28,NA,"2025-11-22","2026-02-14",84,"lolli",0,0,0,0,0,1,NA
NA,2026,2026-02-13,NA,3.5,1,175,"SH","STT29","STT",29,29,NA,"2025-11-22","2026-02-14",84,"lolli",0,0,0,0,0,1,NA
NA,2026,2026-02-13,NA,3.5,1,175,"SH","STT30","STT",30,30,NA,"2025-11-22","2026-02-14",84,"lolli",0,0,0,0,0,1,NA
NA,2026,2026-02-13,NA,3.5,1,175,"SH","STT31","STT",31,31,NA,"2025-11-22","2026-02-14",84,"lolli",0,0,0,0,0,1,NA
NA,2026,2026-02-13,NA,3.5,1,175,"SH","STT32","STT",32,32,NA,"2025-11-22","2026-02-14",84,"lolli",0,0,0,0,0,1,NA
NA,2026,2026-02-13,NA,3.5,1,175,"SH","STT33","STT",33,33,NA,"2025-11-22","2026-02-14",84,"lolli",0,1,0,0,0,0,NA
NA,2026,2026-02-13,NA,3.5,1,175,"SH","STT34","STT",34,34,NA,"2025-11-22","2026-02-14",84,"lolli",0,0,0,0,0,1,NA
NA,2026,2026-02-13,NA,3.5,1,175,"SH","STT35","STT",35,35,NA,"2025-11-22","2026-02-14",84,"lolli",0,0,0,0,0,1,NA
NA,2026,2026-02-13,NA,3.5,1,175,"SH","STT36","STT",36,36,NA,"2025-11-22","2026-02-14",84,"lolli",0,0,0,0,0,1,NA
NA,2026,2026-02-13,NA,3.5,1,175,"SH","STT37","STT",37,37,NA,"2025-11-22","2026-02-14",84,"lolli",0,0,0,0,0,1,NA
NA,2026,2026-02-13,NA,3.5,1,175,"SH","STT38","STT",38,38,NA,"2025-11-22","2026-02-14",84,"lolli",0,1,0,0,0,0,NA
NA,2026,2026-02-13,NA,3.5,1,175,"SH","STT39","STT",39,39,NA,"2025-11-22","2026-02-14",84,"lolli",0,0,0,0,0,1,NA
NA,2026,2026-02-13,NA,3.5,1,175,"SH","STT40","STT",40,40,NA,"2025-11-22","2026-02-14",84,"lolli",0,0,0,0,0,1,NA
NA,2026,2026-02-17,NA,4,1,179,"SH","BTT01","BTT",1,1,NA,"2026-02-14","2026-02-18",4,"pear",0,0,0,0,0,1,NA
NA,2026,2026-02-17,NA,4,1,179,"SH","BTT02","BTT",2,2,NA,"2026-02-14","2026-02-18",4,"pear",0,0,0,0,0,1,NA
NA,2026,2026-02-17,NA,4,1,179,"SH","BTT03","BTT",3,3,NA,"2026-02-14","2026-02-18",4,"pear",0,0,0,0,0,1,NA
NA,2026,2026-02-17,NA,4,1,179,"SH","BTT04","BTT",4,4,NA,"2026-02-14","2026-02-18",4,"pear",0,0,0,0,0,1,NA
NA,2026,2026-02-17,NA,4,1,179,"SH","BTT05","BTT",5,5,NA,"2026-02-14","2026-02-18",4,"pear",0,0,0,0,0,1,NA
NA,2026,2026-02-17,NA,4,1,179,"SH","BTT06","BTT",6,6,NA,"2026-02-14","2026-02-18",4,"pear",0,0,0,1,0,0,NA
NA,2026,2026-02-17,NA,4,1,179,"SH","BTT07","BTT",7,7,NA,"2026-02-14","2026-02-18",4,"pear",0,0,0,0,0,1,NA
NA,2026,2026-02-17,NA,4,1,179,"SH","BTT08","BTT",8,8,NA,"2026-02-14","2026-02-18",4,"pear",0,0,0,0,0,1,NA
NA,2026,2026-02-17,NA,4,1,179,"SH","BTT09","BTT",9,9,NA,"2026-02-14","2026-02-18",4,"pear",0,0,0,0,0,1,NA
NA,2026,2026-02-17,NA,4,1,179,"SH","BTT10","BTT",10,10,NA,"2026-02-14","2026-02-18",4,"pear",0,0,0,0,0,1,NA
NA,2026,2026-02-17,NA,4,1,179,"SH","BTT11","BTT",11,11,NA,"2026-02-14","2026-02-18",4,"pear",0,0,0,0,0,1,NA
NA,2026,2026-02-17,NA,4,1,179,"SH","BTT12","BTT",12,12,NA,"2026-02-14","2026-02-18",4,"pear",0,1,0,0,0,0,NA
NA,2026,2026-02-17,NA,4,1,179,"SH","BTT13","BTT",13,13,NA,"2026-02-14","2026-02-18",4,"pear",0,1,0,0,0,0,NA
NA,2026,2026-02-17,NA,4,1,179,"SH","BTT14","BTT",14,14,NA,"2026-02-14","2026-02-18",4,"pear",0,0,0,0,0,1,NA
NA,2026,2026-02-17,NA,4,1,179,"SH","BTT15","BTT",15,15,NA,"2026-02-14","2026-02-18",4,"pear",0,1,0,0,0,0,NA
NA,2026,2026-02-17,NA,4,1,179,"SH","BTT16","BTT",16,16,NA,"2026-02-14","2026-02-18",4,"pear",0,0,0,0,0,1,NA
NA,2026,2026-02-17,NA,4,1,179,"SH","BTT17","BTT",17,17,NA,"2026-02-14","2026-02-18",4,"pear",0,1,0,0,0,0,NA
NA,2026,2026-02-17,NA,4,1,179,"SH","BTT18","BTT",18,18,NA,"2026-02-14","2026-02-18",4,"pear",0,0,1,0,0,0,"probably skink"
NA,2026,2026-02-17,NA,4,1,179,"SH","BTT19","BTT",19,19,NA,"2026-02-14","2026-02-18",4,"pear",0,1,0,0,0,0,NA
NA,2026,2026-02-17,NA,4,1,179,"SH","BTT20","BTT",20,20,NA,"2026-02-14","2026-02-18",4,"pear",0,0,0,0,0,1,NA
NA,2026,2026-02-17,NA,4,1,179,"SH","BTT21","BTT",21,21,NA,"2026-02-14","2026-02-18",4,"pear",0,0,0,0,0,1,NA
NA,2026,2026-02-17,NA,4,1,179,"SH","BTT22","BTT",22,22,NA,"2026-02-14","2026-02-18",4,"pear",0,0,0,0,0,1,NA
NA,2026,2026-02-17,NA,4,1,179,"SH","BTT23","BTT",23,23,NA,"2026-02-14","2026-02-18",4,"pear",0,0,0,0,0,1,NA
NA,2026,2026-02-17,NA,4,1,179,"SH","BTT24","BTT",24,24,NA,"2026-02-14","2026-02-18",4,"pear",0,0,0,0,0,1,NA
NA,2026,2026-02-17,NA,4,1,179,"SH","BTT25","BTT",25,25,NA,"2026-02-14","2026-02-18",4,"pear",0,0,0,0,0,1,NA
NA,2026,2026-02-17,NA,4,1,179,"SH","BTT26","BTT",26,26,NA,"2026-02-14","2026-02-18",4,"pear",0,0,0,0,0,1,NA
NA,2026,2026-02-17,NA,4,1,179,"SH","BTT27","BTT",27,27,NA,"2026-02-14","2026-02-18",4,"pear",0,0,0,0,0,1,NA
NA,2026,2026-02-17,NA,4,1,179,"SH","BTT28","BTT",28,28,NA,"2026-02-14","2026-02-18",4,"pear",0,0,0,0,0,1,NA
NA,2026,2026-02-17,NA,4,1,179,"SH","BTT29","BTT",29,29,NA,"2026-02-14","2026-02-18",4,"pear",0,0,0,0,0,1,NA
NA,2026,2026-02-17,NA,4,1,179,"SH","BTT30","BTT",30,30,NA,"2026-02-14","2026-02-18",4,"pear",0,0,0,0,0,1,NA
NA,2026,2026-02-17,NA,4,1,179,"SH","BTT31","BTT",31,31,NA,"2026-02-14","2026-02-18",4,"pear",0,0,0,0,0,1,NA
NA,2026,2026-02-17,NA,4,1,179,"SH","BTT32","BTT",32,32,NA,"2026-02-14","2026-02-18",4,"pear",0,0,0,0,0,1,NA
NA,2026,2026-02-17,NA,4,1,179,"SH","BTT33","BTT",33,33,NA,"2026-02-14","2026-02-18",4,"pear",0,0,0,0,0,1,NA
NA,2026,2026-02-17,NA,4,1,179,"SH","BTT34","BTT",34,34,NA,"2026-02-14","2026-02-18",4,"pear",0,0,0,0,0,1,NA
NA,2026,2026-02-17,NA,4,1,179,"SH","BTT35","BTT",35,35,NA,"2026-02-14","2026-02-18",4,"pear",0,0,0,0,0,1,NA
NA,2026,2026-02-17,NA,4,1,179,"SH","BTT36","BTT",36,36,NA,"2026-02-14","2026-02-18",4,"pear",0,0,0,0,0,1,NA
NA,2026,2026-02-17,NA,4,1,179,"SH","BTT37","BTT",37,37,NA,"2026-02-14","2026-02-18",4,"pear",0,0,0,0,0,1,NA
NA,2026,2026-02-17,NA,4,1,179,"SH","BTT38","BTT",38,38,NA,"2026-02-14","2026-02-18",4,"pear",0,0,0,0,0,1,NA
NA,2026,2026-02-17,NA,4,1,179,"SH","BTT39","BTT",39,39,NA,"2026-02-14","2026-02-18",4,"pear",0,0,0,0,0,1,NA
NA,2026,2026-02-17,NA,4,1,179,"SH","BTT40","BTT",40,40,NA,"2026-02-14","2026-02-18",4,"pear",0,0,0,0,0,1,NA
NA,2026,2026-02-17,NA,4,1,179,"SH","STT01","STT",1,1,NA,"2026-02-14","2026-02-18",4,"pear",0,0,0,0,0,1,NA
NA,2026,2026-02-17,NA,4,1,179,"SH","STT02","STT",2,2,NA,"2026-02-14","2026-02-18",4,"pear",0,1,0,0,0,0,NA
NA,2026,2026-02-17,NA,4,1,179,"SH","STT03","STT",3,3,NA,"2026-02-14","2026-02-18",4,"pear",0,1,0,0,0,0,NA
NA,2026,2026-02-17,NA,4,1,179,"SH","STT04","STT",4,4,NA,"2026-02-14","2026-02-18",4,"pear",0,0,0,0,0,1,NA
NA,2026,2026-02-17,NA,4,1,179,"SH","STT05","STT",5,5,NA,"2026-02-14","2026-02-18",4,"pear",0,0,0,0,0,1,NA
NA,2026,2026-02-17,NA,4,1,179,"SH","STT06","STT",6,6,NA,"2026-02-14","2026-02-18",4,"pear",0,0,0,0,0,1,NA
NA,2026,2026-02-17,NA,4,1,179,"SH","STT07","STT",7,7,NA,"2026-02-14","2026-02-18",4,"pear",0,0,0,0,0,1,NA
NA,2026,2026-02-17,NA,4,1,179,"SH","STT08","STT",8,8,NA,"2026-02-14","2026-02-18",4,"pear",0,0,0,0,0,1,NA
NA,2026,2026-02-17,NA,4,1,179,"SH","STT09","STT",9,9,NA,"2026-02-14","2026-02-18",4,"pear",0,1,0,0,0,0,NA
NA,2026,2026-02-17,NA,4,1,179,"SH","STT10","STT",10,10,NA,"2026-02-14","2026-02-18",4,"pear",0,1,0,0,0,0,NA
NA,2026,2026-02-17,NA,4,1,179,"SH","STT11","STT",11,11,NA,"2026-02-14","2026-02-18",4,"pear",0,0,0,0,0,1,NA
NA,2026,2026-02-17,NA,4,1,179,"SH","STT12","STT",12,12,NA,"2026-02-14","2026-02-18",4,"pear",0,0,0,0,0,1,NA
NA,2026,2026-02-17,NA,4,1,179,"SH","STT13","STT",13,13,NA,"2026-02-14","2026-02-18",4,"pear",0,0,0,0,0,1,NA
NA,2026,2026-02-17,NA,4,1,179,"SH","STT14","STT",14,14,NA,"2026-02-14","2026-02-18",4,"pear",0,0,0,0,0,1,NA
NA,2026,2026-02-17,NA,4,1,179,"SH","STT15","STT",15,15,NA,"2026-02-14","2026-02-18",4,"pear",0,0,0,0,0,1,NA
NA,2026,2026-02-17,NA,4,1,179,"SH","STT16","STT",16,16,NA,"2026-02-14","2026-02-18",4,"pear",0,0,0,0,0,1,NA
NA,2026,2026-02-17,NA,4,1,179,"SH","STT17","STT",17,17,NA,"2026-02-14","2026-02-18",4,"pear",0,1,0,0,0,0,NA
NA,2026,2026-02-17,NA,4,1,179,"SH","STT18","STT",18,18,NA,"2026-02-14","2026-02-18",4,"pear",0,0,0,0,0,1,NA
NA,2026,2026-02-17,NA,4,1,179,"SH","STT19","STT",19,19,NA,"2026-02-14","2026-02-18",4,"pear",0,0,0,0,0,1,NA
NA,2026,2026-02-17,NA,4,1,179,"SH","STT20","STT",20,20,NA,"2026-02-14","2026-02-18",4,"pear",0,1,0,0,0,0,NA
NA,2026,2026-02-17,NA,4,1,179,"SH","STT21","STT",21,21,NA,"2026-02-14","2026-02-18",4,"pear",0,0,0,0,0,1,NA
NA,2026,2026-02-17,NA,4,1,179,"SH","STT22","STT",22,22,NA,"2026-02-14","2026-02-18",4,"pear",0,0,0,0,0,1,NA
NA,2026,2026-02-17,NA,4,1,179,"SH","STT23","STT",23,23,NA,"2026-02-14","2026-02-18",4,"pear",0,0,0,0,0,1,NA
NA,2026,2026-02-17,NA,4,1,179,"SH","STT24","STT",24,24,NA,"2026-02-14","2026-02-18",4,"pear",0,0,0,0,0,1,NA
NA,2026,2026-02-17,NA,4,1,179,"SH","STT25","STT",25,25,NA,"2026-02-14","2026-02-18",4,"pear",0,0,0,0,0,1,NA
NA,2026,2026-02-17,NA,4,1,179,"SH","STT26","STT",26,26,NA,"2026-02-14","2026-02-18",4,"pear",0,0,0,0,0,1,NA
NA,2026,2026-02-17,NA,4,1,179,"SH","STT27","STT",27,27,NA,"2026-02-14","2026-02-18",4,"pear",0,0,0,0,0,1,NA
NA,2026,2026-02-17,NA,4,1,179,"SH","STT28","STT",28,28,NA,"2026-02-14","2026-02-18",4,"pear",0,0,0,0,0,1,NA
NA,2026,2026-02-17,NA,4,1,179,"SH","STT29","STT",29,29,NA,"2026-02-14","2026-02-18",4,"pear",0,0,0,0,0,1,NA
NA,2026,2026-02-17,NA,4,1,179,"SH","STT30","STT",30,30,NA,"2026-02-14","2026-02-18",4,"pear",0,0,0,0,0,1,NA
NA,2026,2026-02-17,NA,4,1,179,"SH","STT31","STT",31,31,NA,"2026-02-14","2026-02-18",4,"pear",0,0,0,0,0,1,NA
NA,2026,2026-02-17,NA,4,1,179,"SH","STT32","STT",32,32,NA,"2026-02-14","2026-02-18",4,"pear",0,0,0,0,0,1,NA
NA,2026,2026-02-17,NA,4,1,179,"SH","STT33","STT",33,33,NA,"2026-02-14","2026-02-18",4,"pear",0,0,0,0,0,1,NA
NA,2026,2026-02-17,NA,4,1,179,"SH","STT34","STT",34,34,NA,"2026-02-14","2026-02-18",4,"pear",0,0,0,0,0,1,NA
NA,2026,2026-02-17,NA,4,1,179,"SH","STT35","STT",35,35,NA,"2026-02-14","2026-02-18",4,"pear",0,0,0,0,0,1,NA
NA,2026,2026-02-17,NA,4,1,179,"SH","STT36","STT",36,36,NA,"2026-02-14","2026-02-18",4,"pear",0,0,0,0,0,1,NA
NA,2026,2026-02-17,NA,4,1,179,"SH","STT37","STT",37,37,NA,"2026-02-14","2026-02-18",4,"pear",0,0,0,0,0,1,NA
NA,2026,2026-02-17,NA,4,1,179,"SH","STT38","STT",38,38,NA,"2026-02-14","2026-02-18",4,"pear",0,0,0,0,0,1,NA
NA,2026,2026-02-17,NA,4,1,179,"SH","STT39","STT",39,39,NA,"2026-02-14","2026-02-18",4,"pear",0,0,0,0,0,1,NA
NA,2026,2026-02-17,NA,4,1,179,"SH","STT40","STT",40,40,NA,"2026-02-14","2026-02-18",4,"pear",0,0,0,0,0,1,NA
NA,2026,2026-03-14,NA,3.5,1,204,"TH","BTT01","BTT",1,41,NA,"2025-11-19","2026-03-15",116,"lolli",0,0,0,0,0,1,NA
NA,2026,2026-03-14,NA,3.5,1,204,"TH","BTT02","BTT",2,42,NA,"2025-11-19","2026-03-15",116,"lolli",0,1,0,0,0,0,NA
NA,2026,2026-03-14,NA,3.5,1,204,"TH","BTT03","BTT",3,43,NA,"2025-11-19","2026-03-15",116,"lolli",1,1,0,0,0,0,NA
NA,2026,2026-03-14,NA,3.5,1,204,"TH","BTT04","BTT",4,44,NA,"2025-11-19","2026-03-15",116,"lolli",1,1,0,0,0,0,NA
NA,2026,2026-03-14,NA,3.5,1,204,"TH","BTT05","BTT",5,45,NA,"2025-11-19","2026-03-15",116,"lolli",0,1,0,0,0,0,NA
NA,2026,2026-03-14,NA,3.5,1,204,"TH","BTT06","BTT",6,46,NA,"2025-11-19","2026-03-15",116,"lolli",0,1,0,0,0,0,NA
NA,2026,2026-03-14,NA,3.5,1,204,"TH","BTT07","BTT",7,47,NA,"2025-11-19","2026-03-15",116,"lolli",1,1,0,0,0,0,NA
NA,2026,2026-03-14,NA,3.5,1,204,"TH","BTT08","BTT",8,48,NA,"2025-11-19","2026-03-15",116,"lolli",0,1,0,0,0,0,NA
NA,2026,2026-03-14,NA,3.5,1,204,"TH","BTT09","BTT",9,49,NA,"2025-11-19","2026-03-15",116,"lolli",1,0,0,0,0,0,NA
NA,2026,2026-03-14,NA,3.5,1,204,"TH","BTT10","BTT",10,50,NA,"2025-11-19","2026-03-15",116,"lolli",0,0,0,0,0,1,NA
NA,2026,2026-03-14,NA,3.5,1,204,"TH","BTT11","BTT",11,51,NA,"2025-11-19","2026-03-15",116,"lolli",1,1,0,0,0,0,NA
NA,2026,2026-03-14,NA,3.5,1,204,"TH","BTT12","BTT",12,52,NA,"2025-11-19","2026-03-15",116,"lolli",NA,NA,NA,NA,NA,NA,"TTcard lost"
NA,2026,2026-03-14,NA,3.5,1,204,"TH","BTT13","BTT",13,53,NA,"2025-11-19","2026-03-15",116,"lolli",0,0,0,0,0,1,NA
NA,2026,2026-03-14,NA,3.5,1,204,"TH","BTT14","BTT",14,54,NA,"2025-11-19","2026-03-15",116,"lolli",0,0,0,0,0,1,NA
NA,2026,2026-03-14,NA,3.5,1,204,"TH","BTT15","BTT",15,55,NA,"2025-11-19","2026-03-15",116,"lolli",1,0,0,0,0,0,NA
NA,2026,2026-03-14,NA,3.5,1,204,"TH","BTT16","BTT",16,56,NA,"2025-11-19","2026-03-15",116,"lolli",0,0,0,0,0,1,NA
NA,2026,2026-03-14,NA,3.5,1,204,"TH","BTT17","BTT",17,57,NA,"2025-11-19","2026-03-15",116,"lolli",NA,NA,NA,NA,NA,NA,"TTcard lost"
NA,2026,2026-03-14,NA,3.5,1,204,"TH","BTT18","BTT",18,58,NA,"2025-11-19","2026-03-15",116,"lolli",0,0,0,0,0,1,NA
NA,2026,2026-03-14,NA,3.5,1,204,"TH","BTT19","BTT",19,59,NA,"2025-11-19","2026-03-15",116,"lolli",1,0,0,0,0,0,NA
NA,2026,2026-03-14,NA,3.5,1,204,"TH","BTT20","BTT",20,60,NA,"2025-11-19","2026-03-15",116,"lolli",0,0,0,0,0,1,NA
NA,2026,2026-03-14,NA,3.5,1,204,"TH","BTT21","BTT",21,61,NA,"2025-11-19","2026-03-15",116,"lolli",1,0,0,0,0,0,NA
NA,2026,2026-03-14,NA,3.5,1,204,"TH","BTT22","BTT",22,62,NA,"2025-11-19","2026-03-15",116,"lolli",1,0,0,0,0,0,NA
NA,2026,2026-03-14,NA,3.5,1,204,"TH","BTT23","BTT",23,63,NA,"2025-11-19","2026-03-15",116,"lolli",0,0,0,0,0,1,NA
NA,2026,2026-03-14,NA,3.5,1,204,"TH","BTT24","BTT",24,64,NA,"2025-11-19","2026-03-15",116,"lolli",0,0,0,0,0,1,NA
NA,2026,2026-03-14,NA,3.5,1,204,"TH","BTT25","BTT",25,65,NA,"2025-11-19","2026-03-15",116,"lolli",0,0,0,0,0,1,NA
NA,2026,2026-03-14,NA,3.5,1,204,"TH","BTT26","BTT",26,66,NA,"2025-11-19","2026-03-15",116,"lolli",0,0,0,0,0,1,NA
NA,2026,2026-03-14,NA,3.5,1,204,"TH","BTT27","BTT",27,67,NA,"2025-11-19","2026-03-15",116,"lolli",1,0,0,0,0,0,NA
NA,2026,2026-03-14,NA,3.5,1,204,"TH","BTT28","BTT",28,68,NA,"2025-11-19","2026-03-15",116,"lolli",0,0,0,0,0,1,NA
NA,2026,2026-03-14,NA,3.5,1,204,"TH","BTT29","BTT",29,69,NA,"2025-11-19","2026-03-15",116,"lolli",0,0,0,0,0,1,NA
NA,2026,2026-03-14,NA,3.5,1,204,"TH","BTT30","BTT",30,70,NA,"2025-11-19","2026-03-15",116,"lolli",1,0,0,0,0,0,NA
NA,2026,2026-03-14,NA,3.5,1,204,"TH","BTT31","BTT",31,71,NA,"2025-11-19","2026-03-15",116,"lolli",0,0,0,0,0,1,NA
NA,2026,2026-03-14,NA,3.5,1,204,"TH","BTT32","BTT",32,72,NA,"2025-11-19","2026-03-15",116,"lolli",0,0,0,0,0,1,NA
NA,2026,2026-03-14,NA,3.5,1,204,"TH","BTT33","BTT",33,73,NA,"2025-11-19","2026-03-15",116,"lolli",1,0,0,0,0,0,NA
NA,2026,2026-03-14,NA,3.5,1,204,"TH","BTT34","BTT",34,74,NA,"2025-11-19","2026-03-15",116,"lolli",0,0,0,0,0,1,NA
NA,2026,2026-03-14,NA,3.5,1,204,"TH","BTT35","BTT",35,75,NA,"2025-11-19","2026-03-15",116,"lolli",0,0,0,0,0,1,NA
NA,2026,2026-03-14,NA,3.5,1,204,"TH","BTT36","BTT",36,76,NA,"2025-11-19","2026-03-15",116,"lolli",0,0,0,0,0,1,NA
NA,2026,2026-03-14,NA,3.5,1,204,"TH","BTT37","BTT",37,77,NA,"2025-11-19","2026-03-15",116,"lolli",0,0,0,0,0,1,NA
NA,2026,2026-03-14,NA,3.5,1,204,"TH","BTT38","BTT",38,78,NA,"2025-11-19","2026-03-15",116,"lolli",0,0,0,0,0,1,NA
NA,2026,2026-03-14,NA,3.5,1,204,"TH","BTT39","BTT",39,79,NA,"2025-11-19","2026-03-15",116,"lolli",0,0,0,0,0,1,NA
NA,2026,2026-03-14,NA,3.5,1,204,"TH","BTT40","BTT",40,80,NA,"2025-11-19","2026-03-15",116,"lolli",1,0,0,0,0,0,NA
NA,2026,2026-03-14,NA,3.5,1,204,"TH","STT01","STT",1,41,NA,"2025-11-19","2026-03-15",116,"lolli",0,0,0,0,0,1,NA
NA,2026,2026-03-14,NA,3.5,1,204,"TH","STT02","STT",2,42,NA,"2025-11-19","2026-03-15",116,"lolli",0,0,0,0,0,1,NA
NA,2026,2026-03-14,NA,3.5,1,204,"TH","STT03","STT",3,43,NA,"2025-11-19","2026-03-15",116,"lolli",0,1,0,0,0,0,NA
NA,2026,2026-03-14,NA,3.5,1,204,"TH","STT04","STT",4,44,NA,"2025-11-19","2026-03-15",116,"lolli",0,1,0,0,0,0,NA
NA,2026,2026-03-14,NA,3.5,1,204,"TH","STT05","STT",5,45,NA,"2025-11-19","2026-03-15",116,"lolli",0,1,0,0,0,0,NA
NA,2026,2026-03-14,NA,3.5,1,204,"TH","STT06","STT",6,46,NA,"2025-11-19","2026-03-15",116,"lolli",0,1,0,0,0,0,NA
NA,2026,2026-03-14,NA,3.5,1,204,"TH","STT07","STT",7,47,NA,"2025-11-19","2026-03-15",116,"lolli",1,1,0,0,0,0,NA
NA,2026,2026-03-14,NA,3.5,1,204,"TH","STT08","STT",8,48,NA,"2025-11-19","2026-03-15",116,"lolli",0,1,0,0,0,0,NA
NA,2026,2026-03-14,NA,3.5,1,204,"TH","STT09","STT",9,49,NA,"2025-11-19","2026-03-15",116,"lolli",0,0,0,0,0,1,NA
NA,2026,2026-03-14,NA,3.5,1,204,"TH","STT10","STT",10,50,NA,"2025-11-19","2026-03-15",116,"lolli",0,1,0,0,0,0,NA
NA,2026,2026-03-14,NA,3.5,1,204,"TH","STT11","STT",11,51,NA,"2025-11-19","2026-03-15",116,"lolli",0,0,0,0,0,1,NA
NA,2026,2026-03-14,NA,3.5,1,204,"TH","STT12","STT",12,52,NA,"2025-11-19","2026-03-15",116,"lolli",0,0,0,0,0,1,NA
NA,2026,2026-03-14,NA,3.5,1,204,"TH","STT13","STT",13,53,NA,"2025-11-19","2026-03-15",116,"lolli",0,0,0,0,0,1,NA
NA,2026,2026-03-14,NA,3.5,1,204,"TH","STT14","STT",14,54,NA,"2025-11-19","2026-03-15",116,"lolli",0,0,0,0,0,1,NA
NA,2026,2026-03-14,NA,3.5,1,204,"TH","STT15","STT",15,55,NA,"2025-11-19","2026-03-15",116,"lolli",0,1,0,0,0,0,NA
NA,2026,2026-03-14,NA,3.5,1,204,"TH","STT16","STT",16,56,NA,"2025-11-19","2026-03-15",116,"lolli",0,0,0,0,0,1,NA
NA,2026,2026-03-14,NA,3.5,1,204,"TH","STT17","STT",17,57,NA,"2025-11-19","2026-03-15",116,"lolli",0,0,0,0,0,1,NA
NA,2026,2026-03-14,NA,3.5,1,204,"TH","STT18","STT",18,58,NA,"2025-11-19","2026-03-15",116,"lolli",0,0,0,0,0,1,NA
NA,2026,2026-03-14,NA,3.5,1,204,"TH","STT19","STT",19,59,NA,"2025-11-19","2026-03-15",116,"lolli",0,0,0,0,0,1,NA
NA,2026,2026-03-14,NA,3.5,1,204,"TH","STT20","STT",20,60,NA,"2025-11-19","2026-03-15",116,"lolli",0,0,0,0,0,1,NA
NA,2026,2026-03-14,NA,3.5,1,204,"TH","STT21","STT",21,61,NA,"2025-11-19","2026-03-15",116,"lolli",1,0,0,0,0,0,NA
NA,2026,2026-03-14,NA,3.5,1,204,"TH","STT22","STT",22,62,NA,"2025-11-19","2026-03-15",116,"lolli",0,0,0,0,0,1,NA
NA,2026,2026-03-14,NA,3.5,1,204,"TH","STT23","STT",23,63,NA,"2025-11-19","2026-03-15",116,"lolli",1,0,0,0,0,0,NA
NA,2026,2026-03-14,NA,3.5,1,204,"TH","STT24","STT",24,64,NA,"2025-11-19","2026-03-15",116,"lolli",0,0,0,0,0,1,"very degraded"
NA,2026,2026-03-14,NA,3.5,1,204,"TH","STT25","STT",25,65,NA,"2025-11-19","2026-03-15",116,"lolli",0,0,0,0,0,1,NA
NA,2026,2026-03-14,NA,3.5,1,204,"TH","STT26","STT",26,66,NA,"2025-11-19","2026-03-15",116,"lolli",0,0,0,0,0,1,NA
NA,2026,2026-03-14,NA,3.5,1,204,"TH","STT27","STT",27,67,NA,"2025-11-19","2026-03-15",116,"lolli",0,0,0,0,0,1,"very degraded"
NA,2026,2026-03-14,NA,3.5,1,204,"TH","STT28","STT",28,68,NA,"2025-11-19","2026-03-15",116,"lolli",0,0,0,0,0,1,NA
NA,2026,2026-03-14,NA,3.5,1,204,"TH","STT29","STT",29,69,NA,"2025-11-19","2026-03-15",116,"lolli",0,0,0,0,0,1,NA
NA,2026,2026-03-14,NA,3.5,1,204,"TH","STT30","STT",30,70,NA,"2025-11-19","2026-03-15",116,"lolli",0,0,0,0,0,1,NA
NA,2026,2026-03-14,NA,3.5,1,204,"TH","STT31","STT",31,71,NA,"2025-11-19","2026-03-15",116,"lolli",0,0,0,0,0,1,NA
NA,2026,2026-03-14,NA,3.5,1,204,"TH","STT32","STT",32,72,NA,"2025-11-19","2026-03-15",116,"lolli",0,0,0,0,0,1,NA
NA,2026,2026-03-14,NA,3.5,1,204,"TH","STT33","STT",33,73,NA,"2025-11-19","2026-03-15",116,"lolli",0,0,0,0,0,1,NA
NA,2026,2026-03-14,NA,3.5,1,204,"TH","STT34","STT",34,74,NA,"2025-11-19","2026-03-15",116,"lolli",0,0,0,0,0,1,NA
NA,2026,2026-03-14,NA,3.5,1,204,"TH","STT35","STT",35,75,NA,"2025-11-19","2026-03-15",116,"lolli",0,0,0,0,0,1,NA
NA,2026,2026-03-14,NA,3.5,1,204,"TH","STT36","STT",36,76,NA,"2025-11-19","2026-03-15",116,"lolli",0,0,0,0,0,1,NA
NA,2026,2026-03-14,NA,3.5,1,204,"TH","STT37","STT",37,77,NA,"2025-11-19","2026-03-15",116,"lolli",0,0,0,0,0,1,NA
NA,2026,2026-03-14,NA,3.5,1,204,"TH","STT38","STT",38,78,NA,"2025-11-19","2026-03-15",116,"lolli",0,0,0,0,0,1,NA
NA,2026,2026-03-14,NA,3.5,1,204,"TH","STT39","STT",39,79,NA,"2025-11-19","2026-03-15",116,"lolli",0,0,0,0,0,1,NA
NA,2026,2026-03-14,NA,3.5,1,204,"TH","STT40","STT",40,80,NA,"2025-11-19","2026-03-15",116,"lolli",0,0,0,0,0,1,NA
NA,2026,2026-03-18,NA,4,1,208,"TH","BTT01","BTT",1,41,NA,"2026-03-15","2026-03-19",4,"pear",0,0,0,0,0,1,NA
NA,2026,2026-03-18,NA,4,1,208,"TH","BTT02","BTT",2,42,NA,"2026-03-15","2026-03-19",4,"pear",0,0,0,0,0,1,NA
NA,2026,2026-03-18,NA,4,1,208,"TH","BTT03","BTT",3,43,NA,"2026-03-15","2026-03-19",4,"pear",0,0,0,0,0,1,NA
NA,2026,2026-03-18,NA,4,1,208,"TH","BTT04","BTT",4,44,NA,"2026-03-15","2026-03-19",4,"pear",1,0,0,0,0,0,NA
NA,2026,2026-03-18,NA,4,1,208,"TH","BTT05","BTT",5,45,NA,"2026-03-15","2026-03-19",4,"pear",1,1,0,0,0,0,NA
NA,2026,2026-03-18,NA,4,1,208,"TH","BTT06","BTT",6,46,NA,"2026-03-15","2026-03-19",4,"pear",0,0,0,0,0,1,NA
NA,2026,2026-03-18,NA,4,1,208,"TH","BTT07","BTT",7,47,NA,"2026-03-15","2026-03-19",4,"pear",1,0,0,0,0,0,NA
NA,2026,2026-03-18,NA,4,1,208,"TH","BTT08","BTT",8,48,NA,"2026-03-15","2026-03-19",4,"pear",0,0,0,0,0,1,NA
NA,2026,2026-03-18,NA,4,1,208,"TH","BTT09","BTT",9,49,NA,"2026-03-15","2026-03-19",4,"pear",0,0,0,0,0,1,NA
NA,2026,2026-03-18,NA,4,1,208,"TH","BTT10","BTT",10,50,NA,"2026-03-15","2026-03-19",4,"pear",0,0,0,0,0,1,NA
NA,2026,2026-03-18,NA,4,1,208,"TH","BTT11","BTT",11,51,NA,"2026-03-15","2026-03-19",4,"pear",0,0,0,0,0,1,NA
NA,2026,2026-03-18,NA,4,1,208,"TH","BTT12","BTT",12,52,NA,"2026-03-15","2026-03-19",4,"pear",0,0,0,0,0,1,NA
NA,2026,2026-03-18,NA,4,1,208,"TH","BTT13","BTT",13,53,NA,"2026-03-15","2026-03-19",4,"pear",0,0,0,0,0,1,NA
NA,2026,2026-03-18,NA,4,1,208,"TH","BTT14","BTT",14,54,NA,"2026-03-15","2026-03-19",4,"pear",0,0,0,0,0,1,NA
NA,2026,2026-03-18,NA,4,1,208,"TH","BTT15","BTT",15,55,NA,"2026-03-15","2026-03-19",4,"pear",0,0,0,0,0,1,NA
NA,2026,2026-03-18,NA,4,1,208,"TH","BTT16","BTT",16,56,NA,"2026-03-15","2026-03-19",4,"pear",0,0,0,0,0,1,NA
NA,2026,2026-03-18,NA,4,1,208,"TH","BTT17","BTT",17,57,NA,"2026-03-15","2026-03-19",4,"pear",0,0,0,0,0,1,NA
NA,2026,2026-03-18,NA,4,1,208,"TH","BTT18","BTT",18,58,NA,"2026-03-15","2026-03-19",4,"pear",0,0,0,0,0,1,NA
NA,2026,2026-03-18,NA,4,1,208,"TH","BTT19","BTT",19,59,NA,"2026-03-15","2026-03-19",4,"pear",0,0,0,0,0,1,NA
NA,2026,2026-03-18,NA,4,1,208,"TH","BTT20","BTT",20,60,NA,"2026-03-15","2026-03-19",4,"pear",0,0,0,0,0,1,NA
NA,2026,2026-03-18,NA,4,1,208,"TH","BTT21","BTT",21,61,NA,"2026-03-15","2026-03-19",4,"pear",0,0,0,0,0,1,NA
NA,2026,2026-03-18,NA,4,1,208,"TH","BTT22","BTT",22,62,NA,"2026-03-15","2026-03-19",4,"pear",0,0,0,0,0,1,NA
NA,2026,2026-03-18,NA,4,1,208,"TH","BTT23","BTT",23,63,NA,"2026-03-15","2026-03-19",4,"pear",0,0,0,0,0,1,NA
NA,2026,2026-03-18,NA,4,1,208,"TH","BTT24","BTT",24,64,NA,"2026-03-15","2026-03-19",4,"pear",0,0,0,0,0,1,NA
NA,2026,2026-03-18,NA,4,1,208,"TH","BTT25","BTT",25,65,NA,"2026-03-15","2026-03-19",4,"pear",0,0,0,0,0,1,NA
NA,2026,2026-03-18,NA,4,1,208,"TH","BTT26","BTT",26,66,NA,"2026-03-15","2026-03-19",4,"pear",0,0,0,0,0,1,NA
NA,2026,2026-03-18,NA,4,1,208,"TH","BTT27","BTT",27,67,NA,"2026-03-15","2026-03-19",4,"pear",0,0,0,0,0,1,NA
NA,2026,2026-03-18,NA,4,1,208,"TH","BTT28","BTT",28,68,NA,"2026-03-15","2026-03-19",4,"pear",0,0,0,0,0,1,NA
NA,2026,2026-03-18,NA,4,1,208,"TH","BTT29","BTT",29,69,NA,"2026-03-15","2026-03-19",4,"pear",0,0,0,0,0,1,NA
NA,2026,2026-03-18,NA,4,1,208,"TH","BTT30","BTT",30,70,NA,"2026-03-15","2026-03-19",4,"pear",0,0,0,0,0,1,NA
NA,2026,2026-03-18,NA,4,1,208,"TH","BTT31","BTT",31,71,NA,"2026-03-15","2026-03-19",4,"pear",0,0,0,0,0,1,NA
NA,2026,2026-03-18,NA,4,1,208,"TH","BTT32","BTT",32,72,NA,"2026-03-15","2026-03-19",4,"pear",0,0,0,0,0,1,NA
NA,2026,2026-03-18,NA,4,1,208,"TH","BTT33","BTT",33,73,NA,"2026-03-15","2026-03-19",4,"pear",0,0,0,0,0,1,NA
NA,2026,2026-03-18,NA,4,1,208,"TH","BTT34","BTT",34,74,NA,"2026-03-15","2026-03-19",4,"pear",0,0,0,0,0,1,NA
NA,2026,2026-03-18,NA,4,1,208,"TH","BTT35","BTT",35,75,NA,"2026-03-15","2026-03-19",4,"pear",0,0,0,0,0,1,NA
NA,2026,2026-03-18,NA,4,1,208,"TH","BTT36","BTT",36,76,NA,"2026-03-15","2026-03-19",4,"pear",0,0,0,0,0,1,NA
NA,2026,2026-03-18,NA,4,1,208,"TH","BTT37","BTT",37,77,NA,"2026-03-15","2026-03-19",4,"pear",0,0,0,0,0,1,NA
NA,2026,2026-03-18,NA,4,1,208,"TH","BTT38","BTT",38,78,NA,"2026-03-15","2026-03-19",4,"pear",0,0,0,0,0,1,NA
NA,2026,2026-03-18,NA,4,1,208,"TH","BTT39","BTT",39,79,NA,"2026-03-15","2026-03-19",4,"pear",0,1,0,0,0,0,NA
NA,2026,2026-03-18,NA,4,1,208,"TH","BTT40","BTT",40,80,NA,"2026-03-15","2026-03-19",4,"pear",0,0,0,0,0,1,NA
NA,2026,2026-03-18,NA,4,1,208,"TH","STT01","STT",1,41,NA,"2026-03-15","2026-03-19",4,"pear",0,0,0,0,0,1,NA
NA,2026,2026-03-18,NA,4,1,208,"TH","STT02","STT",2,42,NA,"2026-03-15","2026-03-19",4,"pear",0,0,0,0,0,1,NA
NA,2026,2026-03-18,NA,4,1,208,"TH","STT03","STT",3,43,NA,"2026-03-15","2026-03-19",4,"pear",0,0,0,0,0,1,NA
NA,2026,2026-03-18,NA,4,1,208,"TH","STT04","STT",4,44,NA,"2026-03-15","2026-03-19",4,"pear",0,0,0,0,0,1,NA
NA,2026,2026-03-18,NA,4,1,208,"TH","STT05","STT",5,45,NA,"2026-03-15","2026-03-19",4,"pear",0,1,0,0,0,0,NA
NA,2026,2026-03-18,NA,4,1,208,"TH","STT06","STT",6,46,NA,"2026-03-15","2026-03-19",4,"pear",0,0,0,0,0,1,NA
NA,2026,2026-03-18,NA,4,1,208,"TH","STT07","STT",7,47,NA,"2026-03-15","2026-03-19",4,"pear",0,0,0,0,0,1,NA
NA,2026,2026-03-18,NA,4,1,208,"TH","STT08","STT",8,48,NA,"2026-03-15","2026-03-19",4,"pear",0,0,0,0,0,1,NA
NA,2026,2026-03-18,NA,4,1,208,"TH","STT09","STT",9,49,NA,"2026-03-15","2026-03-19",4,"pear",0,0,0,0,0,1,NA
NA,2026,2026-03-18,NA,4,1,208,"TH","STT10","STT",10,50,NA,"2026-03-15","2026-03-19",4,"pear",0,0,0,0,0,1,NA
NA,2026,2026-03-18,NA,4,1,208,"TH","STT11","STT",11,51,NA,"2026-03-15","2026-03-19",4,"pear",0,0,0,0,0,1,NA
NA,2026,2026-03-18,NA,4,1,208,"TH","STT12","STT",12,52,NA,"2026-03-15","2026-03-19",4,"pear",0,0,0,0,0,1,NA
NA,2026,2026-03-18,NA,4,1,208,"TH","STT13","STT",13,53,NA,"2026-03-15","2026-03-19",4,"pear",0,0,0,0,0,1,NA
NA,2026,2026-03-18,NA,4,1,208,"TH","STT14","STT",14,54,NA,"2026-03-15","2026-03-19",4,"pear",0,0,0,0,0,1,NA
NA,2026,2026-03-18,NA,4,1,208,"TH","STT15","STT",15,55,NA,"2026-03-15","2026-03-19",4,"pear",0,0,0,0,0,1,NA
NA,2026,2026-03-18,NA,4,1,208,"TH","STT16","STT",16,56,NA,"2026-03-15","2026-03-19",4,"pear",0,0,0,0,0,1,NA
NA,2026,2026-03-18,NA,4,1,208,"TH","STT17","STT",17,57,NA,"2026-03-15","2026-03-19",4,"pear",0,0,0,0,0,1,NA
NA,2026,2026-03-18,NA,4,1,208,"TH","STT18","STT",18,58,NA,"2026-03-15","2026-03-19",4,"pear",0,0,0,0,0,1,NA
NA,2026,2026-03-18,NA,4,1,208,"TH","STT19","STT",19,59,NA,"2026-03-15","2026-03-19",4,"pear",0,0,0,0,0,1,NA
NA,2026,2026-03-18,NA,4,1,208,"TH","STT20","STT",20,60,NA,"2026-03-15","2026-03-19",4,"pear",0,0,0,0,0,1,NA
NA,2026,2026-03-18,NA,4,1,208,"TH","STT21","STT",21,61,NA,"2026-03-15","2026-03-19",4,"pear",0,0,0,0,0,1,NA
NA,2026,2026-03-18,NA,4,1,208,"TH","STT22","STT",22,62,NA,"2026-03-15","2026-03-19",4,"pear",0,0,0,0,0,1,NA
NA,2026,2026-03-18,NA,4,1,208,"TH","STT23","STT",23,63,NA,"2026-03-15","2026-03-19",4,"pear",0,0,0,0,0,1,NA
NA,2026,2026-03-18,NA,4,1,208,"TH","STT24","STT",24,64,NA,"2026-03-15","2026-03-19",4,"pear",0,0,0,0,0,1,NA
NA,2026,2026-03-18,NA,4,1,208,"TH","STT25","STT",25,65,NA,"2026-03-15","2026-03-19",4,"pear",0,0,0,0,0,1,NA
NA,2026,2026-03-18,NA,4,1,208,"TH","STT26","STT",26,66,NA,"2026-03-15","2026-03-19",4,"pear",0,0,0,0,0,1,NA
NA,2026,2026-03-18,NA,4,1,208,"TH","STT27","STT",27,67,NA,"2026-03-15","2026-03-19",4,"pear",0,0,0,0,0,1,NA
NA,2026,2026-03-18,NA,4,1,208,"TH","STT28","STT",28,68,NA,"2026-03-15","2026-03-19",4,"pear",0,0,0,0,0,1,NA
NA,2026,2026-03-18,NA,4,1,208,"TH","STT29","STT",29,69,NA,"2026-03-15","2026-03-19",4,"pear",0,1,0,0,0,0,NA
NA,2026,2026-03-18,NA,4,1,208,"TH","STT30","STT",30,70,NA,"2026-03-15","2026-03-19",4,"pear",0,0,0,0,0,1,NA
NA,2026,2026-03-18,NA,4,1,208,"TH","STT31","STT",31,71,NA,"2026-03-15","2026-03-19",4,"pear",0,0,0,0,0,1,NA
NA,2026,2026-03-18,NA,4,1,208,"TH","STT32","STT",32,72,NA,"2026-03-15","2026-03-19",4,"pear",0,0,0,0,0,1,NA
NA,2026,2026-03-18,NA,4,1,208,"TH","STT33","STT",33,73,NA,"2026-03-15","2026-03-19",4,"pear",0,0,0,0,0,1,NA
NA,2026,2026-03-18,NA,4,1,208,"TH","STT34","STT",34,74,NA,"2026-03-15","2026-03-19",4,"pear",0,0,0,0,0,1,NA
NA,2026,2026-03-18,NA,4,1,208,"TH","STT35","STT",35,75,NA,"2026-03-15","2026-03-19",4,"pear",0,0,0,0,0,1,NA
NA,2026,2026-03-18,NA,4,1,208,"TH","STT36","STT",36,76,NA,"2026-03-15","2026-03-19",4,"pear",0,0,0,0,0,1,NA
NA,2026,2026-03-18,NA,4,1,208,"TH","STT37","STT",37,77,NA,"2026-03-15","2026-03-19",4,"pear",0,0,0,0,0,1,NA
NA,2026,2026-03-18,NA,4,1,208,"TH","STT38","STT",38,78,NA,"2026-03-15","2026-03-19",4,"pear",0,0,0,0,0,1,NA
NA,2026,2026-03-18,NA,4,1,208,"TH","STT39","STT",39,79,NA,"2026-03-15","2026-03-19",4,"pear",0,0,0,0,0,1,NA
NA,2026,2026-03-18,NA,4,1,208,"TH","STT40","STT",40,80,NA,"2026-03-15","2026-03-19",4,"pear",0,0,0,0,0,1,NA
NA,NA,2025-02-28,NA,1,0,0,"SH","ACO001","ACO",1,1,5,NA,NA,NA,NA,0,0,NA,NA,NA,1,NA
NA,NA,2025-04-01,NA,2,0,0,"SH","ACO001","ACO",1,1,3,NA,NA,NA,NA,0,0,NA,NA,NA,1,NA
NA,NA,2025-11-26,NA,3,1,96,"SH","ACO001","ACO",1,1,5,NA,NA,NA,NA,0,0,NA,NA,NA,1,NA
NA,NA,2026-02-18,NA,4,1,180,"SH","ACO001","ACO",1,1,5,NA,NA,NA,NA,0,0,NA,NA,NA,1,NA
NA,NA,2025-02-28,NA,1,0,0,"SH","ACO004","ACO",4,2,5,NA,NA,NA,NA,0,0,NA,NA,NA,1,NA
NA,NA,2025-04-01,NA,2,0,0,"SH","ACO004","ACO",4,2,3,NA,NA,NA,NA,0,0,NA,NA,NA,1,NA
NA,NA,2025-11-26,NA,3,1,96,"SH","ACO004","ACO",4,2,5,NA,NA,NA,NA,0,0,NA,NA,NA,1,NA
NA,NA,2026-02-18,NA,4,1,180,"SH","ACO004","ACO",4,2,5,NA,NA,NA,NA,0,0,NA,NA,NA,1,NA
NA,NA,2025-02-28,NA,1,0,0,"SH","ACO006","ACO",6,4,5,NA,NA,NA,NA,0,0,NA,NA,NA,1,NA
NA,NA,2025-04-01,NA,2,0,0,"SH","ACO006","ACO",6,4,3,NA,NA,NA,NA,0,0,NA,NA,NA,1,NA
NA,NA,2025-11-26,NA,3,1,96,"SH","ACO006","ACO",6,4,5,NA,NA,NA,NA,0,0,NA,NA,NA,1,NA
NA,NA,2026-02-18,NA,4,1,180,"SH","ACO006","ACO",6,4,5,NA,NA,NA,NA,0,0,NA,NA,NA,1,NA
NA,NA,2025-02-28,NA,1,0,0,"SH","ACO008","ACO",8,3,5,NA,NA,NA,NA,0,0,NA,NA,NA,1,NA
NA,NA,2025-04-01,NA,2,0,0,"SH","ACO008","ACO",8,3,3,NA,NA,NA,NA,0,0,NA,NA,NA,1,NA
NA,NA,2025-11-26,NA,3,1,96,"SH","ACO008","ACO",8,3,5,NA,NA,NA,NA,0,0,NA,NA,NA,1,NA
NA,NA,2026-02-18,NA,4,1,180,"SH","ACO008","ACO",8,3,5,NA,NA,NA,NA,0,0,NA,NA,NA,1,NA
NA,NA,2025-02-28,NA,1,0,0,"SH","ACO010","ACO",10,5,5,NA,NA,NA,NA,0,0,NA,NA,NA,1,NA
NA,NA,2025-04-01,NA,2,0,0,"SH","ACO010","ACO",10,5,3,NA,NA,NA,NA,0,0,NA,NA,NA,1,NA
NA,NA,2025-11-26,NA,3,1,96,"SH","ACO010","ACO",10,5,5,NA,NA,NA,NA,0,0,NA,NA,NA,1,NA
NA,NA,2026-02-18,NA,4,1,180,"SH","ACO010","ACO",10,5,5,NA,NA,NA,NA,0,0,NA,NA,NA,1,NA
NA,NA,2025-02-28,NA,1,0,0,"SH","ACO012","ACO",12,6,5,NA,NA,NA,NA,0,0,NA,NA,NA,1,NA
NA,NA,2025-04-01,NA,2,0,0,"SH","ACO012","ACO",12,6,3,NA,NA,NA,NA,0,0,NA,NA,NA,1,NA
NA,NA,2025-11-26,NA,3,1,96,"SH","ACO012","ACO",12,6,5,NA,NA,NA,NA,0,0,NA,NA,NA,1,NA
NA,NA,2026-02-18,NA,4,1,180,"SH","ACO012","ACO",12,6,5,NA,NA,NA,NA,0,0,NA,NA,NA,1,NA
NA,NA,2025-02-28,NA,1,0,0,"SH","ACO014","ACO",14,7,5,NA,NA,NA,NA,0,0,NA,NA,NA,1,NA
NA,NA,2025-04-01,NA,2,0,0,"SH","ACO014","ACO",14,7,3,NA,NA,NA,NA,0,0,NA,NA,NA,1,NA
NA,NA,2025-11-26,NA,3,1,96,"SH","ACO014","ACO",14,7,5,NA,NA,NA,NA,0,0,NA,NA,NA,1,NA
NA,NA,2026-02-18,NA,4,1,180,"SH","ACO014","ACO",14,7,5,NA,NA,NA,NA,0,0,NA,NA,NA,1,NA
NA,NA,2025-02-28,NA,1,0,0,"SH","ACO017","ACO",17,8,5,NA,NA,NA,NA,0,0,NA,NA,NA,1,NA
NA,NA,2025-04-01,NA,2,0,0,"SH","ACO017","ACO",17,8,3,NA,NA,NA,NA,0,0,NA,NA,NA,1,NA
NA,NA,2025-11-26,NA,3,1,96,"SH","ACO017","ACO",17,8,5,NA,NA,NA,NA,0,0,NA,NA,NA,1,NA
NA,NA,2026-02-18,NA,4,1,180,"SH","ACO017","ACO",17,8,5,NA,NA,NA,NA,0,0,NA,NA,NA,1,NA
NA,NA,2025-02-28,NA,1,0,0,"SH","ACO019","ACO",19,9,5,NA,NA,NA,NA,0,0,NA,NA,NA,1,NA
NA,NA,2025-04-01,NA,2,0,0,"SH","ACO019","ACO",19,9,3,NA,NA,NA,NA,0,0,NA,NA,NA,1,NA
NA,NA,2025-11-26,NA,3,1,96,"SH","ACO019","ACO",19,9,5,NA,NA,NA,NA,0,0,NA,NA,NA,1,NA
NA,NA,2026-02-18,NA,4,1,180,"SH","ACO019","ACO",19,9,5,NA,NA,NA,NA,0,0,NA,NA,NA,1,NA
NA,NA,2025-02-28,NA,1,0,0,"SH","ACO021","ACO",21,10,5,NA,NA,NA,NA,0,0,NA,NA,NA,1,NA
NA,NA,2025-04-01,NA,2,0,0,"SH","ACO021","ACO",21,10,3,NA,NA,NA,NA,0,0,NA,NA,NA,1,NA
NA,NA,2025-11-26,NA,3,1,96,"SH","ACO021","ACO",21,10,5,NA,NA,NA,NA,0,0,NA,NA,NA,1,NA
NA,NA,2026-02-18,NA,4,1,180,"SH","ACO021","ACO",21,10,5,NA,NA,NA,NA,0,0,NA,NA,NA,1,NA
NA,NA,2025-02-28,NA,1,0,0,"SH","ACO024","ACO",24,11,5,NA,NA,NA,NA,0,0,NA,NA,NA,1,NA
NA,NA,2025-04-01,NA,2,0,0,"SH","ACO024","ACO",24,11,3,NA,NA,NA,NA,0,0,NA,NA,NA,1,NA
NA,NA,2025-11-26,NA,3,1,96,"SH","ACO024","ACO",24,11,5,NA,NA,NA,NA,0,0,NA,NA,NA,1,NA
NA,NA,2026-02-18,NA,4,1,180,"SH","ACO024","ACO",24,11,5,NA,NA,NA,NA,0,0,NA,NA,NA,1,NA
NA,NA,2025-02-28,NA,1,0,0,"SH","ACO026","ACO",26,12,5,NA,NA,NA,NA,0,0,NA,NA,NA,1,NA
NA,NA,2025-04-01,NA,2,0,0,"SH","ACO026","ACO",26,12,3,NA,NA,NA,NA,0,0,NA,NA,NA,1,NA
NA,NA,2025-11-26,NA,3,1,96,"SH","ACO026","ACO",26,12,5,NA,NA,NA,NA,0,0,NA,NA,NA,1,NA
NA,NA,2026-02-18,NA,4,1,180,"SH","ACO026","ACO",26,12,5,NA,NA,NA,NA,0,0,NA,NA,NA,1,NA
NA,NA,2025-02-28,NA,1,0,0,"SH","ACO028","ACO",28,13,5,NA,NA,NA,NA,0,0,NA,NA,NA,1,NA
NA,NA,2025-04-01,NA,2,0,0,"SH","ACO028","ACO",28,13,3,NA,NA,NA,NA,0,0,NA,NA,NA,1,NA
NA,NA,2025-11-26,NA,3,1,96,"SH","ACO028","ACO",28,13,5,NA,NA,NA,NA,0,0,NA,NA,NA,1,NA
NA,NA,2026-02-18,NA,4,1,180,"SH","ACO028","ACO",28,13,5,NA,NA,NA,NA,0,0,NA,NA,NA,1,NA
NA,NA,2025-02-28,NA,1,0,0,"SH","ACO030","ACO",30,14,5,NA,NA,NA,NA,0,0,NA,NA,NA,1,NA
NA,NA,2025-04-01,NA,2,0,0,"SH","ACO030","ACO",30,14,3,NA,NA,NA,NA,0,0,NA,NA,NA,1,NA
NA,NA,2025-11-26,NA,3,1,96,"SH","ACO030","ACO",30,14,5,NA,NA,NA,NA,0,1,NA,NA,NA,0,NA
NA,NA,2026-02-18,NA,4,1,180,"SH","ACO030","ACO",30,14,5,NA,NA,NA,NA,0,0,NA,NA,NA,1,NA
NA,NA,2025-02-28,NA,1,0,0,"SH","ACO035","ACO",35,15,5,NA,NA,NA,NA,0,0,NA,NA,NA,1,NA
NA,NA,2025-04-01,NA,2,0,0,"SH","ACO035","ACO",35,15,3,NA,NA,NA,NA,0,0,NA,NA,NA,1,NA
NA,NA,2025-11-26,NA,3,1,96,"SH","ACO035","ACO",35,15,5,NA,NA,NA,NA,0,1,NA,NA,NA,0,NA
NA,NA,2026-02-18,NA,4,1,180,"SH","ACO035","ACO",35,15,5,NA,NA,NA,NA,0,0,NA,NA,NA,1,NA
NA,NA,2025-02-28,NA,1,0,0,"SH","ACO038","ACO",38,16,5,NA,NA,NA,NA,0,0,NA,NA,NA,1,NA
NA,NA,2025-04-01,NA,2,0,0,"SH","ACO038","ACO",38,16,3,NA,NA,NA,NA,1,0,NA,NA,NA,0,NA
NA,NA,2025-11-26,NA,3,1,96,"SH","ACO038","ACO",38,16,5,NA,NA,NA,NA,0,0,NA,NA,NA,1,NA
NA,NA,2026-02-18,NA,4,1,180,"SH","ACO038","ACO",38,16,5,NA,NA,NA,NA,1,0,NA,NA,NA,0,NA
NA,NA,2025-02-28,NA,1,0,0,"SH","ACO043","ACO",43,17,5,NA,NA,NA,NA,0,0,NA,NA,NA,1,NA
NA,NA,2025-04-01,NA,2,0,0,"SH","ACO043","ACO",43,17,3,NA,NA,NA,NA,1,0,NA,NA,NA,0,NA
NA,NA,2025-11-26,NA,3,1,96,"SH","ACO043","ACO",43,17,5,NA,NA,NA,NA,1,0,NA,NA,NA,0,NA
NA,NA,2026-02-18,NA,4,1,180,"SH","ACO043","ACO",43,17,5,NA,NA,NA,NA,0,0,NA,NA,NA,1,NA
NA,NA,2025-02-28,NA,1,0,0,"SH","ACO045","ACO",45,18,5,NA,NA,NA,NA,0,0,NA,NA,NA,1,NA
NA,NA,2025-04-01,NA,2,0,0,"SH","ACO045","ACO",45,18,3,NA,NA,NA,NA,0,0,NA,NA,NA,1,NA
NA,NA,2025-11-26,NA,3,1,96,"SH","ACO045","ACO",45,18,5,NA,NA,NA,NA,0,0,NA,NA,NA,1,NA
NA,NA,2026-02-18,NA,4,1,180,"SH","ACO045","ACO",45,18,5,NA,NA,NA,NA,0,0,NA,NA,NA,1,NA
NA,NA,2025-02-28,NA,1,0,0,"SH","ACO047","ACO",47,19,5,NA,NA,NA,NA,0,0,NA,NA,NA,1,NA
NA,NA,2025-04-01,NA,2,0,0,"SH","ACO047","ACO",47,19,3,NA,NA,NA,NA,0,0,NA,NA,NA,1,NA
NA,NA,2025-11-26,NA,3,1,96,"SH","ACO047","ACO",47,19,5,NA,NA,NA,NA,0,0,NA,NA,NA,1,NA
NA,NA,2026-02-18,NA,4,1,180,"SH","ACO047","ACO",47,19,5,NA,NA,NA,NA,0,0,NA,NA,NA,1,NA
NA,NA,2025-02-28,NA,1,0,0,"SH","ACO050","ACO",50,20,5,NA,NA,NA,NA,0,0,NA,NA,NA,1,NA
NA,NA,2025-04-01,NA,2,0,0,"SH","ACO050","ACO",50,20,3,NA,NA,NA,NA,0,0,NA,NA,NA,1,NA
NA,NA,2025-11-26,NA,3,1,96,"SH","ACO050","ACO",50,20,5,NA,NA,NA,NA,0,0,NA,NA,NA,1,NA
NA,NA,2026-02-18,NA,4,1,180,"SH","ACO050","ACO",50,20,5,NA,NA,NA,NA,0,0,NA,NA,NA,1,NA
NA,NA,2025-02-28,NA,1,0,0,"SH","ACO051","ACO",51,21,5,NA,NA,NA,NA,0,0,NA,NA,NA,1,NA
NA,NA,2025-04-01,NA,2,0,0,"SH","ACO051","ACO",51,21,3,NA,NA,NA,NA,0,0,NA,NA,NA,1,NA
NA,NA,2025-11-26,NA,3,1,96,"SH","ACO051","ACO",51,21,5,NA,NA,NA,NA,0,0,NA,NA,NA,1,NA
NA,NA,2026-02-18,NA,4,1,180,"SH","ACO051","ACO",51,21,5,NA,NA,NA,NA,0,0,NA,NA,NA,1,NA
NA,NA,2025-02-28,NA,1,0,0,"SH","ACO054","ACO",54,22,5,NA,NA,NA,NA,0,0,NA,NA,NA,1,NA
NA,NA,2025-04-01,NA,2,0,0,"SH","ACO054","ACO",54,22,3,NA,NA,NA,NA,0,0,NA,NA,NA,1,NA
NA,NA,2025-11-26,NA,3,1,96,"SH","ACO054","ACO",54,22,5,NA,NA,NA,NA,0,0,NA,NA,NA,1,NA
NA,NA,2026-02-18,NA,4,1,180,"SH","ACO054","ACO",54,22,5,NA,NA,NA,NA,0,0,NA,NA,NA,1,NA
NA,NA,2025-02-28,NA,1,0,0,"SH","ACO056","ACO",56,23,5,NA,NA,NA,NA,0,0,NA,NA,NA,1,NA
NA,NA,2025-04-01,NA,2,0,0,"SH","ACO056","ACO",56,23,3,NA,NA,NA,NA,0,0,NA,NA,NA,1,NA
NA,NA,2025-11-26,NA,3,1,96,"SH","ACO056","ACO",56,23,5,NA,NA,NA,NA,0,0,NA,NA,NA,1,NA
NA,NA,2026-02-18,NA,4,1,180,"SH","ACO056","ACO",56,23,5,NA,NA,NA,NA,0,0,NA,NA,NA,1,NA
NA,NA,2025-02-28,NA,1,0,0,"SH","ACO059","ACO",59,25,5,NA,NA,NA,NA,0,0,NA,NA,NA,1,NA
NA,NA,2025-04-01,NA,2,0,0,"SH","ACO059","ACO",59,25,3,NA,NA,NA,NA,1,0,NA,NA,NA,0,NA
NA,NA,2025-11-26,NA,3,1,96,"SH","ACO059","ACO",59,25,5,NA,NA,NA,NA,1,0,NA,NA,NA,0,NA
NA,NA,2026-02-18,NA,4,1,180,"SH","ACO059","ACO",59,25,5,NA,NA,NA,NA,1,0,NA,NA,NA,0,NA
NA,NA,2025-02-28,NA,1,0,0,"SH","ACO060","ACO",60,24,5,NA,NA,NA,NA,0,0,NA,NA,NA,1,NA
NA,NA,2025-04-01,NA,2,0,0,"SH","ACO060","ACO",60,24,3,NA,NA,NA,NA,0,0,NA,NA,NA,1,NA
NA,NA,2025-11-26,NA,3,1,96,"SH","ACO060","ACO",60,24,5,NA,NA,NA,NA,0,0,NA,NA,NA,1,NA
NA,NA,2026-02-18,NA,4,1,180,"SH","ACO060","ACO",60,24,5,NA,NA,NA,NA,0,0,NA,NA,NA,1,NA
NA,NA,2025-02-28,NA,1,0,0,"SH","ACO064","ACO",64,26,5,NA,NA,NA,NA,0,0,NA,NA,NA,1,NA
NA,NA,2025-04-01,NA,2,0,0,"SH","ACO064","ACO",64,26,3,NA,NA,NA,NA,0,0,NA,NA,NA,1,NA
NA,NA,2025-11-26,NA,3,1,96,"SH","ACO064","ACO",64,26,5,NA,NA,NA,NA,0,0,NA,NA,NA,1,NA
NA,NA,2026-02-18,NA,4,1,180,"SH","ACO064","ACO",64,26,5,NA,NA,NA,NA,0,0,NA,NA,NA,1,NA
NA,NA,2025-02-28,NA,1,0,0,"SH","ACO066","ACO",66,27,5,NA,NA,NA,NA,0,0,NA,NA,NA,1,NA
NA,NA,2025-04-01,NA,2,0,0,"SH","ACO066","ACO",66,27,3,NA,NA,NA,NA,0,0,NA,NA,NA,1,NA
NA,NA,2025-11-26,NA,3,1,96,"SH","ACO066","ACO",66,27,5,NA,NA,NA,NA,0,0,NA,NA,NA,1,NA
NA,NA,2026-02-18,NA,4,1,180,"SH","ACO066","ACO",66,27,5,NA,NA,NA,NA,0,0,NA,NA,NA,1,NA
NA,NA,2025-02-28,NA,1,0,0,"SH","ACO072","ACO",72,29,5,NA,NA,NA,NA,0,0,NA,NA,NA,1,NA
NA,NA,2025-04-01,NA,2,0,0,"SH","ACO072","ACO",72,29,3,NA,NA,NA,NA,0,0,NA,NA,NA,1,NA
NA,NA,2025-11-26,NA,3,1,96,"SH","ACO072","ACO",72,29,5,NA,NA,NA,NA,0,0,NA,NA,NA,1,NA
NA,NA,2026-02-18,NA,4,1,180,"SH","ACO072","ACO",72,29,5,NA,NA,NA,NA,0,0,NA,NA,NA,1,NA
NA,NA,2025-02-28,NA,1,0,0,"SH","ACO073","ACO",73,28,5,NA,NA,NA,NA,0,0,NA,NA,NA,1,NA
NA,NA,2025-04-01,NA,2,0,0,"SH","ACO073","ACO",73,28,3,NA,NA,NA,NA,0,0,NA,NA,NA,1,NA
NA,NA,2025-11-26,NA,3,1,96,"SH","ACO073","ACO",73,28,5,NA,NA,NA,NA,0,0,NA,NA,NA,1,NA
NA,NA,2026-02-18,NA,4,1,180,"SH","ACO073","ACO",73,28,5,NA,NA,NA,NA,1,0,NA,NA,NA,0,NA
NA,NA,2025-02-28,NA,1,0,0,"SH","ACO075","ACO",75,30,5,NA,NA,NA,NA,0,0,NA,NA,NA,1,NA
NA,NA,2025-04-01,NA,2,0,0,"SH","ACO075","ACO",75,30,3,NA,NA,NA,NA,0,0,NA,NA,NA,1,NA
NA,NA,2025-11-26,NA,3,1,96,"SH","ACO075","ACO",75,30,5,NA,NA,NA,NA,0,0,NA,NA,NA,1,NA
NA,NA,2026-02-18,NA,4,1,180,"SH","ACO075","ACO",75,30,5,NA,NA,NA,NA,0,0,NA,NA,NA,1,NA
NA,NA,2025-02-28,NA,1,0,0,"SH","ACO078","ACO",78,31,5,NA,NA,NA,NA,0,0,NA,NA,NA,1,NA
NA,NA,2025-04-01,NA,2,0,0,"SH","ACO078","ACO",78,31,3,NA,NA,NA,NA,0,0,NA,NA,NA,1,NA
NA,NA,2025-11-26,NA,3,1,96,"SH","ACO078","ACO",78,31,5,NA,NA,NA,NA,0,0,NA,NA,NA,1,NA
NA,NA,2026-02-18,NA,4,1,180,"SH","ACO078","ACO",78,31,5,NA,NA,NA,NA,0,0,NA,NA,NA,1,NA
NA,NA,2025-02-28,NA,1,0,0,"SH","ACO080","ACO",80,32,5,NA,NA,NA,NA,0,0,NA,NA,NA,1,NA
NA,NA,2025-04-01,NA,2,0,0,"SH","ACO080","ACO",80,32,3,NA,NA,NA,NA,0,0,NA,NA,NA,1,NA
NA,NA,2025-11-26,NA,3,1,96,"SH","ACO080","ACO",80,32,5,NA,NA,NA,NA,0,0,NA,NA,NA,1,NA
NA,NA,2026-02-18,NA,4,1,180,"SH","ACO080","ACO",80,32,5,NA,NA,NA,NA,0,0,NA,NA,NA,1,NA
NA,NA,2025-02-28,NA,1,0,0,"SH","ACO082","ACO",82,33,5,NA,NA,NA,NA,1,0,NA,NA,NA,0,NA
NA,NA,2025-04-01,NA,2,0,0,"SH","ACO082","ACO",82,33,3,NA,NA,NA,NA,1,0,NA,NA,NA,0,NA
NA,NA,2025-11-26,NA,3,1,96,"SH","ACO082","ACO",82,33,5,NA,NA,NA,NA,1,0,NA,NA,NA,0,NA
NA,NA,2026-02-18,NA,4,1,180,"SH","ACO082","ACO",82,33,5,NA,NA,NA,NA,0,0,NA,NA,NA,1,NA
NA,NA,2025-02-28,NA,1,0,0,"SH","ACO086","ACO",86,35,5,NA,NA,NA,NA,0,0,NA,NA,NA,1,NA
NA,NA,2025-04-01,NA,2,0,0,"SH","ACO086","ACO",86,35,3,NA,NA,NA,NA,0,0,NA,NA,NA,1,NA
NA,NA,2025-11-26,NA,3,1,96,"SH","ACO086","ACO",86,35,5,NA,NA,NA,NA,0,0,NA,NA,NA,1,NA
NA,NA,2026-02-18,NA,4,1,180,"SH","ACO086","ACO",86,35,5,NA,NA,NA,NA,0,0,NA,NA,NA,1,NA
NA,NA,2025-02-28,NA,1,0,0,"SH","ACO088","ACO",88,36,5,NA,NA,NA,NA,0,0,NA,NA,NA,1,NA
NA,NA,2025-04-01,NA,2,0,0,"SH","ACO088","ACO",88,36,3,NA,NA,NA,NA,0,0,NA,NA,NA,1,NA
NA,NA,2025-11-26,NA,3,1,96,"SH","ACO088","ACO",88,36,5,NA,NA,NA,NA,0,0,NA,NA,NA,1,NA
NA,NA,2026-02-18,NA,4,1,180,"SH","ACO088","ACO",88,36,5,NA,NA,NA,NA,0,0,NA,NA,NA,1,NA
NA,NA,2025-02-28,NA,1,0,0,"SH","ACO091","ACO",91,38,5,NA,NA,NA,NA,0,0,NA,NA,NA,1,NA
NA,NA,2025-04-01,NA,2,0,0,"SH","ACO091","ACO",91,38,3,NA,NA,NA,NA,0,0,NA,NA,NA,1,NA
NA,NA,2025-11-26,NA,3,1,96,"SH","ACO091","ACO",91,38,5,NA,NA,NA,NA,1,0,NA,NA,NA,0,NA
NA,NA,2026-02-18,NA,4,1,180,"SH","ACO091","ACO",91,38,5,NA,NA,NA,NA,1,0,NA,NA,NA,0,NA
NA,NA,2025-02-28,NA,1,0,0,"SH","ACO094","ACO",94,39,5,NA,NA,NA,NA,0,0,NA,NA,NA,1,NA
NA,NA,2025-04-01,NA,2,0,0,"SH","ACO094","ACO",94,39,3,NA,NA,NA,NA,0,0,NA,NA,NA,1,NA
NA,NA,2025-11-26,NA,3,1,96,"SH","ACO094","ACO",94,39,5,NA,NA,NA,NA,0,0,NA,NA,NA,1,NA
NA,NA,2026-02-18,NA,4,1,180,"SH","ACO094","ACO",94,39,5,NA,NA,NA,NA,0,0,NA,NA,NA,1,NA
NA,NA,2025-02-28,NA,1,0,0,"SH","ACO095","ACO",95,40,5,NA,NA,NA,NA,0,0,NA,NA,NA,1,NA
NA,NA,2025-04-01,NA,2,0,0,"SH","ACO095","ACO",95,40,3,NA,NA,NA,NA,1,0,NA,NA,NA,0,NA
NA,NA,2025-11-26,NA,3,1,96,"SH","ACO095","ACO",95,40,5,NA,NA,NA,NA,0,0,NA,NA,NA,1,NA
NA,NA,2026-02-18,NA,4,1,180,"SH","ACO095","ACO",95,40,5,NA,NA,NA,NA,0,0,NA,NA,NA,1,NA
NA,NA,2025-02-28,NA,1,0,0,"SH","ACO096","ACO",96,37,5,NA,NA,NA,NA,0,0,NA,NA,NA,1,NA
NA,NA,2025-04-01,NA,2,0,0,"SH","ACO096","ACO",96,37,3,NA,NA,NA,NA,0,0,NA,NA,NA,1,NA
NA,NA,2025-11-26,NA,3,1,96,"SH","ACO096","ACO",96,37,5,NA,NA,NA,NA,0,0,NA,NA,NA,1,NA
NA,NA,2026-02-18,NA,4,1,180,"SH","ACO096","ACO",96,37,5,NA,NA,NA,NA,1,0,NA,NA,NA,0,NA
NA,NA,2025-02-28,NA,1,0,0,"SH","ACO097","ACO",97,34,5,NA,NA,NA,NA,0,0,NA,NA,NA,1,NA
NA,NA,2025-04-01,NA,2,0,0,"SH","ACO097","ACO",97,34,3,NA,NA,NA,NA,0,0,NA,NA,NA,1,NA
NA,NA,2025-11-26,NA,3,1,96,"SH","ACO097","ACO",97,34,5,NA,NA,NA,NA,0,0,NA,NA,NA,1,NA
NA,NA,2026-02-18,NA,4,1,180,"SH","ACO097","ACO",97,34,5,NA,NA,NA,NA,1,0,NA,NA,NA,0,NA
NA,NA,2025-03-09,NA,1,0,0,"TH","ACO002","ACO",2,41,5,NA,NA,NA,NA,0,0,NA,NA,NA,1,NA
NA,NA,2025-04-06,NA,2,0,0,"TH","ACO002","ACO",2,41,2,NA,NA,NA,NA,0,0,NA,NA,NA,1,NA
NA,NA,2025-11-16,NA,3,1,86,"TH","ACO002","ACO",2,41,5,NA,NA,NA,NA,0,0,NA,NA,NA,1,NA
NA,NA,2026-03-19,NA,4,1,209,"TH","ACO002","ACO",2,41,5,NA,NA,NA,NA,0,0,NA,NA,NA,1,NA
NA,NA,2025-03-09,NA,1,0,0,"TH","ACO004","ACO",4,42,5,NA,NA,NA,NA,0,0,NA,NA,NA,1,NA
NA,NA,2025-04-06,NA,2,0,0,"TH","ACO004","ACO",4,42,2,NA,NA,NA,NA,0,0,NA,NA,NA,1,NA
NA,NA,2025-11-16,NA,3,1,86,"TH","ACO004","ACO",4,42,5,NA,NA,NA,NA,0,0,NA,NA,NA,1,NA
NA,NA,2026-03-19,NA,4,1,209,"TH","ACO004","ACO",4,42,5,NA,NA,NA,NA,0,0,NA,NA,NA,1,NA
NA,NA,2025-03-09,NA,1,0,0,"TH","ACO009","ACO",9,43,5,NA,NA,NA,NA,1,0,NA,NA,NA,0,NA
NA,NA,2025-04-06,NA,2,0,0,"TH","ACO009","ACO",9,43,2,NA,NA,NA,NA,1,0,NA,NA,NA,0,NA
NA,NA,2025-11-16,NA,3,1,86,"TH","ACO009","ACO",9,43,5,NA,NA,NA,NA,1,0,NA,NA,NA,0,NA
NA,NA,2026-03-19,NA,4,1,209,"TH","ACO009","ACO",9,43,5,NA,NA,NA,NA,1,0,NA,NA,NA,0,NA
NA,NA,2025-03-09,NA,1,0,0,"TH","ACO010","ACO",10,44,5,NA,NA,NA,NA,1,0,NA,NA,NA,0,NA
NA,NA,2025-04-06,NA,2,0,0,"TH","ACO010","ACO",10,44,2,NA,NA,NA,NA,1,0,NA,NA,NA,0,NA
NA,NA,2025-11-16,NA,3,1,86,"TH","ACO010","ACO",10,44,5,NA,NA,NA,NA,1,0,NA,NA,NA,0,NA
NA,NA,2026-03-19,NA,4,1,209,"TH","ACO010","ACO",10,44,5,NA,NA,NA,NA,1,0,NA,NA,NA,0,NA
NA,NA,2025-03-09,NA,1,0,0,"TH","ACO013","ACO",13,45,5,NA,NA,NA,NA,1,1,NA,NA,NA,0,NA
NA,NA,2025-04-06,NA,2,0,0,"TH","ACO013","ACO",13,45,2,NA,NA,NA,NA,1,0,NA,NA,NA,0,NA
NA,NA,2025-11-16,NA,3,1,86,"TH","ACO013","ACO",13,45,5,NA,NA,NA,NA,1,0,NA,NA,NA,0,NA
NA,NA,2026-03-19,NA,4,1,209,"TH","ACO013","ACO",13,45,5,NA,NA,NA,NA,1,0,NA,NA,NA,0,NA
NA,NA,2025-03-09,NA,1,0,0,"TH","ACO016","ACO",16,47,5,NA,NA,NA,NA,1,0,NA,NA,NA,0,NA
NA,NA,2025-04-06,NA,2,0,0,"TH","ACO016","ACO",16,47,2,NA,NA,NA,NA,1,0,NA,NA,NA,0,NA
NA,NA,2025-11-16,NA,3,1,86,"TH","ACO016","ACO",16,47,5,NA,NA,NA,NA,1,0,NA,NA,NA,0,NA
NA,NA,2026-03-19,NA,4,1,209,"TH","ACO016","ACO",16,47,5,NA,NA,NA,NA,1,0,NA,NA,NA,0,NA
NA,NA,2025-03-09,NA,1,0,0,"TH","ACO018","ACO",18,46,5,NA,NA,NA,NA,1,0,NA,NA,NA,0,NA
NA,NA,2025-04-06,NA,2,0,0,"TH","ACO018","ACO",18,46,2,NA,NA,NA,NA,0,0,NA,NA,NA,1,NA
NA,NA,2025-11-16,NA,3,1,86,"TH","ACO018","ACO",18,46,5,NA,NA,NA,NA,1,0,NA,NA,NA,0,NA
NA,NA,2026-03-19,NA,4,1,209,"TH","ACO018","ACO",18,46,5,NA,NA,NA,NA,1,0,NA,NA,NA,0,NA
NA,NA,2025-03-09,NA,1,0,0,"TH","ACO019","ACO",19,48,5,NA,NA,NA,NA,0,1,NA,NA,NA,0,NA
NA,NA,2025-04-06,NA,2,0,0,"TH","ACO019","ACO",19,48,2,NA,NA,NA,NA,0,0,NA,NA,NA,1,NA
NA,NA,2025-11-16,NA,3,1,86,"TH","ACO019","ACO",19,48,5,NA,NA,NA,NA,0,0,NA,NA,NA,1,NA
NA,NA,2026-03-19,NA,4,1,209,"TH","ACO019","ACO",19,48,5,NA,NA,NA,NA,0,1,NA,NA,NA,0,NA
NA,NA,2025-03-09,NA,1,0,0,"TH","ACO021","ACO",21,49,5,NA,NA,NA,NA,0,0,NA,NA,NA,1,NA
NA,NA,2025-04-06,NA,2,0,0,"TH","ACO021","ACO",21,49,2,NA,NA,NA,NA,0,0,NA,NA,NA,1,NA
NA,NA,2025-11-16,NA,3,1,86,"TH","ACO021","ACO",21,49,5,NA,NA,NA,NA,0,0,NA,NA,NA,1,NA
NA,NA,2026-03-19,NA,4,1,209,"TH","ACO021","ACO",21,49,5,NA,NA,NA,NA,0,0,NA,NA,NA,1,NA
NA,NA,2025-03-09,NA,1,0,0,"TH","ACO023","ACO",23,50,5,NA,NA,NA,NA,1,0,NA,NA,NA,0,NA
NA,NA,2025-04-06,NA,2,0,0,"TH","ACO023","ACO",23,50,2,NA,NA,NA,NA,0,0,NA,NA,NA,1,NA
NA,NA,2025-11-16,NA,3,1,86,"TH","ACO023","ACO",23,50,5,NA,NA,NA,NA,0,0,NA,NA,NA,1,NA
NA,NA,2026-03-19,NA,4,1,209,"TH","ACO023","ACO",23,50,5,NA,NA,NA,NA,0,0,NA,NA,NA,1,NA
NA,NA,2025-03-09,NA,1,0,0,"TH","ACO027","ACO",27,51,5,NA,NA,NA,NA,0,0,NA,NA,NA,1,NA
NA,NA,2025-04-06,NA,2,0,0,"TH","ACO027","ACO",27,51,2,NA,NA,NA,NA,0,0,NA,NA,NA,1,NA
NA,NA,2025-11-16,NA,3,1,86,"TH","ACO027","ACO",27,51,5,NA,NA,NA,NA,0,0,NA,NA,NA,1,NA
NA,NA,2026-03-19,NA,4,1,209,"TH","ACO027","ACO",27,51,5,NA,NA,NA,NA,0,0,NA,NA,NA,1,NA
NA,NA,2025-03-09,NA,1,0,0,"TH","ACO032","ACO",32,52,5,NA,NA,NA,NA,0,0,NA,NA,NA,1,NA
NA,NA,2025-04-06,NA,2,0,0,"TH","ACO032","ACO",32,52,2,NA,NA,NA,NA,0,0,NA,NA,NA,1,NA
NA,NA,2025-11-16,NA,3,1,86,"TH","ACO032","ACO",32,52,5,NA,NA,NA,NA,0,0,NA,NA,NA,1,NA
NA,NA,2026-03-19,NA,4,1,209,"TH","ACO032","ACO",32,52,5,NA,NA,NA,NA,0,0,NA,NA,NA,1,NA
NA,NA,2025-03-09,NA,1,0,0,"TH","ACO037","ACO",37,53,5,NA,NA,NA,NA,0,0,NA,NA,NA,1,NA
NA,NA,2025-04-06,NA,2,0,0,"TH","ACO037","ACO",37,53,2,NA,NA,NA,NA,0,0,NA,NA,NA,1,NA
NA,NA,2025-11-16,NA,3,1,86,"TH","ACO037","ACO",37,53,5,NA,NA,NA,NA,0,0,NA,NA,NA,1,NA
NA,NA,2026-03-19,NA,4,1,209,"TH","ACO037","ACO",37,53,5,NA,NA,NA,NA,0,0,NA,NA,NA,1,NA
NA,NA,2025-03-09,NA,1,0,0,"TH","ACO041","ACO",41,54,5,NA,NA,NA,NA,0,0,NA,NA,NA,1,NA
NA,NA,2025-04-06,NA,2,0,0,"TH","ACO041","ACO",41,54,2,NA,NA,NA,NA,0,0,NA,NA,NA,1,NA
NA,NA,2025-11-16,NA,3,1,86,"TH","ACO041","ACO",41,54,5,NA,NA,NA,NA,0,0,NA,NA,NA,1,NA
NA,NA,2026-03-19,NA,4,1,209,"TH","ACO041","ACO",41,54,5,NA,NA,NA,NA,0,0,NA,NA,NA,1,NA
NA,NA,2025-03-09,NA,1,0,0,"TH","ACO045","ACO",45,56,5,NA,NA,NA,NA,0,0,NA,NA,NA,1,NA
NA,NA,2025-04-06,NA,2,0,0,"TH","ACO045","ACO",45,56,2,NA,NA,NA,NA,0,0,NA,NA,NA,1,NA
NA,NA,2025-11-16,NA,3,1,86,"TH","ACO045","ACO",45,56,5,NA,NA,NA,NA,0,0,NA,NA,NA,1,NA
NA,NA,2026-03-19,NA,4,1,209,"TH","ACO045","ACO",45,56,5,NA,NA,NA,NA,0,0,NA,NA,NA,1,NA
NA,NA,2025-03-09,NA,1,0,0,"TH","ACO049","ACO",49,55,5,NA,NA,NA,NA,0,0,NA,NA,NA,1,NA
NA,NA,2025-04-06,NA,2,0,0,"TH","ACO049","ACO",49,55,2,NA,NA,NA,NA,0,0,NA,NA,NA,1,NA
NA,NA,2025-11-16,NA,3,1,86,"TH","ACO049","ACO",49,55,5,NA,NA,NA,NA,0,0,NA,NA,NA,1,NA
NA,NA,2026-03-19,NA,4,1,209,"TH","ACO049","ACO",49,55,5,NA,NA,NA,NA,0,0,NA,NA,NA,1,NA
NA,NA,2025-03-09,NA,1,0,0,"TH","ACO051","ACO",51,57,5,NA,NA,NA,NA,1,0,NA,NA,NA,0,NA
NA,NA,2025-04-06,NA,2,0,0,"TH","ACO051","ACO",51,57,2,NA,NA,NA,NA,0,0,NA,NA,NA,1,NA
NA,NA,2025-11-16,NA,3,1,86,"TH","ACO051","ACO",51,57,5,NA,NA,NA,NA,1,0,NA,NA,NA,0,NA
NA,NA,2026-03-19,NA,4,1,209,"TH","ACO051","ACO",51,57,5,NA,NA,NA,NA,1,0,NA,NA,NA,0,NA
NA,NA,2025-03-09,NA,1,0,0,"TH","ACO054","ACO",54,58,5,NA,NA,NA,NA,0,0,NA,NA,NA,1,NA
NA,NA,2025-04-06,NA,2,0,0,"TH","ACO054","ACO",54,58,2,NA,NA,NA,NA,0,0,NA,NA,NA,1,NA
NA,NA,2025-11-16,NA,3,1,86,"TH","ACO054","ACO",54,58,5,NA,NA,NA,NA,1,0,NA,NA,NA,0,NA
NA,NA,2026-03-19,NA,4,1,209,"TH","ACO054","ACO",54,58,5,NA,NA,NA,NA,1,0,NA,NA,NA,0,NA
NA,NA,2025-03-09,NA,1,0,0,"TH","ACO056","ACO",56,59,5,NA,NA,NA,NA,0,0,NA,NA,NA,1,NA
NA,NA,2025-04-06,NA,2,0,0,"TH","ACO056","ACO",56,59,2,NA,NA,NA,NA,0,0,NA,NA,NA,1,NA
NA,NA,2025-11-16,NA,3,1,86,"TH","ACO056","ACO",56,59,5,NA,NA,NA,NA,0,0,NA,NA,NA,1,NA
NA,NA,2026-03-19,NA,4,1,209,"TH","ACO056","ACO",56,59,5,NA,NA,NA,NA,0,0,NA,NA,NA,1,NA
NA,NA,2025-03-09,NA,1,0,0,"TH","ACO057","ACO",57,60,5,NA,NA,NA,NA,1,0,NA,NA,NA,0,NA
NA,NA,2025-04-06,NA,2,0,0,"TH","ACO057","ACO",57,60,2,NA,NA,NA,NA,0,0,NA,NA,NA,1,NA
NA,NA,2025-11-16,NA,3,1,86,"TH","ACO057","ACO",57,60,5,NA,NA,NA,NA,0,0,NA,NA,NA,1,NA
NA,NA,2026-03-19,NA,4,1,209,"TH","ACO057","ACO",57,60,5,NA,NA,NA,NA,0,0,NA,NA,NA,1,NA
NA,NA,2025-03-09,NA,1,0,0,"TH","ACO059","ACO",59,61,5,NA,NA,NA,NA,0,0,NA,NA,NA,1,NA
NA,NA,2025-04-06,NA,2,0,0,"TH","ACO059","ACO",59,61,2,NA,NA,NA,NA,0,0,NA,NA,NA,1,NA
NA,NA,2025-11-16,NA,3,1,86,"TH","ACO059","ACO",59,61,5,NA,NA,NA,NA,0,0,NA,NA,NA,1,NA
NA,NA,2026-03-19,NA,4,1,209,"TH","ACO059","ACO",59,61,5,NA,NA,NA,NA,1,0,NA,NA,NA,0,NA
NA,NA,2025-03-09,NA,1,0,0,"TH","ACO061","ACO",61,62,5,NA,NA,NA,NA,1,0,NA,NA,NA,0,NA
NA,NA,2025-04-06,NA,2,0,0,"TH","ACO061","ACO",61,62,2,NA,NA,NA,NA,1,0,NA,NA,NA,0,NA
NA,NA,2025-11-16,NA,3,1,86,"TH","ACO061","ACO",61,62,5,NA,NA,NA,NA,1,0,NA,NA,NA,0,NA
NA,NA,2026-03-19,NA,4,1,209,"TH","ACO061","ACO",61,62,5,NA,NA,NA,NA,1,0,NA,NA,NA,0,NA
NA,NA,2025-03-09,NA,1,0,0,"TH","ACO065","ACO",65,63,5,NA,NA,NA,NA,0,0,NA,NA,NA,1,NA
NA,NA,2025-04-06,NA,2,0,0,"TH","ACO065","ACO",65,63,2,NA,NA,NA,NA,0,0,NA,NA,NA,1,NA
NA,NA,2025-11-16,NA,3,1,86,"TH","ACO065","ACO",65,63,5,NA,NA,NA,NA,0,0,NA,NA,NA,1,NA
NA,NA,2026-03-19,NA,4,1,209,"TH","ACO065","ACO",65,63,5,NA,NA,NA,NA,0,0,NA,NA,NA,1,NA
NA,NA,2025-03-09,NA,1,0,0,"TH","ACO066","ACO",66,64,5,NA,NA,NA,NA,0,0,NA,NA,NA,1,NA
NA,NA,2025-04-06,NA,2,0,0,"TH","ACO066","ACO",66,64,2,NA,NA,NA,NA,0,0,NA,NA,NA,1,NA
NA,NA,2025-11-16,NA,3,1,86,"TH","ACO066","ACO",66,64,5,NA,NA,NA,NA,0,0,NA,NA,NA,1,NA
NA,NA,2026-03-19,NA,4,1,209,"TH","ACO066","ACO",66,64,5,NA,NA,NA,NA,0,0,NA,NA,NA,1,NA
NA,NA,2025-03-09,NA,1,0,0,"TH","ACO069","ACO",69,65,5,NA,NA,NA,NA,0,0,NA,NA,NA,1,NA
NA,NA,2025-04-06,NA,2,0,0,"TH","ACO069","ACO",69,65,2,NA,NA,NA,NA,0,0,NA,NA,NA,1,NA
NA,NA,2025-11-16,NA,3,1,86,"TH","ACO069","ACO",69,65,5,NA,NA,NA,NA,0,0,NA,NA,NA,1,NA
NA,NA,2026-03-19,NA,4,1,209,"TH","ACO069","ACO",69,65,5,NA,NA,NA,NA,0,0,NA,NA,NA,1,NA
NA,NA,2025-03-09,NA,1,0,0,"TH","ACO071","ACO",71,66,5,NA,NA,NA,NA,0,0,NA,NA,NA,1,NA
NA,NA,2025-04-06,NA,2,0,0,"TH","ACO071","ACO",71,66,2,NA,NA,NA,NA,0,0,NA,NA,NA,1,NA
NA,NA,2025-11-16,NA,3,1,86,"TH","ACO071","ACO",71,66,5,NA,NA,NA,NA,0,0,NA,NA,NA,1,NA
NA,NA,2026-03-19,NA,4,1,209,"TH","ACO071","ACO",71,66,5,NA,NA,NA,NA,0,0,NA,NA,NA,1,NA
NA,NA,2025-03-09,NA,1,0,0,"TH","ACO074","ACO",74,67,5,NA,NA,NA,NA,0,0,NA,NA,NA,1,NA
NA,NA,2025-04-06,NA,2,0,0,"TH","ACO074","ACO",74,67,2,NA,NA,NA,NA,0,0,NA,NA,NA,1,NA
NA,NA,2025-11-16,NA,3,1,86,"TH","ACO074","ACO",74,67,5,NA,NA,NA,NA,0,0,NA,NA,NA,1,NA
NA,NA,2026-03-19,NA,4,1,209,"TH","ACO074","ACO",74,67,5,NA,NA,NA,NA,0,0,NA,NA,NA,1,NA
NA,NA,2025-03-09,NA,1,0,0,"TH","ACO076","ACO",76,68,5,NA,NA,NA,NA,0,0,NA,NA,NA,1,NA
NA,NA,2025-04-06,NA,2,0,0,"TH","ACO076","ACO",76,68,2,NA,NA,NA,NA,0,0,NA,NA,NA,1,NA
NA,NA,2025-11-16,NA,3,1,86,"TH","ACO076","ACO",76,68,5,NA,NA,NA,NA,0,0,NA,NA,NA,1,NA
NA,NA,2026-03-19,NA,4,1,209,"TH","ACO076","ACO",76,68,5,NA,NA,NA,NA,0,0,NA,NA,NA,1,NA
NA,NA,2025-03-09,NA,1,0,0,"TH","ACO078","ACO",78,69,5,NA,NA,NA,NA,0,0,NA,NA,NA,1,NA
NA,NA,2025-04-06,NA,2,0,0,"TH","ACO078","ACO",78,69,2,NA,NA,NA,NA,0,0,NA,NA,NA,1,NA
NA,NA,2025-11-16,NA,3,1,86,"TH","ACO078","ACO",78,69,5,NA,NA,NA,NA,0,0,NA,NA,NA,1,NA
NA,NA,2026-03-19,NA,4,1,209,"TH","ACO078","ACO",78,69,5,NA,NA,NA,NA,0,0,NA,NA,NA,1,NA
NA,NA,2025-03-09,NA,1,0,0,"TH","ACO081","ACO",81,70,5,NA,NA,NA,NA,0,0,NA,NA,NA,1,NA
NA,NA,2025-04-06,NA,2,0,0,"TH","ACO081","ACO",81,70,2,NA,NA,NA,NA,0,0,NA,NA,NA,1,NA
NA,NA,2025-11-16,NA,3,1,86,"TH","ACO081","ACO",81,70,5,NA,NA,NA,NA,0,0,NA,NA,NA,1,NA
NA,NA,2026-03-19,NA,4,1,209,"TH","ACO081","ACO",81,70,5,NA,NA,NA,NA,0,0,NA,NA,NA,1,NA
NA,NA,2025-03-09,NA,1,0,0,"TH","ACO082","ACO",82,71,5,NA,NA,NA,NA,0,0,NA,NA,NA,1,NA
NA,NA,2025-04-06,NA,2,0,0,"TH","ACO082","ACO",82,71,2,NA,NA,NA,NA,0,0,NA,NA,NA,1,NA
NA,NA,2025-11-16,NA,3,1,86,"TH","ACO082","ACO",82,71,5,NA,NA,NA,NA,0,0,NA,NA,NA,1,NA
NA,NA,2026-03-19,NA,4,1,209,"TH","ACO082","ACO",82,71,5,NA,NA,NA,NA,0,0,NA,NA,NA,1,NA
NA,NA,2025-03-09,NA,1,0,0,"TH","ACO084","ACO",84,72,5,NA,NA,NA,NA,0,0,NA,NA,NA,1,NA
NA,NA,2025-04-06,NA,2,0,0,"TH","ACO084","ACO",84,72,2,NA,NA,NA,NA,0,0,NA,NA,NA,1,NA
NA,NA,2025-11-16,NA,3,1,86,"TH","ACO084","ACO",84,72,5,NA,NA,NA,NA,0,0,NA,NA,NA,1,NA
NA,NA,2026-03-19,NA,4,1,209,"TH","ACO084","ACO",84,72,5,NA,NA,NA,NA,0,0,NA,NA,NA,1,NA
NA,NA,2025-03-09,NA,1,0,0,"TH","ACO086","ACO",86,73,5,NA,NA,NA,NA,0,0,NA,NA,NA,1,NA
NA,NA,2025-04-06,NA,2,0,0,"TH","ACO086","ACO",86,73,2,NA,NA,NA,NA,0,0,NA,NA,NA,1,NA
NA,NA,2025-11-16,NA,3,1,86,"TH","ACO086","ACO",86,73,5,NA,NA,NA,NA,0,0,NA,NA,NA,1,NA
NA,NA,2026-03-19,NA,4,1,209,"TH","ACO086","ACO",86,73,5,NA,NA,NA,NA,0,0,NA,NA,NA,1,NA
NA,NA,2025-03-09,NA,1,0,0,"TH","ACO087","ACO",87,74,5,NA,NA,NA,NA,0,0,NA,NA,NA,1,NA
NA,NA,2025-04-06,NA,2,0,0,"TH","ACO087","ACO",87,74,2,NA,NA,NA,NA,0,0,NA,NA,NA,1,NA
NA,NA,2025-11-16,NA,3,1,86,"TH","ACO087","ACO",87,74,5,NA,NA,NA,NA,0,0,NA,NA,NA,1,NA
NA,NA,2026-03-19,NA,4,1,209,"TH","ACO087","ACO",87,74,5,NA,NA,NA,NA,0,0,NA,NA,NA,1,NA
NA,NA,2025-03-09,NA,1,0,0,"TH","ACO089","ACO",89,75,5,NA,NA,NA,NA,0,0,NA,NA,NA,1,NA
NA,NA,2025-04-06,NA,2,0,0,"TH","ACO089","ACO",89,75,2,NA,NA,NA,NA,0,0,NA,NA,NA,1,NA
NA,NA,2025-11-16,NA,3,1,86,"TH","ACO089","ACO",89,75,5,NA,NA,NA,NA,0,0,NA,NA,NA,1,NA
NA,NA,2026-03-19,NA,4,1,209,"TH","ACO089","ACO",89,75,5,NA,NA,NA,NA,0,0,NA,NA,NA,1,NA
NA,NA,2025-03-09,NA,1,0,0,"TH","ACO092","ACO",92,76,5,NA,NA,NA,NA,0,0,NA,NA,NA,1,NA
NA,NA,2025-04-06,NA,2,0,0,"TH","ACO092","ACO",92,76,2,NA,NA,NA,NA,0,0,NA,NA,NA,1,NA
NA,NA,2025-11-16,NA,3,1,86,"TH","ACO092","ACO",92,76,5,NA,NA,NA,NA,0,0,NA,NA,NA,1,NA
NA,NA,2026-03-19,NA,4,1,209,"TH","ACO092","ACO",92,76,5,NA,NA,NA,NA,0,0,NA,NA,NA,1,NA
NA,NA,2025-03-09,NA,1,0,0,"TH","ACO095","ACO",95,77,5,NA,NA,NA,NA,0,0,NA,NA,NA,1,NA
NA,NA,2025-04-06,NA,2,0,0,"TH","ACO095","ACO",95,77,2,NA,NA,NA,NA,0,0,NA,NA,NA,1,NA
NA,NA,2025-11-16,NA,3,1,86,"TH","ACO095","ACO",95,77,5,NA,NA,NA,NA,0,0,NA,NA,NA,1,NA
NA,NA,2026-03-19,NA,4,1,209,"TH","ACO095","ACO",95,77,5,NA,NA,NA,NA,0,0,NA,NA,NA,1,NA
NA,NA,2025-03-09,NA,1,0,0,"TH","ACO096","ACO",96,78,5,NA,NA,NA,NA,0,0,NA,NA,NA,1,NA
NA,NA,2025-04-06,NA,2,0,0,"TH","ACO096","ACO",96,78,2,NA,NA,NA,NA,0,0,NA,NA,NA,1,NA
NA,NA,2025-11-16,NA,3,1,86,"TH","ACO096","ACO",96,78,5,NA,NA,NA,NA,0,0,NA,NA,NA,1,NA
NA,NA,2026-03-19,NA,4,1,209,"TH","ACO096","ACO",96,78,5,NA,NA,NA,NA,0,0,NA,NA,NA,1,NA
NA,NA,2025-03-09,NA,1,0,0,"TH","ACO098","ACO",98,79,5,NA,NA,NA,NA,0,0,NA,NA,NA,1,NA
NA,NA,2025-04-06,NA,2,0,0,"TH","ACO098","ACO",98,79,2,NA,NA,NA,NA,0,0,NA,NA,NA,1,NA
NA,NA,2025-11-16,NA,3,1,86,"TH","ACO098","ACO",98,79,5,NA,NA,NA,NA,0,0,NA,NA,NA,1,NA
NA,NA,2026-03-19,NA,4,1,209,"TH","ACO098","ACO",98,79,5,NA,NA,NA,NA,0,0,NA,NA,NA,1,NA
NA,NA,2025-03-09,NA,1,0,0,"TH","ACO100","ACO",100,80,5,NA,NA,NA,NA,0,0,NA,NA,NA,1,NA
NA,NA,2025-04-06,NA,2,0,0,"TH","ACO100","ACO",100,80,2,NA,NA,NA,NA,0,0,NA,NA,NA,1,NA
NA,NA,2025-11-16,NA,3,1,86,"TH","ACO100","ACO",100,80,5,NA,NA,NA,NA,0,0,NA,NA,NA,1,NA
NA,NA,2026-03-19,NA,4,1,209,"TH","ACO100","ACO",100,80,5,NA,NA,NA,NA,0,0,NA,NA,NA,1,NA
