genotype,sex,animalNo,expType,birthDate,thrust_mean_m/s,slip_mean_m/s,yaw_mean_m/s,thrust_median_m/s,slip_median_m/s,yaw_median_m/s,cruising_thrust_mean_m/s,cruising_slip_mean_m/s,cruising_yaw_mean_m/s,cruising_thrust_median_m/s,cruising_slip_median_m/s,cruising_yaw_median_m/s,activity_duration_s,activity_fraction,sec_to_first_stop,torque
rei-INT,F,60,free swimming,11-2018,0.059245977145396804,0.021158342880454404,152.89209801390433,0.05656005509086335,0.007814311669155399,59.95383650856638,0.060885987783386566,0.021624993511515814,157.17199515338496,0.05786151882295225,0.00783912181813795,62.646364926581555,28.90363980000001,0.9635060823196134,29.96840550000001,0.001081152406590523
rei-INT,F,29,free swimming,11-2018,0.1446845527617625,0.03767536943629199,289.90917102891206,0.1349498972978101,0.0192521552585699,136.63548432174366,0.1446845527617625,0.03767536943629199,289.90917102891206,0.1349498972978101,0.0192521552585699,136.63548432174366,29.99579999999998,0.9998333611064822,29.990800699999983,0.0012313877726166762
rei-INT,F,13,free swimming,11-2018,0.029457500666489552,0.013401422205912053,92.08156609138895,0.02783777154445465,0.0035052770870094997,22.93087997479688,0.035335147332763495,0.017769955712959144,126.21033144710556,0.033306912121713106,0.0050393908947022,43.3364025896708,20.650319999999947,0.6878853524412598,29.909947499999927,0.0009975808886490212
rei-INT,F,4,free swimming,11-2018,0.06445518028433928,0.02157967694189402,158.46832092284,0.057420882215355,0.0067929329492729,54.21146171028823,0.06730232311762968,0.022336578752271772,165.5558579636162,0.0596517950070547,0.0067903582603272,57.65998329397348,28.276956000000045,0.945024077046549,29.897928000000046,0.0013749658125421537
rei-INT,F,17,free swimming,11-2018,0.11983223978141702,0.031725399792515194,251.40055049338517,0.1076244036375193,0.01302579983596075,104.89289153858294,0.1211805624390116,0.031944511379309905,254.2880030468938,0.1089166278068493,0.0130673311562875,108.92263659885656,29.62788760000007,0.9876687218796867,29.98780120000007,0.0012510721375439521
rei-INT,F,8,free swimming,11-2018,0.05319125944578064,0.018329733257224805,165.02118316026488,0.0479378018035857,0.0041107751350432,32.25473847461302,0.05507984489073568,0.019135274844967624,172.90948650260705,0.0503437928816495,0.004225808434431,34.40768872458477,28.279534499999976,0.9468256094294133,29.859731999999976,0.0016844218812844458
rei-INT,F,20,free swimming,11-2018,0.03338721679362118,0.01866596812332875,109.46088173545365,0.02192872129236955,0.0033888367138370998,17.548490462172595,0.05560807338315087,0.031962687789933907,191.0417106957497,0.05001897963376965,0.015235733960856649,88.85630821815198,16.577347200000027,0.5525745709048492,19.27191600000003,0.000803950552122834
rei-INT,F,25,free swimming,11-2018,0.14393590311387391,0.0298753322810241,243.9625136419059,0.1342842191262562,0.0160931353403275,125.05126028851237,0.14393590311387391,0.0298753322810241,243.9625136419059,0.1342842191262562,0.0160931353403275,125.05126028851237,29.98800000000002,0.9998333611064822,29.98300200000002,0.0013115051787337558
rei-INT,F,36,free swimming,11-2018,0.05636804485015388,0.022965481471303933,178.920783775076,0.0465218756676833,0.00626054971045765,45.97704696082019,0.06593392671950676,0.027206873075615017,213.7884909789757,0.05480165244604495,0.00915018133639375,82.29776256088144,24.761980799999954,0.8251958006998833,29.99739959999994,0.0009002450612696937
rei-INT,F,21,free swimming,11-2018,0.1109816412140718,0.037051091925224565,277.24395509518,0.0859048207888395,0.0109368756771813,80.11775320172632,0.11787303758297177,0.03940895423784849,295.3734917225659,0.0913164813831257,0.0129592934069953,96.09899581776916,28.298141999999956,0.9358125992588672,30.231107999999953,0.0012196734553603181
rei-INT,F,32,free swimming,11-2018,0.07625830718553842,0.021874577470257377,142.31848865204896,0.0708502620659648,0.0047787916603517,33.02310975995226,0.07699623612384651,0.02210741260009892,143.9585666404325,0.07129982086044935,0.00486158547225815,33.69217354708951,29.61644559999995,0.9871688051991335,29.99140059999995,0.0024540077227370484
rei-INT,F,90,free swimming,11-2018,0.016189145652640388,0.011607731897601482,76.21503421342503,0.0128703561977942,0.0035387793627505004,15.411248163707114,0.03031127645965513,0.027180582735686985,190.62648829564833,0.029333557836941353,0.01532870588719715,110.58511427791018,10.215503200000015,0.34060989835027494,29.966808800000045,0.00041365973486699227
rei-INT,F,10,free swimming,11-2018,0.06345014182130893,0.014371295141136197,141.56480112099243,0.0551332249256553,0.0031421069981164,29.762110670816355,0.06617357343815809,0.01507753573720343,148.79491667586814,0.05769030145720115,0.00322867236575705,31.29620452940962,28.85101120000006,0.941544885177453,30.63420840000006,0.0020945400005129822
rei-INT,F,26,free swimming,11-2018,0.02601235529113861,0.012907274684958519,89.91891945083003,0.01071857143699155,0.00419042227057845,14.801189057351394,0.0529771983469785,0.026259133109926,200.68434178645435,0.048027821135421,0.0145337894883612,74.33043196535465,12.287787799999977,0.40959840026662225,25.545400999999952,0.0010072390618859563
rei-INT,F,35,free swimming,11-2018,0.04583206535182481,0.015902886341549616,119.73494570446361,0.0388276612069687,0.004778831303430001,35.30102278119216,0.0503814417995508,0.01774506679604256,135.4501434996373,0.04347197783688455,0.005764272220710151,44.76804619006316,25.836899199999955,0.8611898016997167,29.986401199999946,0.0012436219079785882
rei-INT,F,11,free swimming,11-2018,0.09894199965043148,0.024753507707213056,206.81572990553764,0.08976588310669814,0.0082625840089054,72.66485386170416,0.0990191203674328,0.024772013001022573,206.97468812462003,0.08984532695311889,0.00826868947202375,73.05053759240536,29.971198800000032,0.9988335277453758,29.99119960000003,0.001397903735118586
rei-INT,F,22,free swimming,11-2018,0.045208239276176246,0.01780726034090959,151.316999511209,0.0376960071169255,0.0032608572762087,23.168980986497445,0.06328634815682574,0.025350585806754988,220.09331414474815,0.05788336198177825,0.0058741467102081495,56.22604048604174,19.97600640000003,0.6700643776824035,29.192318400000048,0.0013331257765938796
rei-INT,F,31,free swimming,11-2018,0.12132135791563095,0.031037872680630345,268.0477536861035,0.1127700178168282,0.011811193236304751,91.40606688621347,0.1213886348566345,0.03105239409804062,268.19963794205194,0.1128123952329811,0.011811193236304751,91.64979667182251,29.984197200000043,0.9991668055324112,29.994198600000043,0.001355443945837555
rei-INT,F,14,free swimming,11-2018,0.029228206858326247,0.008836343414157564,72.23998848453533,0.01301912988869955,0.0020459304389988,9.922539839884337,0.05840276087241466,0.017651028726263344,154.60317472620923,0.0540298378243424,0.0037634267845402,31.018108178960667,12.88890719999998,0.4318821165438714,26.37748439999996,0.002029090506872072
rei-INT,F,3,free swimming,11-2018,0.06525037116359911,0.02116805590150482,164.72893796794025,0.0529942553632725,0.005313374891453,40.61028390228172,0.0784012660803991,0.02589894988898062,202.64606316580742,0.0666773187928029,0.0086984633164645,66.77941130918441,24.084772400000002,0.8033880218754168,28.283512400000003,0.0013402520100381638
rei-INT,F,1,free swimming,11-2018,0.07149005734107775,0.017163745818164232,145.54285603131487,0.0617294462551888,0.00408510534420315,33.58202862067117,0.07440053084942341,0.01795472309792326,152.51961303495267,0.0646801616026648,0.0043693154616945,35.862760314408604,28.286374200000036,0.9474460383429414,29.72731020000004,0.002165810338235403
rei-INT,F,18,free swimming,11-2018,0.14773186834197227,0.04534388256306593,395.88441044801294,0.135396737598853,0.02851946326345765,228.7635205119784,0.14993074968613293,0.04598013472839655,401.9447419826136,0.13696844815165665,0.029410258634535752,239.6416138646032,29.490559999999956,0.9838252459563115,29.960409599999956,0.0007958466460609873
rei-INT,F,7,free swimming,11-2018,0.07828726608316333,0.02152770177162844,158.21690814782346,0.07140356825559754,0.0050420220911808,36.61054208887293,0.07948274814634657,0.02183307844048985,160.77838565245375,0.0723140255827877,0.0050878144670478,36.940881230421496,31.194384899999985,0.9806167400881057,31.786962099999982,0.0022036730588347844
rei-INT,F,15,free swimming,11-2018,0.07958931871802737,0.028304409223667417,201.4364738047818,0.0642203981320548,0.0084666246723263,51.588075838921554,0.08453336834590941,0.0299144988390141,215.16522781773676,0.0685627667357814,0.00892246416017535,57.13596400771337,28.364649600000046,0.9263515278140506,30.611750400000048,0.001484361619254769
rei-INT,F,23,free swimming,11-2018,0.014739613771553358,0.005094344949093673,38.98538562457127,0.0046638511900346,0.0006285015473694,2.853493097504156,0.05988983987343225,0.025479309756261267,208.64737737916752,0.0517269957884428,0.0044071456330414,24.992909184334167,5.080568299999993,0.17161760734539563,29.26023599999996,0.00216599727365059
rei-INT,F,30,free swimming,11-2018,0.08713545256306478,0.020759314200918814,159.5041253996363,0.011536433545603849,0.0026403940095751,10.194301621910995,0.1760124956189424,0.04148130042211407,324.15384620140253,0.1642132458306119,0.0265200153955314,206.44283643177917,14.54383640000003,0.48475254124312617,14.53883680000003,0.0010369868142024122
rei-INT,F,27,free swimming,11-2018,0.1751223063427552,0.045430295760676684,362.0080417302566,0.15776388389933654,0.030996653116346952,222.03283267496087,0.17520015718604054,0.04544604622397141,362.1688002556333,0.1578423689941895,0.0310164418700268,222.19048824001027,29.98020240000005,0.999333444425929,29.99020080000005,0.0009256771954594482
rei-INT,F,34,free swimming,11-2018,0.17728468694781988,0.04845518198071501,351.6063287173736,0.1656097832275352,0.0346850947432406,258.51647853714326,0.1776483168457326,0.04854591077255384,352.27247518354574,0.1657187837130543,0.0350434416318853,259.3298376942755,29.93440129999994,0.9976670554907515,29.994400099999943,0.0008865231451660548
rei-INT,F,80,free swimming,11-2018,0.06592749082877163,0.02630362566654381,173.34058609178226,0.0635206151957049,0.00677088557107605,52.48007658269672,0.07514254423565703,0.029896338890361196,197.77406344652448,0.07056827388926515,0.010164991811152,72.14845185905006,25.878447200000025,0.8625229128478586,29.99320030000003,0.0011517269926463371
rei-INT,F,19,free swimming,11-2018,0.04260131922704798,0.010501340246039041,81.44912841421166,0.040096221744451044,0.0031152728466474497,25.29286833379274,0.04593182376003586,0.01138440271715802,89.56708527870873,0.0432243573429065,0.00328458183450165,28.9994513124352,26.26527139999995,0.875520746542243,29.969604499999942,0.0017767231491860158
rei-INT,F,6,free swimming,11-2018,0.05566324773784955,0.01753264883937628,126.46601904457631,0.0504765427729716,0.0037086881620451,25.105465044248376,0.058822776732172205,0.018762028074811244,135.9083847109801,0.05352177000574275,0.0039089081845221,27.141336403890378,27.446390400000055,0.9198606271777003,29.81756020000006,0.002155968796467224
rei-INT,F,38,free swimming,11-2018,0.06461111510034374,0.01570879474769039,115.2754754722735,0.05423725934367525,0.003515399637958,20.58222932105096,0.07236930098480075,0.01762158908998382,130.39393431715135,0.0593460078383022,0.0042387892519083,27.301012593886757,26.130881699999975,0.8713547742042993,29.97880269999997,0.0025526371383375558
rei-INT,F,2,free swimming,11-2018,0.05386621440103069,0.019850425562119307,159.24588081510655,0.0372769055913045,0.0045063308205384,34.07046693632765,0.06876583311127069,0.026222005494204493,212.8894928897924,0.050975932037173,0.0079799747165705,68.21164379574896,21.940318200000043,0.7331640833778728,29.90552940000006,0.0010541979323377604
rei-INT,F,24,free swimming,11-2018,0.0724639615621368,0.020083616444450142,159.14741357017851,0.0483180901858648,0.0041328850373632,23.558022038201894,0.10442333914859864,0.029001041944996822,233.93484706750968,0.0879066931239556,0.0089350263514497,68.24432570020322,19.918035999999972,0.6690840719849583,29.761111999999958,0.0015401199688737362
rei-INT,F,16,free swimming,11-2018,0.10762630557997574,0.051040837785517275,440.7545762625032,0.10235139900439325,0.03669597902093495,264.34475991477484,0.11512404970453367,0.05471293556961094,473.31805139706,0.109028896167083,0.0418366173015048,301.50690789641885,27.886707499999947,0.9290118313614397,28.396921699999943,0.0005024903464278508
rei-INT,F,9,free swimming,11-2018,0.028284630230305023,0.010706671371075366,86.30003316573803,0.0174029853472905,0.001577663273706,9.196865959864908,0.052408603018200536,0.021343098976516484,175.23403973755578,0.0437193928216351,0.0045696319503805,35.48883215735543,14.100945999999979,0.47039210456121633,27.37830399999996,0.0014784499599032174
rei-INT,F,12,free swimming,11-2018,0.05849807456528045,0.02510387224581579,179.9790539601416,0.055594042252674045,0.0125645589352596,79.86587587352112,0.061192786334138466,0.02578320397295954,188.16308475494031,0.05786196856388365,0.0123413203508653,84.91922283488628,28.955688599999952,0.942845983595886,30.69494909999995,0.0008837441256888138
rei-INT,F,5,free swimming,11-2018,0.043573863096001565,0.03167675704983825,204.91219767161155,0.03844037663496,0.01758041728682825,82.93421631283238,0.0514433977553706,0.03651275600200378,244.7854124982921,0.04718912842929855,0.0229774853708989,122.15934014399465,24.260851200000037,0.8082100493136078,29.937986400000046,0.0005896335067394554
rei-INT,F,28,free swimming,11-2018,0.059830627088440724,0.02879008384349056,219.0587509577811,0.0446863850160001,0.008849148637555,48.383490266124696,0.0925406421013276,0.04383686665987273,342.5680591518201,0.082451127624906,0.03064933634073585,251.36002301515106,18.745125000000012,0.6248958506915514,20.739606300000013,0.000547402553190279
rei-INT,F,70,free swimming,11-2018,0.07242982079722717,0.0322766248544583,209.61914675690693,0.061423820280024896,0.008301629223515801,54.054073623433396,0.07308935919531226,0.03251700500904018,211.44746997897033,0.0618176521929849,0.0082418727881499,54.23238122280054,29.673899499999944,0.9886685552407932,29.953983499999946,0.0014580798818117817
rei-INT,F,33,free swimming,11-2018,0.1043560124466055,0.041629497653246306,329.37721823381463,0.09892102992066745,0.0275618199597726,201.7361374300663,0.10606891718676219,0.042198733196609085,334.6491949906238,0.10012386408949506,0.0287803649484612,206.17484990473403,29.45292960000007,0.9818363606065655,29.97780360000007,0.0006429772801474652
rei-INT,F,37,free swimming,11-2018,0.048034273660584235,0.013363640569279689,95.76647025946849,0.01137176523934125,0.0030081602176047504,17.676963062712048,0.10849242018372592,0.02883467725578884,213.53541260393698,0.094885588361592,0.0100491177778445,69.7750905672251,12.193292699999994,0.40643226128978505,26.671265499999983,0.0017553649528005894
rei-INT,M,60,free swimming,11-2018,0.11306955770304115,0.032300704834980015,226.88764432422153,0.09403735724517455,0.010853333662994648,73.61903348585486,0.15771104003264297,0.0445232628040424,316.56671185777446,0.13405651460803936,0.0293758047440891,196.43110666344938,21.30596399999998,0.7098816863856025,30.003398599999972,0.0010392989167231164
rei-INT,M,29,free swimming,11-2018,0.09334721125741785,0.022884512978341143,151.9146209828532,0.0869392952438121,0.00378052987186975,20.692077730831215,0.10678555196796866,0.026359384258684313,175.96811721247514,0.09932637374736,0.0048645297058872,28.56388790122537,25.66089360000004,0.8553574404265956,29.98020240000005,0.0037898163971102207
rei-INT,M,8,free swimming,11-2018,0.048390942063526274,0.018125332478795185,111.65548445743255,0.0444822832347222,0.00407710280989885,23.418289133530834,0.050001736563152974,0.018875856449972313,116.9109151843143,0.0459333800005139,0.004146842341771199,24.100629068581014,28.1167902,0.9431833445265279,29.8025163,0.0021020859531395604
rei-INT,M,12,free swimming,11-2018,0.03263813333943919,0.01392633405681236,145.51160081771587,0.00574326199572085,0.001202673486751,4.500137699176321,0.08071230341940197,0.035704393802306306,382.5116764626784,0.0748653817101827,0.020560645812864098,160.06735952584563,11.260900799999979,0.37527078820196635,11.380910399999978,0.0007786262857497857
rei-INT,M,20,free swimming,11-2018,0.03549250972108288,0.006881635621132054,41.113976043179925,0.0340344923800959,0.00226491443773195,14.261227587428493,0.04162152883115012,0.00811857430963199,49.53704845049737,0.03978005607544415,0.0025001602321343,17.172209622742685,22.47560640000004,0.7495417430428262,29.920838400000054,0.002565722506797211
rei-INT,M,13,free swimming,11-2018,0.0322401273207669,0.007543071147786411,45.556126672250365,0.02646033426139445,0.0016617245901568499,7.787952697917855,0.04963163755878641,0.012175254835370013,76.47493408130032,0.0412251163370304,0.0025983673409532,14.092506662427695,16.174698999999993,0.5387435427428762,30.012996999999988,0.0034093077056185244
rei-INT,M,25,free swimming,11-2018,0.11958002696900873,0.027722579756451513,197.6131493778883,0.1036714024816926,0.00653771020772885,54.58357693111395,0.12309985015262992,0.028561804392053223,203.739200000636,0.1079814414117701,0.0068590688476431,58.53821652876832,28.993115799999973,0.9660056657223796,30.003398599999972,0.0023231276416484955
rei-INT,M,2,free swimming,11-2018,0.057177136853136246,0.014584331723996343,110.97412584741735,0.0518415056991368,0.0028405595634485,19.378587617580934,0.05860076833423806,0.015033896805440981,114.63997793911757,0.0533408062636944,0.0029191206592815,19.87917971901773,28.19624389999996,0.9611504907306434,29.311936999999958,0.0028390313453030736
rei-INT,M,21,free swimming,11-2018,0.06023885693317038,0.01754468553922115,115.17159536596498,0.0587642298460536,0.00578383567076035,37.903404634670345,0.060338838129722724,0.017570165981521994,115.36668701719299,0.0588281388124976,0.0057813256954143,37.92205879647952,29.92440149999994,0.997333777703716,29.98940019999994,0.0017303525940012357
rei-INT,M,32,free swimming,11-2018,0.034571682629495955,0.013572842600777402,94.16772417549822,0.03212084232924195,0.00343367677158475,20.126273615460377,0.04068973359582889,0.017093521525083928,121.41039668958796,0.0381049747230564,0.0041458769506035,29.63222748780936,22.187897599999967,0.7397100483252791,29.885433599999956,0.0015973896704204738
rei-INT,M,17,free swimming,11-2018,0.1389851206519735,0.03861279300490492,290.8753423606822,0.11347278448616316,0.01707612530271695,128.71533284930052,0.15133914455563854,0.04224381567384027,318.31316741701073,0.12647838431445618,0.02235219262233655,164.4150189409487,27.314695199999985,0.9108481919680054,29.96820839999998,0.0012261552231463066
rei-INT,M,90,free swimming,11-2018,0.04070441037657968,0.015994733839580676,93.23414478888161,0.037364540074050545,0.0029923460133077,15.323777128016314,0.046004130630171315,0.018804776674389338,110.94548106559287,0.0429547775727092,0.0039890409974299,22.01863778004736,24.583355499999985,0.8190301616397268,29.960182999999983,0.0023386223832826346
rei-INT,M,10,free swimming,11-2018,0.05336635521597734,0.013756715993693104,95.91167466750493,0.0463423220103309,0.0031946936980757,16.576893108691593,0.05687207290181518,0.014796408587846834,104.02633436616478,0.04917040846066935,0.0034372875096343,18.233819148662178,27.190480000000054,0.9081196581196581,29.929521000000058,0.0029122076542860515
rei-INT,M,26,free swimming,11-2018,0.053059731596506815,0.013308265363317714,78.40467778567805,0.0502956869648732,0.0022615779881849504,15.064143482033998,0.055257745713615164,0.013932027664107154,82.49621409577588,0.05233609468030845,0.0022982182692951,15.485018313813725,28.08807420000007,0.9368438593567738,29.956615600000074,0.0032450211507460574
rei-INT,M,1,free swimming,11-2018,0.04987911795454906,0.019265470631249823,120.13819907133465,0.0444188824661406,0.0042300746099135,27.190539457272678,0.05711134877610044,0.02229883352448331,140.45547488294875,0.05021762790410005,0.00489774974671865,34.20682979531264,24.4481398,0.8304601601737478,29.4033038,0.0018016876728184264
rei-INT,M,22,free swimming,11-2018,0.08863027714194546,0.019851777155947745,136.33040498337996,0.0479141555598865,0.00351627665854165,20.875265792142272,0.12142570050858617,0.02707295506306931,187.93139635619318,0.0748039685190692,0.0068003194349191,51.100542511414915,21.206182199999958,0.7068821863022829,29.079764699999945,0.002041146122169892
rei-INT,M,31,free swimming,11-2018,0.1717037838862149,0.04977542937268327,465.8981337587922,0.1546207184881238,0.02719212415141215,181.02041903410964,0.1742107726037107,0.05054071444533069,473.2444851000507,0.15696868657339114,0.028014172115618602,186.72031100213644,29.511143999999945,0.9838360273287785,29.986001499999944,0.0010410753631842902
rei-INT,M,14,free swimming,11-2018,0.0973380619798994,0.031095624594200125,208.074488441985,0.07576568371464559,0.0101236355795698,63.061759995099465,0.11559443392283231,0.03707357842771609,249.2029774436109,0.096726443672997,0.0213473088175195,120.6029647583815,24.829468499999976,0.827362106315614,30.00039909999997,0.0011554034087283749
rei-INT,M,50,free swimming,11-2018,0.03614075372244826,0.010797892294122844,60.23476050197841,0.0350993194727343,0.0041580007605956995,19.806946878514964,0.04192239544836231,0.012368965620604208,71.60585178625436,0.0401531099814212,0.0043000593502007505,22.74391611720148,23.300952000000013,0.7758706882186303,30.011986500000017,0.0020519017299872972
rei-INT,M,7,free swimming,11-2018,0.07194991438622211,0.02295594729507758,167.48473718226825,0.0609830172978075,0.0046414025883253,37.26157338145697,0.07459289161837074,0.02382543001290435,174.46264609495077,0.06322976294394994,0.0048141248161698,38.86684002531027,28.458307200000046,0.9528655597214784,29.85802720000005,0.001884930491784443
rei-INT,M,5,free swimming,11-2018,0.06784240011134723,0.021456340991047047,151.65565801029456,0.0547298278546689,0.0045042970004499,29.315957312228136,0.08254192098879701,0.02640852909580814,187.82700068776373,0.0706716600978422,0.0063125526102542,46.55624398660052,23.958009000000022,0.7983742004264393,29.944512000000028,0.0017978529496338739
rei-INT,M,11,free swimming,11-2018,0.06118572698653718,0.017544461478954474,133.25712104009946,0.038512141045155296,0.00164853815911315,10.82685929366587,0.105863856703042,0.03051849257902426,232.82015337295226,0.0885327802620411,0.0111906563880993,93.05942567339116,17.01261789999999,0.5670721546408932,17.21258989999999,0.0013183129843815117
rei-INT,M,18,free swimming,11-2018,0.03460122428531733,0.007791949961794355,64.8092185085736,0.0317988024924,0.0022236312911542502,9.538533434584906,0.04113156175723562,0.009341836204949137,84.0885542869327,0.0382438969412844,0.00239407013319605,13.646551572989551,21.94403519999997,0.7308781869688386,29.99918719999996,0.0034914120635598893
rei-INT,M,15,free swimming,11-2018,0.06685947883943413,0.014000204887622936,74.79135283839886,0.0667799674769884,0.0036110734277184997,22.721638744390482,0.06769170901092865,0.014148551313964749,75.78164847565064,0.0672508002195189,0.0036695518107857,23.25257601162889,29.50381979999997,0.9833361106482253,29.98880039999997,0.0032037432654595252
rei-INT,M,23,free swimming,11-2018,0.040035062957125105,0.011194726494812464,85.19187817244843,0.02676991556098285,0.0021731434946799,12.22226360730474,0.06001010172332132,0.01792643908993212,139.24485987127724,0.0470114751131854,0.0039787683356055,25.85972024067189,17.076115800000018,0.5694050991501416,29.239787400000033,0.002314770959694749
rei-INT,M,30,free swimming,11-2018,0.11883249217176753,0.036083246084551,310.4728451236944,0.11655871937675374,0.01626844252958095,143.30289731466905,0.1477060097935987,0.04500633853964088,387.7845167083246,0.14071401072758524,0.02867669798730925,257.91297425648736,23.92521400000004,0.7975337443759374,24.03019300000004,0.0007195096244912655
rei-INT,M,27,free swimming,11-2018,0.07624743776727892,0.021560128595671108,185.1937284726627,0.053842420986614445,0.0045848458259256,30.788940251585473,0.09941347052152631,0.02817170466484909,245.4275430281132,0.0791895401619473,0.0085751780041363,72.61907101026281,22.216332899999976,0.7403766038993501,29.97179819999997,0.0015703018503845864
rei-INT,M,34,free swimming,11-2018,0.038173568768719586,0.009612788840087904,70.4613722481813,0.0049641764105945,0.0008793142215551501,3.330711198634617,0.14763978859380236,0.03827904832204096,289.5542665179422,0.1264123989006313,0.0169066037330422,155.68613102245195,7.057317199999985,0.23529411764705882,7.052319099999985,0.0011597964807937228
rei-INT,M,80,free swimming,11-2018,0.06273881460521306,0.021228542755148266,125.50092316357667,0.05944247046761185,0.0056187847944537996,28.927406012528323,0.0642942757634922,0.02170659323262361,128.78277516454733,0.060616215276903196,0.00567250097559195,29.632311654322052,29.041742399999972,0.9678386935510748,29.996799699999972,0.002383966676984494
rei-INT,M,19,free swimming,11-2018,0.07712145688629207,0.019590211391091628,132.42646393551865,0.0583817836383706,0.0030541908602176497,15.247772526777226,0.1095963640758238,0.028211781455640364,192.23903358884166,0.0932200200407021,0.008804901435347,60.39680642265921,20.51637949999998,0.6840526578903516,21.600923799999983,0.001877000946385955
rei-INT,M,4,free swimming,11-2018,0.0652882781564102,0.025342676811336597,178.4730292215672,0.05969808077607615,0.0040617968548213,32.48652872250091,0.06599779301817313,0.025666328973494964,180.94691177618577,0.060358169026277095,0.00409538730229235,32.726939817649736,30.124698999999943,0.9839362674676766,30.608517499999945,0.0019065061320341517
rei-INT,M,6,free swimming,11-2018,0.06535172892671146,0.01954933157535194,150.83890536164836,0.0398465478663813,0.0021006660507468,10.55288378466912,0.11808960092431472,0.03532309058229544,273.96350065128473,0.1027555405995575,0.01322489876511725,96.79411545141559,16.395489999999977,0.547104350146784,16.475467999999978,0.0012804581695314288
rei-INT,M,40,free swimming,11-2018,0.07225191841969623,0.020812825400940246,160.4862897619737,0.05337880302062485,0.0038958887125052502,29.730791697215864,0.11003057331687745,0.031622625765268246,245.82014788473336,0.0957612422900672,0.01378469422230675,124.0788099581323,19.33993800000002,0.6448925179136811,19.56981840000002,0.0009580838563805636
rei-INT,M,9,free swimming,11-2018,0.08611539752636177,0.025982748677614926,196.3195403800499,0.0797651624100091,0.0066309463041275,58.14048880419875,0.08688038658774579,0.026223084649820982,198.31027364658965,0.0804692091134063,0.0067184845640797,59.91985250389576,29.40234800000005,0.9885752688172043,29.722156000000048,0.001600962064148881
rei-INT,M,28,free swimming,11-2018,0.13246667876607524,0.0399181311215227,368.4884158665761,0.07618112947730685,0.007403298893402049,38.3701533545036,0.22733562888483358,0.0678549425672755,633.6804076306959,0.19977049292217935,0.045299820134142896,383.9523332015574,17.27550720000001,0.5759040159973338,17.32549420000001,0.0007613817426397148
rei-INT,M,70,free swimming,11-2018,0.057727367229374035,0.01993070536791738,117.41773772161429,0.04956667883216835,0.00612637712562315,33.1552391111245,0.06172126550225147,0.021284817319548354,126.68126939165295,0.0530252241748066,0.0065568391939018,40.41345090101913,27.3477345,0.9119559779889945,29.972997000000003,0.0017113363297503238
rei-INT,M,16,free swimming,11-2018,0.05882405762122891,0.02177432857893106,277.54023376089856,0.035540832278318,0.00519170978068235,44.67671896100569,0.077628553374921,0.028810932159136524,377.7696018797651,0.0525291091583993,0.0130714125874366,134.26068185381155,21.62240499999996,0.720713214464256,29.386473199999948,0.0007577129248395012
rei-INT,M,33,free swimming,11-2018,0.05957111943572205,0.015689503308316272,112.4666816001854,0.014179736075117199,0.0016231647960801001,7.011394398983839,0.11757530618981255,0.03132292799391129,227.44702361526228,0.1099452727932853,0.0163947135764033,94.2899654293342,14.602663200000023,0.48675220796533913,17.06226960000003,0.0014503410548155453
rei-INT,M,24,free swimming,11-2018,0.050980816878832984,0.012222023649007728,82.01378915532439,0.0351457523531081,0.00229868148772345,12.194002410944904,0.07441933493608727,0.01819368960181047,123.61505041916843,0.0599468298873511,0.0036421392193591,17.453442431442223,18.92235049999999,0.6307282119646725,29.975802799999983,0.0036328327216061246
rei-INT,M,3,free swimming,11-2018,0.06589961334282347,0.017806942682031538,138.37468469118437,0.058629358080871,0.0039339827666269,29.824242121023303,0.06714262002873184,0.018188157930300052,141.57489496444526,0.0595049979825917,0.0040172743565708,30.548374617787037,29.121097500000054,0.9733743644634734,29.893657200000057,0.0020897397730483807
rei-HT,F,55,free swimming,11-2018,0.057428755563100224,0.019996463708740402,178.08097642317696,0.0521102376226975,0.0056362144172363,51.05750655106789,0.05981167572857213,0.021061369359244467,187.79956517160346,0.0542402844859302,0.006077859365425,57.500482420408616,28.828135799999956,0.9413838120104439,30.611154599999953,0.0011489329395337868
rei-HT,F,44,free swimming,11-2018,0.17584676652293255,0.044582499038511164,298.66470588061736,0.15979467691323074,0.02907581651126585,195.43269888932855,0.17584676652293255,0.044582499038511164,298.66470588061736,0.15979467691323074,0.02907581651126585,195.43269888932855,30.006599999999978,0.9998333611064822,30.00159889999998,0.0010570513670570625
rei-HT,F,8,free swimming,11-2018,0.04520790140373416,0.01514661527448513,103.97294627461449,0.03834173544273225,0.0040413871446031,22.883861029644237,0.05524007108783924,0.018975228306668486,132.32851309818662,0.04840364999682285,0.00532458018763955,36.277538892846906,22.499652000000026,0.7595959595959596,29.612573900000037,0.0015600978440614053
rei-HT,F,61,free swimming,11-2018,0.046071396460347296,0.018794624836159613,135.39861499257793,0.01369375945667,0.0019260603987002,5.697511610804895,0.0921911592809594,0.037764474949909185,276.7004768295791,0.077362912005559,0.0129016029483431,118.51393442603352,14.732368300000006,0.4828264289459885,30.504762600000014,0.0008980954021141724
rei-HT,F,42,free swimming,11-2018,0.06788141654229955,0.021840981221111673,176.27681904288383,0.0613005664020102,0.0049507835675054,38.74672525159895,0.06861763183191706,0.022109742894243722,178.6518502615268,0.0617727356142212,0.0049740943754606,39.06589214531664,29.34572540000006,0.9840439796192009,29.80556440000006,0.0017399259966286267
rei-HT,F,49,free swimming,11-2018,0.04119723638924814,0.014149629968113111,104.456312004082,0.0368474224940702,0.0027954451376666,19.41790539761712,0.04726295871982705,0.016936093437840107,125.97148868112093,0.042804218279799244,0.0034339993937589,23.7764202947206,23.952812,0.8055406132329209,29.719081600000003,0.0019757507856180156
rei-HT,F,56,free swimming,11-2018,0.07104998341764955,0.0163564244539072,127.0470346194892,0.057036942406708147,0.00392949267141375,32.50823793011257,0.07531957140596064,0.01739711134158672,135.88524159021512,0.0603522177901483,0.004176306767873,36.58251464440241,24.973488099999987,0.9244584336234031,26.944157899999983,0.0020495854438279276
rei-HT,F,65,free swimming,11-2018,0.00984814184055055,0.0048885312253470386,39.33228554374576,0.0016390994967251,0.0002244803359888,1.078705166403182,0.04238491692229367,0.025497819680496872,210.95382878736496,0.040591235095682146,0.00551629153727,67.42441454223069,5.375193599999998,0.1760544930573749,30.523420799999986,0.0008239314519731947
rei-HT,F,40,free swimming,11-2018,0.06526727699940243,0.02230081809246993,165.7296898477428,0.0505904012631974,0.0039465891639652,25.955420108223848,0.09434807006454965,0.031995789585346004,239.82135796410898,0.0771416490631438,0.0099888442364996,75.18300131650122,20.24783430000003,0.6747208798533578,26.038644900000037,0.0013971999861039789
rei-HT,F,26,free swimming,11-2018,0.04350917543866449,0.013362960023391683,116.90874759723009,0.0227367265338922,0.0025123544236568,17.000744885024233,0.07355565555496037,0.023307764306868345,208.82698961045935,0.0542281849982211,0.0082539115068326,95.50888158456416,16.059011399999974,0.5388427538173051,29.79479519999995,0.0009783769630237946
rei-HT,F,17,free swimming,11-2018,0.06566745798415399,0.022552237579879283,177.06140492074462,0.0613166744949147,0.0096727278994234,67.40766780225682,0.06682377945250148,0.022848646047057577,180.3253955953437,0.062300051334046,0.0096864853993341,68.95450999313368,29.19995189999997,0.97651141064994,29.882361599999967,0.001119088776210096
rei-HT,F,23,free swimming,11-2018,0.06587375965441555,0.02403474474384741,182.8067175373558,0.00902929759120965,0.00162057705259765,6.341818286318812,0.1422845562843879,0.052738614710717335,406.1638032808348,0.1317869026045692,0.03427233056187405,252.5614010073241,13.361068799999973,0.4452591234794201,13.356068399999975,0.0007561159613779466
rei-HT,F,30,free swimming,11-2018,0.0504135516305837,0.01989086686252178,163.8851171544076,0.04416575934888965,0.00481535534453305,36.76007477411076,0.05497355505316403,0.021925235401360366,181.7814980213202,0.0474232703740316,0.0054227147916686,45.39489805811172,26.301170900000013,0.886685552407932,29.583256500000015,0.0012690025053751493
rei-HT,F,21,free swimming,11-2018,0.05473441544984192,0.018379896702399035,131.69075611199247,0.043852936958859154,0.0034612838185195003,22.61166938460235,0.06316809518686746,0.021672194963708553,156.60262796343275,0.05053987321694575,0.00438419480507325,30.91416845737527,25.489719000000036,0.8260250937782951,30.850303500000045,0.0019607678392672893
rei-HT,F,59,free swimming,11-2018,0.04594035668497812,0.0158073452281536,137.99377027454668,0.04029891013141685,0.00298026364858325,22.0528398168085,0.04972141813016587,0.017670207966447696,154.94129454157664,0.0436000230501274,0.0032425979729462,27.80769927191784,26.599359299999968,0.8789800502047826,30.229634099999966,0.001815657888041506
rei-HT,F,12,free swimming,11-2018,0.07619683028236426,0.024681450684843505,193.65897292112547,0.04162040537262125,0.0078138260716165,59.67960025265562,0.09195094772101901,0.030419780664914728,240.0312711865226,0.0608575078093378,0.0142390584760238,113.6078661661827,23.7273318,0.7903682719546742,30.0105974,0.0009089247447981901
rei-HT,F,38,free swimming,11-2018,0.04398334491030465,0.016091379808397928,116.46188322461468,0.0402653330481361,0.003758304997472,25.65631501835952,0.046479996861467594,0.01733730159637573,126.27533477092855,0.042514754788646,0.0040163770137466,28.28849065495831,26.980765899999973,0.9063172043010753,29.73766159999997,0.0017229848801131415
rei-HT,F,45,free swimming,11-2018,0.05156162231090118,0.020707523774044743,138.1150156710772,0.0447135688942215,0.005257871834554,31.838080413109537,0.05472065113799355,0.02223355376292643,149.46898908762003,0.0475591356283701,0.00559505212923,36.33099269529794,27.727465499999976,0.9119736842105263,30.367795499999975,0.0015409876632871676
rei-HT,F,60,free swimming,11-2018,0.10212743742632159,0.04204362756916713,272.07809949582384,0.06298387565154295,0.01251903123374665,67.24945848305737,0.16343128410190538,0.06675636004294966,435.6891165531497,0.1465163136033962,0.0470422323085807,293.6192447428425,18.60132229999999,0.6197300449925013,30.005198299999982,0.000700159081213771
rei-HT,F,53,free swimming,11-2018,0.04652047449491281,0.020256561769024833,145.14573676260437,0.04093628926554895,0.0037252715569714,27.497107052631975,0.05812070206977308,0.025953664652618853,187.67979010022324,0.050798431701740504,0.005888789186298,44.64872859016822,22.65245200000001,0.7594257346035154,28.623734400000014,0.0013656152011221057
rei-HT,F,51,free swimming,11-2018,0.13385727025047156,0.04776287393258105,385.85610751749266,0.11283829659616895,0.03126647218710525,220.08052469425365,0.15960736491524682,0.05710559327690535,461.442233511208,0.13854387824852504,0.043051061588627496,312.84670305598183,25.04701119999998,0.8345275787368772,25.10702799999998,0.0006714051054617692
rei-HT,F,13,free swimming,11-2018,0.17906011375539663,0.0390288340697508,276.79343788581826,0.15683496988389,0.0230252211482303,147.46441669904016,0.1791949168260078,0.03905357253573535,276.96260778049367,0.1568763469505437,0.02305195502417785,147.66329470156165,29.969400599999943,0.999,29.98940019999994,0.0012959493028562026
rei-HT,F,15,free swimming,11-2018,0.045716504886990646,0.021405078094948533,139.13538299816176,0.04047655560912835,0.01292460398141125,71.25122470786138,0.051411436856242575,0.023353194537999018,157.19115412028373,0.04657052599643065,0.0155933173793252,91.58051553588678,25.68866160000005,0.8538576903849359,30.07538660000006,0.0007640413796099621
rei-HT,F,28,free swimming,11-2018,0.05447868591964905,0.013562009888049727,112.8338386460926,0.00598367654307865,0.0015381760241241,5.224760395753947,0.15715397193906924,0.038680508831990916,335.50393407883314,0.14123401019628445,0.0243250958105391,141.06835872082684,9.816268399999979,0.3272787868688552,10.21111829999998,0.0013122797152022568
rei-HT,F,25,free swimming,11-2018,0.06331182345240029,0.01205096691814554,104.87175346708094,0.003655261567685,0.0007017912262566,3.2788595944225563,0.14186362292925472,0.027052777331815124,237.50003970911106,0.12844761921696296,0.01470814747105495,107.50259100179562,13.111311,0.43692717880353277,13.241324,0.0013929415188111741
rei-HT,F,11,free swimming,11-2018,0.017864580863272285,0.009456569857944616,70.72709539389527,0.01347163845091765,0.0027251509769201498,14.623866500119043,0.03247527376885771,0.02487091852490087,199.3601147012376,0.031252250423945,0.0113727674433775,94.86923368599776,9.537376499999986,0.3044810417464573,30.979478299999958,0.0005600395793135565
rei-HT,F,70,free swimming,11-2018,0.15752194023745,0.05190966420761309,381.45314866510626,0.15974813503140017,0.024573986233016598,175.11020384982885,0.20429898911659403,0.06739256053933133,496.8125535583287,0.20139821775237846,0.04712306046835255,332.54042184819355,22.97816160000005,0.7658723546075654,29.992600400000065,0.0007898482663340506
rei-HT,F,34,free swimming,11-2018,0.0128769906354099,0.013688253911132204,93.35580309192945,0.0102107838942638,0.00352882757198015,16.43440940586771,0.021460592699528415,0.03783123747558542,269.8878974132637,0.021296405805388,0.0300893109200809,206.78695000204073,9.092361600000014,0.30356427713255907,29.94401760000005,0.00021430352914222813
rei-HT,F,19,free swimming,11-2018,0.1874020683423581,0.04590573790313085,374.47017469217735,0.1706023065482697,0.0316195349700718,232.62659263373138,0.1874020683423581,0.04590573790313085,374.47017469217735,0.1706023065482697,0.0316195349700718,232.62659263373138,29.995200000000047,0.9998333611064822,29.99020080000005,0.0009488671643631842
rei-HT,F,32,free swimming,11-2018,0.10269016172886358,0.020791971449798465,158.05608589854688,0.09895473043619424,0.0066812146925612995,38.92339291808877,0.10305079063354321,0.02086146414418392,158.61743898914634,0.09917574136161075,0.0067481908116659006,39.23779839778376,29.87836359999997,0.9955007498750208,30.003398599999972,0.00252231407078115
rei-HT,F,47,free swimming,11-2018,0.07235029051083341,0.018364379792828983,134.67102829562143,0.0654648388238389,0.00610312712980515,44.93680059050007,0.0744468837613931,0.0188669081431759,138.93967258492876,0.0671299949078035,0.0062046612056208,47.532391711814626,28.835180399999956,0.961839693384436,29.969204299999955,0.0016602158494587287
rei-HT,F,3,free swimming,11-2018,0.03721874075611793,0.013796422119657105,112.15296095584829,0.0221636748185756,0.0032461436448581,25.46066677443548,0.05859673793063561,0.022631398117434677,186.29616398865744,0.0503020636066553,0.0074417270652082,82.80822837006951,17.22698850000001,0.5628422425032594,30.491410500000022,0.0008902862627789447
rei-HT,F,36,free swimming,11-2018,0.04859215607342934,0.02085061982604054,175.152169764202,0.0057985717818046,0.0021361591779895,7.840880386629578,0.1062925474667557,0.04550874080919912,390.84836217699774,0.0942405491019655,0.03240668618138885,270.54310057039004,13.23735200000002,0.44125979003499416,13.462307000000022,0.0005014228964077345
rei-HT,F,91,free swimming,11-2018,0.12715738584949382,0.04404279104073073,284.04799369552586,0.1112354573217438,0.02099692115592415,124.16568859725602,0.12730538921247447,0.04409468254619311,284.3957834546458,0.1112932455502133,0.02103993050102555,124.42211701220458,29.94981360000007,0.9985002499583403,29.95481190000007,0.0012836822873081722
rei-HT,F,10,free swimming,11-2018,0.06169256358047789,0.01503704280722517,122.06735693890555,0.056084038217035295,0.00401969638409085,29.326145375165424,0.06392347464047231,0.01565759309871255,127.43248016070635,0.05811039218087695,0.004170474472404951,31.010606903201676,27.63160679999997,0.9496639692771911,29.08821229999997,0.0020691557127215593
rei-HT,F,43,free swimming,11-2018,0.053276270120041325,0.014955689819515828,111.22390819454328,0.0482660820636785,0.0036079365211005,25.98576217040716,0.05660700128072238,0.01591850216070245,119.46507146019316,0.0512850810702731,0.0035881213460959,28.20980250798044,27.37909889999998,0.9136642647451294,29.95826039999998,0.001952511958996234
rei-HT,F,50,free swimming,11-2018,0.09300572741454535,0.028602654297546597,194.36018959393806,0.048359754491362594,0.01214928714755825,80.02055589183783,0.10342974074442532,0.031838145405087476,217.57533319126827,0.0576758471000221,0.0156121788568981,113.4798234341588,26.311315899999983,0.8770204965839027,29.990800699999983,0.0009071293566337305
rei-HT,F,41,free swimming,11-2018,0.045903026800749536,0.015316806584539565,109.7105556892456,0.038541326051625704,0.00456234352704945,28.37842348741546,0.05138694629990698,0.017511836133426387,127.61839252298114,0.04453220650991595,0.0053568945785494,34.92569261531173,24.892489,0.8295284119313447,29.997999500000002,0.0015852952602593612
rei-HT,F,18,free swimming,11-2018,0.16547442959844338,0.0405858953622328,328.1566731079372,0.15113277478412615,0.02464413440775855,178.29447653118677,0.17789921521851823,0.04324591776608693,351.56872231860166,0.1589517590519708,0.029356652391281497,217.7355429036959,27.83667919999998,0.92751208131978,30.00219879999998,0.0009305746087280197
rei-HT,F,24,free swimming,11-2018,0.09752161203476292,0.04046284388995897,343.2701157691593,0.08830874834038341,0.027924763743155,203.5306028689959,0.10746938500359055,0.04454339397508991,379.9813018185586,0.09941440823964105,0.0342887329937563,248.26232335392427,26.96244839999995,0.8988501916347276,28.562000399999945,0.0005772874938635329
rei-HT,F,22,free swimming,11-2018,0.10183861413174122,0.026949126194883873,206.68412441564533,0.0927959612915938,0.009628014294639251,73.59496391341054,0.11967108867061511,0.03197717642249457,245.24961726560858,0.105557834089856,0.0164088133927502,119.2005120995134,25.113493100000024,0.8370271621396433,28.018318800000028,0.0012743487322815698
rei-HT,F,29,free swimming,11-2018,0.03734015458124868,0.013552999724698152,98.32221472007174,0.0036284514647052,0.0014232669673822,5.8757302637559405,0.11463660874275824,0.041044501745740126,307.1849986193798,0.1105703014133678,0.0319435052142269,209.58300818949948,9.211473599999998,0.30694884185969007,9.711553599999997,0.0007003244325189987
rei-HT,F,46,free swimming,11-2018,0.14690070925955453,0.04366410784774731,341.9569758771551,0.1272175674305464,0.027552959535926652,206.94499852989168,0.1511304588834258,0.04495261702050407,352.4545034212739,0.1306227726978671,0.029238663446624902,220.4506382439746,29.06534880000005,0.9688385269121813,29.99020080000005,0.000833847271258489
rei-HT,F,63,free swimming,11-2018,0.03225034789260867,0.018465830208988447,142.89798861220117,0.0277637468413064,0.0034173972895425,24.867311208964797,0.03915677403653901,0.025659235067941443,202.13625157208978,0.0356423633252544,0.00566412433663,50.54512762698948,20.25431909999997,0.6803168635875403,29.74390929999996,0.0009762612428185922
rei-HT,F,14,free swimming,11-2018,0.058636438050938176,0.02196717642148415,151.74797359893057,0.0478247881463175,0.0058977096015446,27.951279525723294,0.06728529879465246,0.025268949780625653,177.39509240375997,0.0550008097074769,0.0067890114468923,38.572482853652446,24.84880139999999,0.8401296246286795,29.569354799999985,0.0017949368153960914
rei-HT,F,58,free swimming,11-2018,0.04317467616579816,0.01781152471427502,149.32210193610464,0.0371912285028223,0.0033370321351548,24.066855935707565,0.050127972508495336,0.021778962055739183,184.1075658959442,0.044610448500305294,0.00453950570770675,34.74922455784579,23.77924320000004,0.7957708779443254,29.87402400000005,0.0014891202382810872
rei-HT,F,5,free swimming,11-2018,0.049314863279276026,0.014545104482051473,85.73798648125259,0.0459250889953123,0.0048800435527492,22.677215323774647,0.05354513878223186,0.015373654011175833,92.93809696317831,0.0488441925144546,0.004764755226021,23.70124563487508,27.081149799999952,0.8923784494086728,30.319243399999944,0.0022802352976109656
rei-HT,F,39,free swimming,11-2018,0.05410939201642554,0.019988101155737105,131.31634303842344,0.0502041997232687,0.0052216828338007,26.495967438496137,0.054931868039206834,0.020288124371734124,133.79070366353181,0.05099148553125625,0.0052066314477150506,26.63275294463041,28.723690799999986,0.9758152173913044,29.419586399999986,0.002117048192272677
rei-HT,F,52,free swimming,11-2018,0.0299842732685006,0.010829957525487969,88.77976602144456,0.0220785947601638,0.0023017068598038,11.046818336382104,0.048542599778886766,0.018968566284014127,162.54294653867876,0.0404483475536105,0.00414988247043995,35.997342517571695,14.923521600000003,0.5150427822246757,26.887931200000004,0.0014492167916479977
rei-HT,F,66,free swimming,11-2018,0.02755016923619974,0.010597233328796604,103.02875923555352,0.0206485384781514,0.0018456804673584,13.947735918065971,0.04598843579551711,0.019853749910609616,197.30569853466918,0.041958190822626945,0.00499868079010495,55.56648813910314,14.785847999999987,0.499054820415879,28.907612999999976,0.0008989047235739261
rei-HT,F,27,free swimming,11-2018,0.09235995762497921,0.02836712578397273,232.326116627316,0.08400137367312685,0.010395320479525901,73.6698728289582,0.11554603204758734,0.035721907584558316,293.532195868538,0.1052486955851679,0.0176133239347202,151.05098894857747,23.590752899999956,0.7863689385102482,24.150652099999952,0.0008964421604210633
rei-HT,F,16,free swimming,11-2018,0.00567436978982812,0.004036637037620516,25.691801336852222,0.0037291116286489,0.00097254800358795,5.042797300276902,0.017124558767004167,0.031025994293892696,214.9558624583519,0.01500757149594,0.024922291098604,170.0911455091898,2.573550000000001,0.08564599654760324,16.27521000000001,0.0002115415373418935
rei-HT,F,33,free swimming,11-2018,0.1508436657955479,0.03627633411291904,318.10125391074894,0.14306625025303854,0.0251621703718775,206.44685290538973,0.15103216494220262,0.0363025249653885,318.4602453860244,0.14324093193473425,0.0252933894352826,206.75761213705073,29.97438080000003,0.9985002499583403,30.00939760000003,0.0008335501910190045
rei-HT,F,31,free swimming,11-2018,0.05027829090127635,0.014286784887131811,126.81804993133136,0.0432097387365542,0.0044870360520645,41.388763679179874,0.0563712305539512,0.016411947845644013,145.86730226623237,0.049240316278274854,0.00541629433273795,51.40859310695589,25.180470000000035,0.8472296933835395,29.712954600000042,0.0011716173555270184
rei-HT,F,20,free swimming,11-2018,0.03630575099696224,0.011253175365216899,60.74330459377032,0.035420454495936754,0.004510861014034,22.229389487350204,0.03980553461415836,0.012309345783475414,68.02416222624541,0.0383190596289671,0.00464954585354465,24.58840573345924,25.13597760000004,0.8378603566072321,29.98520160000005,0.0017635114013960372
rei-HT,F,2,free swimming,11-2018,0.047059250417536794,0.013273519594080628,119.16145119492363,0.019200440975787797,0.00377886090691,23.893718749263826,0.08858201680217354,0.025074777705554916,232.09165775101545,0.06092371843403985,0.0138202305911106,121.6648287644766,14.836121600000029,0.4830188679245283,24.120688000000047,0.0006858323770077353
rei-HT,F,9,free swimming,11-2018,0.045628559243794296,0.016639389875961513,127.96588679848809,0.03888301914893045,0.0042782276965152004,27.340614500957372,0.05270211701822304,0.019653519278686696,153.9285072412869,0.0459355752220367,0.0049035932973743,41.37001268918539,24.047429800000003,0.8096518349240489,29.673003200000007,0.0014513302736879358
rei-HT,F,35,free swimming,11-2018,0.028787113743388517,0.016360130802917813,124.52073908288575,0.0261592460450372,0.00453472358381475,29.344696124468328,0.03463561202909003,0.022598932360236,175.05145495624737,0.0345619277528862,0.0056227644662794,46.04805867811024,19.7248722,0.6606353035786088,29.7413776,0.001005348947403192
rei-HT,F,48,free swimming,11-2018,0.016978845569427865,0.0068825104531730725,62.524590250711476,0.0091251747064612,0.0016046452678114,8.828207245656472,0.0393785830684799,0.01887938021010836,183.28740435403128,0.033794801885770054,0.0088761409176671,96.46327127862442,9.162957599999986,0.30690948044991967,28.93607639999996,0.0005901572718120797
rei-HT,F,62,free swimming,11-2018,0.04146366431388308,0.0202112933085106,170.8791861402929,0.0308795548873385,0.0040530608977357,34.104904427252336,0.05378588219048538,0.027950562088961642,238.95730585835577,0.04302093083252405,0.00807998660315635,82.59455273732996,21.29601099999996,0.6953002610966057,30.620512999999942,0.0007790625727969972
rei-HT,F,90,free swimming,11-2018,0.06758742785953512,0.02511658011473089,188.008946502542,0.0532001406366043,0.0043290935029909,30.60111167663422,0.10418266796538421,0.038718614504374506,291.00994636401145,0.0883219590192656,0.0218385372162534,141.37710317829715,18.9331065,0.6309563478840386,29.997000000000003,0.0008605222008704689
rei-HT,F,81,free swimming,11-2018,0.06345972749748553,0.02806701662764692,180.7734207271334,0.0495362855427978,0.0122523630247225,66.05833130200071,0.06581718861738468,0.028819940574835418,186.94420566407248,0.0511557232777732,0.01226947335524285,68.59173679565203,28.675411200000045,0.9558406932177971,29.96520480000005,0.0009680484261563929
rei-HT,F,1,free swimming,11-2018,0.03694882457588521,0.011311144062633059,91.30317272415523,0.0322997045055161,0.0024804476804979,17.520163251703913,0.04239991332450368,0.013863198105026692,113.84276148466918,0.0380906317186738,0.0027492444953626,21.07102648407988,22.703675399999987,0.7667744543249798,29.537517599999987,0.002045649680136467
rei-HT,F,54,free swimming,11-2018,0.05234833230017377,0.020136120325276584,116.96121998129613,0.0041515957234765505,0.00129092014986545,3.2441784950606234,0.12317616914082048,0.04769067073303645,280.32572410563347,0.1152443746931818,0.0311644252731073,178.37507709687088,12.355,0.4117647058823529,12.605,0.0008528894468518531
rei-HT,F,67,free swimming,11-2018,0.04939382493199718,0.016280793328184717,127.315958107483,0.0446392228258234,0.0031102342104023,23.844636168469435,0.05181930503088058,0.017281693709493225,136.00895401115358,0.0468626411986444,0.00314648307627635,25.77758119036133,27.68514419999997,0.9246190858059342,29.92620819999997,0.002063239384290892
rei-HT,F,57,free swimming,11-2018,0.0657461470619764,0.028879556841537573,217.1946060285312,0.0568302057601223,0.0057304230884956,47.47744685349176,0.08186546200691719,0.03650034818876364,275.0621995266221,0.07113638231798874,0.009805217995080651,79.67637195771715,23.501286599999997,0.7857142857142857,29.878721199999998,0.0010484786623372422
rei-HT,F,6,free swimming,11-2018,0.07103841578946925,0.02327922710538828,192.31784260161174,0.0652147342643895,0.0062250756747261,54.94362445654133,0.07177772156250493,0.023560650819663374,194.66834484688368,0.065813620866717,0.00636014380135475,56.36783550409064,30.198513600000027,0.9856658848058379,30.62969280000003,0.0013524305900242182
rei-HT,F,37,free swimming,11-2018,0.1713681338890279,0.05012565698221719,331.0587473755052,0.1519713920623908,0.03329032091580675,216.99105779727006,0.17340558612263796,0.050723330749523884,335.0757824309679,0.1537852763210395,0.0341167370905455,222.35452880036064,29.60085529999998,0.9866688885185803,29.975802799999983,0.0010099947016751032
rei-HT,F,7,free swimming,11-2018,0.045932711160033175,0.016455395239293954,111.94245445522937,0.04038640102848745,0.00356537217959265,22.90139343288899,0.052621429217042916,0.019591309520156554,135.2711770101696,0.0474026046038265,0.004034901696629,29.61886591170071,24.370384200000043,0.8089932351770792,30.08837400000005,0.0018010030791792459
rei-HT,F,71,free swimming,11-2018,0.051289935405905956,0.024175099815344263,189.22120982046735,0.010780116002106151,0.00471997501186995,21.134707458004698,0.09782736961943275,0.04555467107782441,363.6199311619106,0.0671093552256541,0.0326522653815678,246.3422450246412,15.298059000000025,0.5097483752707882,15.928185000000026,0.00046163675031708865
rei-HT,F,64,free swimming,11-2018,0.07805216223847879,0.022684116375270423,177.43269537604766,0.0572738404487103,0.0046635300708821,30.77594757050317,0.08369314110419647,0.024446476482254967,192.02541711591297,0.0625766437046015,0.0051008276647742,34.44237438677078,27.511687499999972,0.9164222873900293,29.56055789999997,0.0020893425933890914
rei-HT,F,4,free swimming,11-2018,0.048272220360951426,0.017651223698576524,139.02742101113,0.0404619285872945,0.0040641315612575,31.03075563163316,0.05432217128732433,0.02056761647875038,162.9598486607598,0.0462466081582259,0.0048466229289649,40.60208894385653,26.457617999999957,0.8326212616235235,31.64851799999995,0.0013971406510586977
rei-HT,F,80,free swimming,11-2018,0.12935096802988824,0.03687179314383324,265.36845317328454,0.1050622089790201,0.0203747914112309,119.2095295161323,0.15689655926594417,0.044575912381146214,322.0265837939112,0.137243361377914,0.0312322068309646,190.6823262817909,24.616318299999968,0.819893368877041,25.156566699999967,0.0009390305644826176
rei-HT,M,25,free swimming,11-2018,0.13107076853938643,0.034457304041715583,227.73509796987722,0.12637477760398136,0.0130272667619232,88.42307404768235,0.1335352037851776,0.035076449766123,232.32096812113727,0.1278769305803233,0.0138567415222018,92.51254054952369,29.388226399999972,0.9791701383102817,30.003398599999972,0.0016424945915329632
rei-HT,M,38,free swimming,11-2018,0.0614694105219717,0.02564812030903489,200.812673866454,0.0584552516358592,0.0062072623689688,52.99776536864065,0.06295044953533872,0.02634558690712486,206.72307194725346,0.05981329563152615,0.00644943815742165,56.10773549689263,28.855340800000004,0.9665148673988749,29.835046800000004,0.0012144622223996164
rei-HT,M,61,free swimming,11-2018,0.02019159582145357,0.004223522717393345,31.091481593865243,0.0141767751007099,0.0018301537790217,12.73570733730871,0.041097391687459496,0.008030803610710853,63.586544021189376,0.0343733070954279,0.0023323549369768,21.43557739435096,8.873402499999983,0.295784035994001,29.969604499999942,0.002041059648569811
rei-HT,M,12,free swimming,11-2018,0.10992770408472849,0.04087143396780006,318.1614272832448,0.08670460179808465,0.024492412525207702,194.95914223129984,0.11016387010906746,0.04095752227018156,318.9046776033907,0.08680867044023535,0.024695177279486648,196.61412454189812,29.908630399999936,0.9971671388101983,29.983601899999936,0.000718517791980887
rei-HT,M,19,free swimming,11-2018,0.07608116593742473,0.02567428894215908,184.79036628260346,0.0686318734814831,0.00888599595772325,65.8761225196713,0.07732968022145244,0.02600232944783284,187.60093097736848,0.06961125660723555,0.0089619839982953,67.1670528341565,29.42882279999997,0.9808365272454591,29.99380019999997,0.0011799731518386514
rei-HT,M,29,free swimming,11-2018,0.06277990823326628,0.019983721192730734,155.8291506554043,0.0482754796525356,0.0035609489931439,26.63469491790238,0.07553708468753731,0.024316279142797194,190.80317948331464,0.0585779517664924,0.0048637125857744,41.44525592650439,24.09827029999996,0.8039268064645385,29.96769449999995,0.0016931494755072355
rei-HT,M,18,free swimming,11-2018,0.026915144273220063,0.012165500126168315,77.74610410066542,0.0252283494237462,0.00414326422892,23.530180673350998,0.03217694531957712,0.01709359017684315,112.46019350616069,0.0317254746033354,0.0056982503571672,38.59898401825035,18.479893799999967,0.6217595701813298,29.685999199999948,0.0010478792795132912
rei-HT,M,90,free swimming,11-2018,0.15249575023890455,0.046161031478639945,358.17677506683606,0.14109462253937133,0.0225232842918028,184.21317668603479,0.1527901483501113,0.046226748798472196,358.851749830522,0.1412846936304693,0.0226775286623637,184.90000457850329,29.935,0.9976670554907515,29.995,0.0009901128332130795
rei-HT,M,22,free swimming,11-2018,0.06135238696815286,0.022428402161642606,227.34227688319504,0.040400841124639,0.0060590976209205,41.34683530380556,0.0852178993168045,0.03149875992119672,326.2064551815264,0.0684966861851863,0.0117366231414889,131.47881016635665,20.261299899999972,0.6852778153305394,25.477515399999966,0.0007439373844193038
rei-HT,M,13,free swimming,11-2018,0.044132528187766196,0.015689780218880692,132.00539957935828,0.0383709758632307,0.0030527027390042,24.401007400285835,0.04775841371853655,0.017608502020519536,148.9793788862377,0.0423803386211409,0.0034067700696851,28.730924163838267,26.887826700000012,0.8707052441229657,30.860571900000014,0.0016966552782983603
rei-HT,M,42,free swimming,11-2018,0.02738702735797317,0.013484820352135054,116.95200705614056,0.0107588469269216,0.0030076535172744,15.320869862705422,0.05940143597203419,0.030710736682114874,280.5815256786901,0.052654498632087904,0.013037243904136499,120.91667773430714,11.701733400000018,0.39284753966119923,25.50192960000004,0.0005693627836780835
rei-HT,M,8,free swimming,11-2018,0.04553602622568621,0.01737717988576933,128.2974240359285,0.0393973023805295,0.0038839094550804,28.72026628273261,0.05030718249138084,0.019738689875976007,146.40742262162232,0.0446418934562791,0.004542413377552,34.52111342647868,25.847762399999976,0.8554997355896351,30.20165839999997,0.0014215349141777247
rei-HT,M,15,free swimming,11-2018,0.05829792693239317,0.016072117654480675,109.54412922346941,0.0321824230004208,0.0028346629620122996,15.358760523764659,0.09836942498394588,0.026826090821247397,186.36677196129574,0.0782294766788993,0.007126956494458,48.6512236876024,16.983641200000037,0.5660723212797867,18.51851840000004,0.0018572028260942
rei-HT,M,21,free swimming,11-2018,0.05172899351951646,0.01745099215263783,149.06450172071504,0.04769246823151145,0.00515994835164305,47.48176526209136,0.05363711617134083,0.018221613225206802,156.3646286259794,0.0491681965525656,0.00543942138516975,52.04838265207741,28.290565800000056,0.9428428595234127,29.95059900000006,0.0011483969594964119
rei-HT,M,30,free swimming,11-2018,0.12350219575575856,0.02472306185081054,212.27934609827344,0.11793624893048779,0.0084101052819152,66.72096306802757,0.12351867816485819,0.024724097471774654,212.2981154053497,0.1179493062506463,0.0084070533597607,66.69586623533519,29.989001000000048,0.9996667222129645,29.989001000000048,0.0019599170127706502
rei-HT,M,32,free swimming,11-2018,0.09381894065395663,0.024526391283578055,200.0024416506854,0.06276351232995706,0.0057928249365134,44.541939914961404,0.11973545481141934,0.03126301333522084,257.4674533522577,0.0857315223759959,0.012978038205976001,118.54159909023565,23.052305,0.7682052991168139,23.762376,0.0011089235734906221
rei-HT,M,4,free swimming,11-2018,0.046308755395597534,0.025937695159050797,200.73472110916862,0.0418033119050492,0.0061428160506854,48.052610937077134,0.04902233831993314,0.028095969829698853,218.59830996764998,0.0447920479703067,0.00677617545122325,53.3133968202435,27.098889999999994,0.906300053390283,29.888598999999992,0.0009457871807782998
rei-HT,M,17,free swimming,11-2018,0.10976284185921302,0.029514497937273353,229.64659776022262,0.10587113639831805,0.012153130182518651,94.93571289483498,0.11050230048237022,0.02971425029107035,231.3128689491013,0.1063250300323657,0.0122988491972795,96.62424314022928,29.73476660000003,0.9916680553241126,29.95961360000003,0.0012999453782296174
rei-HT,M,33,free swimming,11-2018,0.08032439317238489,0.017387945393662573,147.12120985226878,0.0671311740653242,0.00465402014629045,36.067757710554815,0.08728528906682714,0.018975196824685688,161.36729102182255,0.0739641582684148,0.0051988451092929,44.63453203471772,27.0322965,0.9010164972504583,29.992000500000003,0.0019914720519603737
rei-HT,M,91,free swimming,11-2018,0.09421726706703316,0.038978004708685586,297.1937813364651,0.0843728296253311,0.0287648468653883,206.0659961035853,0.09680173583562299,0.03984090284824549,305.04689320041933,0.0866824998111681,0.029675335899578,216.1244975946346,29.132669200000063,0.971004832527912,29.992600400000065,0.0005853474708195578
rei-HT,M,10,free swimming,11-2018,0.13898816718047274,0.03749726646755307,266.64120652583534,0.12556745272969694,0.01475697914876785,117.47105816407668,0.13910615676991903,0.037526365157021145,266.8625586461668,0.12565163792673056,0.01477267008616385,118.05884559094439,29.956213800000025,0.9988335277453758,29.971206900000023,0.0013351809117999735
rei-HT,M,26,free swimming,11-2018,0.06214353952680088,0.023568344394041874,180.1646446634276,0.0478417694648182,0.0044600061780526,35.37983939708056,0.07691546533405091,0.029491962476056042,227.09704272423974,0.0626359948007109,0.0072310613836448,59.673968130809385,23.552807099999974,0.785047974413646,25.27998629999997,0.00132802379159329
rei-HT,M,20,free swimming,11-2018,0.05048401259456441,0.020871832149925208,128.75175550749918,0.049415735116599496,0.00572712968061195,38.59542834646845,0.05122121108296278,0.02111948876212561,130.79909341390086,0.05002343069093605,0.0056936387744333,39.06865392374357,29.356456999999978,0.9781703049491751,30.00159889999998,0.0014373440639535813
rei-HT,M,16,free swimming,11-2018,0.09690970881572472,0.029829192115337872,193.75308861416315,0.08511453316760625,0.008206631739604849,52.66969320524594,0.09703342597990108,0.029858755467128333,193.98594561676873,0.08530655079570715,0.00819387194401655,52.66969320524594,29.936223000000023,0.9981669721713048,29.981202300000025,0.0019159097762827548
rei-HT,M,31,free swimming,11-2018,0.0414217852118658,0.014480496115071238,100.45114144152207,0.03677631927092945,0.0039323034217479,22.732787845521486,0.04588801576833047,0.016299780202637365,115.9966698545187,0.041097466185039955,0.0042974746385104,29.899478164503535,25.13490999999999,0.8381936343942676,29.93202999999999,0.0017410677166437363
rei-HT,M,14,free swimming,11-2018,0.03268966778083461,0.01657538248616731,140.01112908354403,0.006165588090727149,0.00279156832656975,9.003958780942867,0.07400757661601394,0.03737289048921333,330.14534196777913,0.0663278451140986,0.016356353727578,156.7136964046142,12.3890504,0.4130978170304949,18.1962616,0.0005862705017570764
rei-HT,M,28,free swimming,11-2018,0.03628403285630164,0.009384731313428794,72.00220796730082,0.0336971807826766,0.0027674697780099497,24.118474347278607,0.042833148648996726,0.011453879308249504,88.13660336274249,0.0390503566503684,0.0035769673900577998,30.928305018585434,22.60316400000003,0.7532077987002166,29.969195100000043,0.0014422823332744003
rei-HT,M,9,free swimming,11-2018,0.032407065218828315,0.012914854115623106,93.85028292786916,0.03001172913189315,0.0029442738809274003,21.303965655540935,0.04067856715433662,0.017873623099057746,131.47371050204356,0.038460945274685146,0.0045299413568651,35.4296988702032,20.34730880000001,0.6795572743032404,29.602619200000014,0.0012450589064772585
rei-HT,M,51,free swimming,11-2018,0.10763987182386389,0.026591240168997336,175.34071738881474,0.0949903282963411,0.0069815251620315,46.2022365542083,0.10953568580648913,0.02709290847578106,178.71826204607666,0.09635596544314795,0.007267066907383549,48.321310981140186,29.421168000000016,0.9798366938843526,30.016596400000015,0.0024046282488208726
rei-HT,M,80,free swimming,11-2018,0.04198442056554835,0.022028768793453484,167.6632095255474,0.0044000940223258,0.00146117295607115,4.82894474230946,0.11800780852071331,0.06328722847731545,490.84425572988863,0.11487376474474126,0.04983131574587725,379.32834732819174,10.087072,0.336610564905849,10.23688,0.0004952629071662241
rei-HT,M,60,free swimming,11-2018,0.10602255597440899,0.0331571160642765,233.48922350652055,0.08559580697796054,0.00722355613452595,49.40826015863422,0.15440505086029171,0.047098666641170385,342.1239481040139,0.1307527859535459,0.02386041592410055,181.20179434326076,20.320406400000042,0.677220463256124,20.315406300000042,0.0010395917289931465
rei-HT,M,1,free swimming,11-2018,0.04774518145995175,0.01946433864310058,159.03009939044307,0.0411926880467103,0.0040103668836621,27.77050136388226,0.05315185209361776,0.022307934013920522,183.94729078901892,0.0455095625642612,0.0046760865202102,37.7485653287124,25.34864759999999,0.8552968097994347,29.613316199999986,0.0014020588127202568
rei-HT,M,11,free swimming,11-2018,0.08209358404530799,0.01756328491662083,138.32521184444434,0.0739675511323717,0.0039371998500848,34.32800105863976,0.08306955292859731,0.01773497771077457,139.91794560284694,0.07462301318338035,0.0039252499938610495,34.98818866800768,29.780220800000002,0.985978835978836,30.195721600000002,0.0023893826460970446
rei-HT,M,39,free swimming,11-2018,0.04903116566786354,0.014530144202776821,119.0403999658285,0.0448214012942798,0.0037855384516444,29.465376468376547,0.052835439074946235,0.015973839801645507,131.5828278861214,0.04762350255913615,0.00421845727945665,35.56858812836339,26.701344000000034,0.8900453696290366,29.98797120000004,0.0015907549397077558
rei-HT,M,5,free swimming,11-2018,0.07228155254501883,0.019650157959224212,133.59713271172626,0.06328519466044755,0.004578075791110249,37.07504623232927,0.07371227150599613,0.020075878438108964,136.64534043010374,0.06421015244030309,0.0046687323016178,37.94608733316585,29.322089999999985,0.9733810091378625,30.115980599999986,0.0019525379719475054
rei-HT,M,23,free swimming,11-2018,0.07897560695761334,0.020388732351130562,133.79346915209982,0.06954613120395935,0.00441912938054035,20.11943799759024,0.08772215282086972,0.022810530915282536,150.28786705933268,0.0774270196173464,0.005361976023602,26.178267779556563,26.492880400000054,0.8830194967505416,29.892608400000064,0.003171105166014291
rei-HT,M,27,free swimming,11-2018,0.07691537541813938,0.02544323431138826,235.88276828167008,0.0665053236140711,0.0080416717348545,69.06040772540223,0.08019643900454575,0.026528820884153387,247.13602792998768,0.0694164756689617,0.0086076929480615,76.30919708697093,28.325625300000034,0.9487007768550764,29.849282400000035,0.0011283924711311998
rei-HT,M,81,free swimming,11-2018,0.10207126943483699,0.0386951009662708,269.55577126333196,0.09050596768010674,0.02075914734573525,133.0572849914006,0.10924245160683345,0.041448635732925704,289.6451953456461,0.09643777168113014,0.0239610266747821,165.31716355625576,27.805560000000046,0.9265122479586736,29.98099500000005,0.0008003576062198619
rei-HT,M,40,free swimming,11-2018,0.034609328364270615,0.010306344175099524,80.02036684953163,0.01730964322431745,0.00224183361031425,8.350741064245426,0.0690505755507643,0.020799217272994025,171.9567829646888,0.0557981972937616,0.0036340220203107,22.57958681296941,13.065,0.435427428761873,29.705,0.002630343519392235
rei-HT,M,6,free swimming,11-2018,0.026480428593620195,0.009658230759476395,72.63294857295071,0.0237592534355481,0.00270021904290485,20.41102224014246,0.035383190598300224,0.015254490862839499,118.74586762649415,0.034281533936519906,0.005797332543565,53.7435130755366,16.563738000000033,0.5594292636963252,29.353207500000057,0.000834886393840303
rei-HT,M,50,free swimming,11-2018,0.13679384399935213,0.047843142572207786,329.70841299165636,0.1257557333101072,0.02635140966990845,163.4084910739375,0.13683388923290427,0.047851830820784515,329.801519099778,0.12577454222513473,0.02635646803459245,163.5882105473513,29.970806400000054,0.9995000833194467,29.975803200000055,0.0009658158611134172
rei-HT,M,70,free swimming,11-2018,0.0837401291236061,0.031888756116318105,208.4691329206889,0.014521703537506751,0.00325287479686595,14.02684454798191,0.16837380481428874,0.06471264247307268,426.73720870439274,0.1630329240441357,0.0498635958213296,349.5643663198507,14.442977699999991,0.4814197633727712,14.627951799999991,0.0006975930347352574
rei-HT,M,41,free swimming,11-2018,0.09250876450430597,0.03357732369178888,232.09493080002807,0.07219411081638535,0.0104403661734534,72.18773063763138,0.09423235594353581,0.03429110286336699,237.1774123777418,0.073939100310837,0.0111617563825364,77.90133612795671,29.282384600000018,0.9761706382269622,29.98220260000002,0.0012308243388915317
rei-HT,M,36,free swimming,11-2018,0.05390301218050825,0.02015229818414381,164.25313733054588,0.0447413069343109,0.0041518241443658,27.550697192680214,0.07172146929699214,0.027378624451436847,225.26841209985105,0.0620786470091595,0.0076027298183579,62.491639273787314,21.52069569999998,0.7208087841456883,29.848321399999975,0.0012074894539462764
rei-HT,M,7,free swimming,11-2018,0.05747715245386227,0.02315664666417246,176.12453252449933,0.05237533256803945,0.00592013973900585,61.34183491788292,0.060762108560316754,0.024879912703479466,189.6640690480858,0.0557523003546343,0.0064792236014666,72.44007243516037,28.118943599999966,0.9204233633869071,30.542026899999964,0.0009490267054489143
rei-HT,M,37,free swimming,11-2018,0.00974248273769201,0.004774738337086694,40.37743013884422,0.0026061358597676,0.0008899953549133,8.936339438847085,0.03990201118366071,0.022592362793830794,196.64525694334665,0.03735398527738,0.007013313030086,55.89385915489231,4.893956800000008,0.16143083421330517,30.280107200000046,0.0008565351737822149
rei-HT,M,71,free swimming,11-2018,0.08521184865958065,0.02580345752092792,176.84995982294112,0.08106370240648639,0.0074712619880976,46.753318149546885,0.08558742157919809,0.025924165232867072,177.71460502286845,0.0812739817477772,0.0075141756234881,47.17457740623985,29.8279825,0.9940009998333611,29.997999500000002,0.00206557018825241
rei-HT,M,34,free swimming,11-2018,0.10300582796643164,0.029524128672158482,259.913599845469,0.0916611784293787,0.0123931938777278,95.7912719803886,0.10307769084844905,0.029546216791547994,260.1174938939326,0.09175646465371676,0.0124137520218365,95.93646620723284,31.094537400000057,0.9989730423620026,31.118511600000055,0.0010989515586758158
rei-HT,M,3,free swimming,11-2018,0.03917509357418387,0.016959109908350985,114.6303108767737,0.03398986514595065,0.00307553182786105,19.469842049687713,0.052554266176673956,0.023910965849462437,164.35004929523748,0.0475497288368887,0.0048060122995359,38.90379202617567,20.38848629999998,0.6774963532687972,30.085887299999968,0.0013937940841953086
rei-HT,M,24,free swimming,11-2018,0.024333308521221,0.009269909295474004,70.0740943876553,0.0059219797121426495,0.00179002979859445,7.063543433673658,0.09246125018141454,0.03581163899704697,295.0810634476666,0.0802709725286679,0.0134006892913942,129.36766033358538,6.473085800000013,0.21711143891645435,29.79058820000006,0.0007663741103460515
rei-HM,F,50,free swimming,11-2018,0.05332490367049065,0.015873213909938743,112.24639691358863,0.04905617069406505,0.00549215857900825,33.663305877371386,0.05600601817844037,0.016737334680283857,119.22015678282352,0.0513023303090148,0.0057946072208253,38.66818230630997,27.840544800000046,0.9280119980003333,29.945208000000047,0.0015692128989899731
rei-HM,F,91,free swimming,11-2018,0.038738185330563904,0.021314356567321658,151.3449824586827,0.030008943247558498,0.01393155582647535,50.56515371884416,0.05026626466517994,0.0267654122962851,201.87263040786527,0.041459440861549,0.0200661173173315,91.30900304462556,21.603271600000046,0.7200466588901849,29.992600400000065,0.0007455916689493039
rei-HM,F,31,free swimming,11-2018,0.05984832920318082,0.013780573397403236,94.3762672371802,0.04794973575702905,0.0047821079021549,33.29154311218758,0.06953412197283412,0.016003485425054018,110.62003396492071,0.0580299977498375,0.0059076413865526,42.51154512019184,24.625985000000025,0.8206965505749042,29.95119800000003,0.0017039063754760153
rei-HM,F,22,free swimming,11-2018,0.029699564962512335,0.020108952723935307,140.3387656755372,0.02475779175417305,0.012336413182090451,49.35557479360284,0.03767658773144951,0.025072270550606523,186.66363810750053,0.0353588422559847,0.0183003990355824,96.91265587334216,21.11795610000003,0.7037160473254458,29.999199300000043,0.0006577474737719505
rei-HM,F,35,free swimming,11-2018,0.0445909926458658,0.021915797900434252,137.75233105902714,0.03627209083926165,0.01181201653836495,53.800481370206924,0.05733497232649516,0.028495392550821896,180.51732759585286,0.0475654936034107,0.0213383339805432,90.5239605055442,22.285483799999948,0.7420429928345276,29.982558599999933,0.0008365253655719966
rei-HM,F,26,free swimming,11-2018,0.0816112435518075,0.025086542372625018,177.621898536791,0.07862009677492945,0.0099411790371306,72.01270761862588,0.08201547917316886,0.025228305624302654,178.66225731579655,0.0789092687349669,0.0100410708681702,73.10520797466324,29.804403899999944,0.9933344442592901,29.994400099999943,0.001260380712465313
rei-HM,F,6,free swimming,11-2018,0.0797326265818227,0.019930059497234445,133.87509305491236,0.07615816398883879,0.0054282835659957,39.66306357272931,0.08007750336363724,0.019995307654179457,134.3992723682641,0.0764742096359063,0.0054178077239613,39.703709372123086,29.651919300000042,0.9941137123745819,29.819511900000045,0.0021163906415817683
rei-HM,F,10,free swimming,11-2018,0.05386157332829689,0.013030214957459504,87.80362803710776,0.051435375415481294,0.00365658288996505,28.34860665008705,0.05468317392912995,0.01319806418361929,89.30953863882642,0.05206225194147205,0.0036837261261826997,28.882716460020674,29.247125600000043,0.9751708048658557,29.981802200000043,0.002031781928942576
rei-HM,F,12,free swimming,11-2018,0.045921585905778474,0.014492475725027881,75.7104867545621,0.04117915843867255,0.0074715675634412,34.71159126452221,0.05436768144385568,0.016012387924948593,86.9517566178652,0.04934237051861655,0.007342792955591549,39.34305837652232,23.857154999999956,0.7948675220796534,30.003998499999945,0.0016228333063134134
rei-HM,F,51,free swimming,11-2018,0.10452045456371989,0.03205551772178296,242.23524607631435,0.0967658896837663,0.01539948095024795,106.77580472730028,0.10648429908200142,0.032518890950402175,246.5015454252517,0.0983788944189033,0.0157037541031856,112.05687497530904,29.369712499999945,0.9790034994167639,29.989600899999942,0.0011020134636665119
rei-HM,F,16,free swimming,11-2018,0.04683771012770212,0.02043872249793686,135.17044701211552,0.0475562779934098,0.00618072097302115,41.01311139809383,0.048188528440732514,0.021242693851865235,140.97286478664273,0.0485529051873162,0.0065977204285841,44.80616762710241,28.52241389999996,0.9503416097317113,30.00279869999996,0.0012556063436916923
rei-HM,F,11,free swimming,11-2018,0.08233891519926667,0.021853263889153984,170.59331781691313,0.0107085379767153,0.0014730639406799,6.520215918237682,0.17379757172741409,0.046670299425084286,367.21911598877364,0.16391341925010622,0.02835291081105435,202.38776787258388,13.76605439999998,0.45859023496083984,13.96614239999998,0.0010623490534764617
rei-HM,F,2,free swimming,11-2018,0.045714773108591324,0.014773535526625895,91.76461593561667,0.0412233000658507,0.0039703921073409,21.2817190703376,0.05052508307306702,0.016547144140014604,103.99966540086778,0.04591909218979785,0.00421479860551025,23.307899186089998,25.081957600000013,0.849418761827521,29.488463200000016,0.0021665875974823754
rei-HM,F,80,free swimming,11-2018,0.02809389269549609,0.007942078402739076,51.1175884266394,0.02534645779592945,0.00260338842494595,19.492588904680467,0.036839796604065674,0.011394129860620134,73.55213033066867,0.0333753556066208,0.0034212096607583,27.12277717574807,17.223966500000017,0.5740709881686386,29.90320570000003,0.0014836686652873747
rei-HM,F,90,free swimming,11-2018,0.047513719997943744,0.014523515319918044,89.13767851943597,0.04508344716867785,0.00391369611876275,23.392121808831234,0.05172114309067619,0.015943551906663748,99.04139932571721,0.0484483882867176,0.0041996394813263,26.768393814427327,26.213461000000038,0.8740209965005833,29.971806600000043,0.0020805184690353045
rei-HM,F,61,free swimming,11-2018,0.044657232908611205,0.021435984403932067,124.43819054167254,0.039659347680189305,0.016547871786016202,65.59560638034867,0.050373923426869055,0.023208116495785382,140.6192700126375,0.045358891159630696,0.01904096663242625,84.18639049643843,25.437964800000053,0.847858690218297,29.98260120000006,0.0007664901933726573
rei-HM,F,15,free swimming,11-2018,0.07530972685740157,0.02298000715829999,150.0815741521705,0.059249115501519,0.00703753189325235,35.55038011977558,0.08269649055358136,0.025060929149343256,165.32349957150873,0.0642172709586821,0.0079936234426383,44.56475222963263,26.773028100000012,0.8930178303616064,29.550748500000015,0.0018814151990836656
rei-HM,F,29,free swimming,11-2018,0.06207842245647592,0.03335370185706757,186.59319577124265,0.0542364326777927,0.025693444935111602,108.92506750639086,0.06471520619222844,0.03437329599543811,194.18020160009866,0.0567780551683829,0.0274013078509553,118.72254082298925,28.473291500000027,0.9490084985835694,29.99320030000003,0.0007258493192759321
rei-HM,F,21,free swimming,11-2018,0.07264540132984051,0.0151105353871051,108.11878364674325,0.06809681437329454,0.00513703513106855,35.78306237268407,0.07419271369626064,0.015388669832420637,110.44698621424668,0.06888811984279465,0.00515178025084245,36.961215781082046,29.16116640000003,0.9718380269955007,29.99119960000003,0.0019763618389279794
rei-HM,F,13,free swimming,11-2018,0.08019208286515495,0.02441059440777993,163.92550234015337,0.07496304245378395,0.01031152010991925,73.22279385383243,0.0921471025032136,0.027488933582008414,187.02724674577365,0.08738194535020635,0.0136714527389073,99.10839544664896,25.648973999999974,0.8548575237460423,29.99380019999997,0.0011421640273215307
rei-HM,F,40,free swimming,11-2018,0.049653891322414136,0.015388156110863423,89.70507403026429,0.0481813509746801,0.0038872850257247,23.187124880672627,0.05378944610438853,0.016815604258389398,98.82419778432207,0.052191430343634104,0.00438651499106725,27.382113438532585,26.647203200000003,0.8885185802366272,29.980602400000002,0.0020164173613600907
rei-HM,F,32,free swimming,11-2018,0.03697144173512036,0.027195040404857925,142.88958186115013,0.03566619288263265,0.02105944801318895,64.35104554582267,0.041778310275329834,0.030206195212067743,164.30298538804863,0.0414232946527878,0.0250137708826549,83.22344682702578,25.057480499999954,0.8353607732044659,29.881032999999945,0.0008056123330127228
rei-HM,F,19,free swimming,11-2018,0.023646394233442645,0.006837055251761208,44.79649376229234,0.005026165373043651,0.0015534725543738,7.9098104604554464,0.07501181037504656,0.01922691758885729,134.92706277599584,0.0561444948254718,0.0067900061431871,60.92026535967534,8.113539299999985,0.27045492417930345,20.90623619999996,0.001544059288818238
rei-HM,F,36,free swimming,11-2018,0.08274377307268525,0.024658839389845047,175.39891661603636,0.07505821235871071,0.0160862638471954,99.70193299648145,0.08802978432340479,0.02565120646960311,185.20099973046433,0.08111561065730749,0.017420740558264,116.08020236128311,27.937764800000057,0.9311781369771704,29.992600400000065,0.0009251467697420417
rei-HM,F,25,free swimming,11-2018,0.12556784710414687,0.033934081413601824,263.56171729452467,0.11763868930168414,0.01828500642134885,147.31969745912465,0.12571128757558814,0.03395876568492717,263.8453870958165,0.1177082555763253,0.018293827612152952,148.20001028454044,29.950412799999956,0.9985002499583403,29.985401599999957,0.000998133292276849
rei-HM,F,17,free swimming,11-2018,0.07517258488496702,0.023802005416177024,175.944944813157,0.05632738363665145,0.0108466771550711,77.68734849987027,0.08348703925989866,0.0264688540896651,197.7100191886037,0.0646477889341216,0.0134069981297874,100.90139911275172,26.254494000000015,0.8753541076487252,29.98300200000002,0.0009708286989213675
rei-HM,F,3,free swimming,11-2018,0.08178561229100456,0.02722679872163559,223.52545814796736,0.06577775183685085,0.00737442475359785,57.60906307554592,0.09104114491316308,0.030270152175507457,250.27038935854236,0.07359914980030549,0.00886821465497995,80.93915980900235,26.65132920000004,0.8828280153581358,30.180591900000042,0.0012757593071179687
rei-HM,F,14,free swimming,11-2018,0.033357111502358136,0.017945919307963073,102.51781294105243,0.0275710419355253,0.012066556267744,53.64437372211342,0.04310022120927684,0.02079769966118441,129.9786457616225,0.04048290272324865,0.0130730888405216,76.7481445561657,21.127738800000007,0.7045492417930345,29.74773630000001,0.0008297555342529044
rei-HM,F,28,free swimming,11-2018,0.15556100300907694,0.04677136372124921,344.04921432699746,0.15336814786613168,0.0321096139317795,213.05594204914087,0.15609082918908604,0.046896895698619226,345.15089862868143,0.1536878218674875,0.0322729305530658,214.39332727830447,29.884619799999943,0.9961673054490918,29.989600899999942,0.0009374889250968134
rei-HM,F,71,free swimming,11-2018,0.0566325630358953,0.03212810261740908,229.3175525128871,0.0501374353213409,0.02593668207243205,117.15647680389907,0.060254441784514674,0.03345817065640348,244.96491322203826,0.054481730548307,0.0281881866189177,134.5957475419425,27.71446449999994,0.9240126645559074,29.983601899999936,0.0006782598223122752
rei-HM,F,70,free swimming,11-2018,0.09128523824934794,0.025945373796847842,180.645717192677,0.0497702206636324,0.00346961044687375,21.571799695379923,0.16035296482587746,0.0456451460266732,321.1636489343894,0.1452249070939704,0.0264734163328176,187.2590625860994,16.67665749999996,0.5560739876687218,16.68665249999996,0.0010325111016036392
rei-HM,F,4,free swimming,11-2018,0.05392290204994937,0.017679478012695704,134.48427112634943,0.0481623873726306,0.0034894345344789,26.570561046582952,0.05741626236368437,0.019085342263846575,145.87821961178926,0.0515546730535785,0.0036739878045918,30.698751180466388,27.394845999999948,0.909440466719703,30.10277799999994,0.001914227090736338
rei-HM,F,18,free swimming,11-2018,0.09873026300880093,0.023157267324887244,177.27675310683995,0.07687560715803035,0.0106364319067273,84.65254910522529,0.10553992221273882,0.02446059959795658,188.69729713904525,0.0852807878818688,0.0116036981043713,97.9880846338866,27.74389800000002,0.9250124979170138,29.98300200000002,0.0011575881453017123
rei-HM,F,37,free swimming,11-2018,0.037916263951781236,0.026877194499233592,152.6973313120514,0.03213595268869545,0.022956220239074253,83.78150542873755,0.042986415021751,0.029592653038871753,173.91199295457258,0.0385488854058369,0.0270773278507657,105.44388939667895,25.0975095,0.8363606065655724,29.997999500000002,0.0007059961833343701
rei-HM,F,24,free swimming,11-2018,0.04922669401441291,0.019450353261910542,122.92444698075971,0.04472492648899065,0.01261535530890925,66.61600398625751,0.05559442100042568,0.02082503852305592,135.643913642836,0.0519929761719565,0.0135095586109774,79.04566572407248,25.768243199999937,0.8590962147740537,29.954582399999925,0.0009763151663079183
rei-HM,F,33,free swimming,11-2018,0.12610832040807002,0.027106831907577088,216.04762243625837,0.12330798803088565,0.011865655532706701,97.04443996590113,0.12610832040807002,0.027106831907577088,216.04762243625837,0.12330798803088565,0.011865655532706701,97.04443996590113,30.016800000000067,0.9998333611064822,30.011797200000068,0.0015126471294948786
rei-HM,F,20,free swimming,11-2018,0.05165414602028767,0.016130642832380457,105.93019363544127,0.0489920979959765,0.00645082390265195,39.37381164298586,0.05473820297047253,0.01688836119563859,112.09733304342119,0.0513212463520991,0.0064524059805123,42.03588851896711,27.63891810000001,0.9213464422596234,29.98840110000001,0.001541131130820888
rei-HM,F,30,free swimming,11-2018,0.05214045836070102,0.027776677762406346,181.555107678519,0.05106326468305885,0.02092166144473205,78.64970846553092,0.053514043272079835,0.02828342145852524,186.3902101641136,0.05195794656586405,0.021646035010692802,81.9400141766323,28.918843199999973,0.963839360106649,29.99380019999997,0.000945727473036332
rei-HM,F,8,free swimming,11-2018,0.09133383460935621,0.023069599474228722,195.04329562233085,0.07303180510130845,0.004523370282979651,40.83457815195857,0.13070387992164098,0.03298241298964946,280.6918990166585,0.1137738441188605,0.0127717090996431,106.952137993801,20.542407800000035,0.6870239208873447,22.99982480000004,0.0013243061662071335
rei-HM,F,5,free swimming,11-2018,0.04031854675373306,0.011917754282116543,90.90653491285255,0.028503340572510798,0.0019029344466496,10.369922416913369,0.05889237753315846,0.01848715321534295,145.03192685133018,0.0488913343312403,0.0031800400492619,24.136222293918763,17.98486099999997,0.600746766235498,29.90557019999995,0.0022366090615286347
rei-HM,F,34,free swimming,11-2018,0.07619896759469641,0.03004261058371252,229.71302838278254,0.0480894915459137,0.02054668962311145,91.3566809743827,0.08976947636135628,0.03455895951663035,269.2499712698839,0.0589910905891361,0.0263374663415561,133.0002584627323,24.918020999999953,0.830694884185969,28.766942999999944,0.0008057094848800399
rei-HM,F,27,free swimming,11-2018,0.051895618324623194,0.02259241909164823,182.34883714226467,0.04715195221289155,0.0066147954709959,40.86830590506452,0.06674487037731718,0.029755621127328845,242.25140293021374,0.06101111632269445,0.0147194419782299,102.83017852268017,22.351340999999977,0.7448758540243293,29.996799699999972,0.0008734819838084136
rei-HM,F,23,free swimming,11-2018,0.07123617768648094,0.016944274465117787,122.51947867977394,0.06795175665934025,0.0055116131957764,39.401574755814295,0.07367571085610476,0.017395521857992462,126.73867896447742,0.0698152272361236,0.0055235662870066,41.82712378071756,28.78751330000002,0.9596733877687053,29.82724290000002,0.0017824328825557943
rei-HM,F,81,free swimming,11-2018,0.08365943759879024,0.031860429313728456,278.058520123584,0.0834537522743773,0.01756102068229615,156.69476531227247,0.10108754448818116,0.038737279773560965,338.42329607250235,0.09733999627228415,0.02723002982985255,225.25704730749112,24.536377799999965,0.8175304115980669,24.656408999999968,0.0005749539070905349
rei-HM,F,9,free swimming,11-2018,0.026292326608560602,0.012541555471380562,83.47775316888622,0.023357023111300952,0.0042942247412162,20.550217958831944,0.034468701276796194,0.017363075660456924,122.72574304925998,0.0332117742396303,0.0052823987934782005,42.8150329462369,18.379776600000024,0.6105263157894737,30.096783900000037,0.0011577948934473072
rei-HM,F,60,free swimming,11-2018,0.12572516065779063,0.03480502593794923,254.5868076615188,0.1094731621982208,0.013078350614561099,71.34269965200666,0.16279704934497238,0.04486474319768815,330.6494968899008,0.1462500844648395,0.0246641638490671,159.60844954723223,22.994940000000007,0.7665389101816364,23.104915800000008,0.001199828280727644
rei-HM,F,1,free swimming,11-2018,0.03469540538308719,0.011075593921621659,90.77771767803802,0.0106404709110779,0.0022512003828662,11.84187951677984,0.07298450061830535,0.02326832179486812,198.22469032132005,0.0560727387449028,0.0083983012252775,65.57928257726698,12.828945599999983,0.4306373861810391,19.702164899999975,0.0013222067688087539
rei-HM,F,41,free swimming,11-2018,0.0845093035871406,0.03274773329061757,226.384778987429,0.0777684308631193,0.02271850528405315,121.16081582346538,0.08820636109550832,0.03376941294868813,235.42270019604186,0.0815698811695122,0.024732548270749,132.1993477461504,28.597859500000002,0.9530078320279953,29.997999500000002,0.0008586075392371732
rei-HM,M,7,free swimming,11-2018,0.032436198309697045,0.03554452336753657,206.30349235660802,0.0261055868484803,0.023104056457631,99.39425353724118,0.03932274345427878,0.042698479786470726,253.56414064327987,0.0348182693457136,0.0317803529623256,148.3877257069821,23.96199299999996,0.7743225806451612,30.91380599999995,0.00041363108377418564
rei-HM,M,30,free swimming,11-2018,0.06633407422399079,0.013913010738816812,87.45189980170882,0.05901854050196735,0.0037716599178391,23.581635998920092,0.069343794541149,0.014443045107322973,91.62365906541352,0.0615303558552203,0.0038445271167532,25.083488676117227,28.23878610000001,0.941343109481753,29.98840110000001,0.0028456187789770906
rei-HM,M,51,free swimming,11-2018,0.04125720911493576,0.025763746589617588,141.43337340803149,0.0383919004100476,0.018786242860159348,64.74156336305299,0.046312095388416484,0.028344099632071726,160.80393845084524,0.0431094767881802,0.0218873852130401,84.79558212616212,25.4324565,0.8476920513247792,29.982001500000003,0.0008869389703273317
rei-HM,M,1,free swimming,11-2018,0.038784100416650216,0.014837439450716574,96.82653150328801,0.0364249222050058,0.0032627140834902,23.594180838344414,0.0455697369795944,0.017961892125108993,119.01262463146682,0.0417656091077455,0.0039985966158959,34.68120210609982,24.266230500000017,0.7849490125209758,30.898441500000022,0.0014470943825061105
rei-HM,M,13,free swimming,11-2018,0.012308355423223276,0.0029663243865661907,22.503475932491842,0.009341858725823899,0.0013405210391287002,8.618366726128102,0.030932856466919054,0.008733082489132417,73.38465173831878,0.03072610710679505,0.003327023560003,34.68135429050463,4.697556000000005,0.15664055990668221,29.67456120000003,0.001291637755215206
rei-HM,M,35,free swimming,11-2018,0.08753163215388943,0.02357217230427302,190.31106437110762,0.0849440350134269,0.0107223064254241,77.24395419458716,0.08757523203820759,0.023579114309203664,190.39588071832392,0.08495355951481584,0.0107097345447508,77.29548711843961,29.96800800000002,0.9991668055324112,29.98300200000002,0.0013117973827506814
rei-HM,M,26,free swimming,11-2018,0.16070558089120981,0.038505255378356,250.73262979650568,0.15473840524526006,0.0126031406741969,91.3215422769099,0.18481748283547883,0.04438381480417232,289.1688966395351,0.17158145349834236,0.0188292014921429,123.0351920347033,25.966230399999983,0.8651891351441426,26.06625439999998,0.0017469758390947613
rei-HM,M,39,free swimming,11-2018,0.1829792858801752,0.04358435173553645,380.0537150908645,0.18506876840070005,0.0246538723768834,199.13455158171018,0.1829792858801752,0.04358435173553645,380.0537150908645,0.18506876840070005,0.0246538723768834,199.13455158171018,30.0,0.9998333611064822,29.995,0.0010705510695151745
rei-HM,M,11,free swimming,11-2018,0.04887356380620376,0.020905129660125168,134.8385497439524,0.043108140999559855,0.0104237637960563,50.44684073288437,0.0552969226211326,0.023627003136379745,154.8259110873342,0.0488375936086169,0.0133100895597425,64.45801449271755,25.37941530000001,0.8460256623896018,29.94341100000001,0.0010651184800133716
rei-HM,M,47,free swimming,11-2018,0.04256494721547336,0.02124519598875916,125.22959343760536,0.029519939409806052,0.0037341875750093,20.13583065590865,0.06995123199700683,0.03577340824379833,214.67743062459974,0.06247037060278335,0.0236123953583838,120.9525652852733,16.754689999999986,0.5582402932844526,30.003398599999972,0.0006950831482638811
rei-HM,M,54,free swimming,11-2018,0.09801050702343975,0.03269253171457894,212.25564505155523,0.08233517320070835,0.0149262786838855,96.58720145920938,0.10325965486009667,0.034313025682231414,224.00571393510225,0.08888997852107244,0.01706469503502625,113.59048159952783,28.172762799999944,0.9401766372271289,29.95540659999994,0.0010217951969269017
rei-HM,M,21,free swimming,11-2018,0.08660630881548954,0.026626770630910058,194.21533820338905,0.085463775766865,0.010987595346093549,92.371983743024,0.08660630881548954,0.026626770630910058,194.21533820338905,0.085463775766865,0.010987595346093549,92.371983743024,30.00239999999994,0.9998333611064822,29.99739959999994,0.0010766599830455011
rei-HM,M,5,free swimming,11-2018,0.08123851006631143,0.024047402751363578,175.88322924296003,0.0665370175567302,0.007806167848054799,48.88396754783031,0.09131922109639769,0.027054420697250926,199.79003186015697,0.07565133979280164,0.00995510657991425,65.11595365179801,26.24255100000005,0.8730897009966777,30.049118900000057,0.0014655246152674591
rei-HM,M,10,free swimming,11-2018,0.024552878483483486,0.008365050409841483,62.39149762409587,0.00972790070132435,0.0012163323026481,6.625213847360101,0.05216598248393016,0.018652676937903255,141.88756870393527,0.048291853005573496,0.0046933837857553,36.5806009011294,12.37445320000001,0.4122646225629062,29.09046880000002,0.001438958430892003
rei-HM,M,91,free swimming,11-2018,0.19484848159719786,0.04959207885466262,401.13093513198254,0.19882221149284005,0.03590028957034515,279.10526476039763,0.19484848159719786,0.04959207885466262,401.13093513198254,0.19882221149284005,0.03590028957034515,279.10526476039763,29.986200000000025,0.9998333611064822,29.981202300000025,0.0008682088528567443
rei-HM,M,20,free swimming,11-2018,0.0925890079366354,0.021259587442205626,154.3171162332126,0.0898066539398254,0.0072056371139864,36.75811296271263,0.0925890079366354,0.021259587442205626,154.3171162332126,0.0898066539398254,0.0072056371139864,36.75811296271263,29.99020080000005,0.9998333333333334,29.98520160000005,0.0026480508646696053
rei-HM,M,16,free swimming,11-2018,0.1946631556137832,0.04232647560292457,302.1434540941256,0.19114033655664805,0.0237993037732104,159.91866080277646,0.1946631556137832,0.04232647560292457,302.1434540941256,0.19114033655664805,0.0237993037732104,159.91866080277646,30.004799999999992,0.9998333611064822,29.99979919999999,0.0014597960624362488
rei-HM,M,43,free swimming,11-2018,0.15342384913766208,0.045979884024686196,322.72705913817197,0.1462392400057572,0.026502509996606402,193.71959869525028,0.15342384913766208,0.045979884024686196,322.72705913817197,0.1462392400057572,0.026502509996606402,193.71959869525028,30.00120000000003,0.9998333611064822,29.99619980000003,0.0009538076063793635
rei-HM,M,60,free swimming,11-2018,0.057235890423401485,0.019702567632214334,130.66715435154273,0.040359409496693005,0.00334026361985875,14.86903474414305,0.07815994967633765,0.027283635609995843,184.0944416158078,0.0578665368463397,0.0063522333481638,40.01628437495697,20.737531799999953,0.6913847692051325,24.106318599999945,0.0020161040120977303
rei-HM,M,70,free swimming,11-2018,0.06301848472806253,0.01283015633794107,78.35145746605603,0.0580824325022394,0.0029247335404625503,17.969366420686583,0.06332215631410287,0.012867730028853164,78.71441841766806,0.058319001748514496,0.0029146404677043002,17.949678829751292,29.775235200000047,0.9925012497917014,29.99020080000005,0.0034068139101506574
rei-HM,M,52,free swimming,11-2018,0.05006208474216825,0.023602939982415843,172.711005697134,0.04017417571290375,0.016477566517372,75.30417541742196,0.060941907264156096,0.028374312499945348,212.72129138826082,0.0480151809969986,0.0231747704807557,113.92457043176876,23.789512000000016,0.7925345775704049,29.96698200000002,0.0006848886205302729
rei-HM,M,19,free swimming,11-2018,0.08462028886216005,0.039667603951430756,284.7371705553352,0.0793627172409542,0.0265363920958274,153.537133544296,0.09153161758571132,0.042702167885199795,309.46800662441296,0.08469475328375439,0.030722583604458953,184.53126149956347,27.44164639999997,0.9145142476253958,29.996799699999972,0.000677307755967091
rei-HM,M,33,free swimming,11-2018,0.05172205516577079,0.025810725707400655,154.570060462887,0.04186598971495715,0.018638516460006048,65.82864188582249,0.06297628110832973,0.03076795715381792,189.30828196345877,0.0529941410443273,0.0253114045849573,101.62376936928864,23.81022850000002,0.7940343276120646,26.373638200000023,0.0009134321144522379
rei-HM,M,61,free swimming,11-2018,0.09306274234081958,0.020987164345064584,156.9222881249685,0.0818002448778922,0.0073849272133552,65.29347114188795,0.09875094006742169,0.02228912222881408,167.13403898771833,0.0858205345310709,0.0084370010150266,74.63902574685335,27.93046860000003,0.9313447758706882,29.679558600000032,0.0014102790881735422
rei-HM,M,15,free swimming,11-2018,0.15994908707492683,0.03147944924168976,278.82410375679007,0.14732795865258186,0.01555186189905165,141.9081492699698,0.17356769267625283,0.03418332043116779,303.19231752994733,0.16072672520971695,0.01854417304860525,174.77940534345748,27.51348199999999,0.9175137477087152,27.55845499999999,0.0011559859854366702
rei-HM,M,48,free swimming,11-2018,0.0817462735205229,0.02314978262379463,167.88763287606983,0.0617791364889939,0.0061456969088275,39.06113537785245,0.12370997684162391,0.034306800449186374,254.56792969433664,0.09931789734158455,0.01787533716000705,134.39894202761877,19.263852000000032,0.6418930178303616,27.340467000000046,0.0010216288838133893
rei-HM,M,4,free swimming,11-2018,0.07353088478741826,0.022854969604547817,147.9540667479649,0.0674396083395205,0.0112299629972084,70.37443275559951,0.07567013377406327,0.023333359884599076,152.02857648168566,0.0692479689934965,0.0114210133775394,73.58183479219527,30.18551969999996,0.964932415200204,31.27454399999996,0.0011957849006816966
rei-HM,M,36,free swimming,11-2018,0.16436713549598772,0.056451234871880446,375.6576305435223,0.15771286508892873,0.0434412867955202,307.0585717637805,0.16723398181358695,0.05728617106732279,381.82278256604894,0.15988889711726106,0.04477739271337335,316.60022164914636,29.454697199999945,0.9818363606065655,29.989600899999942,0.0006536113208210784
rei-HM,M,25,free swimming,11-2018,0.07593708807447484,0.0219210607265268,132.94333059291515,0.0661811805107161,0.013406356001226,68.19911468417104,0.080830924212798,0.022823487788664675,139.5233822322295,0.0700244903421605,0.0140853730124502,75.98799686960902,27.92990969999997,0.9324324324324325,29.938824299999972,0.0011912578067005072
rei-HM,M,23,free swimming,11-2018,0.1662342783359994,0.03450553114293326,248.8185186982777,0.1620142066934558,0.0170523036781957,122.75020404931922,0.1662342783359994,0.03450553114293326,248.8185186982777,0.1620142066934558,0.0170523036781957,122.75020404931922,29.975400000000015,0.9998333611064822,29.970404100000014,0.0015973490165370778
rei-HM,M,40,free swimming,11-2018,0.04923362396702032,0.014384656247994114,103.92367865511746,0.04161407706847865,0.00482598170040315,32.62480549562756,0.05638148729919702,0.01686753602707004,122.50694150406441,0.04903791897858175,0.006391800879491,46.30153007065161,24.37,0.8121979670054991,29.9,0.0014714539916910073
rei-HM,M,29,free swimming,11-2018,0.02713557652809338,0.027726904833298326,129.3363860181755,0.02153707029575915,0.02182228319563885,79.50313226102992,0.03257776217121185,0.03301355072996468,157.41906552842252,0.03024677455286185,0.029620459876578,111.76120075034532,23.01896740000003,0.7662056323946009,29.95769920000004,0.0005517160670941796
rei-HM,M,44,free swimming,11-2018,0.028277129239073374,0.024708657119993264,200.50178318636483,0.0147511796394337,0.0143120665612722,64.71098308668388,0.0410608837051263,0.03625859514166995,313.1653088022349,0.0324327580567387,0.028750094072418797,141.45115088708735,18.13564640000004,0.6045659056823862,29.98280240000007,0.0004044560292006813
rei-HM,M,57,free swimming,11-2018,0.049721940975401044,0.033793645412320515,174.56759257688174,0.043337350322128945,0.02820565370969305,84.21497159964701,0.052758819037896185,0.03533462876983376,185.18166623908283,0.04573936703426245,0.029820172126509552,90.69155515521743,27.21775499999997,0.924845859023496,29.404983599999966,0.0009342032881642953
rei-HM,M,12,free swimming,11-2018,0.039210758586846195,0.010851709578725187,73.34784877744167,0.0362978577662655,0.0038220033905024,25.31635946156996,0.04356784391618875,0.012212437219053546,84.13332330742652,0.0401354118831434,0.0041575401724683,29.43535967214075,24.601394699999968,0.8205170975813177,29.93778179999996,0.0015543894963888018
rei-HM,M,71,free swimming,11-2018,0.12091313328526866,0.02353898870211228,183.01628442113633,0.1164732361559441,0.00713221950282995,53.89962015829042,0.1218522996389792,0.023725549234128247,184.48872190770086,0.1172099366206659,0.0072224057759894,54.85281794074126,29.72262200000006,0.9906682219630062,29.992600400000065,0.0024575945501426315
rei-HM,M,14,free swimming,11-2018,0.11417545002400081,0.029315952175449442,222.00981542758882,0.1117645479518827,0.0131402401415767,103.45202794806028,0.11425174013930844,0.029329419965928413,222.13481574986258,0.1118348140700717,0.01313684494579725,103.63205900061985,29.97179819999997,0.999,29.99179939999997,0.001316326440511017
rei-HM,M,32,free swimming,11-2018,0.0991497735871256,0.04334357066855337,301.22317205066236,0.09438502037075286,0.02103346181214335,172.5521858954366,0.12516528126906917,0.05487178311618622,383.0093916763361,0.1159901957806342,0.0414180980585923,318.68242593064053,23.477979799999986,0.7822029661723047,23.978149799999986,0.0005626236089021383
rei-HM,M,18,free swimming,11-2018,0.17328698895223713,0.029355724172670482,244.76857916817352,0.16967565460765086,0.0134708692569541,113.28184938729464,0.17328698895223713,0.029355724172670482,244.76857916817352,0.16967565460765086,0.0134708692569541,113.28184938729464,29.983199999999982,0.9998333611064822,29.97820279999998,0.0017966186794977582
rei-HM,M,53,free swimming,11-2018,0.1600891021887674,0.030927634296685155,270.8219831877492,0.1594948489879301,0.0167428555010216,150.91127831395283,0.16089020528094292,0.03104642856984373,272.11423911613883,0.1600393237351036,0.0168113516922844,152.95539355965957,29.843580800000066,0.9945009165139144,29.998599400000067,0.0012187566935444798
rei-HM,M,50,free swimming,11-2018,0.09468319763094638,0.021429456944700376,194.83604928113434,0.0759375250908992,0.008278405058859,62.965944961956666,0.12090533957050882,0.02697769492405685,248.6935506806717,0.1007326641932735,0.0127940263635339,116.90869142937572,23.0273025,0.7673721046492251,29.997999500000002,0.0012518775583877915
rei-HM,M,80,free swimming,11-2018,0.13633704682463776,0.047177469853211286,290.9773887675889,0.12715257433786348,0.02744622932895245,157.38983041365202,0.13633704682463776,0.047177469853211286,290.9773887675889,0.12715257433786348,0.02744622932895245,157.38983041365202,29.99400000000005,0.9998333611064822,29.989001000000048,0.001057316525345835
rei-HM,M,45,free swimming,11-2018,0.0738033887387483,0.03586516828808586,247.25128398688443,0.05749081504821975,0.026460760965797102,141.94607667210732,0.0787536052024973,0.03782316075710937,263.86769085282776,0.06226834184551645,0.029889573526249248,164.07239383007663,27.812781,0.926845525745709,29.982998000000002,0.0006291188456451552
rei-HM,M,56,free swimming,11-2018,0.0694290550330713,0.024008803884790552,174.6427545579768,0.050423969450272804,0.0113350616629182,69.95920407270546,0.07543774296895502,0.025610838144126603,189.29020283978164,0.0555141304585641,0.0120846462863723,81.84118245177388,27.111203899999985,0.9036827195467422,29.975802799999983,0.0010579254689218843
rei-HM,M,31,free swimming,11-2018,0.13668926517846786,0.03344488169061373,232.5145210164629,0.1283951029279812,0.013405709835243449,97.6685548371293,0.13688133100720185,0.0334826648306544,232.81630309525903,0.1284896354468706,0.01341706831266005,97.94561793884462,29.961380999999967,0.9981669721713048,30.006398099999966,0.0016509811189396291
rei-HM,M,41,free swimming,11-2018,0.09768052564293334,0.03338126013546739,313.35755882049585,0.07371816040493806,0.014560510965342,132.91659614044136,0.12999432640210698,0.04453129442432672,420.3206155826804,0.10909346566888906,0.03059010577767495,277.26989096596526,22.286879399999986,0.7428761873021164,22.506848599999987,0.000635716585588096
rei-HM,M,28,free swimming,11-2018,0.06070104518195405,0.015799530532584392,109.61872343312572,0.054053565862754505,0.0057946813412982495,38.711088562510554,0.06505267149754702,0.016802418091331074,118.29975758142938,0.05860159824899735,0.0059985278761551,42.88168530866301,27.219455599999947,0.907182136310615,29.95940079999994,0.0016247051790232083
rei-HM,M,22,free swimming,11-2018,0.10597176816666952,0.02347439338752968,184.99587531950405,0.10487078385308325,0.00549292732973365,42.04461875344805,0.12198862406834472,0.027089488143620676,214.07366430279072,0.1199247984142922,0.0083270045279322,67.32771737191712,25.706542299999974,0.8566905515747375,29.996799699999972,0.002112594026802123
rei-HM,M,37,free swimming,11-2018,0.05502134571577485,0.016044731889510732,139.23689563888254,0.051446520948208854,0.0056327885393346495,36.008918718869154,0.058102409327027316,0.017058443242733506,148.84169107809876,0.0546814818862857,0.0062435061175605,41.16287441317468,27.816674399999982,0.926845525745709,29.98719519999998,0.001613792197421503
rei-HM,M,24,free swimming,11-2018,0.17034622915521064,0.04776427493250071,379.75657807371385,0.16226801568909,0.03505040527555065,292.6091189325575,0.17034622915521064,0.04776427493250071,379.75657807371385,0.16226801568909,0.03505040527555065,292.6091189325575,30.017400000000034,0.9998333611064822,30.012397100000033,0.0007446928146549287
rei-HM,M,9,free swimming,11-2018,0.05235137760776547,0.02323916050954893,148.82427960690023,0.04908033708816275,0.0068098001526549,47.39478127911667,0.05689524966901131,0.024943961489813343,161.49977407330644,0.0524505727267125,0.0067085042140418005,51.89512091856585,27.093623200000014,0.8991919459531064,30.119104400000015,0.0012560302372607978
rei-HM,M,49,free swimming,11-2018,0.06939573038722023,0.025257072138379577,170.34988190977958,0.0602772039447369,0.0122741451296185,77.07921406848754,0.07412950968308953,0.02690611242403443,182.15818184169055,0.0646882176368012,0.0143170478475064,92.89567136695496,27.7622235,0.9256542757126188,29.922007500000003,0.0009348002965073401
rei-HM,M,3,free swimming,11-2018,0.09367792515857849,0.02449954277168011,181.42792650596465,0.0847476187353379,0.0070541488138219,46.48779329335184,0.09536681587568058,0.024984637311841355,185.19476648288503,0.0859594005913995,0.0073340480102919,48.671536172845364,29.676165599999962,0.9773206751054853,30.35681159999996,0.0019604167343438856
rei-HM,M,46,free swimming,11-2018,0.0711686306132169,0.02659894116825854,174.95948066567738,0.05266752437981445,0.0117935884255497,80.33765188628195,0.07640754117110338,0.028393325721709824,188.21235261012026,0.0567423466544143,0.0135362421477203,95.378377347663,27.405802500000007,0.9140143309448425,29.959014000000007,0.0009097519282814518
rei-HM,M,55,free swimming,11-2018,0.09979225882550388,0.029861479829337925,220.81015004185514,0.0938680673190966,0.0108303641754272,87.81015536494579,0.11481894941398035,0.03423251204990968,255.02570405709412,0.1083051346931177,0.0157273341270088,122.93605642339573,25.23882919999996,0.8575474841719427,28.75471039999995,0.001039626038041899
rei-HM,M,38,free swimming,11-2018,0.178334952652883,0.037301846207113194,282.87830020671987,0.17627696494330147,0.0192870833984217,126.69389509539997,0.17839311840636493,0.0373103151992756,282.95845885745416,0.17631075899686066,0.0192957458073183,126.72366519307161,29.99,0.9995000833194467,29.995,0.001700597890111113
rei-HM,M,34,free swimming,11-2018,0.10222995043905521,0.0217942363791388,172.83676003879307,0.09809557987869905,0.00957147303042645,62.628809753243786,0.10252649865698996,0.021850559446255968,173.3326976322508,0.0983038624434864,0.00958737668233385,62.97386950791406,29.87804400000002,0.9961673054490918,29.97800400000002,0.001830218482082498
rei-HM,M,27,free swimming,11-2018,0.0701179536611154,0.027516436415927464,170.36538389508289,0.05724127301249775,0.012365603901734499,74.28081277359499,0.07812808614509419,0.030150615111039867,190.59162629015154,0.0659170071664361,0.013589386147275399,93.83876179475124,26.310506199999942,0.8761873021163139,29.998380499999936,0.0009549426459331324
rei-HM,M,2,free swimming,11-2018,0.047189743604975715,0.025612248551725798,156.0009556784726,0.04191862568271295,0.01461494319564375,57.304036462667796,0.05495276547621637,0.028850906402319645,183.58863794393613,0.0504575958493742,0.0174492061997095,79.7613147438625,24.52101299999996,0.8158628935831008,30.03534599999995,0.000938479567140037
rei-HM,M,42,free swimming,11-2018,0.041921757712753964,0.025012170874971113,144.56348124067443,0.035545010188211795,0.01638459097165485,66.36518765424029,0.046361794625832446,0.02742512414093749,162.66919838371422,0.04106926995062065,0.019795539772875598,83.35775723315955,25.724158000000024,0.8565239126812197,30.01819060000003,0.0007906939145668728
rei-HM,M,17,free swimming,11-2018,0.158794537054945,0.03172210403589013,241.12333824737382,0.15177535517656604,0.0163533675417048,129.06602408836534,0.158794537054945,0.03172210403589013,241.12333824737382,0.15177535517656604,0.0163533675417048,129.06602408836534,29.96519999999996,0.9998333611064822,29.96020579999996,0.0013976496812424615
rei-HM,M,81,free swimming,11-2018,0.11387851324713918,0.03219704105641211,258.4958212972348,0.1059739035057877,0.0154233822309137,120.9426944246502,0.11486352546522675,0.032502051876342274,261.0739378859462,0.1068879131752517,0.0157157894062403,123.47803019663957,29.67559350000006,0.9894964988329443,29.980599600000062,0.0010791744909882828
rei-HM,M,90,free swimming,11-2018,0.03430575874361241,0.013443314715129285,91.23047567355117,0.03299879203132555,0.00421727588934275,31.94726185829495,0.037599060041189646,0.015300761813713693,104.88667630623151,0.036585864717248506,0.0050604309841752,40.14389579729141,24.724559400000008,0.8241959673387769,29.73345720000001,0.0011393387108211334
rei-HM,M,6,free swimming,11-2018,0.06463546127308366,0.02800658449605619,186.20695666401818,0.0550121228277038,0.0107728493292526,54.343969913824175,0.07594379513711087,0.032292808853321746,219.8453753891902,0.0669153283364036,0.0128000585194953,78.64328247457308,24.968504400000043,0.8285600636435959,30.126824000000052,0.0011266973408626689
rei-INT,F,60,motivated swimming,11-2018,0.06658264480282788,0.014580340004295577,109.53334262419156,0.0636509311670787,0.00365054840171825,28.091386360111414,0.07051390777753348,0.015292337542998125,115.48997469981654,0.06591806877440184,0.0038141664523547,30.18081084440496,28.09449439999999,0.9361773037827029,29.99979919999999,0.0024860690704349426
rei-INT,F,29,motivated swimming,11-2018,0.11439498887742623,0.02276263169268045,192.58533444746905,0.09986159397360185,0.0073018412090351,49.035926476199165,0.1221878302580307,0.02428189724674623,205.89965384200454,0.1060589227466062,0.0083502851032658,56.879863176209255,27.943882199999972,0.9313447758706882,29.99380019999997,0.0023995133031212068
rei-INT,F,13,motivated swimming,11-2018,0.04986917410650037,0.01693533920171922,121.21891572844167,0.045618006129041946,0.0057173223843242,42.17712839838299,0.05220596203455363,0.017725890927870764,127.3967694772847,0.047423784185536846,0.005916206506985801,43.90693104379437,27.97671279999998,0.932177970338277,29.98719519999998,0.0013462874423857615
rei-INT,F,4,motivated swimming,11-2018,0.06875651315289771,0.030971585262609253,233.51602902805683,0.0651209006598464,0.0145991017767042,91.99298983085669,0.0732411802038076,0.0326880256612871,249.0263986422026,0.06929106681350905,0.016078034097718748,107.63040692495451,28.508592000000046,0.9274193548387096,30.73170240000005,0.0009636785214080501
rei-INT,F,17,motivated swimming,11-2018,0.08928352903219666,0.027305079776776604,198.74811056643924,0.0212122711082408,0.0025161470566706498,17.0911418993569,0.1692147036600333,0.051831761083988626,377.8078210922917,0.14751717696477018,0.0376191515311804,245.60564746720672,15.67626800000001,0.5222462922846193,15.76130200000001,0.0008363916508720684
rei-INT,F,8,motivated swimming,11-2018,0.05781248850948133,0.015181322401957426,135.74432287027247,0.0520462963740549,0.0033755394820977,27.1928150301477,0.05853855768799078,0.015394153919605785,137.8201900198575,0.0524880917791934,0.0034009834074133,27.279075258419997,30.205202300000035,0.9803997923156802,30.80106820000004,0.0021550635921091773
rei-INT,F,20,motivated swimming,11-2018,0.09212652193434565,0.04272828266362223,396.9436354989173,0.02427180879036895,0.01134361225968575,45.29225194078208,0.1608229650822131,0.072558522994561,695.8236044773789,0.1390946801349957,0.046475192386375305,304.39564574728166,16.889324399999982,0.5629061823029495,25.658973599999975,0.000653197244603546
rei-INT,F,25,motivated swimming,11-2018,0.14944464374317248,0.030714105431236323,249.22428140604524,0.1292179701477679,0.015104823952008649,134.54325664203708,0.14959467773865198,0.03074465125983541,249.47095378602293,0.1292752422823207,0.0151241723252516,134.8803426706013,29.96679789999997,0.9986668888518581,29.996799699999972,0.0012678222632365153
rei-INT,F,36,motivated swimming,11-2018,0.061776812472507873,0.02591901909534094,414.9743799991392,0.00990543502956215,0.0030836640159416003,13.044566462713192,0.1369677052947553,0.05822244083397443,960.2095869958548,0.1160066754615917,0.0480635916716442,557.4578031287274,12.844486199999988,0.42809531744709217,12.874484999999988,0.00035807053862281
rei-INT,F,21,motivated swimming,11-2018,0.03158105397679211,0.00928923571813032,101.99506373672685,0.0041256359345143,0.0012908871614055,4.330926187885442,0.15560206223468537,0.04593129873693362,548.7461127867301,0.1083904644547206,0.03137122590679235,199.2425167695693,5.549543999999995,0.17990654205607476,5.6336279999999945,0.0009760941017496127
rei-INT,F,32,motivated swimming,11-2018,0.06884696001545065,0.016736040189953245,107.69050987705121,0.0642110386569246,0.0034387263500817496,20.05169389785806,0.07009225976491217,0.01704202452949221,109.99969777056918,0.06531670922174,0.0034693365262469,20.63492803919189,29.22967599999999,0.9740043326112314,29.979795999999993,0.003305038563707283
rei-INT,F,90,motivated swimming,11-2018,0.09363541421767069,0.030652142485049876,224.1311185657417,0.068717824832117,0.00750851332624875,59.980658057949654,0.09796388142464098,0.03215714160526162,235.78921001262157,0.07270778485857425,0.00837884530194815,69.06801400076574,28.35773120000006,0.9451758040326612,29.992600400000065,0.0014457926119688597
rei-INT,F,10,motivated swimming,11-2018,0.05533106890988387,0.01731482627916691,175.86434812576792,0.0452424101213459,0.0044374467088124,41.54853353388432,0.06089000068670851,0.01927194765684482,197.2883956880624,0.05056448062063465,0.00506747895584945,54.263321084306426,26.911843200000046,0.8763342879458474,30.62961120000005,0.0012220435105324504
rei-INT,F,26,motivated swimming,11-2018,0.022867375312669216,0.005264201875255323,39.326769198062216,0.00293729960504855,0.00060253672917455,2.4006519507338453,0.12495943982736633,0.028769530590713122,228.89588990603406,0.0887081476037258,0.0065564051250724,56.725634457234264,4.790383199999991,0.15964005999000166,9.455756399999983,0.0017839071670314394
rei-INT,F,35,motivated swimming,11-2018,0.05411267197485182,0.01785561341855127,130.4712814776521,0.04404582579720775,0.0082957148107369,50.129522542411564,0.0593512380311924,0.019195753013309485,144.41756391029548,0.049125760415191844,0.0087452641240899,58.4417763898152,26.431057200000026,0.8808531911348109,29.98619940000003,0.0010367126246233452
rei-INT,F,11,motivated swimming,11-2018,0.1263058450252726,0.03196318590672998,279.6415815326246,0.12106426739665616,0.0118913374283354,98.16793925635068,0.12643931418825083,0.03199447810147282,279.92409967403967,0.1211818574276059,0.0118988555596179,98.3128006628057,29.96080489999998,0.9986668888518581,29.98080209999998,0.001424257594498242
rei-INT,F,22,motivated swimming,11-2018,0.056010591022876775,0.019640585706974672,152.1545391608743,0.04548949511044575,0.0068923465856659,49.31995065601269,0.06195125172009269,0.021458303041021143,170.6085368750171,0.0504359060657777,0.0075668201225022,59.65779175369335,26.818659000000025,0.8717982056949681,30.73446320000003,0.0011049857057388404
rei-INT,F,31,motivated swimming,11-2018,0.16548008223697308,0.039620045040765266,294.39273252443513,0.14164831005955403,0.017938341166618903,137.5141959947996,0.19200466365636407,0.04596568535122836,342.5726684908669,0.1601906069879944,0.026072361019815,209.49117892354252,25.670241599999947,0.8558573571071488,26.794814099999943,0.001033636711492802
rei-INT,F,14,motivated swimming,11-2018,0.039472308328002824,0.011986749497569456,108.52931304229641,0.0217473767864284,0.0018973741538143,9.56373438597069,0.0719828589434703,0.02212614588130079,206.78182527854733,0.0631960290263654,0.0064484047991093,50.24431788562112,15.880426100000019,0.5098870056497176,31.13699260000004,0.001596238035562355
rei-INT,F,50,motivated swimming,11-2018,0.09598334869890164,0.030199573524180172,277.5580107187598,0.0840538797755548,0.0175563581018831,166.02259435866813,0.097251160159692,0.030645249323694137,281.8992886893833,0.08526671738852895,0.018235737487553798,174.17367866447222,29.495280000000047,0.9831694717547076,29.98520160000005,0.0006983265024089259
rei-INT,F,3,motivated swimming,11-2018,0.13032644317220402,0.0347575752354189,281.9747384356131,0.1072280842821336,0.0155304463129729,120.79938695898562,0.16374689670710957,0.04348238822907244,355.1407320127375,0.13994954275434263,0.025086538744675098,216.5045559787808,24.25539359999999,0.7889669529013791,30.719231999999987,0.0009318169218385289
rei-INT,F,1,motivated swimming,11-2018,0.06686532742635484,0.023296792097947435,189.32973383246866,0.0537328169792601,0.0080828853917359,51.4805659235833,0.07615693596934367,0.026188607501622718,217.74051882586164,0.0641268468335066,0.00920098465752105,65.25419520140474,26.281728200000014,0.8511796733212341,30.868822400000017,0.0012714375153551917
rei-INT,F,18,motivated swimming,11-2018,0.061242250368537685,0.03770616487362843,690.5661614567878,0.023301617166774,0.014128946033146302,143.34569935894024,0.09677402605796047,0.05999902723419597,1116.6392343827376,0.0633854788976963,0.0460471580709234,591.456285865354,18.478152,0.6158973504415931,19.2030795,0.0002116344303671919
rei-INT,F,15,motivated swimming,11-2018,0.061463862051015394,0.018031461686750697,129.76568399271648,0.045327829370743,0.0033508203399084,22.27339732354494,0.07880247319957394,0.023142814814863306,169.7541815043409,0.0610189619454614,0.0053344091858811005,37.353594640165966,22.83314159999998,0.745559038662487,30.613530599999972,0.0020633286491722434
rei-INT,F,23,motivated swimming,11-2018,0.04168421102483081,0.017514027976047706,145.92944948811572,0.0353852284210414,0.0021842551232914,16.08901892424086,0.06294708983832097,0.02707637858463942,227.7574541498667,0.057834838725977805,0.0054588007253536,53.86222583510225,20.97783039999997,0.6289549376797698,33.34147929999995,0.0013005515882673993
rei-INT,F,30,motivated swimming,11-2018,0.06477371183679877,0.012841366822647355,99.89805404148103,0.001968634780366,0.00054147218121335,2.692539650738013,0.184134598377449,0.03645046948648896,285.7417802996849,0.1777417023988211,0.0206526656339985,144.54819056584256,10.352514800000025,0.34510914847525415,10.477484800000024,0.001651403416199971
rei-INT,F,27,motivated swimming,11-2018,0.13407284389384455,0.03331165809356231,250.76279704376097,0.09677912774719805,0.0130766505872377,84.6505775662763,0.19047097398064464,0.04716833842294588,356.7870330823088,0.1684591434114374,0.0354667831685924,254.8279145869856,20.891656800000035,0.6966161026837806,21.206606400000034,0.0009072639830954001
rei-INT,F,34,motivated swimming,11-2018,0.10132748494103476,0.030578900987483334,227.8496380466018,0.0917283718479659,0.0112180062228065,85.004069170696,0.10807978698625655,0.03256973523265106,243.71311922174564,0.0980290914608613,0.0134883367475024,109.6774577497854,27.92611700000003,0.9306782202966172,29.99619980000003,0.0012320335910826104
rei-INT,F,80,motivated swimming,11-2018,0.10516599155831402,0.045679907961824945,358.48470753781135,0.07668786620173795,0.02047298802575035,113.9857858646451,0.14150772584356422,0.06137951351309587,485.31291902728117,0.1205482253442209,0.0428550733796176,271.65869082750334,21.883249200000044,0.7293784369271789,29.992600400000065,0.0007007743371322223
rei-INT,F,19,motivated swimming,11-2018,0.09897024988944067,0.030258544483074412,317.7625709209976,0.08250234473898571,0.0158721735400354,135.08192575871192,0.1262533250420336,0.03827625049878671,406.9881341917483,0.1088236430685875,0.0262028236536491,237.8007433434277,23.869966300000023,0.7717912187540474,30.919998300000028,0.0006338156169484447
rei-INT,F,38,motivated swimming,11-2018,0.06093548949271498,0.012226296020347653,87.86478198201203,0.052800046727861705,0.00259185242092845,17.527163685901282,0.0636085233704106,0.012790545267249659,92.46216019392608,0.0542848553292436,0.00268116143498285,19.123637578539388,28.20153699999995,0.9401766372271289,29.971005999999946,0.003078030148952751
rei-INT,F,2,motivated swimming,11-2018,0.03448710202751759,0.011965948325524616,88.20253234705186,0.01181979039152915,0.0019659229429987,10.786904987334365,0.0721210167239701,0.025145266620912394,192.92816274016494,0.0551332285690915,0.0060419510157263,53.05511901738669,13.646908800000018,0.43081005939593076,31.66931520000004,0.0014482878978783072
rei-INT,F,40,motivated swimming,11-2018,0.1007004948249959,0.033407830024202625,290.5838124579073,0.08482802071373721,0.0144516186615673,108.8719593064809,0.13712815683195087,0.045482398189300104,399.1682564830642,0.1200945132099738,0.0331189244606114,272.08467496611775,21.67719339999995,0.7227128811864689,22.11703499999995,0.0006804650560842793
rei-INT,F,24,motivated swimming,11-2018,0.03375434044327163,0.019457094570495305,119.04018583946635,0.0323943784408675,0.009737496717804401,57.2256157369452,0.036673337336779195,0.021782582033535378,135.6127402913156,0.0351729175365153,0.012029880711472301,80.8542304030766,25.28,0.8425262456257291,29.975,0.0006476835245255576
rei-INT,F,16,motivated swimming,11-2018,0.0778802018640256,0.031902272099456126,200.95435644992298,0.020795837820358,0.004487346084901,23.96576720038297,0.14532958576131394,0.06001201450696561,380.6929490998646,0.1295202023168704,0.0470598922567389,266.12122497066366,15.70971149999997,0.5234127645392435,30.003998499999945,0.0007088514941591184
rei-INT,F,9,motivated swimming,11-2018,0.03066508251279376,0.011398251186725581,163.13654350626095,0.0020408864039269,0.0005458875672080001,2.1883180104964595,0.1370398111474365,0.05192686365260395,769.3800699000828,0.140010884073096,0.0386486869930225,517.9687479282791,6.408621600000013,0.20937214462863857,6.5764284000000135,0.0004029908110257267
rei-INT,F,12,motivated swimming,11-2018,0.0458322495654103,0.015446313000716848,119.85271728253906,0.04222097055542645,0.0054671255362648,41.02701138513112,0.048726296036827745,0.016300643434391533,128.80610394353008,0.0447517112213586,0.0055340865511895,46.06601059965332,27.292094099999964,0.9093484419263456,30.00279869999996,0.001147152235044222
rei-INT,F,5,motivated swimming,11-2018,0.046179239394022194,0.02025020355843985,147.87217227709692,0.035178011644608945,0.0050218408460976,26.235121700429076,0.06253846327003107,0.02772622211162212,209.97050545985883,0.0519499640035272,0.010584406540479,62.36317918759937,21.111776800000033,0.6863866857365752,30.73785120000005,0.0012155313239342487
rei-INT,F,28,motivated swimming,11-2018,0.05477330047738143,0.026502489469648675,226.93221676806584,0.00868805845985465,0.00291749130147345,10.849995032548776,0.1119558411363113,0.054735352342670164,475.687816778504,0.0946314075349202,0.0442413494212072,393.8483049615144,14.149809299999992,0.47142142976170637,14.47992149999999,0.0004315556258418559
rei-INT,F,70,motivated swimming,11-2018,0.06439064430121733,0.02365434964464188,144.41077392409213,0.00838560620984685,0.00124983789396035,4.04373369226505,0.1494265809268243,0.05630646360050644,347.04231782091017,0.1424383813803765,0.0386543947104817,228.96535437280363,12.363516199999978,0.41209798366938843,12.568491599999978,0.0008655952245135107
rei-INT,F,33,motivated swimming,11-2018,0.1829560368724202,0.04596884982263991,398.82009420181413,0.1671335076044351,0.03415417500539175,276.9569749181529,0.18317325401784132,0.04601113603492559,399.2845167888487,0.16733909892495236,0.0342038094464139,277.8491229953943,29.946218400000024,0.9985002499583403,29.981202300000025,0.000827770191014602
rei-INT,F,37,motivated swimming,11-2018,0.04095894841550385,0.018139105062188843,112.1088477483825,0.03223971357168795,0.00759287315002695,34.63640467114146,0.04998706040985512,0.022678294524330508,144.35795380086526,0.0428102708361392,0.0122504128219494,59.94985021382604,22.091160000000013,0.7365439093484419,29.93302200000002,0.0011683521935857075
rei-INT,M,60,motivated swimming,11-2018,0.09464479888016192,0.029073527218973966,239.89408898650117,0.0097217069292301,0.0019000265403222,8.475388721981858,0.2004025331330239,0.06201039926078923,515.2582422506615,0.1747278828456045,0.04428622285197985,324.2364686086603,13.81391920000002,0.4605899016830528,14.003835600000022,0.0008153467330117535
rei-INT,M,29,motivated swimming,11-2018,0.12000719079727704,0.02979243664633561,191.39235987466023,0.10574354170024611,0.0056295146484102,33.847086854234476,0.12430162198027599,0.03087267668358343,198.96184533450185,0.1100248856904158,0.0061672082058062,38.07601447989555,28.77348600000002,0.9593401099816697,29.80807200000002,0.0029679945786184234
rei-INT,M,8,motivated swimming,11-2018,0.038513594938962795,0.014738798821752382,104.6390086274914,0.0134857119202397,0.0019279643294528,7.886007478731472,0.08155354979512348,0.03299230206772535,238.0072163455428,0.06811413004927941,0.008442180480241201,60.38902423139092,13.013071400000015,0.4249151214416297,28.325625300000034,0.0015264499098945035
rei-INT,M,12,motivated swimming,11-2018,0.10385963245899275,0.03630821430538738,438.4125785671055,0.0844170103018301,0.0202143348489312,148.24934210419656,0.13908541362527435,0.04853184687219004,587.0408516227549,0.1258009549842294,0.0334297781444292,283.005815014954,22.316338899999977,0.743709381769705,22.56135359999998,0.0005645267841102515
rei-INT,M,20,motivated swimming,11-2018,0.032479880443795676,0.010508052923495902,65.1446944185992,0.016736671292725602,0.0017856497695364001,9.255935266764936,0.061922859033152214,0.021216213165942147,135.35201255831214,0.0514678089783013,0.0056778757651578,40.385165518091526,13.346986999999995,0.44509248458590234,27.57344599999999,0.0015949507629015273
rei-INT,M,13,motivated swimming,11-2018,0.040035778577428204,0.0162901013650467,115.23988805003435,0.0286129081999568,0.0026860881164878,13.439691555686295,0.05956600125290348,0.025769482178581726,187.35783459247745,0.046386020595814,0.0080778759094223,43.87910092580114,17.819275599999987,0.5937343776037327,29.97719279999998,0.0013829316937552895
rei-INT,M,25,motivated swimming,11-2018,0.1281709266413183,0.03099246530397996,229.82678291530695,0.09894936549028255,0.00743672693530875,47.834622637682855,0.1827611611677307,0.044212116395421844,328.69514320969574,0.1521230829122881,0.0225307142633215,166.76157621895413,20.86416539999998,0.6953841026495584,21.08415659999998,0.0013349636187596039
rei-INT,M,2,motivated swimming,11-2018,0.02818109771394411,0.006701884058820873,55.28364076752573,0.0011831729031895,0.0003976785917046,2.0586452591828674,0.09622336753516429,0.022875201686665837,191.45393432714658,0.0728160629503583,0.005484268187843,40.01259412262925,8.76202810000001,0.2813302516692347,31.12899440000004,0.002159562438189516
rei-INT,M,21,motivated swimming,11-2018,0.04904851367410863,0.017405267685449557,135.23163617713618,0.0387808485776695,0.00413946502091845,21.924844251907416,0.0612662495637469,0.021991180105387205,175.26567875712416,0.04764012477140285,0.0074391221240969994,49.94630615907454,22.68273919999997,0.7562072987835361,29.985401599999957,0.0015573771532313122
rei-INT,M,32,motivated swimming,11-2018,0.03111382696847933,0.011241271562507553,76.65428290754525,0.0068650286954491,0.00175363940495135,6.9492020708651125,0.08054469754094405,0.02955359514760994,212.03545973385593,0.0501794806267961,0.0051819147348625,41.31460487324148,10.211731199999985,0.3404432594567572,29.915423999999955,0.0017030077086027783
rei-INT,M,17,motivated swimming,11-2018,0.03645413391794037,0.010749406908681635,71.98683191729403,0.02915044914081315,0.0022494367659072,13.220930458044222,0.049591282812379865,0.01547654948436972,106.12950677074348,0.04236161733995,0.0034678234489368,25.46810986559649,18.954620899999963,0.6317280453257791,29.98940019999994,0.0020942583677969603
rei-INT,M,90,motivated swimming,11-2018,0.04602653789309422,0.014873640620867278,89.27546059311288,0.0438383939060341,0.00359655673454895,21.511726688112276,0.05112888080309782,0.016555430627957293,100.90922927871434,0.0485573129291027,0.0038555688367552,25.79076047414901,25.59936690000001,0.8533577737043826,29.98340220000001,0.002239213121797024
rei-INT,M,10,motivated swimming,11-2018,0.07295192855249885,0.019113778700232047,148.49723156054714,0.0433412989640612,0.0036912197873793,20.335266210267378,0.10775822941580075,0.028214496647614225,223.08768841348552,0.0890896429422673,0.0071995150847673,66.58846111706396,20.03998080000003,0.6483829236739974,30.891638400000048,0.0018501330441964255
rei-INT,M,26,motivated swimming,11-2018,0.04212604218248965,0.010161901520488523,58.274201240462176,0.0359297426630159,0.0019710420710996497,10.965410794165109,0.051569232808347076,0.012814176372075535,74.89805609879105,0.04523130427890345,0.0022736795670495,13.273589512243689,22.227332399999963,0.7408765205799034,29.986401199999946,0.0032412526546952243
rei-INT,M,1,motivated swimming,11-2018,0.060472730536544915,0.027694945378652705,253.96394198573046,0.0543588233328274,0.008538361822933199,56.0261921439249,0.07074153240999644,0.03231142522489624,303.18498183060404,0.0646256993274902,0.0120549917510528,91.49379479538312,25.819216399999988,0.8258419772057882,31.256105199999986,0.0009897165333884
rei-INT,M,22,motivated swimming,11-2018,0.15557811318722756,0.03275871127618621,268.41839614484803,0.0379497978165061,0.0026742230543046,11.442169697875215,0.2912402178255673,0.06138631255097218,507.45985236421154,0.2602299543051575,0.0395814505011904,287.6067489795787,15.77036009999999,0.5254124312614564,15.81037369999999,0.0013828695634315984
rei-INT,M,31,motivated swimming,11-2018,0.03700657232283194,0.013728524925729294,130.79543675615724,0.0042510642945054,0.0011364837420522,4.043006595316001,0.13051133746921295,0.049112772224422375,479.6775331505486,0.1084973875677377,0.0251034419358573,197.13676540582128,7.872952500000005,0.2624562572904516,13.651449700000008,0.0005640255653903263
rei-INT,M,14,motivated swimming,11-2018,0.0729575991719644,0.023802063059727593,166.07156588045075,0.06848612428298514,0.01260333666177315,64.71278982969011,0.07532495630100125,0.024384041238928122,172.05917372112864,0.070616109641712,0.0128035597745713,69.94551470222063,28.76809400000007,0.9590068321946342,29.98780120000007,0.0012976998720606056
rei-INT,M,50,motivated swimming,11-2018,0.02728816077382634,0.007396086006002249,36.51688466412019,0.0239777271706137,0.00399209961155295,17.07045690338873,0.040223825780840015,0.009861215579718502,53.3851519471651,0.0349109010130146,0.0045180882996365,25.30564478929591,15.463144199999974,0.5154140976503916,29.956404799999948,0.0017482569046183634
rei-INT,M,7,motivated swimming,11-2018,0.10576567378737144,0.03243594642093585,292.78384587875803,0.0799677130636449,0.0122107614294522,96.06343221975068,0.14201929192064125,0.04318973744271136,394.36028183132464,0.1260155125438823,0.023678901304957,210.56222235849376,22.799963700000017,0.7373802743981361,23.352253500000018,0.0008040332323648835
rei-INT,M,5,motivated swimming,11-2018,0.054010330524937734,0.015736928563444795,106.9527724709358,0.020239155192278,0.00248373471538545,10.070249219893412,0.10160044331629435,0.03005318620605529,211.1826782559468,0.0729212769653609,0.00751432072955305,54.45599718250804,15.141993399999974,0.4907227196055534,30.848508499999948,0.0017029308328286527
rei-INT,M,11,motivated swimming,11-2018,0.06934099909683747,0.0232049809800146,174.7386745960335,0.0561625865458423,0.0054706879113818,37.57990344577955,0.0758800133980499,0.025024272870485097,191.12450211204114,0.0617381611930858,0.0052336851162594,41.69088155441791,27.686675900000015,0.8951727708036754,30.880830500000016,0.0019098838002144043
rei-INT,M,18,motivated swimming,11-2018,0.05127622940654203,0.011974495546779483,169.8853415511773,0.02650782477614265,0.00191037789586235,10.934248167342275,0.08238536524879558,0.019453397567342563,287.4114630408361,0.0617038430316328,0.0049534247891896,39.28498836817198,17.304653899999966,0.5767372104649225,29.46441069999994,0.002413714443157014
rei-INT,M,15,motivated swimming,11-2018,0.08334658588923913,0.018788194712328062,101.7793563832374,0.06548536730549939,0.0027874498400641996,14.700235761168301,0.09600197986128493,0.02171707253658918,118.39526400674825,0.0741170317391971,0.0035591620945864,20.789499680495283,25.506020200000027,0.8500249958340277,29.53118120000003,0.004031493677903259
rei-INT,M,23,motivated swimming,11-2018,0.09081040675768416,0.030723619114479288,258.58559406083526,0.011048449770471699,0.0018861886791907,8.696557784901415,0.19122442093634381,0.06512334533612898,553.5506014461126,0.1451743772318452,0.04172391806472415,248.08833783072973,13.846366399999983,0.46125645725712383,16.12741519999998,0.0008760615886856198
rei-INT,M,30,motivated swimming,11-2018,0.042164578065863934,0.021138088110193857,378.720901115216,0.0052753700776899,0.0017864682432209501,7.763960519810098,0.1328473353887347,0.06775967583059501,1266.9369046779832,0.0964597348417178,0.0502551754802149,722.860814242199,8.847299699999988,0.2947842026328945,27.832234499999963,0.00019420087937001965
rei-INT,M,27,motivated swimming,11-2018,0.08128471861615534,0.024885987591520737,208.27855153987437,0.0264220737452961,0.0031581329133971003,24.889919493944035,0.14644416761307114,0.04473378540589557,374.1278482871922,0.1216492496005565,0.0183658411772974,170.29358463757944,16.286526600000016,0.5430761539743376,29.979402600000032,0.0010102488757982684
rei-INT,M,34,motivated swimming,11-2018,0.0792319346667228,0.01870484968984971,151.30189875274942,0.008116068315433149,0.00279599385777945,11.562235515208386,0.16989567417942847,0.039021377139673026,324.57620050310464,0.1632387572703711,0.018267678191063348,143.87351378714524,13.639727199999973,0.4545909015164139,13.694726099999974,0.0013567920933621762
rei-INT,M,80,motivated swimming,11-2018,0.04543082402009506,0.018644240053217406,101.55653335273388,0.04436922347640985,0.0074146759737916,37.102284632700844,0.04889695650759467,0.019912151797155584,110.56829335448336,0.04704751126054035,0.0079117206563082,44.55993816140591,26.83214639999995,0.8941843026162306,29.97739799999994,0.001364863523000151
rei-INT,M,19,motivated swimming,11-2018,0.08853357034999024,0.03186148946021254,207.77771286163198,0.06966705609246951,0.0129992941763852,70.58850917425161,0.09856604411136453,0.035802021859955166,234.65443666182298,0.0787201355445427,0.0189680030964886,107.84034420429478,26.383967499999983,0.8790201633061157,30.00019659999998,0.001121337626550767
rei-INT,M,4,motivated swimming,11-2018,0.051939376791776466,0.0193161344068706,136.5950625324753,0.042161318669397,0.00304876250355765,13.798872845399046,0.06760815089356056,0.025697165093261656,183.65377103302148,0.0543375314760285,0.0044432478715691,25.492694439293473,22.566405199999963,0.7296703296703296,30.89486409999995,0.0024628861246152635
rei-INT,M,6,motivated swimming,11-2018,0.11743893444069653,0.03607227400096741,287.88713242484965,0.10681632973179034,0.01386054875336095,98.83401345437414,0.1210339410903607,0.037085439984011155,296.1338017240101,0.10894442227204876,0.01454449050192575,105.27668236362331,29.82657200000006,0.9684538491496819,30.79013820000006,0.0012840070430676226
rei-INT,M,40,motivated swimming,11-2018,0.04910630666915252,0.019275883651797065,174.89751864205263,0.0046317488542985,0.00123356051105155,7.046640470184684,0.10448071029019063,0.041417287362394306,378.45493755370023,0.093414560625826,0.0242455366058212,214.3707329886695,13.668359599999976,0.4555907348775204,14.013318199999976,0.0006244066101229459
rei-INT,M,9,motivated swimming,11-2018,0.05635116850037952,0.021962352820543474,220.0273567447216,0.0040332206914116,0.0011725455813972499,4.891155741717057,0.14115760261286522,0.05492075679044771,560.4939689899278,0.1174762835497113,0.0303834337954375,299.9484674751613,11.969306300000014,0.3874433656957929,14.064834700000016,0.0005536366443104676
rei-INT,M,28,motivated swimming,11-2018,0.13698397511159824,0.042766430559178774,331.0487598311268,0.1338566314509297,0.02303758359540135,170.0648091998488,0.17064096240885718,0.05295178607355405,412.10611845718347,0.15922322665842964,0.0372802989149155,279.2912713209432,23.918034999999943,0.7975337443759374,23.928029999999943,0.0007874380612397495
rei-INT,M,70,motivated swimming,11-2018,0.06232281493703584,0.024068485511477115,138.68790388393967,0.06539885666538844,0.0190832510633752,74.6955735098652,0.06365188390699006,0.024370611798602716,141.29748545647243,0.0663452150361958,0.0193017476162268,76.07965012368822,29.166247499999947,0.972337943676054,29.981002999999944,0.0011520868405921494
rei-INT,M,16,motivated swimming,11-2018,0.059184386996182885,0.01868551657917458,146.53619394828394,0.04306876388066315,0.0030687311984453998,20.092461323565658,0.08823170708102349,0.027966699989345922,221.41829168636727,0.07469240590648345,0.00807625700575595,72.66621351275262,19.427668399999966,0.647558740209965,27.79666399999995,0.0014321027194840702
rei-INT,M,33,motivated swimming,11-2018,0.043833207458096816,0.011731782281125334,79.64745124621375,0.0029322302080818,0.00076101767512135,4.079694096316189,0.1545554543361156,0.04108702489012657,283.10511345069114,0.15020368844407825,0.0189040579255642,128.38786958694737,8.129674799999991,0.2709548408598567,8.394664199999992,0.0011858664139894424
rei-INT,M,24,motivated swimming,11-2018,0.09797616137019863,0.025061855171872517,175.20046655608016,0.06415380859954825,0.0046193151776773005,23.317689401213215,0.12309468184208677,0.03173167869913016,223.3689755478359,0.0897459687740039,0.0076427489927188,45.31692352322807,23.223606500000024,0.774037660389935,29.99320030000003,0.002519068810393106
rei-INT,M,3,motivated swimming,11-2018,0.055208230373132425,0.020298273987841432,166.34965003086802,0.04480362609132395,0.0045240480475368,34.570389631786384,0.062344407015534925,0.023525340429699275,194.05027074617513,0.051807698206416244,0.0058102615877148,49.33468197213653,27.42605679999995,0.8444389703165415,32.26241949999994,0.001310372438362677
rei-HT,F,55,motivated swimming,11-2018,0.058201489530864216,0.01978943350409558,175.4765602228064,0.051643394095960596,0.004908395807200599,41.76372768365155,0.06197806539996487,0.02139427555932069,190.12245557998972,0.05527434815998355,0.0057150432087515,48.324103881093095,28.504208000000016,0.9145793192035967,31.158462200000017,0.0013970471110180713
rei-HT,F,44,motivated swimming,11-2018,0.057861836981633406,0.015067786887293325,105.37870160292205,0.00290816267466255,0.000632522769415,2.4513412506166787,0.1702020894896075,0.04433567102604099,314.27301248125883,0.15450530551622274,0.029993008134139347,199.6305937836837,9.86624939999998,0.32894517580403265,14.19960209999997,0.0009183515029093903
rei-HT,F,8,motivated swimming,11-2018,0.035576617272164233,0.010542532514247463,70.25007206634164,0.009070877367344,0.00173436850280045,6.616855534879562,0.08548945791303199,0.025824309414102856,179.01730148265437,0.06068285141911085,0.00812766378727405,45.10133808054562,11.783210599999988,0.3731211317418214,31.572143499999967,0.0018335473067161935
rei-HT,F,61,motivated swimming,11-2018,0.038519382943449976,0.01456453777788112,102.5771538603914,0.0042535933229347,0.0018099598279211,6.826855731887349,0.1220118172867471,0.045500195441006426,332.06413997259625,0.1098397348196598,0.0290449560089718,207.806425126563,9.217157099999989,0.296034903118183,9.408931499999989,0.0007094339329666015
rei-HT,F,42,motivated swimming,11-2018,0.05114412859938462,0.016843337482888264,154.89624600209865,0.0053743090626307,0.0013039658407548,5.288650390076199,0.14461638269762775,0.04820657305322382,453.2251689175622,0.1304235603363129,0.023845381194151,203.4932159197389,10.436342400000013,0.33621356719112716,31.03280640000004,0.0008668354851174164
rei-HT,F,49,motivated swimming,11-2018,0.06354751169462602,0.019141264529327944,156.71735908649765,0.04789674240954535,0.0037564710977555,24.258622017462983,0.09269398779700613,0.028166782272764146,232.63009714716134,0.07719365603636624,0.01063077861955735,72.36474491297784,20.457349199999985,0.6650201481866632,30.75400169999998,0.001278158402695922
rei-HT,F,57,motivated swimming,11-2018,0.028361157906799373,0.008922230271698927,69.67013326889852,0.0018060819291342,0.0005545127528991,2.1847049234139604,0.11040286713770496,0.0349656561372925,279.257247597828,0.10219223836568686,0.0218547351696214,160.347107598011,7.31,0.24362606232294617,7.395,0.0007804647004327174
rei-HT,F,66,motivated swimming,11-2018,0.031164716721048754,0.009230183858679587,90.74738602894939,0.0029303115324189003,0.00048330508272769997,3.27764288507737,0.0870866001700883,0.026593810867432583,264.44416949775945,0.061105577176515,0.0092134817467716,106.68376164950644,10.532358499999987,0.3327440333375426,15.240942299999979,0.0009219531997598087
rei-HT,F,40,motivated swimming,11-2018,0.09373933701342566,0.05418066583933371,834.7813086300407,0.07084682391440045,0.01082150010058645,103.95381794025127,0.11664198807512027,0.06788786075410329,1049.233680678333,0.0936559191535543,0.0238967715055545,283.74183047044426,23.799762900000008,0.7933677720379937,25.08448020000001,0.000568660662934471
rei-HT,F,26,motivated swimming,11-2018,0.02293083744870889,0.004893323476636186,42.649116049489336,0.0008790091476344,0.000210347354913,1.7378663222871182,0.1525783436632578,0.03258547489655635,284.40875475920654,0.1310697303655968,0.0166005685113069,158.44073360182875,4.737316999999999,0.14195168619947382,5.224218999999999,0.000999199047464819
rei-HT,F,17,motivated swimming,11-2018,0.060874134886705136,0.030828241791815234,328.3737553550114,0.0595593872238695,0.0208278014377427,125.94305397085748,0.06311428001403259,0.031534632790483935,341.6615090780039,0.0618867828391206,0.0214551969880308,136.23395545374706,29.73119370000003,0.9554899948691636,31.032357500000032,0.000611235501878668
rei-HT,F,23,motivated swimming,11-2018,0.04808349427528293,0.016390609406549905,132.46111309028905,0.0027046259807356997,0.00060468471215515,2.5594855394729166,0.1432338720740933,0.04921304760083603,401.40678960013645,0.139233657899462,0.0341522972153426,247.15314862302196,9.783043000000015,0.32611231461423096,9.778044000000016,0.0007507188190594015
rei-HT,F,30,motivated swimming,11-2018,0.01532117484536265,0.00980145269335222,79.017381460687,0.0128956825909308,0.00337715445721,24.04318797616156,0.024210980317214068,0.02262308318041278,189.39877555651464,0.02533647941544475,0.0168355506638784,141.46857611693875,10.58003099999998,0.33758611890788465,31.33224599999994,0.0002506330389124349
rei-HT,F,21,motivated swimming,11-2018,0.04641476887099719,0.015542521274863592,106.42884984343085,0.02270666930797795,0.0026464953453574002,13.513682146244932,0.08084392975252411,0.02766211554561809,194.13386002887836,0.05370603164657245,0.0098151443278472,62.56199520623085,16.18652440000002,0.5249384635315455,29.55279060000004,0.001369951933164852
rei-HT,F,59,motivated swimming,11-2018,0.025615107880721816,0.008577298431633794,51.60933998723837,0.0078021794254853494,0.00169734778851055,7.346027489086193,0.06963861214768693,0.023213514965410655,147.01065382574626,0.0534185355924809,0.0060236862370513,35.68754703013113,9.195768000000008,0.3067177862977163,29.951216100000025,0.0018013077232316545
rei-HT,F,12,motivated swimming,11-2018,0.12730217904220492,0.04184987759526779,353.2155576651248,0.12069798754432315,0.0288392256094468,214.71440796113936,0.12825336061282183,0.042097920665981815,355.8548126287584,0.12168082336343905,0.02925899720242595,217.9871951787021,29.740479999999955,0.9915014164305949,29.985401599999957,0.0007419880296529832
rei-HT,F,38,motivated swimming,11-2018,0.0640230960169408,0.019048275737841177,158.8494754068011,0.05121161281739035,0.0043490128890077,31.42663626684339,0.07565991824984805,0.02302534487718175,193.18535731614367,0.0607199436137843,0.0064622801018808,51.97467898301511,25.420126199999967,0.8142875464922406,30.95738159999996,0.0015592455661424525
rei-HT,F,45,motivated swimming,11-2018,0.06994995187272268,0.025960380930342173,192.9049940648963,0.05689801721283255,0.005423248280631751,38.593626644960466,0.09314599033322417,0.035131278328409475,262.7828505163375,0.0782292473188535,0.01140449504668175,83.73697165064442,22.54815599999998,0.727648045413495,30.979727099999973,0.0012395075513894306
rei-HT,F,53,motivated swimming,11-2018,0.08976705271916915,0.026625135400202327,300.8109707285083,0.0327865652020076,0.0064545988392777,40.23656588020685,0.1593639026143401,0.04715446538275249,536.917495968506,0.1239831056409714,0.0356054982792182,303.00435633189693,17.095447999999976,0.557642149191445,17.571209999999976,0.0006315044268172883
rei-HT,F,51,motivated swimming,11-2018,0.044481697004163746,0.02580575391052508,226.13029479547902,0.007704210917294001,0.00416246141179315,19.885271905582158,0.08792664198461206,0.05167917762248596,461.2124931516494,0.0685761515220116,0.042313670281671,255.009914793618,14.48079000000001,0.4824195967338777,16.12144600000001,0.00044453229152846075
rei-HT,F,13,motivated swimming,11-2018,0.08062998770259586,0.03406090888388187,235.52501620526593,0.07606855515659455,0.0254112244099119,134.1818880440485,0.0865332536325101,0.0360790749957079,252.47362903113338,0.0822554829500465,0.0283254723634603,152.84536619398068,27.70225920000005,0.9238460256623896,29.975803200000055,0.0008227429004532518
rei-HT,F,15,motivated swimming,11-2018,0.08142895965802187,0.023515523374761652,170.72035484673702,0.07048933939807911,0.00695467674013325,53.09854792726583,0.08376954713684898,0.024086025143822336,175.95570076775115,0.0729218745086711,0.0070652424349629,55.52132179135469,28.95194679999998,0.9646725545742376,30.00219879999998,0.001523110142350944
rei-HT,F,25,motivated swimming,11-2018,0.14978059964315207,0.02596816123798291,218.12673918509654,0.13771205603416586,0.0133909473010629,89.1321805623079,0.16115329638655035,0.02790659712309463,235.24182563201808,0.1476148008673563,0.01521075960435315,101.09734411067848,27.752782400000015,0.9251791368105315,28.117687500000017,0.0017555110845608023
rei-HT,F,11,motivated swimming,11-2018,0.014613520684862047,0.005168717051756803,46.380693301125916,0.0017554690007249999,0.00027863233803745004,1.271218112827377,0.06434437340481453,0.024288220137224842,225.10808752454,0.053691674406286555,0.0083973108302972,77.11373453946813,6.2550656,0.19885859226379202,6.721801999999999,0.0009378371579430627
rei-HT,F,70,motivated swimming,11-2018,0.06804718099309666,0.020774234998311703,150.14236247757697,0.0026983595999669,0.0015478763656242,5.092323590179149,0.21634472421703002,0.06454109416360057,479.0109872412518,0.2050732445614412,0.0499170660543396,340.1047070236018,9.221125499999992,0.3075,9.216127599999993,0.0007658841346432761
rei-HT,F,34,motivated swimming,11-2018,0.016704306413590893,0.012465595832152775,87.90306916819975,0.0131691027332337,0.0030286413753708,16.29412595514168,0.02837203999377317,0.03111530763034567,229.5356230239883,0.0278870310876469,0.0212119088196832,156.55956195697905,10.371436499999993,0.3328630066700872,30.930461299999976,0.00026734997427485676
rei-HT,F,19,motivated swimming,11-2018,0.10698361680986272,0.030724609541014972,252.27351392817317,0.07438330697140286,0.01335236686103385,88.16165056232421,0.15624878361503788,0.04466551589466098,369.4429238028311,0.1477809541360686,0.0335642560712431,256.0485882345347,20.35400289999998,0.6787202132977836,29.97880269999997,0.0007546741436188955
rei-HT,F,32,motivated swimming,11-2018,0.14394496664565604,0.028900235991611282,226.23266492317723,0.1277408016268142,0.011372218450789149,78.69308202749608,0.16068797982134217,0.032293084266140096,253.18340909712856,0.1387892310942367,0.0153878694584791,121.8567629615336,26.713397100000027,0.8903516080653224,29.99320030000003,0.00167167595337751
rei-HT,F,47,motivated swimming,11-2018,0.05333582395463411,0.035627084865776454,231.83126545545093,0.0501829837879079,0.0298148313551305,135.43844740343758,0.05572645806624171,0.03684794556037832,242.9181720717271,0.0527413572296687,0.0314154830936661,149.35365237409002,28.36407359999993,0.9450091651391435,29.984591999999925,0.0006051400682990514
rei-HT,F,3,motivated swimming,11-2018,0.059238811169940044,0.020523458242175104,165.08002558255893,0.0425887361934011,0.0049670949782296,40.23927518205994,0.07417074864260177,0.02608450901791228,212.6068961835877,0.0581172608652015,0.0094441156321262,82.7314843692335,24.03228120000003,0.7635117990357777,31.44802500000004,0.001091208739107715
rei-HT,F,36,motivated swimming,11-2018,0.07114112497642901,0.028555839995113123,255.36144477582442,0.0536294773556175,0.01109721031206725,96.4872239266441,0.11030425052091263,0.04441769154540531,398.7477362683819,0.1026760650400622,0.0326048245174097,292.9441651070789,19.124667099999982,0.6377270454924179,19.22461309999998,0.0004833993021976288
rei-HT,F,91,motivated swimming,11-2018,0.027838050490659627,0.011935595160609706,71.66074574664016,0.0042417687791166,0.0018994840275748499,6.903583428203319,0.08886525634480626,0.037681719254922454,236.42047507654667,0.0712693289303242,0.0146898689155472,100.00492724583978,8.513978199999984,0.2837860356607232,8.843938599999985,0.0010217461862907892
rei-HT,F,10,motivated swimming,11-2018,0.07783105923309852,0.019894874133300884,161.2086178708183,0.06922149856282056,0.00683553899486525,43.05284504044593,0.08095798286056481,0.020666403230992277,168.1125960918956,0.0716191083253905,0.0071532303654986,46.091610493476765,29.546853600000034,0.9514201259478217,31.03557120000004,0.0018607282885258999
rei-HT,F,43,motivated swimming,11-2018,0.04637127834567095,0.012774412216150978,111.23454395117885,0.002859782897029,0.0005222155327552,2.4495553311112417,0.12832783464560854,0.03572968432324285,314.41891556998706,0.1084470627106876,0.0172751159121463,155.58534174158467,10.983246300000001,0.3495158002038736,11.127393900000001,0.0009919427885575589
rei-HT,F,50,motivated swimming,11-2018,0.1118947063080663,0.032218770856740825,233.6242086046203,0.08872208144018409,0.0098160581124062,65.99555668957464,0.181225550406553,0.05192723765012195,378.42181822199785,0.1665179387944311,0.0386483623205347,267.5013128735486,18.409417199999986,0.6133977670388269,18.644473599999987,0.0008380026485314661
rei-HT,F,41,motivated swimming,11-2018,0.02291508468367364,0.0049683915961577715,34.789216447330695,0.0044126444712409,0.00080752859872285,2.0741167508276703,0.13574610623777142,0.030268580192821873,233.62303953128145,0.1144225590478417,0.0105796415962329,74.11615415007873,4.205,0.14014330944842526,4.275,0.0017433651009781965
rei-HT,F,18,motivated swimming,11-2018,0.13708053265334522,0.041307477918587826,296.36032604502583,0.0833210829632732,0.014030101352097951,84.69788253176489,0.2224128263651607,0.06693292572080935,483.2994967740329,0.2053126950920563,0.05354658161446975,409.77999512477794,18.30609520000004,0.6095650724879187,18.42620080000004,0.0006921424319300607
rei-HT,F,24,motivated swimming,11-2018,0.15181248848192994,0.04411610380198639,371.609102374502,0.13951926740119314,0.0324546566988152,242.1293685315277,0.1520686088806315,0.04419766364663681,372.2951240100056,0.13977084375126658,0.0325710281394877,242.94841880406466,29.92922159999993,0.9978336943842693,29.984201799999934,0.0007401347990019224
rei-HT,F,22,motivated swimming,11-2018,0.17121016967944636,0.052597039241156704,464.54322140490746,0.16031884361131282,0.0364342179748993,269.1797607464764,0.1986014688081748,0.061039861470416075,540.3458664294379,0.1853427405824715,0.0458064390599911,365.3520544465664,25.752939600000055,0.8583569405099151,29.992600400000065,0.0006518840475316633
rei-HT,F,29,motivated swimming,11-2018,0.05597129074376659,0.01805983753978359,127.98924374426997,0.00448195488462985,0.0015182399314020499,5.499346281897033,0.13028204596864829,0.04162251804207835,300.64820982656147,0.11051983696243539,0.03155255833803685,218.08098266519664,12.51300239999999,0.4169305115814031,13.85832519999999,0.0007336531465224667
rei-HT,F,60,motivated swimming,11-2018,0.09287435113413196,0.042655584806022724,298.02229882362565,0.06454012964689279,0.0238173843178507,113.09837896236222,0.12729843951907124,0.05912915065658269,415.9633727298383,0.111502066634648,0.0454629006910824,275.35082759733314,21.335426700000042,0.7110481586402266,26.555531100000053,0.0006214708194982831
rei-HT,F,46,motivated swimming,11-2018,0.026340921723023547,0.010119502820085134,82.45993241559007,0.0015820072186738502,0.00027921349236805003,1.41968672527355,0.08022471456049868,0.030696306232950995,258.08508120659826,0.0504105165402256,0.0159998045127518,113.5494976182315,9.293512800000014,0.30978170304949176,10.963245600000018,0.0007168901326669779
rei-HT,F,37,motivated swimming,11-2018,0.04978892229859068,0.014538964355486197,108.99749649179465,0.0028458493991372997,0.00082931998993675,2.878378165576123,0.12469174564381305,0.036530430681446055,277.3230839802989,0.10815562878595619,0.0191758646212236,142.23192522725867,11.6144224,0.3872687885352441,12.868820000000001,0.0010217901236731842
rei-HT,F,64,motivated swimming,11-2018,0.030666348976992105,0.007885577480390711,65.08950089779515,0.0037079464705046,0.0007740665273152001,2.9875746046315044,0.11913384720669151,0.031072028327336555,268.1295863261167,0.1069278868349387,0.0127915784867407,96.49746657670732,7.419411999999993,0.23369907932904527,7.4834759999999925,0.0013933002322669126
rei-HT,F,14,motivated swimming,11-2018,0.040486273448449274,0.012056912716419788,84.13782513101782,0.0083062819968568,0.0014063649236649,5.564302499182771,0.10872176414750387,0.03357636339220918,241.191906036055,0.0874597973392318,0.0138758232116701,97.18793022027228,10.530332099999985,0.3352402745995423,13.76490509999998,0.0011922456750915816
rei-HT,F,58,motivated swimming,11-2018,0.09785711841688399,0.027762602276197,244.1464605821502,0.0883844568124045,0.0090519889432464,70.40482923119384,0.1103369296437127,0.03151307994520318,278.0959365949568,0.09920894518964105,0.0116307010111002,101.39569859154562,27.213753600000036,0.8737789203084833,31.13688960000004,0.001207577217961202
rei-HT,F,5,motivated swimming,11-2018,0.06445188733759558,0.017842023343802412,119.94257435108631,0.0546550184295716,0.003678190782371,25.534637262051966,0.07280934979803753,0.020497864981395993,138.7319641079351,0.0619312960444924,0.004370932779504,33.06932529676487,26.71815800000004,0.8529074945921873,31.31800200000005,0.0021770523249019587
rei-HT,F,54,motivated swimming,11-2018,0.04655782845502821,0.02007865725909983,170.81135842722395,0.0049088133082482496,0.001353047843984,5.7634290958958445,0.10247186220206543,0.04460878244054798,384.28987371962444,0.0742151294771562,0.0266110135386432,163.33508442992297,13.174736499999975,0.43909348441926344,13.554728899999974,0.0007186772872338785
rei-HT,F,39,motivated swimming,11-2018,0.06594561234009237,0.015232665089861876,129.7593293150669,0.0103418524169548,0.0026918132020432,11.243384791200128,0.14905759683005396,0.033877355334296234,299.17563169726577,0.1316559098217065,0.0192825409292725,148.39015663459065,13.153697700000004,0.4214505381855459,30.85859880000001,0.0011391904151934495
rei-HT,F,52,motivated swimming,11-2018,0.046889624135703536,0.015370325207048934,144.9103583132891,0.00740853789157235,0.00150930499991385,6.127594939492553,0.10822503077938916,0.03597754103138562,346.7834871690852,0.0840159148845227,0.010888849584217,116.01236881030984,12.711364400000011,0.4104352318222911,29.91850400000003,0.0008971797915989985
rei-HT,F,56,motivated swimming,11-2018,0.13235048328726115,0.03078679292134339,233.36538775340526,0.1048911612104503,0.011148271898691251,76.98808824279695,0.17897971789632536,0.04164070300478479,316.95341300741586,0.1496393642074356,0.0263274955993475,189.69442673940196,21.9682914,0.7327112147975338,22.1281698,0.0011392639150920542
rei-HT,F,67,motivated swimming,11-2018,0.07521033804688082,0.018869242457899435,159.08036547504156,0.0493156401220876,0.003335501696891,25.98530413735034,0.1145510805279186,0.028721326945846712,245.38602726113638,0.0938644340146051,0.0103202747889424,90.28999621951073,19.84505180000004,0.638903192584964,28.102160800000057,0.0012962169257559298
rei-HT,F,27,motivated swimming,11-2018,0.01230942087471958,0.012162898026682354,94.19777923544463,0.0097886169289522,0.00299949897461425,16.082092999710085,0.0196865423628705,0.03263670275901317,265.57786430728305,0.02012433064282,0.0297752742273273,243.211157134553,9.930758500000014,0.3158631217402366,31.432070500000044,0.00018952546313725122
rei-HT,F,16,motivated swimming,11-2018,0.015915038950196945,0.006904100306467446,55.69242846291271,0.00362299462757195,0.0012774144796831501,5.695425875948956,0.08084924380981263,0.03511785185351556,320.7541990580496,0.0690950602553217,0.01846926154444295,157.2296956639061,4.918144000000001,0.15283463590125296,21.71648,0.0006820383761784248
rei-HT,F,33,motivated swimming,11-2018,0.1441230402423493,0.03747026277341595,309.821580227789,0.12815523058683126,0.02463161124371155,184.78400753585902,0.1826482171734103,0.047379121504974434,393.1708290539346,0.166157097221505,0.0380394395395518,290.3690184937659,23.60783260000005,0.7867022162972838,23.687842200000052,0.0007414538038083265
rei-HT,F,31,motivated swimming,11-2018,0.032300661218865157,0.008774917197643589,134.8606816208131,0.0021054118726442,0.0002961356175357,1.6912623433995575,0.11091931166548923,0.030514030731392056,478.10944363949943,0.0991200125624497,0.0176613617364556,176.324401374643,8.720946600000017,0.27918586789554534,8.724945200000018,0.0007830069219565554
rei-HT,F,20,motivated swimming,11-2018,0.1063763039511473,0.032341327033611256,210.27051182154287,0.08216992738609086,0.0084696221066511,53.76959740464358,0.11512628431928394,0.03512897498765378,229.09416028985348,0.09099935321056224,0.01057840525296725,65.34199955566002,27.35,0.9115147475420763,29.985,0.0018929382496821116
rei-HT,F,2,motivated swimming,11-2018,0.03238537934038812,0.007850332887922178,65.19184193845575,0.0023650836009397004,0.0003805217589,3.3641320417636678,0.0909149610963693,0.022168197903791084,184.40458705708411,0.0745627492582628,0.009817755332481,91.28563817152992,11.143904800000005,0.33818005573730764,12.333759200000006,0.0009616598889588546
rei-HT,F,9,motivated swimming,11-2018,0.043108976983196295,0.018171872011124475,130.96714782952952,0.014923082647854,0.00461761464196055,19.94496788584854,0.08666491215271857,0.035552179753320604,270.63570791702466,0.0641884726547789,0.0170684727305037,124.33686595034033,14.229833100000016,0.4591324494786974,18.08349690000002,0.0007941376946097977
rei-HT,F,35,motivated swimming,11-2018,0.03718716303790881,0.013143164938075484,117.99589990023438,0.0099774726871283,0.0013135543722389,8.31727709848451,0.07692089070941838,0.028037555025988,255.16912606475714,0.0641893816171307,0.0091537524226148,82.83314372926043,14.202762199999993,0.45226578411405294,31.395579599999987,0.0010103152661110584
rei-HT,F,48,motivated swimming,11-2018,0.02187833890920058,0.007681351667504808,75.04351966384185,0.00560657115351015,0.00085344505740875,4.230649000945164,0.062343111605890816,0.02366227673931366,242.9330899240177,0.0459721484269317,0.0082873166308902,93.56052253208524,9.072823400000019,0.29205817994593897,30.91317660000006,0.0007246137960880529
rei-HT,F,63,motivated swimming,11-2018,0.020308680414992654,0.012246108835329835,104.31642199672804,0.0080623511671448,0.0016629447413064,8.772438520935566,0.04973795049512317,0.03430212205010904,301.66864910322124,0.03992435331378555,0.0117636606190468,117.45675111722952,10.174609200000013,0.3274929141973718,31.00814220000004,0.0005196922267567698
rei-HT,F,90,motivated swimming,11-2018,0.1424078313772189,0.0501988205458094,510.2704407498153,0.1174633463082667,0.0249979478511953,202.96998526182503,0.20165108092122716,0.07125691011249495,726.4626955627473,0.1762352455712971,0.0525052127223007,430.2087726424361,21.02373850000002,0.7005998000666445,21.01873880000002,0.0006287368123122889
rei-HT,F,81,motivated swimming,11-2018,0.05629025050862805,0.037372233431829265,249.73397693030358,0.052476948936418855,0.02602786258427915,136.47591263100054,0.058084341561981806,0.038406685623752004,258.5764219103482,0.0544875505611632,0.0276555747044652,148.7641601158316,28.74867390000001,0.9583402766205632,29.98840110000001,0.0005651181169788403
rei-HT,F,1,motivated swimming,11-2018,0.036055727550839946,0.011902907804687356,93.58721563517324,0.0278627922444176,0.002743593836546,15.009895041657728,0.04858335120302857,0.017336658231073637,141.23558823156287,0.038779797132039,0.0041333852312412,31.38537801799401,21.026546099999972,0.6291477679637145,33.11750819999995,0.0016898450569039843
rei-HT,F,6,motivated swimming,11-2018,0.03888170215808073,0.012070123011887946,115.03064281339427,0.0019688287649552,0.0003625082151545,2.7305563875046346,0.12419513827731413,0.03878834591603184,375.34831879732224,0.10860802116258425,0.0249695257346521,212.26080224555233,9.269792000000017,0.3002847527828113,10.400546800000019,0.0006887383102183276
rei-HT,F,62,motivated swimming,11-2018,0.013873934734340393,0.005810504829418137,42.201128402673454,0.0039545226573619,0.0021416072330209,10.023693513375065,0.1003224881795085,0.035832497638000144,329.05104546191194,0.0910017613939084,0.0188311787623076,183.57966515984003,2.946968200000006,0.09494975521772739,30.85719620000006,0.0006534749384023051
rei-HT,F,7,motivated swimming,11-2018,0.06491976412253204,0.019315435364552876,134.20658734523792,0.0537253190116818,0.0041759339069572,26.699281931811036,0.07083604599943989,0.02110816228239927,147.95380683490558,0.0600572179307314,0.0044373677746291,30.74990475037964,27.611329500000007,0.8917665249323541,30.94256200000001,0.002258157169282517
rei-HT,F,71,motivated swimming,11-2018,0.04222139604633548,0.018928461560860223,133.44047771607129,0.00241327429297725,0.0005164286670757,2.4915370683743276,0.12421460376274743,0.05644232825837935,399.98043907564727,0.0971008086967408,0.04333333342229665,281.6692703143417,9.880988,0.32927845359106817,9.9959995,0.0005191827546713127
rei-HT,F,65,motivated swimming,11-2018,0.07768270902920757,0.026428375529673264,233.69536261256286,0.0649505287458005,0.0106589621508803,74.26434210017874,0.09960183039445501,0.033694593156279234,301.3395181475807,0.0881281701544598,0.0179058063561922,139.3463397521728,23.85123229999999,0.7676546391752578,25.176523199999988,0.000838986650424771
rei-HT,F,4,motivated swimming,11-2018,0.012274945738240678,0.004824373681990841,41.20590403057389,0.00425867044657235,0.0018883378296307,6.739665217530444,0.07438215032010972,0.02715298934991152,315.8622927421495,0.0688351228727455,0.0157359852188559,126.75696025759464,3.4388339999999933,0.10919467343056437,5.831239999999989,0.000671139125530864
rei-HT,F,80,motivated swimming,11-2018,0.11760540532069641,0.027160322658406347,212.34068223887138,0.0849811301394995,0.00913930346736085,58.31859860163604,0.18662769979178195,0.0427091563069718,335.9311313140635,0.1615120594827892,0.0296161903189881,228.65928873939083,18.448457199999975,0.6267288785202466,18.458267599999974,0.0009685612082784184
rei-HT,M,25,motivated swimming,11-2018,0.11144325488857125,0.03103187165204542,202.28288266413227,0.00589097094357625,0.00275633912041305,9.73768848402301,0.2947437584879475,0.08079233080549884,536.0996059397803,0.28028266505971006,0.06819179359913935,442.3944235562317,11.090665399999988,0.36960506582236297,11.200671999999988,0.0009197170022342612
rei-HT,M,38,motivated swimming,11-2018,0.056023173412856564,0.023679405347194656,228.41898021999285,0.0243223974228818,0.0034849659333045,18.805633006316214,0.10168213721361864,0.0433752001187884,422.29272743671396,0.07935680602108336,0.0183111511307316,186.30009367685574,16.7136048,0.5337423312883436,18.6947433,0.0006132495515258772
rei-HT,M,61,motivated swimming,11-2018,0.03171062338462008,0.009904914075637629,66.23234606002431,0.0289190886502333,0.0038472550666852,20.845068983181392,0.042177508008616034,0.012964895472579969,91.84026955022011,0.0403341147860309,0.0048127833914983,33.87022700631803,19.135044600000022,0.6380603232794534,29.979402600000032,0.0014597103481190966
rei-HT,M,12,motivated swimming,11-2018,0.07136135178722343,0.03112196809471991,234.32463081968606,0.060513146398765844,0.0121281048857853,86.12310765585107,0.0742337101752622,0.0326127632240024,245.9345332126443,0.06328483400199961,0.013913243585990349,101.21740474346552,28.441216400000027,0.9485085819030161,29.97520330000003,0.0008962551544346935
rei-HT,M,19,motivated swimming,11-2018,0.06787559685438789,0.0283743904200114,190.39305482448694,0.06382712255202,0.0161664498964334,94.49756904022024,0.06992088020062835,0.028999625423949564,195.71396860506565,0.06541267892423536,0.016534199063897102,101.66247462519209,28.89711,0.9639759839893263,29.967003000000002,0.0008281344020645834
rei-HT,M,29,motivated swimming,11-2018,0.028349564678060768,0.010520522569378103,88.12578510226157,0.0030595161268276,0.0006711933501152,2.6614220087104457,0.0996535857820696,0.03807341448914714,327.93780425604353,0.0815896255786223,0.0199507509477259,154.39230712973284,8.225959500000016,0.2627205318332907,8.498156700000017,0.0007577851564008778
rei-HT,M,18,motivated swimming,11-2018,0.03993509455488876,0.01328809714843501,87.47574624634483,0.0300694194467711,0.0039696552112118,20.830537773640856,0.05167544618024856,0.017630092933416733,119.5279467852052,0.04003522122421445,0.0054360206541289,33.13894305177101,21.259794200000016,0.6851041934653975,30.963616900000023,0.0016715562064724637
rei-HT,M,90,motivated swimming,11-2018,0.12324289641411404,0.0487618455916899,385.36507182883605,0.102031709897572,0.0302797447243996,236.72558977190192,0.12670370529185007,0.050238262148867896,397.33652605055903,0.1052852287032322,0.0323745185839935,257.76715342660736,29.06325610000003,0.9686718880186636,29.99320030000003,0.0007240695047970344
rei-HT,M,22,motivated swimming,11-2018,0.019749151012030175,0.007178245043325606,91.47225395854355,0.0032755754638873,0.000941588740413,4.682470548971196,0.10727041776633292,0.04014668300642137,561.4318636840495,0.09955954362803845,0.0250560955950674,245.87197373430314,4.8069182000000055,0.15489690721649485,6.4265537000000075,0.00046470264598020075
rei-HT,M,13,motivated swimming,11-2018,0.041729985805011874,0.011917949154339729,97.80632527751845,0.03521983273689515,0.00198936179546745,13.550656938270622,0.04694933328052019,0.014120059458553276,117.38384554486524,0.0402081836048332,0.0021083955055701,17.238054928270685,24.757976800000044,0.8096171436038155,30.416029600000055,0.0026167587249908532
rei-HT,M,42,motivated swimming,11-2018,0.01992446081474302,0.009649823518871144,126.85531916690074,0.0020476103771567,0.0005232083297833,3.5497132979855905,0.10235193096021855,0.05113569924129255,693.8220729424467,0.0973801366352918,0.0444537348089774,483.8171328626117,5.547167799999997,0.17750191963143078,5.555166599999997,0.0003308220939659802
rei-HT,M,8,motivated swimming,11-2018,0.05436282542552525,0.01357385042034389,114.22675243172081,0.00685347672200545,0.0011247367976153,4.549266618326442,0.14980285808059332,0.03812919194944905,328.1620861037158,0.139188613000006,0.01694653864966065,144.84698199488122,10.391419999999993,0.34071550255536626,10.895004199999992,0.0010898337429143443
rei-HT,M,15,motivated swimming,11-2018,0.057859496175217906,0.024831296362173277,249.1264488492242,0.0053997829239078,0.0016817505011113001,6.563719315727212,0.14015918673400515,0.060202907113866715,616.4843780036632,0.1066549081244547,0.0410640931968849,283.4810125790227,11.935462799999975,0.39793367772037996,29.983601899999936,0.000479786043664774
rei-HT,M,21,motivated swimming,11-2018,0.04891551044062252,0.018713296359401235,153.10947910590937,0.0445082616586604,0.0053326579095333,45.689279877146305,0.0503904533551769,0.019363926584739323,159.0941646554921,0.04585127780568325,0.0055756739428383,49.671994366144645,28.572566399999957,0.9518413597733711,29.998193399999955,0.0010907468475442894
rei-HT,M,23,motivated swimming,11-2018,0.0683104898509652,0.02343641683034447,174.11247471859554,0.042876837139521146,0.00316649120496355,13.601282204643894,0.10178383385497007,0.03514998764690779,264.5649073951368,0.07448180498728141,0.00786161793167,36.3080181969357,19.323041199999956,0.64422596233961,29.984201799999934,0.002735530718730906
rei-HT,M,30,motivated swimming,11-2018,0.015669347218407254,0.005762900989889545,53.94407887564226,0.0026131152762844,0.000636634009974,4.460820661080334,0.06350085140727059,0.02465482764109139,239.8527708604227,0.05338109406654435,0.009333223214745251,107.9394147781727,6.406237799999991,0.2086480854389164,6.702156399999991,0.0007378769267014254
rei-HT,M,32,motivated swimming,11-2018,0.08737160154635322,0.028657575290311012,212.29729984896076,0.01129049697723625,0.0059899888192416,23.339110261105134,0.18451700146955652,0.05836986931929569,446.8689718020948,0.1830642662376225,0.0381021930650413,277.7509740326316,14.293565000000028,0.4611118276796079,14.293565000000028,0.0008439454102749859
rei-HT,M,4,motivated swimming,11-2018,0.10773657250103233,0.03628677813040549,323.4353116986356,0.0999891208277116,0.0130132923515807,121.33228121865614,0.10783655479671585,0.036319867755876235,323.7576407382788,0.1001511191103591,0.013025590112750101,121.54771141731402,30.65532780000004,0.9986985944820406,30.683290700000043,0.0009611272994877397
rei-HT,M,17,motivated swimming,11-2018,0.13781032243838245,0.04328019074809183,346.7480290063986,0.12606777405888225,0.02793681068578175,206.27157252443524,0.14421083978438862,0.045289105096836674,363.5177887339886,0.1305513594843019,0.0307643120201453,233.1761671080642,28.587858500000003,0.9526745542409598,28.642864000000003,0.0008099936345527735
rei-HT,M,33,motivated swimming,11-2018,0.08767193396507925,0.017920185866199666,149.34504111320624,0.068718598775036,0.0045979551951286,40.11872563775345,0.0919857076460758,0.018818213021361573,157.03736540953898,0.0726387449682131,0.0050773630794554,43.04515873081982,28.36532370000007,0.941343109481753,30.122778700000072,0.0020326594871708883
rei-HT,M,91,motivated swimming,11-2018,0.06837588861218653,0.02364206483694729,193.71293069347655,0.059985799539001045,0.01052507605971265,81.13086179142357,0.07665432206014174,0.027002149406936425,222.1481288125996,0.0688450287865681,0.0147447170074941,118.41323411479152,25.75706039999995,0.8583569405099151,29.412352799999944,0.0007800416796640392
rei-HT,M,10,motivated swimming,11-2018,0.12202880557945082,0.030820874284218196,227.8044228656111,0.11128211001476926,0.00991102768316535,73.74228508882652,0.12241792158210817,0.030918329430500335,228.61773985994424,0.1116438025011314,0.0099624708550948,75.0023324752874,29.88440229999994,0.9960006665555741,29.994400099999943,0.0017023445481036713
rei-HT,M,26,motivated swimming,11-2018,0.07573612676190791,0.023895958842561658,209.2809735896604,0.0332080050839021,0.0028959350307656,14.85889174094268,0.13801139481514912,0.04357771453066575,384.3475421648324,0.1299337997639088,0.0235949704173947,197.26860845396743,16.575144300000023,0.5399739583333333,16.715035800000024,0.0008136496550259878
rei-HT,M,20,motivated swimming,11-2018,0.07032427172396366,0.02022207811573342,123.60286735124212,0.06706296032922485,0.00577605705009525,38.816673883721805,0.0708557352321973,0.020289170608075443,124.35763555793206,0.0673541360000007,0.0057205017954670995,38.715987261588936,29.702762400000008,0.9905015830694884,29.95261740000001,0.001965008219750439
rei-HT,M,16,motivated swimming,11-2018,0.10175859148361194,0.028212321728441826,187.1791393519064,0.0944656483566717,0.007689201822067801,43.11952266515817,0.10177224338323355,0.02821368017550162,187.19860904946503,0.0944664306403335,0.0076869542420219,43.11706194141607,29.992000500000003,0.9996667222129645,29.992000500000003,0.002404267107979925
rei-HT,M,31,motivated swimming,11-2018,0.053603634397237594,0.027915403195769017,272.39451015055494,0.0485309703817569,0.016950426193458497,135.20071299806204,0.05531135644328588,0.028610054633315823,282.1022468030942,0.0501680079355217,0.0178316228794843,147.04169133246978,28.777301999999946,0.9590068321946342,29.99739959999994,0.0004968019421222272
rei-HT,M,14,motivated swimming,11-2018,0.08304606749754861,0.02487065187790632,189.7241540944679,0.01526674926007655,0.001659148819947,5.942393257805634,0.16261070853618173,0.04886163288537163,375.4291216046307,0.1447416893268297,0.0317932630357513,233.2579799895484,15.088358200000023,0.5030828195300783,15.243290000000023,0.000816260439979111
rei-HT,M,28,motivated swimming,11-2018,0.06181751406107186,0.02057645136001308,145.6488999903575,0.0545171001770011,0.008245492349836049,53.21427024505283,0.06340097914212357,0.02121820737441352,150.47899948169365,0.056046436747780995,0.0088796104125909,57.53516161407788,28.931983999999964,0.9625062489585069,30.048990999999962,0.0012073728389812273
rei-HT,M,35,motivated swimming,11-2018,0.04877465277822063,0.01648066759666639,137.54366688097696,0.009546760631502,0.0015699515821589,7.6745244711986516,0.10064877539171872,0.0345467399656084,291.166857392118,0.0882472779481627,0.01590786708825235,134.20792981731682,14.637072000000023,0.46588594704684316,22.215556000000035,0.0008303924652411439
rei-HT,M,9,motivated swimming,11-2018,0.032227582955127336,0.0121750607306683,95.0654473812604,0.024766814745111,0.0022150149804351,14.865268656251374,0.05199940596616768,0.02069631738901238,164.4425369868813,0.0462252430564897,0.0061155632668424,52.54428553725532,16.84459500000002,0.5515396659707724,30.505175000000037,0.001141713172385626
rei-HT,M,51,motivated swimming,11-2018,0.1208389524180386,0.02611171690518834,171.97598610051602,0.1170442149359528,0.0082647611906436,41.31823933283556,0.12095859560787348,0.026134114895521667,172.13098968445348,0.1171182420552642,0.0082655197328051,41.40825415462928,29.976386699999967,0.9986668888518581,30.006398099999966,0.0029551021544385295
rei-HT,M,80,motivated swimming,11-2018,0.15823936660533158,0.0533500793258065,421.3759874359455,0.14489284423227988,0.03377748324731665,256.74742600753575,0.15828496917619772,0.05336081176818499,421.50494064885794,0.14494105698460058,0.0337953006169783,256.76690401834463,29.993598800000065,0.9995000833194467,29.998599400000067,0.0007488525706866882
rei-HT,M,60,motivated swimming,11-2018,0.17353855539213758,0.041660006459088586,293.642035210985,0.1474784639055593,0.01815158965818715,115.06394154923782,0.17372102713386506,0.04170210738620286,293.9577882226885,0.1476385560351932,0.0182286410659138,115.33923816243714,29.973989499999945,0.9986668888518581,29.978990999999944,0.0016858241935756321
rei-HT,M,11,motivated swimming,11-2018,0.08224581996911441,0.01587011761359101,122.55451399084504,0.0709819494408302,0.0035525543585293,30.199777673814765,0.08342341246296274,0.01604023758210733,124.30535326132669,0.07201080685810725,0.0035325429260629,30.48380925631644,30.051926800000018,0.9812402292860865,30.582583500000016,0.0025676989040703917
rei-HT,M,39,motivated swimming,11-2018,0.06339354602475768,0.026337635203110693,197.60761711177244,0.0589617244333455,0.0138451181852345,85.27245962763885,0.06631768105042478,0.02722369048809128,206.50968524158841,0.0613309169056966,0.0145525372468879,94.1653627984067,30.058497000000028,0.9476670870113493,31.70641460000003,0.0008533319347301841
rei-HT,M,5,motivated swimming,11-2018,0.101721609499431,0.030674784559717633,203.46569133796027,0.08254004715192255,0.0080477016637703,53.08653861682444,0.11642232672480901,0.034896344297618356,233.0873425846268,0.09426365405531456,0.01070512617785355,77.89878551020024,27.242682600000048,0.8640223038905082,29.04873900000005,0.0016044362081860978
rei-HT,M,27,motivated swimming,11-2018,0.01793980004383305,0.006102139781909188,47.49763977308625,0.004257800680663001,0.00168299165002755,8.225725631731962,0.11420442630914891,0.034551031326415245,317.83645632641384,0.10186382502990915,0.0163088865701022,195.70615497763555,3.8029450000000007,0.12181048852416977,30.723792500000005,0.0006471965255253245
rei-HT,M,81,motivated swimming,11-2018,0.0922658886051615,0.032780310095451015,228.76116311159967,0.0561409371106155,0.0092681426757706,53.7714962048625,0.14471568944998717,0.051730362447690775,363.9113294881237,0.1272564897898257,0.0346026262888087,246.0504223137491,18.697991199999993,0.6230628228628562,20.153223999999994,0.000727887357957883
rei-HT,M,40,motivated swimming,11-2018,0.11110272683132816,0.026111867103269924,209.16118555089824,0.0899191227260843,0.005957414413813649,33.61920472974589,0.1539034894807692,0.03593296445857942,290.5974404982864,0.1402113858090132,0.0148370372864174,120.43083892267532,21.35439179999997,0.7116186031005167,29.998193399999955,0.001506579128562149
rei-HT,M,6,motivated swimming,11-2018,0.047746707803350226,0.015826077395635352,135.50820579414005,0.0202258548174686,0.0020732705406456,11.383023160135508,0.08949275897363279,0.03014846546565317,262.3535485879899,0.0707311312268645,0.0127350003373709,108.02743704381612,17.47707599999999,0.5058905058905059,22.36507099999999,0.0008926177596711972
rei-HT,M,2,motivated swimming,11-2018,0.036439951350624514,0.013994551839664636,122.55634817710676,0.018032985783191298,0.0017414368064563,8.406885648156504,0.06828300158574618,0.026872886373199754,238.84150805457548,0.05792916423416185,0.00811873234887665,64.80590709713852,15.598000400000016,0.5053666106297685,16.743503500000017,0.001143720253382724
rei-HT,M,50,motivated swimming,11-2018,0.10750534753515308,0.04424689149545296,316.76820815367563,0.0712658854626558,0.01628361503041835,104.05236900363661,0.14161048009556418,0.05804865467820682,417.8117908771736,0.10292340885297825,0.0350188006946758,244.30877788539644,22.50439359999997,0.7495417430428262,30.014196799999958,0.0007407273371513973
rei-HT,M,70,motivated swimming,11-2018,0.08320241054315537,0.029904872958870874,216.10080151272143,0.0234673486799589,0.0041054197792799,19.86426665957879,0.15615910883751277,0.0561445834669839,411.19021035508683,0.1382843408601854,0.037529100858013,295.98045288241224,15.515995500000004,0.5175,24.046045200000005,0.0006600679874560862
rei-HT,M,41,motivated swimming,11-2018,0.037251022961647715,0.011025427676981716,89.69563463350592,0.0016046819127321,0.0007335977041036,2.708241717044757,0.1301720231429019,0.038090836585073735,317.6616511913848,0.1072242692854858,0.01462258434760375,130.67424857115384,8.530024800000003,0.2762817193164164,8.685915600000003,0.0009081357647027398
rei-HT,M,36,motivated swimming,11-2018,0.03264904758241865,0.010955960887195828,92.13590031403801,0.0032760151356575,0.0007957298833167,3.27287037931967,0.09499105273189681,0.032514036487803835,279.19126674727636,0.07050422765648934,0.0127660523476151,106.19500861655419,9.986004800000016,0.3223225806451613,29.97800240000005,0.0009628051815075257
rei-HT,M,7,motivated swimming,11-2018,0.1427865966039231,0.035880109490887685,310.03243504339144,0.1188220603630512,0.0151307967938817,140.81506762539675,0.14485515693694617,0.03639055996200426,314.1262556928279,0.1208786198536961,0.01558156629130855,144.24709435397176,30.3448924,0.9847071021254536,30.8081732,0.0010995391842470602
rei-HT,M,37,motivated swimming,11-2018,0.020136806613677238,0.006599402949891288,54.63054760064822,0.0023499077850078,0.0004729168460659,2.6395610200751207,0.06517530500817068,0.021919270493637916,186.5630614652229,0.0508511745242498,0.0068333404495462,66.86499808193958,8.693692499999988,0.2790966251764404,26.816543899999964,0.0009411235317785362
rei-HT,M,71,motivated swimming,11-2018,0.09590135274452401,0.035035420369386124,230.4253585751182,0.08905549803572735,0.01632980880456885,103.09503157272104,0.0959252123950359,0.035041842892186315,230.48423975500512,0.08906161640990826,0.01632980880456885,103.15449938084953,29.961209600000032,0.9995000833194467,29.961209600000032,0.0010408689835245577
rei-HT,M,34,motivated swimming,11-2018,0.1181736075879556,0.032372408544149016,300.79280968644883,0.0985099077592452,0.01487778900947815,135.7476823892796,0.1361793688439116,0.03729377020552627,347.2462554396995,0.1160147428814789,0.020535763668154,186.70756313024128,26.568074200000048,0.8622746725457139,27.09152400000005,0.0008405951616367584
rei-HT,M,3,motivated swimming,11-2018,0.011396895830178035,0.0025379460379490286,17.079938668502948,0.0008711451785811,0.0002224156972254,0.9338108653693666,0.13146536666829645,0.03044468225855655,214.11343142073142,0.1218180896949634,0.0109849948453991,80.8929677033472,2.269443999999999,0.0741708017759206,10.216493499999997,0.0019529827891858007
rei-HT,M,24,motivated swimming,11-2018,0.10063354416920418,0.03336745180638817,275.7122666599486,0.0879127844449282,0.012123976277008,88.7922524600846,0.10200911357906832,0.033861817911456,279.9122798025807,0.0892368490242548,0.0124696262000323,91.44387143818732,30.07018329999996,0.9832701607632989,30.57381789999996,0.0013429972038106104
rei-HM,F,50,motivated swimming,11-2018,0.07549147151870175,0.017722376619244456,117.0780198694596,0.0079062851219525,0.0018375187159658,7.205454040952475,0.18145509076865976,0.04234647001362723,284.54816113854986,0.1626897683746812,0.0236098904607292,164.00917992000927,12.026443000000027,0.40076653891018166,12.156458600000027,0.001203510308238778
rei-HM,F,91,motivated swimming,11-2018,0.026872937325164575,0.013722535746007541,147.8610581580733,0.0044154689174158,0.0013637966328448,6.564219360575407,0.09195736746515391,0.048892368279866816,549.723785722741,0.0655515693618196,0.0353516855621956,216.02456807672752,7.791570200000011,0.25979003499416764,8.411297400000013,0.0004713746813212536
rei-HM,F,31,motivated swimming,11-2018,0.035870809653496094,0.007706008926113499,53.317655811244755,0.0071673845508569995,0.0012014912807223,4.803259047349684,0.16334373593819237,0.03581300434399737,265.2690150213306,0.1463780706189749,0.0238314571218808,155.838753687981,5.558776800000002,0.18530244959173472,5.573773500000002,0.0011060494999774713
rei-HM,F,22,motivated swimming,11-2018,0.030498718768880138,0.026942877418785482,136.97646804040005,0.02123186389986085,0.01994921486620155,69.75559428941445,0.038025083110833566,0.032429410562065934,174.20983633847447,0.03146538005232765,0.027011220787295398,110.84886073725642,21.970439400000043,0.7322112981169805,29.93059860000006,0.0006095337611113058
rei-HM,F,35,motivated swimming,11-2018,0.06971104077292224,0.01797770013555089,134.2500973548265,0.0014707566965890002,0.00044008696028495,2.5960130191606368,0.1770103734728738,0.04541496601559246,340.3355234543335,0.16706642503283453,0.03095226561781335,213.67326521372547,11.666732399999978,0.3889351774704216,12.146597999999978,0.0010226469918323852
rei-HM,F,26,motivated swimming,11-2018,0.08006262024306972,0.023996647237231588,166.71427740430147,0.0702456441283068,0.0070631891976423,54.84637380710637,0.08366466387177034,0.025073617397501226,174.84481759299902,0.07289261904056205,0.0075878354441698,61.94417532342129,28.436018399999984,0.9483161053684561,29.975802799999983,0.0015521490935964648
rei-HM,F,6,motivated swimming,11-2018,0.11267239446838706,0.027189126686202488,200.14219266819615,0.09908748870465015,0.00830261011340235,61.97835221969683,0.11307838726691265,0.027287158003022213,200.95411372176136,0.0993139086758054,0.0083809406452778,62.60196789469763,30.824233200000023,0.9953542392566783,30.960110800000024,0.001896420257642765
rei-HM,F,10,motivated swimming,11-2018,0.07074717990220557,0.019729618850011062,179.81331412548758,0.00659024756195235,0.0014016608252891,4.54218755940019,0.21095447275159987,0.05939779849010166,554.739000346195,0.1739856480865712,0.0443482150887156,322.8986540879532,9.576915000000016,0.3191134810864856,9.956991000000016,0.0007533317300618432
rei-HM,F,12,motivated swimming,11-2018,0.036419299956157405,0.017693988311718072,91.63202589258877,0.0244918821069983,0.010106969039623302,43.14958633176218,0.048602999520282804,0.022230193911951728,123.07801388680237,0.0363392977846202,0.0136978764434227,76.13058240905843,19.949826599999998,0.6653891018163639,29.962211399999997,0.000804845395103252
rei-HM,F,51,motivated swimming,11-2018,0.0953459088604698,0.0340942467618018,263.3367757389688,0.0808716159468296,0.017715294798489552,125.39789990272538,0.12030665139268679,0.04307550640818218,334.1838036258736,0.1096001304674148,0.0310898859549918,228.98686802324164,23.535941400000024,0.7843692717880353,23.920956800000024,0.0006768100942881906
rei-HM,F,16,motivated swimming,11-2018,0.029660394538297063,0.016851548265575035,108.47353177985634,0.024506331551260953,0.0048042296393011,24.929526075931108,0.041912374667076875,0.025460635747852838,169.26689084484232,0.0394739055479712,0.0074690641159462,54.36235897865345,17.609137500000028,0.5874020996500583,29.93803150000005,0.0008333252205898641
rei-HM,F,11,motivated swimming,11-2018,0.051506249166861306,0.018015885127080456,121.72508434855644,0.00214316321533895,0.0008250833610144,7.177306624305402,0.1749801317114402,0.06062806932864558,408.44077946931174,0.1643608694088966,0.0425331422928126,262.3736504697433,8.614483100000008,0.28711881353107815,8.624482500000008,0.0008570352589274969
rei-HM,F,2,motivated swimming,11-2018,0.04808435828791914,0.016437424132554772,112.69949651516683,0.0383794309799494,0.0045691851684016,26.200872083819604,0.057180272016452004,0.019365885698714457,137.0419410248435,0.04592434540680925,0.00461863759487555,32.569231716671254,24.49302800000004,0.7873105574107372,31.093759200000054,0.001625315599346212
rei-HM,F,80,motivated swimming,11-2018,0.03585960137183034,0.013377298450429986,92.9017381757879,0.016358655062517748,0.00294146011870015,17.884561711781544,0.07180370182604578,0.02851509798169078,200.85644779236227,0.050638666841448646,0.009728125854849699,62.663826607638384,12.473242199999984,0.4155974004332611,30.00279869999996,0.0011340763737582922
rei-HM,F,90,motivated swimming,11-2018,0.0619918100546952,0.020590708121128388,147.42414195006262,0.005281107043711,0.00135217731036815,4.865224174494642,0.17477488788178788,0.05801055345657002,424.19929394852096,0.1444034917357377,0.0370858877688363,283.88149932002875,10.200713899999991,0.34010998166972173,10.785468199999992,0.0007702889332910476
rei-HM,F,15,motivated swimming,11-2018,0.07106609046363474,0.0187625784052848,135.4470485560194,0.007526367954403,0.0014761825913047499,4.665588933086795,0.20559682718912875,0.05480049064471807,402.8630800305245,0.17798983607056917,0.03433719264695965,269.3064285172227,9.841377600000014,0.32794534244292617,9.921388800000013,0.001031427007475931
rei-HM,F,29,motivated swimming,11-2018,0.14824997440670568,0.06620145935875557,517.1218622107016,0.13278367457899465,0.05477669852138845,393.2683647109968,0.14840873768066684,0.06626929115110702,517.6735551472364,0.132890016929102,0.0548151871744746,394.742898332197,29.982379700000035,0.9986668888518581,30.007394200000032,0.0005137615369624743
rei-HM,F,21,motivated swimming,11-2018,0.10277779303437604,0.019155400685972122,141.93414324169404,0.09875963074145824,0.005771730874905,41.74436503866161,0.10306459081913698,0.019193963892484792,142.31892842195901,0.0991695479040394,0.005768057189374,41.831534508196455,29.903370599999974,0.9963339443426096,29.99839719999997,0.0026299093968553825
rei-HM,F,13,motivated swimming,11-2018,0.0879144737816081,0.02279212685083908,147.3285922313191,0.0738010265533072,0.00820904999201805,48.02462750128598,0.1262915252471769,0.03192409577075471,210.32584368051045,0.1233211864811099,0.0163236628003403,104.8739984157578,20.59376430000002,0.6863856023996001,22.233665900000023,0.0014742691676243526
rei-HM,F,7,motivated swimming,11-2018,0.078480581481465,0.0235999717334165,183.33298789967253,0.0047952975396504,0.0010107236570634,8.195842918610197,0.1675507196128423,0.050534444138559904,392.0135433287733,0.1562702461256278,0.0323973847308878,270.0047542004995,14.165833500000021,0.4618688183237897,30.662703000000043,0.0007629572620318004
rei-HM,F,40,motivated swimming,11-2018,0.03100543375634147,0.007656249008826291,46.53320439461671,0.02087979133927855,0.0021620836447391,13.995646576779563,0.055343016377250115,0.014000069566447138,87.09698070798207,0.039512705917832555,0.0035859326483700504,22.04216932167924,13.18525159999997,0.4395934010998167,29.744288199999932,0.002171604962165124
rei-HM,F,32,motivated swimming,11-2018,0.03808622414029343,0.017421899754543897,119.60990880559059,0.00400516510906135,0.00222127788484775,7.3708282130724,0.11920969166039092,0.05371402084868581,384.3484874497246,0.1000227960192023,0.0314311046105359,238.5690093211906,8.957328299999988,0.29845025829028493,9.032347799999988,0.0006886844174592781
rei-HM,F,19,motivated swimming,11-2018,0.024687378425780424,0.0077567457057615705,52.113308602983,0.005547598895887251,0.00242429497149705,12.524214094696617,0.0792911039197906,0.022061084994454035,157.36911882663875,0.05737913963542045,0.007817331120594899,67.0216858957076,7.831879199999994,0.2609565072487919,21.005039999999987,0.0013179993752787482
rei-HM,F,36,motivated swimming,11-2018,0.10498887876850771,0.019710315456699164,166.19350951512652,0.1021676118537447,0.0078940114548479,65.73812211005077,0.12535628595704917,0.023365448354620826,197.58798159668407,0.1212264486189349,0.0113377369336013,99.07600634444408,25.005,0.8333611064822529,25.05,0.001456011408089133
rei-HM,F,25,motivated swimming,11-2018,0.13246086057148862,0.033810865101638506,288.76854083443925,0.12230932589329879,0.012778241510782148,94.00498598567185,0.13505295976783319,0.03449254868995908,294.95728488460753,0.124145491852955,0.0133396380791846,100.08760922592046,29.333239900000027,0.9776703882686218,29.99320030000003,0.0016078398851946314
rei-HM,F,17,motivated swimming,11-2018,0.04932923469030084,0.013557675112311022,98.61274599996267,0.0202157103753768,0.0024268407195376,11.673750589908671,0.09057589081105423,0.025202319184847735,187.1109902827752,0.0605174775545298,0.0112957370068754,78.46289455885653,15.178035000000024,0.5057490418263623,29.94098700000005,0.0013933668676671123
rei-HM,F,3,motivated swimming,11-2018,0.05260814050293847,0.017333554005707744,157.1031501590111,0.007382851559872901,0.00174813935133155,6.227304455998173,0.15729587050643687,0.05254133962572174,495.67436123965734,0.1496580280801162,0.0381000057228865,284.6881019333978,9.377208000000001,0.30928242264647793,14.614712,0.0006655934017970787
rei-HM,F,14,motivated swimming,11-2018,0.0510244269396539,0.022964617323853048,151.37796298629965,0.03525273080694205,0.0125907141412499,61.9982982246853,0.06334715563232961,0.02708666673051186,186.08970633847778,0.0474008746548548,0.0155294876521047,88.49728772850085,23.148516599999954,0.7717047158806866,29.986601399999945,0.0009075811094526343
rei-HM,F,28,motivated swimming,11-2018,0.1331923094449628,0.042655144041455664,423.57886018871073,0.13788093292607262,0.028936535918948,190.95997044681212,0.13455351814360222,0.04298201457888293,427.7298719301472,0.1387407098426737,0.0294326728320013,195.4260882946301,29.658975499999972,0.9890018330278287,29.97880269999997,0.000877280943694376
rei-HM,F,71,motivated swimming,11-2018,0.06620301027164105,0.03688653635791108,299.8030697806695,0.0565416973251677,0.02452320439632695,146.3392152123788,0.07178341110146205,0.03941788184625118,327.4591021091701,0.0626692385538368,0.0280772074317593,183.96641907377216,27.220443000000046,0.9070154974170972,29.98599600000005,0.0005679639289841424
rei-HM,F,70,motivated swimming,11-2018,0.0814347790723387,0.02463317558374967,213.73904500809638,0.00626322455007645,0.0020307338200821,5.850711370510453,0.23615471195620036,0.07101752617850911,633.6865612613567,0.22498200993447698,0.0452304532527191,323.0390264378457,9.969202400000022,0.3322779536743876,29.992600400000065,0.0008424939209198465
rei-HM,F,4,motivated swimming,11-2018,0.09626653260320812,0.03107378628218435,261.88141714091273,0.08435498316070131,0.010848958336108199,86.41386134235896,0.09701775397715895,0.03134583797856565,264.2803981416057,0.0851258584982694,0.0111046641252522,88.05613268861201,30.354212100000044,0.9898503578399479,30.657474900000043,0.0013246797975959331
rei-HM,F,18,motivated swimming,11-2018,0.03538464099514977,0.019919191495484947,131.10035973484227,0.0179488361016546,0.0121603101645895,47.51473646900308,0.05599091626393258,0.031158501790323666,208.7481443492674,0.0427968542612555,0.02545299075005575,126.48591277241366,18.18,0.6058990168305283,29.97,0.0005980394492515362
rei-HM,F,37,motivated swimming,11-2018,0.101610117956866,0.026622934027836418,220.45657656210182,0.0922328591692187,0.0115843484094376,78.77350013029627,0.1447607851054381,0.037490046908309135,314.40836109901306,0.1406117852551414,0.0247757094363034,183.5327484851632,20.68134130000002,0.6898333333333333,22.87489260000002,0.0008941989537297147
rei-HM,F,24,motivated swimming,11-2018,0.0548427283853865,0.020394200807251597,136.08387338822715,0.0468188710024941,0.01303280249971835,64.02767589245286,0.059763035324408825,0.02147626951435401,147.24749704758094,0.051475391958073,0.0137220097835041,74.04081076606417,26.84909190000001,0.8950174970838194,29.98340220000001,0.0009835698497100511
rei-HM,F,33,motivated swimming,11-2018,0.14452799048693532,0.03605169154185813,291.5191357295923,0.13138698348972705,0.017458437897794603,151.2727199545708,0.14457527003073678,0.036056880997449026,291.6007750533631,0.13138888101520596,0.017441457509168902,151.30384508222505,29.995398199999972,0.9995000833194467,30.00039909999997,0.0012680715981569957
rei-HM,F,20,motivated swimming,11-2018,0.026114227670220827,0.011186206018659644,70.72556243316738,0.0059294524908699,0.0020968161168910503,10.762853683418427,0.08462081199849576,0.03602853360262748,235.9087075140243,0.0577978593596541,0.0184291474339527,119.70737312551591,7.8824767999999885,0.2627895350774871,29.46556799999996,0.0007138347842118334
rei-HM,F,30,motivated swimming,11-2018,0.08270106264824743,0.029783118398427406,209.60270375089513,0.07732413535339006,0.019288080654063698,113.11780321678384,0.08413974077712769,0.030077951148031034,212.71675727098858,0.0784969694882354,0.01968657695342505,118.04732923977781,29.384712000000032,0.9798366938843526,29.979402600000032,0.0008481811281698779
rei-HM,F,8,motivated swimming,11-2018,0.05018227171865877,0.01913649610765213,328.00740569269664,0.0024838990091964,0.0004385177443452,2.480262865219629,0.1296147768103414,0.0500062644099928,865.9107545659697,0.09628206793548676,0.03267620553127025,332.272484643354,11.613247800000021,0.3770108977685522,12.148752000000023,0.0005665122835995624
rei-HM,F,5,motivated swimming,11-2018,0.05133135654116319,0.019420446944554873,191.55764296400886,0.0046488500983079,0.001585541821621,7.919095911461227,0.1387024966087729,0.05218038706269955,528.8535691447887,0.1117111725118313,0.033976532904343354,265.9899942352695,10.990663200000007,0.35353016688061617,23.294299600000016,0.0006792953538565731
rei-HM,F,34,motivated swimming,11-2018,0.0185876969527518,0.01023562288314086,69.88571127505655,0.0022901158384366,0.0010591336843668,3.9067694495145133,0.09355176068566766,0.05119957548411647,366.99312194659433,0.0798683067137021,0.0398928160644829,182.163945455261,5.34542759999999,0.17813697717047158,5.550443999999989,0.000615434371210848
rei-HM,F,27,motivated swimming,11-2018,0.01375607777875581,0.005051154142975952,31.725934582526747,0.00154315344456845,0.00035552928547929997,1.4725519872484938,0.11055325706350815,0.040464659547400465,270.4616177072527,0.1099702671914526,0.02944335589465995,168.61974535629827,3.2921055999999957,0.10964839193467756,3.3021119999999957,0.000931837348201947
rei-HM,F,23,motivated swimming,11-2018,0.06429916619692877,0.02277999214511167,153.8814016024212,0.057532077889476355,0.014160585883425999,73.14333232342,0.06827222865606225,0.023503054313544925,162.55461598060486,0.0612309112264865,0.0144881271981291,83.4322033572775,27.842708,0.9286785535744043,29.936032,0.0009670514970302299
rei-HM,F,81,motivated swimming,11-2018,0.11103246006587748,0.03856587905672558,312.0363797199245,0.10342274279700275,0.02749434321402615,185.01329557329885,0.11324676311441684,0.03920815063399888,318.2363252617733,0.1053778036577234,0.0283305201298959,192.4410821796613,29.353187699999992,0.9776703882686218,30.013596899999992,0.0007326777228390953
rei-HM,F,9,motivated swimming,11-2018,0.027092122084790452,0.00930256882110034,61.72715302190115,0.0244678550889727,0.0024878501720377,11.61784477365302,0.04101887108669544,0.014400676256765846,100.95014227383716,0.0386642025993508,0.00401038316944545,23.129621270069123,16.915727199999978,0.5597883597883598,30.20208759999996,0.0019381252456521746
rei-HM,F,60,motivated swimming,11-2018,0.15455413174771793,0.04179123315883186,281.88531687983294,0.1425550580351081,0.02001028040840315,140.92615373476195,0.15741617074649703,0.04259962716379441,287.41534515432767,0.1450652873906253,0.0208761866869306,147.739246318838,29.406758000000018,0.9796700549908348,29.85193600000002,0.001265075118228341
rei-HM,F,1,motivated swimming,11-2018,0.05411371513589971,0.015943362071445123,169.8287227916639,0.004760285503098699,0.0012554000865745,5.241175778614604,0.12817500678864224,0.03770855479718298,408.22898688806424,0.10491380750317705,0.022296817989557002,228.9243903464353,13.162494599999993,0.4107744107744108,13.402248599999995,0.0006494740774946812
rei-HM,F,41,motivated swimming,11-2018,0.04011100885959407,0.030268147323250838,240.51226239496916,0.01750644962060545,0.01704383462707735,64.97899444984228,0.06291940531012506,0.04769832344635605,390.6633723587831,0.05099953708039265,0.039074114457724754,232.23591603608043,18.05226720000003,0.6012331278120313,25.60239780000004,0.0004284135055031438
rei-HM,M,8,motivated swimming,11-2018,0.053178309772156075,0.014855164220626991,126.00388687388134,0.01540329246560775,0.0019720205873362,9.984438083492364,0.10249702995845904,0.028889884391422222,250.1852597084808,0.0914809800593733,0.010522055616885,77.73967106549162,15.106985499999995,0.4949600733080246,15.174908999999996,0.0013940661225984678
rei-HM,M,30,motivated swimming,11-2018,0.031104700188727855,0.011287177328170219,181.41971045155077,0.00509468789152685,0.0011286164413535499,3.11651126291963,0.10813400413330779,0.040308303206415125,691.6711961192559,0.0972095945374642,0.0214204335879119,239.32511788470947,7.743915699999995,0.2581236460589902,8.188853399999996,0.00045594064643764793
rei-HM,M,52,motivated swimming,11-2018,0.13168549926765458,0.04187845323466085,403.9109764885483,0.09683958093934139,0.0324038231383192,234.24292626245918,0.1750561215140703,0.055178345879802145,536.2605116178985,0.15156507375079986,0.04740881327760205,406.92480964437436,22.59296319999997,0.7485419096817197,23.05065679999997,0.0005341924278404683
rei-HM,M,14,motivated swimming,11-2018,0.1626624402995669,0.04275550142206249,328.30537327556755,0.151963442448591,0.02585120905285815,185.2293814493919,0.1626624402995669,0.04275550142206249,328.30537327556755,0.151963442448591,0.02585120905285815,185.2293814493919,29.99879999999997,0.9998333611064822,29.99380019999997,0.0010240335660400062
rei-HM,M,36,motivated swimming,11-2018,0.1388673023093847,0.05483782206940425,389.2911139799802,0.12593052342944672,0.04289435949715135,324.5259462736158,0.13917543982351618,0.054945762985217014,390.10479579998025,0.12609108934376695,0.04302920194163595,325.1092192311262,29.928204200000028,0.9975004165972338,29.99320030000003,0.0005661619241703846
rei-HM,M,27,motivated swimming,11-2018,0.05993949742041404,0.026663523753692905,151.18541249823866,0.050713452042920146,0.0184078182999301,77.24344034454305,0.06562809943007729,0.028201081897319156,164.6518551077413,0.0575396262218101,0.0195699334765741,91.27307768742412,26.71147320000006,0.8910181636393935,29.95361760000007,0.0009495290363060322
rei-HM,M,40,motivated swimming,11-2018,0.05539371286637205,0.017970138722805507,168.20191035428124,0.00367240116631325,0.000730806331008,3.2642917240536917,0.1582119809802031,0.05141358273721988,491.6033256234585,0.14512866227121057,0.032883850442173554,254.85889996550668,10.126555800000023,0.3376103982669555,10.141550700000025,0.0008206144017905345
rei-HM,M,31,motivated swimming,11-2018,0.11569993382396863,0.03110664906136635,223.81852979880134,0.10663327671005579,0.009815587336050601,64.75796504272466,0.11573132403132745,0.031110612138640466,223.8734606696847,0.1066521698751575,0.00981323699471075,64.75796504272466,29.981602799999944,0.9995000833194467,29.986601399999945,0.0018128326667221895
rei-HM,M,12,motivated swimming,11-2018,0.04343739629587448,0.011051999157582404,80.31325927013505,0.00953156007009525,0.00216692389655045,17.73182185014548,0.1046172265643831,0.025880054714292652,186.5428774509573,0.074576058175525,0.0115943716589456,86.84565252469625,11.24106690000001,0.3744375937343776,29.75105690000003,0.0013013142690031778
rei-HM,M,48,motivated swimming,11-2018,0.03054479404888968,0.017804452758636225,133.07021500978274,0.00741212196107395,0.0024228788783531,8.427996947375505,0.0751619228645189,0.04547949525261887,354.6788374301383,0.0614604233467154,0.0382879484632912,155.86739156183285,10.872822800000005,0.3621063156140643,12.083694000000007,0.000628362467424396
rei-HM,M,55,motivated swimming,11-2018,0.1101337981258372,0.025697852830517776,193.41641379774347,0.09173355247347995,0.0073442251952073,38.79514466249816,0.16827895473756704,0.03861868825956687,295.2893637105096,0.1562085274137066,0.02326158550070785,137.46435000639963,19.421553599999964,0.6472254624229296,19.486558799999962,0.0014168244880622613
rei-HM,M,21,motivated swimming,11-2018,0.14914062258480537,0.04276745264017412,423.03225756159077,0.1265801858623406,0.02684498646159345,253.00946557163115,0.14933780159112361,0.04281548941107942,423.58426697749263,0.1266926779300989,0.0268954036127274,253.8918852113511,29.968779299999962,0.9983336110648225,30.008797699999963,0.0007358313987593493
rei-HM,M,11,motivated swimming,11-2018,0.17634034441513396,0.0504637449700309,445.14684560582896,0.15627119363218706,0.0341943797837054,256.3473120131249,0.1764194424292229,0.05048476328553277,445.3369075830637,0.1568159316203912,0.0342133893166013,256.5424377856061,29.991596699999977,0.999333444425929,30.00159889999998,0.0009053438370717015
rei-HM,M,10,motivated swimming,11-2018,0.01807937429319607,0.007677934311577476,46.41519370858181,0.01090862131952775,0.003566659400453,17.262668366385014,0.04242776112329436,0.01697922076149389,116.18586446082391,0.0327832573104207,0.0048292166095459,43.91355325097948,7.723455000000012,0.25745709048491916,29.949009000000046,0.0011712471794695554
rei-HM,M,61,motivated swimming,11-2018,0.03413648407912042,0.0135933849449097,114.46014183803567,0.0039148646638531,0.0006192615710691499,2.548445029958657,0.11128991986097204,0.04508836896855768,391.24026663493726,0.07635883209948124,0.02557178726707725,165.62680078364664,8.528294000000013,0.28428595234127646,10.377924000000016,0.0006792142356971108
rei-HM,M,17,motivated swimming,11-2018,0.12876377806107844,0.020976828845083905,157.92076230293657,0.1163827825213965,0.0072413556452666,44.70594045624807,0.144312867866237,0.023393315094571158,176.03654120452333,0.1310261966167434,0.0088560168205039,53.69002756633563,26.41918650000001,0.8806865522412931,29.98340220000001,0.002845587650210483
rei-HM,M,44,motivated swimming,11-2018,0.06007683767587364,0.025767215378509314,187.80190964446504,0.02728229867966215,0.0047350434982955,34.446893662220646,0.10516162285769876,0.045622203027931796,335.2019366193713,0.0841942553223667,0.0355663704394864,253.98708595774903,16.582292999999975,0.5524079320113314,30.008197799999955,0.0005125274419819703
rei-HM,M,70,motivated swimming,11-2018,0.06445742680423432,0.019861288984555213,131.58661127567692,0.00536015698767015,0.0009470758588730501,7.234277594542959,0.1456428495898466,0.04536598956963061,300.0325278078499,0.1371574489355719,0.0177981190540087,125.5514987161348,12.913966800000027,0.4304282619563406,12.943964400000027,0.001379633703642254
rei-HM,M,80,motivated swimming,11-2018,0.14035888775274916,0.03646279763963487,236.79841550169496,0.1304433725802988,0.010325389110352301,66.9949118322279,0.1489591779679938,0.03858666487389214,251.1083235829714,0.1354859304130404,0.0118757087443709,76.18317498472607,28.13599359999996,0.9380103316113981,29.985401599999957,0.0020292902663497066
rei-HM,M,53,motivated swimming,11-2018,0.036458308437444575,0.01739319616639735,117.63187711768545,0.00384693856116885,0.00138836432946995,5.49194514555893,0.12071009398147807,0.058327679503474505,404.392786160554,0.11164122858995555,0.04827473997939795,304.19539149064576,8.4259536,0.2812343619683069,9.245560000000001,0.0005290041906779101
rei-HM,M,20,motivated swimming,11-2018,0.10399351746091277,0.022999316392518225,169.42737219987472,0.10036005262586745,0.0082205976128914,44.0590720594173,0.10399351746091277,0.022999316392518225,169.42737219987472,0.10036005262586745,0.0082205976128914,44.0590720594173,29.991599999999945,0.9998333611064822,29.986601399999945,0.0025074250130548916
rei-HM,M,34,motivated swimming,11-2018,0.13142602863248998,0.0376720033002351,269.94060539292707,0.11805649627750665,0.0175127783914155,129.67809511695407,0.13192581532883502,0.03781964143828179,271.05276398095106,0.1185640923697812,0.0177448217553419,131.18452024179987,29.890683900000017,0.995334110981503,30.02079570000002,0.0011256735462332828
rei-HM,M,71,motivated swimming,11-2018,0.05971787804020056,0.023103125940044055,162.7937995291933,0.0387441233050501,0.007338876152098149,36.78785347285043,0.08357953461936657,0.03263561856296795,232.38490865750057,0.0649524624693435,0.0209321606062502,98.3628119093197,20.575884000000034,0.6858856857190468,29.879023000000046,0.0010810701178010258
rei-HM,M,16,motivated swimming,11-2018,0.2204854972353132,0.052368335579362754,377.523502315887,0.21213770731847345,0.0396789632915154,270.2198065741584,0.2204854972353132,0.052368335579362754,377.523502315887,0.21213770731847345,0.0396789632915154,270.2198065741584,29.99459999999994,0.9998333611064822,29.989600899999942,0.0009928464736942777
rei-HM,M,49,motivated swimming,11-2018,0.12786185210227688,0.032004197281516454,252.77071690490087,0.0851289819828514,0.0105090915806895,75.28761461356623,0.208422334767498,0.05127601959968149,411.19881438913677,0.20178147522965365,0.03978230401209065,341.2501558884742,18.21708480000003,0.6072321279786702,18.36706080000003,0.0007675212431727263
rei-HM,M,5,motivated swimming,11-2018,0.054816482948582726,0.014466147390416179,115.23654055063109,0.0279117660398073,0.0021861821973263498,9.441343208141717,0.09734228427472427,0.026079423058230515,210.61237284365848,0.07459262977971154,0.01121276088535405,88.44968548653043,16.562855400000032,0.5390716421791705,30.704801400000058,0.0012820680457140726
rei-HM,M,37,motivated swimming,11-2018,0.04605387326518101,0.010671216877673799,101.57267026716666,0.0050026339648588,0.0023480963470921,10.531733321590764,0.11274195454048992,0.024730216614043194,248.10599116336354,0.105067139578115,0.0142522442657927,149.43465621618088,11.73959730000001,0.39176117411607736,11.79956970000001,0.0008030389745552777
rei-HM,M,26,motivated swimming,11-2018,0.12481545618345957,0.034939488937962185,230.7803778278813,0.1216592327987789,0.00981674203201355,64.02715021478826,0.16501275325214954,0.046184616990626794,305.9356908544559,0.1557025538288739,0.0233893010705866,147.67109527230673,22.44657870000001,0.7487085485752375,22.76631630000001,0.0013743879698355796
rei-HM,M,24,motivated swimming,11-2018,0.14149222456988733,0.03861725665097314,292.424537736731,0.14272010847520544,0.023692376879410247,174.77679550706355,0.14460043384517193,0.039256113837936785,298.3885688762152,0.14422663245451856,0.025002677614066347,183.3562930770037,29.297689799999976,0.9768371938010332,29.982402099999977,0.0009103107445150833
rei-HM,M,41,motivated swimming,11-2018,0.09488562012605425,0.027147075231946847,196.21409009954877,0.0083341224271972,0.0047866630381476,23.90253127101687,0.19417355550580237,0.0541729788103994,398.52132369418,0.1873308688036785,0.0422167460156513,321.8759962003737,14.354369899999986,0.47875354107648727,15.743341299999985,0.0006437251597224749
rei-HM,M,45,motivated swimming,11-2018,0.06505648956767437,0.04096937448993984,251.23416689268612,0.05753313475090825,0.034043420276722705,154.7142828372243,0.06920600813206919,0.04308504259661249,267.08461719417295,0.0624268770811331,0.0368357448204941,174.1576380389688,27.89825099999999,0.9303449425095818,29.97700299999999,0.0005986795587492828
rei-HM,M,1,motivated swimming,11-2018,0.04849688294807638,0.01407444058669367,94.97671292125996,0.026464445284598848,0.00208321961860185,9.971446933974448,0.0811191643642495,0.02381913135468211,164.8055966886843,0.0523319505252532,0.0057506921557725,41.46998678251634,16.71785360000001,0.557449074690454,29.981935200000013,0.0019131166166901443
rei-HM,M,13,motivated swimming,11-2018,0.1591546719969785,0.0561908246097018,381.78808564830274,0.1509409983319565,0.040756828100293546,287.62194907703815,0.15997025472954005,0.056443718865861886,383.6445526101256,0.1515180896409825,0.0411754709655038,291.0890177662907,29.852304300000032,0.9943342776203966,30.012397100000033,0.0006858352875568765
rei-HM,M,81,motivated swimming,11-2018,0.0327509281677454,0.007600599170618146,55.36906104828493,0.00323370514408795,0.00137936282536735,5.299455063527603,0.13340848749159775,0.029221968900292623,227.46645233163426,0.12621699980882575,0.01793946763701705,148.9202076972532,6.7990479999999955,0.22662889518413598,7.2689821999999955,0.0010609386325527268
rei-HM,M,15,motivated swimming,11-2018,0.0893857134911974,0.017113625661930514,134.46983699549074,0.0053445554617305,0.00112687759229915,4.499248379261189,0.2576349820150244,0.04915091801783139,392.5626890290377,0.2359375869877806,0.0369899036362356,276.845665710016,10.11560689999999,0.3371104815864023,10.11060659999999,0.0011267581191076867
rei-HM,M,33,motivated swimming,11-2018,0.16880014395774806,0.05817980502821639,457.2417856597122,0.1481023690758531,0.04672361233942765,331.5823541952284,0.18991462681424304,0.065502119664731,515.4954107122059,0.16656215829387616,0.0540869417346842,398.9831326263811,26.59010039999997,0.8858523579403432,30.006398099999966,0.000595803489040412
rei-HM,M,54,motivated swimming,11-2018,0.02048907731796071,0.007099261575113249,51.664472006301935,0.0042915579909855,0.0008669269229444,3.0919615321579386,0.13799719650594572,0.051892167972926756,406.50656220351453,0.1016973713653483,0.0388984717777399,293.5513728366232,3.5451348,0.11944027986006997,3.7231332,0.0006022326345356323
rei-HM,M,60,motivated swimming,11-2018,0.05789978391425305,0.024776338442062278,184.90097263313982,0.00680648726957965,0.00101789858437455,3.5445238867851003,0.1685494978399066,0.07466555081373544,566.7155205544658,0.14159616439325245,0.05864075891351025,428.1148837197293,9.67477279999999,0.3226128978503583,9.684767399999991,0.0005231445301234054
rei-HM,M,90,motivated swimming,11-2018,0.024319651156962517,0.012006395281310653,132.88738376674635,0.00781287755346165,0.0033300668136712498,23.165567919505747,0.060091652228233164,0.02988928725323105,354.48373978053735,0.0505897058927976,0.019612898357012,180.60785212005607,10.180926000000007,0.3394434260956507,26.599356000000018,0.0003447220629792603
rei-HM,M,46,motivated swimming,11-2018,0.0160100988034059,0.011785780789200518,78.8670116266318,0.0017618747617796,0.0009593339470441,3.7766412827920703,0.074859351618825,0.055986447684460115,387.19052942076735,0.0620309923115024,0.0494251513614678,219.6674003339126,5.766960099999997,0.19213464422596235,29.30996199999998,0.0004926526519801148
rei-HM,M,57,motivated swimming,11-2018,0.012168896135087813,0.007262916751889699,43.18488850914222,0.00336734894949105,0.00112812750825155,4.587558527002589,0.06801825848826613,0.044154223268071766,275.9427042965607,0.0536854098012415,0.03310390143036655,135.19887848792465,3.9507900000000067,0.13164472587902015,17.44848900000003,0.000882992384196179
rei-HM,M,42,motivated swimming,11-2018,0.04255818593419309,0.025012960245985903,179.96221260552633,0.031542504932406,0.0130050071640469,70.25537574955578,0.05007063112555896,0.02912362271238346,219.34053795360097,0.042712114767680304,0.01797346832083855,108.95790466784518,23.803798200000028,0.7928678553574404,30.002391300000035,0.0005949669452237529
rei-HM,M,29,motivated swimming,11-2018,0.03743120467981983,0.0174010020845546,168.96253434932564,0.0093700212057229,0.0019170304285787499,8.968127813636784,0.08175699371133621,0.03960530825020037,396.14904309502185,0.0767820415354294,0.0250969666707476,152.1509764678285,12.483004800000014,0.4164305949008499,19.01672640000002,0.0007075262897366235
rei-HM,M,23,motivated swimming,11-2018,0.2663801707481668,0.06078500302637892,450.97144066069336,0.2534045901587318,0.04393696655819495,328.4070139913638,0.26663786066825373,0.060827433235615666,451.38453782461914,0.25363578917559904,0.04401808760285825,328.62881912381,29.974795199999992,0.9988335277453758,29.99979919999999,0.0010291791613363
rei-HM,M,38,motivated swimming,11-2018,0.15581500379777638,0.04260205544632396,328.50512640220825,0.14604926967785425,0.0225117575337824,154.25850667190844,0.1576975696751571,0.04315317056557817,332.85308371051906,0.14773440523080344,0.0232080337060449,163.0867248722268,29.587632800000062,0.986168971838027,29.992600400000065,0.0012673897260340905
rei-HM,M,25,motivated swimming,11-2018,0.07540137451569139,0.025845156707560303,137.46344787094372,0.0665070156043434,0.019685273765206103,68.02539823617622,0.08177353290971376,0.02698183604065798,147.0447356377451,0.0717025324301773,0.021426518105770953,75.03389813928578,27.374926599999974,0.9121813031161473,30.00039909999997,0.0012980766590125294
rei-HM,M,50,motivated swimming,11-2018,0.17275073290673842,0.045529315428849734,423.97419446005887,0.15637687618421545,0.03597685699541575,339.78761952182595,0.17280245593785748,0.0455421300984275,424.09000970022447,0.15640828792113065,0.035997284514261846,340.0724383289571,29.99239919999994,0.9995000833194467,29.98739879999994,0.0005875126755511609
rei-HM,M,47,motivated swimming,11-2018,0.05222593600995353,0.040940758596596266,495.12898743844374,0.030043295041154848,0.022162969125096153,148.2727233921878,0.07473355857119095,0.0589541142993488,723.6105976271117,0.0585219906881073,0.043073254688655,392.44702701903407,20.31149759999995,0.6767205465755708,30.004598399999924,0.0002952598408963091
rei-HM,M,56,motivated swimming,11-2018,0.03819091396504788,0.025938953284469494,144.9950944301673,0.030968937688885048,0.0182149526797378,54.17361477715321,0.04578209833127224,0.03185432683847185,181.3437180208133,0.0388853483284574,0.0273462070554767,90.18501576752058,22.862286,0.7626355296080066,29.9679965,0.0007653637374068602
rei-HM,M,39,motivated swimming,11-2018,0.13454995561084346,0.04300587100210258,312.4297484041341,0.0788111440181873,0.01415543721344065,92.86868388384235,0.21510603197172282,0.06892891720178408,504.56934143778585,0.19709129308479284,0.0558773202384361,406.94131425484557,18.475195200000012,0.6158973504415931,18.700136700000012,0.0007564264732107012
rei-HM,M,35,motivated swimming,11-2018,0.07261560064385882,0.020961155828286653,172.24480340160247,0.0571888203082013,0.0040845705584555,28.77315070479085,0.11098023924307752,0.032098755805786215,265.46647408243473,0.095350435164077,0.0145756319033,117.51330368425742,19.32154559999996,0.6438926845525745,19.85658839999996,0.0011431874897984604
rei-HM,M,28,motivated swimming,11-2018,0.09407089895789293,0.022756316391178585,167.90580880000147,0.0675572510319275,0.00352912299307325,26.717922746951217,0.1515008492371674,0.03642530927983959,269.57832186527645,0.13306501269814436,0.0176605042854255,126.47576161127745,18.455569600000043,0.6152307948675221,19.300366800000045,0.0013651392012734532
rei-HM,M,9,motivated swimming,11-2018,0.05237341039745665,0.02883284840310384,172.98775361843497,0.047056182367461,0.0147702259800523,59.633964945003726,0.05770210817681458,0.03177416367642328,193.0918979460642,0.051244241844646904,0.0186919315520701,72.08852945301913,26.406824399999987,0.8774073582149023,30.076437599999988,0.0010435485027138719
rei-HM,M,51,motivated swimming,11-2018,0.15054194334570517,0.027618258142593787,213.56801254148914,0.13592760860675657,0.01015731451952355,58.48604997521534,0.20295750814296493,0.0371516162269942,287.92168636052685,0.208123585898927,0.019956287490197552,115.07834952382723,22.11734559999996,0.737210464922513,29.99140059999995,0.002018724830544008
rei-HM,M,3,motivated swimming,11-2018,0.07339796143736618,0.020710362466083817,154.92639850186995,0.036843777777883405,0.0030014906271108,15.447046967031142,0.13248587161746644,0.037144178940986615,281.97311219357124,0.11450949612771025,0.01740634542960015,110.2662878721219,16.681324800000027,0.5399249385272421,19.51619040000003,0.0013826823833431178
rei-HM,M,43,motivated swimming,11-2018,0.04314467034992569,0.012084922248684434,89.16001265415937,0.0032421124668046497,0.000884693971629,3.41624102102287,0.16379082345674087,0.04578291746708827,344.2519814667454,0.1395993873803965,0.0334246043920325,246.04888374715478,7.515788799999996,0.25062489585069153,7.510791599999996,0.0007736569690819615
rei-HM,M,18,motivated swimming,11-2018,0.1701855274866587,0.03443211892070777,265.62910168412986,0.1638707978132374,0.016750626224283,123.22664682482127,0.17021008928413836,0.03443392748973848,265.6637809533356,0.16387342141311428,0.01674165343276765,123.22771562032334,29.98220260000002,0.9996666666666667,29.98220260000002,0.0015953463888313739
rei-HM,M,91,motivated swimming,11-2018,0.22214862667222726,0.050805341419923045,409.87308045611036,0.21578010031554673,0.030911166558719352,219.0617678401985,0.22214862667222726,0.050805341419923045,409.87308045611036,0.21578010031554673,0.030911166558719352,219.0617678401985,29.99820000000003,0.9998333611064822,29.99320030000003,0.0012847618665399372
rei-HM,M,22,motivated swimming,11-2018,0.0800290831290498,0.027153172278124152,214.2924857342865,0.00259577901108445,0.0007625021770117,3.037784342723171,0.2127016279713739,0.07246440575700916,575.330107593658,0.1840688937141841,0.04486192467463825,288.4313142497376,11.10266740000001,0.37027162139643394,11.09767070000001,0.000973696412423513
rei-HM,M,7,motivated swimming,11-2018,0.043103443200239365,0.04088327663313838,284.73116384765126,0.02567557776110475,0.0207187673046238,96.00566803236177,0.05849492053733837,0.055698944136298216,401.0917470763372,0.0417576470106958,0.036904567501408345,205.39603930431838,20.332863200000038,0.6834696339991956,29.681672800000054,0.0003909418321396547
